evaluation,global_path_point_count,transformed_path_point_count,transformed_path_length_m,transformed_path_first_x_m,transformed_path_first_y_m,transformed_path_last_x_m,transformed_path_last_y_m,transformed_path_spacing_min_m,transformed_path_spacing_mean_m,transformed_path_spacing_max_m,nearest_local_path_index,furthest_reached_path_index,path_align_required_index,path_align_max_available_index,path_align_activation_state,path_align_inactive_reason,transformed_path_first_index,transformed_path_last_index
1,2185,8,1.3992252372071909,20.653375625610352,2.0319697856903076,22.052600860595703,2.0320312976837158,0.19987487883975155,0.19988931960102727,0.19990539592239714,0,0,20,7,INACTIVE,FURTHEST_REACHED_INDEX_LT_OFFSET_FROM_FURTHEST,0,7
2,2185,8,1.3992252372071909,20.653375625610352,2.0319697856903076,22.052600860595703,2.0320312976837158,0.19987487883975155,0.19988931960102727,0.19990539592239714,0,0,20,7,INACTIVE,FURTHEST_REACHED_INDEX_LT_OFFSET_FROM_FURTHEST,0,7
3,2185,8,1.3992252372071909,20.653375625610352,2.0319697856903076,22.052600860595703,2.0320312976837158,0.19987487883975155,0.19988931960102727,0.19990539592239714,0,0,20,7,INACTIVE,FURTHEST_REACHED_INDEX_LT_OFFSET_FROM_FURTHEST,0,7
4,2185,8,1.3992252372071909,20.653375625610352,2.0319697856903076,22.052600860595703,2.0320312976837158,0.19987487883975155,0.19988931960102727,0.19990539592239714,0,0,20,7,INACTIVE,FURTHEST_REACHED_INDEX_LT_OFFSET_FROM_FURTHEST,0,7
5,2185,8,1.3992252372071909,20.653375625610352,2.0319697856903076,22.052600860595703,2.0320312976837158,0.19987487883975155,0.19988931960102727,0.19990539592239714,0,0,20,7,INACTIVE,FURTHEST_REACHED_INDEX_LT_OFFSET_FROM_FURTHEST,0,7
6,2185,8,1.3992252372071909,20.653375625610352,2.0319697856903076,22.052600860595703,2.0320312976837158,0.19987487883975155,0.19988931960102727,0.19990539592239714,0,1,20,7,INACTIVE,FURTHEST_REACHED_INDEX_LT_OFFSET_FROM_FURTHEST,0,7
7,2185,8,1.3992252372071909,20.653375625610352,2.0319697856903076,22.052600860595703,2.0320312976837158,0.19987487883975155,0.19988931960102727,0.19990539592239714,0,1,20,7,INACTIVE,FURTHEST_REACHED_INDEX_LT_OFFSET_FROM_FURTHEST,0,7
8,2185,8,1.3992252372071909,20.653375625610352,2.0319697856903076,22.052600860595703,2.0320312976837158,0.19987487883975155,0.19988931960102727,0.19990539592239714,0,1,20,7,INACTIVE,FURTHEST_REACHED_INDEX_LT_OFFSET_FROM_FURTHEST,0,7
9,2185,8,1.3992252372071909,20.653375625610352,2.0319697856903076,22.052600860595703,2.0320312976837158,0.19987487883975155,0.19988931960102727,0.19990539592239714,0,1,20,7,INACTIVE,FURTHEST_REACHED_INDEX_LT_OFFSET_FROM_FURTHEST,0,7
10,2185,8,1.3992252372071909,20.653375625610352,2.0319697856903076,22.052600860595703,2.0320312976837158,0.19987487883975155,0.19988931960102727,0.19990539592239714,0,1,20,7,INACTIVE,FURTHEST_REACHED_INDEX_LT_OFFSET_FROM_FURTHEST,0,7
11,2185,8,1.3992252372071909,20.653375625610352,2.0319697856903076,22.052600860595703,2.0320312976837158,0.19987487883975155,0.19988931960102727,0.19990539592239714,0,1,20,7,INACTIVE,FURTHEST_REACHED_INDEX_LT_OFFSET_FROM_FURTHEST,0,7
12,2185,8,1.3992252372071909,20.653375625610352,2.0319697856903076,22.052600860595703,2.0320312976837158,0.19987487883975155,0.19988931960102727,0.19990539592239714,0,1,20,7,INACTIVE,FURTHEST_REACHED_INDEX_LT_OFFSET_FROM_FURTHEST,0,7
13,2185,8,1.3992252372071909,20.653375625610352,2.0319697856903076,22.052600860595703,2.0320312976837158,0.19987487883975155,0.19988931960102727,0.19990539592239714,0,1,20,7,INACTIVE,FURTHEST_REACHED_INDEX_LT_OFFSET_FROM_FURTHEST,0,7
14,2185,8,1.3992252372071909,20.653375625610352,2.0319697856903076,22.052600860595703,2.0320312976837158,0.19987487883975155,0.19988931960102727,0.19990539592239714,0,1,20,7,INACTIVE,FURTHEST_REACHED_INDEX_LT_OFFSET_FROM_FURTHEST,0,7
15,2185,8,1.3992252372071909,20.653375625610352,2.0319697856903076,22.052600860595703,2.0320312976837158,0.19987487883975155,0.19988931960102727,0.19990539592239714,0,1,20,7,INACTIVE,FURTHEST_REACHED_INDEX_LT_OFFSET_FROM_FURTHEST,0,7
16,2185,8,1.3992252372071909,20.653375625610352,2.0319697856903076,22.052600860595703,2.0320312976837158,0.19987487883975155,0.19988931960102727,0.19990539592239714,0,1,20,7,INACTIVE,FURTHEST_REACHED_INDEX_LT_OFFSET_FROM_FURTHEST,0,7
17,2185,8,1.3992252372071909,20.653375625610352,2.0319697856903076,22.052600860595703,2.0320312976837158,0.19987487883975155,0.19988931960102727,0.19990539592239714,0,1,20,7,INACTIVE,FURTHEST_REACHED_INDEX_LT_OFFSET_FROM_FURTHEST,0,7
18,2185,8,1.3992252372071909,20.653375625610352,2.0319697856903076,22.052600860595703,2.0320312976837158,0.19987487883975155,0.19988931960102727,0.19990539592239714,0,1,20,7,INACTIVE,FURTHEST_REACHED_INDEX_LT_OFFSET_FROM_FURTHEST,0,7
19,2185,8,1.3992252372071909,20.653375625610352,2.0319697856903076,22.052600860595703,2.0320312976837158,0.19987487883975155,0.19988931960102727,0.19990539592239714,0,1,20,7,INACTIVE,FURTHEST_REACHED_INDEX_LT_OFFSET_FROM_FURTHEST,0,7
20,2185,8,1.3992252372071909,20.653375625610352,2.0319697856903076,22.052600860595703,2.0320312976837158,0.19987487883975155,0.19988931960102727,0.19990539592239714,0,1,20,7,INACTIVE,FURTHEST_REACHED_INDEX_LT_OFFSET_FROM_FURTHEST,0,7
21,2185,8,1.3992252372071909,20.653375625610352,2.0319697856903076,22.052600860595703,2.0320312976837158,0.19987487883975155,0.19988931960102727,0.19990539592239714,0,1,20,7,INACTIVE,FURTHEST_REACHED_INDEX_LT_OFFSET_FROM_FURTHEST,0,7
22,2185,8,1.3992252372071909,20.653375625610352,2.0319697856903076,22.052600860595703,2.0320312976837158,0.19987487883975155,0.19988931960102727,0.19990539592239714,0,1,20,7,INACTIVE,FURTHEST_REACHED_INDEX_LT_OFFSET_FROM_FURTHEST,0,7
23,2185,8,1.3992252372071909,20.653375625610352,2.0319697856903076,22.052600860595703,2.0320312976837158,0.19987487883975155,0.19988931960102727,0.19990539592239714,0,1,20,7,INACTIVE,FURTHEST_REACHED_INDEX_LT_OFFSET_FROM_FURTHEST,0,7
24,2185,8,1.3992252372071909,20.653375625610352,2.0319697856903076,22.052600860595703,2.0320312976837158,0.19987487883975155,0.19988931960102727,0.19990539592239714,0,1,20,7,INACTIVE,FURTHEST_REACHED_INDEX_LT_OFFSET_FROM_FURTHEST,0,7
25,2185,8,1.3992252372071909,20.653375625610352,2.0319697856903076,22.052600860595703,2.0320312976837158,0.19987487883975155,0.19988931960102727,0.19990539592239714,0,1,20,7,INACTIVE,FURTHEST_REACHED_INDEX_LT_OFFSET_FROM_FURTHEST,0,7
26,2185,8,1.3992252372071909,20.653375625610352,2.0319697856903076,22.052600860595703,2.0320312976837158,0.19987487883975155,0.19988931960102727,0.19990539592239714,0,1,20,7,INACTIVE,FURTHEST_REACHED_INDEX_LT_OFFSET_FROM_FURTHEST,0,7
27,2185,8,1.3992252372071909,20.653375625610352,2.0319697856903076,22.052600860595703,2.0320312976837158,0.19987487883975155,0.19988931960102727,0.19990539592239714,0,1,20,7,INACTIVE,FURTHEST_REACHED_INDEX_LT_OFFSET_FROM_FURTHEST,0,7
28,2185,8,1.3992252372071909,20.653375625610352,2.0319697856903076,22.052600860595703,2.0320312976837158,0.19987487883975155,0.19988931960102727,0.19990539592239714,0,1,20,7,INACTIVE,FURTHEST_REACHED_INDEX_LT_OFFSET_FROM_FURTHEST,0,7
29,2185,8,1.3992252372071909,20.653375625610352,2.0319697856903076,22.052600860595703,2.0320312976837158,0.19987487883975155,0.19988931960102727,0.19990539592239714,0,1,20,7,INACTIVE,FURTHEST_REACHED_INDEX_LT_OFFSET_FROM_FURTHEST,0,7
30,2185,8,1.3992252372071909,20.653375625610352,2.0319697856903076,22.052600860595703,2.0320312976837158,0.19987487883975155,0.19988931960102727,0.19990539592239714,0,1,20,7,INACTIVE,FURTHEST_REACHED_INDEX_LT_OFFSET_FROM_FURTHEST,0,7
31,2185,8,1.3992252372071909,20.653375625610352,2.0319697856903076,22.052600860595703,2.0320312976837158,0.19987487883975155,0.19988931960102727,0.19990539592239714,0,1,20,7,INACTIVE,FURTHEST_REACHED_INDEX_LT_OFFSET_FROM_FURTHEST,0,7
32,2185,8,1.3992252372071909,20.653375625610352,2.0319697856903076,22.052600860595703,2.0320312976837158,0.19987487883975155,0.19988931960102727,0.19990539592239714,0,1,20,7,INACTIVE,FURTHEST_REACHED_INDEX_LT_OFFSET_FROM_FURTHEST,0,7
33,2185,8,1.3992252372071909,20.653375625610352,2.0319697856903076,22.052600860595703,2.0320312976837158,0.19987487883975155,0.19988931960102727,0.19990539592239714,0,1,20,7,INACTIVE,FURTHEST_REACHED_INDEX_LT_OFFSET_FROM_FURTHEST,0,7
34,2185,8,1.3992252372071909,20.653375625610352,2.0319697856903076,22.052600860595703,2.0320312976837158,0.19987487883975155,0.19988931960102727,0.19990539592239714,0,1,20,7,INACTIVE,FURTHEST_REACHED_INDEX_LT_OFFSET_FROM_FURTHEST,0,7
35,2185,8,1.3992252372071909,20.653375625610352,2.0319697856903076,22.052600860595703,2.0320312976837158,0.19987487883975155,0.19988931960102727,0.19990539592239714,0,1,20,7,INACTIVE,FURTHEST_REACHED_INDEX_LT_OFFSET_FROM_FURTHEST,0,7
36,2185,8,1.3992252372071909,20.653375625610352,2.0319697856903076,22.052600860595703,2.0320312976837158,0.19987487883975155,0.19988931960102727,0.19990539592239714,0,1,20,7,INACTIVE,FURTHEST_REACHED_INDEX_LT_OFFSET_FROM_FURTHEST,0,7
37,2185,8,1.3992252372071909,20.653375625610352,2.0319697856903076,22.052600860595703,2.0320312976837158,0.19987487883975155,0.19988931960102727,0.19990539592239714,0,1,20,7,INACTIVE,FURTHEST_REACHED_INDEX_LT_OFFSET_FROM_FURTHEST,0,7
38,2185,8,1.3992252372071909,20.653375625610352,2.0319697856903076,22.052600860595703,2.0320312976837158,0.19987487883975155,0.19988931960102727,0.19990539592239714,0,1,20,7,INACTIVE,FURTHEST_REACHED_INDEX_LT_OFFSET_FROM_FURTHEST,0,7
39,2185,8,1.3992252372071909,20.653375625610352,2.0319697856903076,22.052600860595703,2.0320312976837158,0.19987487883975155,0.19988931960102727,0.19990539592239714,0,1,20,7,INACTIVE,FURTHEST_REACHED_INDEX_LT_OFFSET_FROM_FURTHEST,0,7
40,2185,8,1.3992252372071909,20.653375625610352,2.0319697856903076,22.052600860595703,2.0320312976837158,0.19987487883975155,0.19988931960102727,0.19990539592239714,0,1,20,7,INACTIVE,FURTHEST_REACHED_INDEX_LT_OFFSET_FROM_FURTHEST,0,7
41,2185,8,1.3992252372071909,20.653375625610352,2.0319697856903076,22.052600860595703,2.0320312976837158,0.19987487883975155,0.19988931960102727,0.19990539592239714,0,1,20,7,INACTIVE,FURTHEST_REACHED_INDEX_LT_OFFSET_FROM_FURTHEST,0,7
42,2185,8,1.3992252372071909,20.653375625610352,2.0319697856903076,22.052600860595703,2.0320312976837158,0.19987487883975155,0.19988931960102727,0.19990539592239714,0,1,20,7,INACTIVE,FURTHEST_REACHED_INDEX_LT_OFFSET_FROM_FURTHEST,0,7
43,2185,8,1.3992252372071909,20.653375625610352,2.0319697856903076,22.052600860595703,2.0320312976837158,0.19987487883975155,0.19988931960102727,0.19990539592239714,0,1,20,7,INACTIVE,FURTHEST_REACHED_INDEX_LT_OFFSET_FROM_FURTHEST,0,7
44,2185,8,1.3992252372071909,20.653375625610352,2.0319697856903076,22.052600860595703,2.0320312976837158,0.19987487883975155,0.19988931960102727,0.19990539592239714,0,1,20,7,INACTIVE,FURTHEST_REACHED_INDEX_LT_OFFSET_FROM_FURTHEST,0,7
45,2185,8,1.3992252372071909,20.653375625610352,2.0319697856903076,22.052600860595703,2.0320312976837158,0.19987487883975155,0.19988931960102727,0.19990539592239714,0,1,20,7,INACTIVE,FURTHEST_REACHED_INDEX_LT_OFFSET_FROM_FURTHEST,0,7
46,2185,8,1.3992252372071909,20.653375625610352,2.0319697856903076,22.052600860595703,2.0320312976837158,0.19987487883975155,0.19988931960102727,0.19990539592239714,0,2,20,7,INACTIVE,FURTHEST_REACHED_INDEX_LT_OFFSET_FROM_FURTHEST,0,7
47,2185,8,1.3992252372071909,20.653375625610352,2.0319697856903076,22.052600860595703,2.0320312976837158,0.19987487883975155,0.19988931960102727,0.19990539592239714,0,2,20,7,INACTIVE,FURTHEST_REACHED_INDEX_LT_OFFSET_FROM_FURTHEST,0,7
48,2185,8,1.3992252372071909,20.653375625610352,2.0319697856903076,22.052600860595703,2.0320312976837158,0.19987487883975155,0.19988931960102727,0.19990539592239714,0,2,20,7,INACTIVE,FURTHEST_REACHED_INDEX_LT_OFFSET_FROM_FURTHEST,0,7
49,2185,8,1.3992252372071909,20.653375625610352,2.0319697856903076,22.052600860595703,2.0320312976837158,0.19987487883975155,0.19988931960102727,0.19990539592239714,0,2,20,7,INACTIVE,FURTHEST_REACHED_INDEX_LT_OFFSET_FROM_FURTHEST,0,7
50,2185,8,1.3992252372071909,20.653375625610352,2.0319697856903076,22.052600860595703,2.0320312976837158,0.19987487883975155,0.19988931960102727,0.19990539592239714,0,2,20,7,INACTIVE,FURTHEST_REACHED_INDEX_LT_OFFSET_FROM_FURTHEST,0,7
51,2185,8,1.3992252372071909,20.653375625610352,2.0319697856903076,22.052600860595703,2.0320312976837158,0.19987487883975155,0.19988931960102727,0.19990539592239714,0,2,20,7,INACTIVE,FURTHEST_REACHED_INDEX_LT_OFFSET_FROM_FURTHEST,0,7
52,2185,8,1.3992252372071909,20.653375625610352,2.0319697856903076,22.052600860595703,2.0320312976837158,0.19987487883975155,0.19988931960102727,0.19990539592239714,0,2,20,7,INACTIVE,FURTHEST_REACHED_INDEX_LT_OFFSET_FROM_FURTHEST,0,7
53,2185,8,1.3992252372071909,20.653375625610352,2.0319697856903076,22.052600860595703,2.0320312976837158,0.19987487883975155,0.19988931960102727,0.19990539592239714,0,2,20,7,INACTIVE,FURTHEST_REACHED_INDEX_LT_OFFSET_FROM_FURTHEST,0,7
54,2185,8,1.3992252372071909,20.653375625610352,2.0319697856903076,22.052600860595703,2.0320312976837158,0.19987487883975155,0.19988931960102727,0.19990539592239714,0,2,20,7,INACTIVE,FURTHEST_REACHED_INDEX_LT_OFFSET_FROM_FURTHEST,0,7
55,2185,8,1.3992252372071909,20.653375625610352,2.0319697856903076,22.052600860595703,2.0320312976837158,0.19987487883975155,0.19988931960102727,0.19990539592239714,0,2,20,7,INACTIVE,FURTHEST_REACHED_INDEX_LT_OFFSET_FROM_FURTHEST,0,7
56,2185,8,1.3992252372071909,20.653375625610352,2.0319697856903076,22.052600860595703,2.0320312976837158,0.19987487883975155,0.19988931960102727,0.19990539592239714,0,2,20,7,INACTIVE,FURTHEST_REACHED_INDEX_LT_OFFSET_FROM_FURTHEST,0,7
57,2185,8,1.3992252372071909,20.653375625610352,2.0319697856903076,22.052600860595703,2.0320312976837158,0.19987487883975155,0.19988931960102727,0.19990539592239714,0,2,20,7,INACTIVE,FURTHEST_REACHED_INDEX_LT_OFFSET_FROM_FURTHEST,0,7
58,2185,8,1.3992252372071909,20.653375625610352,2.0319697856903076,22.052600860595703,2.0320312976837158,0.19987487883975155,0.19988931960102727,0.19990539592239714,0,2,20,7,INACTIVE,FURTHEST_REACHED_INDEX_LT_OFFSET_FROM_FURTHEST,0,7
59,2185,8,1.3992252372071909,20.653375625610352,2.0319697856903076,22.052600860595703,2.0320312976837158,0.19987487883975155,0.19988931960102727,0.19990539592239714,0,2,20,7,INACTIVE,FURTHEST_REACHED_INDEX_LT_OFFSET_FROM_FURTHEST,0,7
60,2185,8,1.3992252372071909,20.653375625610352,2.0319697856903076,22.052600860595703,2.0320312976837158,0.19987487883975155,0.19988931960102727,0.19990539592239714,0,2,20,7,INACTIVE,FURTHEST_REACHED_INDEX_LT_OFFSET_FROM_FURTHEST,0,7
61,2185,8,1.3992252372071909,20.653375625610352,2.0319697856903076,22.052600860595703,2.0320312976837158,0.19987487883975155,0.19988931960102727,0.19990539592239714,0,2,20,7,INACTIVE,FURTHEST_REACHED_INDEX_LT_OFFSET_FROM_FURTHEST,0,7
62,2185,8,1.3992252372071909,20.653375625610352,2.0319697856903076,22.052600860595703,2.0320312976837158,0.19987487883975155,0.19988931960102727,0.19990539592239714,0,2,20,7,INACTIVE,FURTHEST_REACHED_INDEX_LT_OFFSET_FROM_FURTHEST,0,7
63,2185,8,1.3992252372071909,20.653375625610352,2.0319697856903076,22.052600860595703,2.0320312976837158,0.19987487883975155,0.19988931960102727,0.19990539592239714,0,2,20,7,INACTIVE,FURTHEST_REACHED_INDEX_LT_OFFSET_FROM_FURTHEST,0,7
64,2185,8,1.3992252372071909,20.653375625610352,2.0319697856903076,22.052600860595703,2.0320312976837158,0.19987487883975155,0.19988931960102727,0.19990539592239714,0,2,20,7,INACTIVE,FURTHEST_REACHED_INDEX_LT_OFFSET_FROM_FURTHEST,0,7
65,2185,8,1.3992252372071909,20.653375625610352,2.0319697856903076,22.052600860595703,2.0320312976837158,0.19987487883975155,0.19988931960102727,0.19990539592239714,0,2,20,7,INACTIVE,FURTHEST_REACHED_INDEX_LT_OFFSET_FROM_FURTHEST,0,7
66,2185,8,1.3992252372071909,20.653375625610352,2.0319697856903076,22.052600860595703,2.0320312976837158,0.19987487883975155,0.19988931960102727,0.19990539592239714,0,2,20,7,INACTIVE,FURTHEST_REACHED_INDEX_LT_OFFSET_FROM_FURTHEST,0,7
67,2185,8,1.3992252372071909,20.653375625610352,2.0319697856903076,22.052600860595703,2.0320312976837158,0.19987487883975155,0.19988931960102727,0.19990539592239714,0,2,20,7,INACTIVE,FURTHEST_REACHED_INDEX_LT_OFFSET_FROM_FURTHEST,0,7
68,2185,8,1.3992252372071909,20.653375625610352,2.0319697856903076,22.052600860595703,2.0320312976837158,0.19987487883975155,0.19988931960102727,0.19990539592239714,0,2,20,7,INACTIVE,FURTHEST_REACHED_INDEX_LT_OFFSET_FROM_FURTHEST,0,7
69,2185,8,1.3992252372071909,20.653375625610352,2.0319697856903076,22.052600860595703,2.0320312976837158,0.19987487883975155,0.19988931960102727,0.19990539592239714,0,2,20,7,INACTIVE,FURTHEST_REACHED_INDEX_LT_OFFSET_FROM_FURTHEST,0,7
70,2185,8,1.3992252372071909,20.653375625610352,2.0319697856903076,22.052600860595703,2.0320312976837158,0.19987487883975155,0.19988931960102727,0.19990539592239714,0,2,20,7,INACTIVE,FURTHEST_REACHED_INDEX_LT_OFFSET_FROM_FURTHEST,0,7
71,2185,8,1.3992252372071909,20.653375625610352,2.0319697856903076,22.052600860595703,2.0320312976837158,0.19987487883975155,0.19988931960102727,0.19990539592239714,0,2,20,7,INACTIVE,FURTHEST_REACHED_INDEX_LT_OFFSET_FROM_FURTHEST,0,7
72,2185,8,1.3992252372071909,20.653375625610352,2.0319697856903076,22.052600860595703,2.0320312976837158,0.19987487883975155,0.19988931960102727,0.19990539592239714,0,2,20,7,INACTIVE,FURTHEST_REACHED_INDEX_LT_OFFSET_FROM_FURTHEST,0,7
73,2185,8,1.3992252372071909,20.653375625610352,2.0319697856903076,22.052600860595703,2.0320312976837158,0.19987487883975155,0.19988931960102727,0.19990539592239714,0,2,20,7,INACTIVE,FURTHEST_REACHED_INDEX_LT_OFFSET_FROM_FURTHEST,0,7
74,2185,8,1.3992252372071909,20.653375625610352,2.0319697856903076,22.052600860595703,2.0320312976837158,0.19987487883975155,0.19988931960102727,0.19990539592239714,0,2,20,7,INACTIVE,FURTHEST_REACHED_INDEX_LT_OFFSET_FROM_FURTHEST,0,7
75,2185,8,1.3992252372071909,20.653375625610352,2.0319697856903076,22.052600860595703,2.0320312976837158,0.19987487883975155,0.19988931960102727,0.19990539592239714,0,2,20,7,INACTIVE,FURTHEST_REACHED_INDEX_LT_OFFSET_FROM_FURTHEST,0,7
76,2185,8,1.3992252372071909,20.653375625610352,2.0319697856903076,22.052600860595703,2.0320312976837158,0.19987487883975155,0.19988931960102727,0.19990539592239714,0,2,20,7,INACTIVE,FURTHEST_REACHED_INDEX_LT_OFFSET_FROM_FURTHEST,0,7
77,2185,8,1.3992252372071909,20.653375625610352,2.0319697856903076,22.052600860595703,2.0320312976837158,0.19987487883975155,0.19988931960102727,0.19990539592239714,0,2,20,7,INACTIVE,FURTHEST_REACHED_INDEX_LT_OFFSET_FROM_FURTHEST,0,7
78,2185,8,1.3992252372071909,20.653375625610352,2.0319697856903076,22.052600860595703,2.0320312976837158,0.19987487883975155,0.19988931960102727,0.19990539592239714,0,2,20,7,INACTIVE,FURTHEST_REACHED_INDEX_LT_OFFSET_FROM_FURTHEST,0,7
79,2185,8,1.3992252372071909,20.653375625610352,2.0319697856903076,22.052600860595703,2.0320312976837158,0.19987487883975155,0.19988931960102727,0.19990539592239714,0,2,20,7,INACTIVE,FURTHEST_REACHED_INDEX_LT_OFFSET_FROM_FURTHEST,0,7
80,2185,8,1.3992252372071909,20.653375625610352,2.0319697856903076,22.052600860595703,2.0320312976837158,0.19987487883975155,0.19988931960102727,0.19990539592239714,0,2,20,7,INACTIVE,FURTHEST_REACHED_INDEX_LT_OFFSET_FROM_FURTHEST,0,7
81,2185,8,1.3992252372071909,20.653375625610352,2.0319697856903076,22.052600860595703,2.0320312976837158,0.19987487883975155,0.19988931960102727,0.19990539592239714,0,2,20,7,INACTIVE,FURTHEST_REACHED_INDEX_LT_OFFSET_FROM_FURTHEST,0,7
82,2185,8,1.3992252372071909,20.653375625610352,2.0319697856903076,22.052600860595703,2.0320312976837158,0.19987487883975155,0.19988931960102727,0.19990539592239714,0,2,20,7,INACTIVE,FURTHEST_REACHED_INDEX_LT_OFFSET_FROM_FURTHEST,0,7
83,2185,8,1.3992252372071909,20.653375625610352,2.0319697856903076,22.052600860595703,2.0320312976837158,0.19987487883975155,0.19988931960102727,0.19990539592239714,0,2,20,7,INACTIVE,FURTHEST_REACHED_INDEX_LT_OFFSET_FROM_FURTHEST,0,7
84,2185,8,1.3992252372071909,20.653375625610352,2.0319697856903076,22.052600860595703,2.0320312976837158,0.19987487883975155,0.19988931960102727,0.19990539592239714,0,2,20,7,INACTIVE,FURTHEST_REACHED_INDEX_LT_OFFSET_FROM_FURTHEST,0,7
85,2185,8,1.3992252372071909,20.653375625610352,2.0319697856903076,22.052600860595703,2.0320312976837158,0.19987487883975155,0.19988931960102727,0.19990539592239714,0,2,20,7,INACTIVE,FURTHEST_REACHED_INDEX_LT_OFFSET_FROM_FURTHEST,0,7
86,2185,8,1.3992252372071909,20.653375625610352,2.0319697856903076,22.052600860595703,2.0320312976837158,0.19987487883975155,0.19988931960102727,0.19990539592239714,0,2,20,7,INACTIVE,FURTHEST_REACHED_INDEX_LT_OFFSET_FROM_FURTHEST,0,7
87,2185,8,1.399208076747525,20.853281021118164,2.0319826602935791,22.25248908996582,2.0320806503295898,0.19987487883975155,0.19988686810678929,0.19989585931119827,0,1,20,7,INACTIVE,FURTHEST_REACHED_INDEX_LT_OFFSET_FROM_FURTHEST,1,8
88,2185,8,1.399208076747525,20.853281021118164,2.0319826602935791,22.25248908996582,2.0320806503295898,0.19987487883975155,0.19988686810678929,0.19989585931119827,0,1,20,7,INACTIVE,FURTHEST_REACHED_INDEX_LT_OFFSET_FROM_FURTHEST,1,8
89,2185,8,1.399208076747525,20.853281021118164,2.0319826602935791,22.25248908996582,2.0320806503295898,0.19987487883975155,0.19988686810678929,0.19989585931119827,0,1,20,7,INACTIVE,FURTHEST_REACHED_INDEX_LT_OFFSET_FROM_FURTHEST,1,8
90,2185,8,1.399208076747525,20.853281021118164,2.0319826602935791,22.25248908996582,2.0320806503295898,0.19987487883975155,0.19988686810678929,0.19989585931119827,0,1,20,7,INACTIVE,FURTHEST_REACHED_INDEX_LT_OFFSET_FROM_FURTHEST,1,8
91,2185,8,1.399208076747525,20.853281021118164,2.0319826602935791,22.25248908996582,2.0320806503295898,0.19987487883975155,0.19988686810678929,0.19989585931119827,0,1,20,7,INACTIVE,FURTHEST_REACHED_INDEX_LT_OFFSET_FROM_FURTHEST,1,8
92,2185,8,1.399208076747525,20.853281021118164,2.0319826602935791,22.25248908996582,2.0320806503295898,0.19987487883975155,0.19988686810678929,0.19989585931119827,0,1,20,7,INACTIVE,FURTHEST_REACHED_INDEX_LT_OFFSET_FROM_FURTHEST,1,8
93,2185,8,1.399208076747525,20.853281021118164,2.0319826602935791,22.25248908996582,2.0320806503295898,0.19987487883975155,0.19988686810678929,0.19989585931119827,0,1,20,7,INACTIVE,FURTHEST_REACHED_INDEX_LT_OFFSET_FROM_FURTHEST,1,8
94,2185,8,1.399208076747525,20.853281021118164,2.0319826602935791,22.25248908996582,2.0320806503295898,0.19987487883975155,0.19988686810678929,0.19989585931119827,0,1,20,7,INACTIVE,FURTHEST_REACHED_INDEX_LT_OFFSET_FROM_FURTHEST,1,8
95,2185,8,1.399208076747525,20.853281021118164,2.0319826602935791,22.25248908996582,2.0320806503295898,0.19987487883975155,0.19988686810678929,0.19989585931119827,0,1,20,7,INACTIVE,FURTHEST_REACHED_INDEX_LT_OFFSET_FROM_FURTHEST,1,8
96,2185,8,1.399208076747525,20.853281021118164,2.0319826602935791,22.25248908996582,2.0320806503295898,0.19987487883975155,0.19988686810678929,0.19989585931119827,0,1,20,7,INACTIVE,FURTHEST_REACHED_INDEX_LT_OFFSET_FROM_FURTHEST,1,8
97,2185,8,1.399208076747525,20.853281021118164,2.0319826602935791,22.25248908996582,2.0320806503295898,0.19987487883975155,0.19988686810678929,0.19989585931119827,0,1,20,7,INACTIVE,FURTHEST_REACHED_INDEX_LT_OFFSET_FROM_FURTHEST,1,8
98,2185,8,1.399208076747525,20.853281021118164,2.0319826602935791,22.25248908996582,2.0320806503295898,0.19987487883975155,0.19988686810678929,0.19989585931119827,0,1,20,7,INACTIVE,FURTHEST_REACHED_INDEX_LT_OFFSET_FROM_FURTHEST,1,8
99,2185,8,1.399208076747525,20.853281021118164,2.0319826602935791,22.25248908996582,2.0320806503295898,0.19987487883975155,0.19988686810678929,0.19989585931119827,0,1,20,7,INACTIVE,FURTHEST_REACHED_INDEX_LT_OFFSET_FROM_FURTHEST,1,8
100,2185,8,1.399208076747525,20.853281021118164,2.0319826602935791,22.25248908996582,2.0320806503295898,0.19987487883975155,0.19988686810678929,0.19989585931119827,0,1,20,7,INACTIVE,FURTHEST_REACHED_INDEX_LT_OFFSET_FROM_FURTHEST,1,8
101,2185,8,1.399208076747525,20.853281021118164,2.0319826602935791,22.25248908996582,2.0320806503295898,0.19987487883975155,0.19988686810678929,0.19989585931119827,0,1,20,7,INACTIVE,FURTHEST_REACHED_INDEX_LT_OFFSET_FROM_FURTHEST,1,8
102,2185,8,1.399208076747525,20.853281021118164,2.0319826602935791,22.25248908996582,2.0320806503295898,0.19987487883975155,0.19988686810678929,0.19989585931119827,0,1,20,7,INACTIVE,FURTHEST_REACHED_INDEX_LT_OFFSET_FROM_FURTHEST,1,8
103,2185,8,1.399208076747525,20.853281021118164,2.0319826602935791,22.25248908996582,2.0320806503295898,0.19987487883975155,0.19988686810678929,0.19989585931119827,0,1,20,7,INACTIVE,FURTHEST_REACHED_INDEX_LT_OFFSET_FROM_FURTHEST,1,8
104,2185,8,1.399208076747525,20.853281021118164,2.0319826602935791,22.25248908996582,2.0320806503295898,0.19987487883975155,0.19988686810678929,0.19989585931119827,0,1,20,7,INACTIVE,FURTHEST_REACHED_INDEX_LT_OFFSET_FROM_FURTHEST,1,8
105,2185,8,1.399208076747525,20.853281021118164,2.0319826602935791,22.25248908996582,2.0320806503295898,0.19987487883975155,0.19988686810678929,0.19989585931119827,0,1,20,7,INACTIVE,FURTHEST_REACHED_INDEX_LT_OFFSET_FROM_FURTHEST,1,8
106,2185,8,1.399208076747525,20.853281021118164,2.0319826602935791,22.25248908996582,2.0320806503295898,0.19987487883975155,0.19988686810678929,0.19989585931119827,0,1,20,7,INACTIVE,FURTHEST_REACHED_INDEX_LT_OFFSET_FROM_FURTHEST,1,8
107,2185,8,1.399208076747525,20.853281021118164,2.0319826602935791,22.25248908996582,2.0320806503295898,0.19987487883975155,0.19988686810678929,0.19989585931119827,0,1,20,7,INACTIVE,FURTHEST_REACHED_INDEX_LT_OFFSET_FROM_FURTHEST,1,8
108,2185,8,1.399208076747525,20.853281021118164,2.0319826602935791,22.25248908996582,2.0320806503295898,0.19987487883975155,0.19988686810678929,0.19989585931119827,0,1,20,7,INACTIVE,FURTHEST_REACHED_INDEX_LT_OFFSET_FROM_FURTHEST,1,8
109,2185,8,1.399208076747525,20.853281021118164,2.0319826602935791,22.25248908996582,2.0320806503295898,0.19987487883975155,0.19988686810678929,0.19989585931119827,0,1,20,7,INACTIVE,FURTHEST_REACHED_INDEX_LT_OFFSET_FROM_FURTHEST,1,8
110,2185,8,1.399208076747525,20.853281021118164,2.0319826602935791,22.25248908996582,2.0320806503295898,0.19987487883975155,0.19988686810678929,0.19989585931119827,0,1,20,7,INACTIVE,FURTHEST_REACHED_INDEX_LT_OFFSET_FROM_FURTHEST,1,8
111,2185,8,1.399208076747525,20.853281021118164,2.0319826602935791,22.25248908996582,2.0320806503295898,0.19987487883975155,0.19988686810678929,0.19989585931119827,0,1,20,7,INACTIVE,FURTHEST_REACHED_INDEX_LT_OFFSET_FROM_FURTHEST,1,8
112,2185,8,1.399208076747525,20.853281021118164,2.0319826602935791,22.25248908996582,2.0320806503295898,0.19987487883975155,0.19988686810678929,0.19989585931119827,0,1,20,7,INACTIVE,FURTHEST_REACHED_INDEX_LT_OFFSET_FROM_FURTHEST,1,8
113,2185,8,1.399208076747525,20.853281021118164,2.0319826602935791,22.25248908996582,2.0320806503295898,0.19987487883975155,0.19988686810678929,0.19989585931119827,0,1,20,7,INACTIVE,FURTHEST_REACHED_INDEX_LT_OFFSET_FROM_FURTHEST,1,8
114,2185,8,1.399208076747525,20.853281021118164,2.0319826602935791,22.25248908996582,2.0320806503295898,0.19987487883975155,0.19988686810678929,0.19989585931119827,0,1,20,7,INACTIVE,FURTHEST_REACHED_INDEX_LT_OFFSET_FROM_FURTHEST,1,8
115,2185,8,1.399208076747525,20.853281021118164,2.0319826602935791,22.25248908996582,2.0320806503295898,0.19987487883975155,0.19988686810678929,0.19989585931119827,0,1,20,7,INACTIVE,FURTHEST_REACHED_INDEX_LT_OFFSET_FROM_FURTHEST,1,8
116,2185,8,1.399208076747525,20.853281021118164,2.0319826602935791,22.25248908996582,2.0320806503295898,0.19987487883975155,0.19988686810678929,0.19989585931119827,0,1,20,7,INACTIVE,FURTHEST_REACHED_INDEX_LT_OFFSET_FROM_FURTHEST,1,8
117,2185,8,1.399208076747525,20.853281021118164,2.0319826602935791,22.25248908996582,2.0320806503295898,0.19987487883975155,0.19988686810678929,0.19989585931119827,0,1,20,7,INACTIVE,FURTHEST_REACHED_INDEX_LT_OFFSET_FROM_FURTHEST,1,8
118,2185,8,1.399208076747525,20.853281021118164,2.0319826602935791,22.25248908996582,2.0320806503295898,0.19987487883975155,0.19988686810678929,0.19989585931119827,0,1,20,7,INACTIVE,FURTHEST_REACHED_INDEX_LT_OFFSET_FROM_FURTHEST,1,8
119,2185,8,1.399208076747525,20.853281021118164,2.0319826602935791,22.25248908996582,2.0320806503295898,0.19987487883975155,0.19988686810678929,0.19989585931119827,0,1,20,7,INACTIVE,FURTHEST_REACHED_INDEX_LT_OFFSET_FROM_FURTHEST,1,8
120,2185,8,1.399208076747525,20.853281021118164,2.0319826602935791,22.25248908996582,2.0320806503295898,0.19987487883975155,0.19988686810678929,0.19989585931119827,0,1,20,7,INACTIVE,FURTHEST_REACHED_INDEX_LT_OFFSET_FROM_FURTHEST,1,8
121,2185,8,1.399208076747525,20.853281021118164,2.0319826602935791,22.25248908996582,2.0320806503295898,0.19987487883975155,0.19988686810678929,0.19989585931119827,0,1,20,7,INACTIVE,FURTHEST_REACHED_INDEX_LT_OFFSET_FROM_FURTHEST,1,8
122,2185,8,1.399208076747525,20.853281021118164,2.0319826602935791,22.25248908996582,2.0320806503295898,0.19987487883975155,0.19988686810678929,0.19989585931119827,0,1,20,7,INACTIVE,FURTHEST_REACHED_INDEX_LT_OFFSET_FROM_FURTHEST,1,8
123,2185,8,1.399208076747525,20.853281021118164,2.0319826602935791,22.25248908996582,2.0320806503295898,0.19987487883975155,0.19988686810678929,0.19989585931119827,0,1,20,7,INACTIVE,FURTHEST_REACHED_INDEX_LT_OFFSET_FROM_FURTHEST,1,8
124,2185,8,1.399208076747525,20.853281021118164,2.0319826602935791,22.25248908996582,2.0320806503295898,0.19987487883975155,0.19988686810678929,0.19989585931119827,0,1,20,7,INACTIVE,FURTHEST_REACHED_INDEX_LT_OFFSET_FROM_FURTHEST,1,8
125,2185,8,1.399208076747525,20.853281021118164,2.0319826602935791,22.25248908996582,2.0320806503295898,0.19987487883975155,0.19988686810678929,0.19989585931119827,0,1,20,7,INACTIVE,FURTHEST_REACHED_INDEX_LT_OFFSET_FROM_FURTHEST,1,8
126,2185,8,1.399208076747525,20.853281021118164,2.0319826602935791,22.25248908996582,2.0320806503295898,0.19987487883975155,0.19988686810678929,0.19989585931119827,0,1,20,7,INACTIVE,FURTHEST_REACHED_INDEX_LT_OFFSET_FROM_FURTHEST,1,8
127,2185,8,1.399208076747525,20.853281021118164,2.0319826602935791,22.25248908996582,2.0320806503295898,0.19987487883975155,0.19988686810678929,0.19989585931119827,0,1,20,7,INACTIVE,FURTHEST_REACHED_INDEX_LT_OFFSET_FROM_FURTHEST,1,8
128,2185,8,1.399208076747525,20.853281021118164,2.0319826602935791,22.25248908996582,2.0320806503295898,0.19987487883975155,0.19988686810678929,0.19989585931119827,0,1,20,7,INACTIVE,FURTHEST_REACHED_INDEX_LT_OFFSET_FROM_FURTHEST,1,8
129,2185,8,1.399208076747525,20.853281021118164,2.0319826602935791,22.25248908996582,2.0320806503295898,0.19987487883975155,0.19988686810678929,0.19989585931119827,0,2,20,7,INACTIVE,FURTHEST_REACHED_INDEX_LT_OFFSET_FROM_FURTHEST,1,8
130,2185,8,1.399208076747525,20.853281021118164,2.0319826602935791,22.25248908996582,2.0320806503295898,0.19987487883975155,0.19988686810678929,0.19989585931119827,0,2,20,7,INACTIVE,FURTHEST_REACHED_INDEX_LT_OFFSET_FROM_FURTHEST,1,8
131,2185,8,1.399208076747525,20.853281021118164,2.0319826602935791,22.25248908996582,2.0320806503295898,0.19987487883975155,0.19988686810678929,0.19989585931119827,0,2,20,7,INACTIVE,FURTHEST_REACHED_INDEX_LT_OFFSET_FROM_FURTHEST,1,8
132,2185,8,1.399208076747525,20.853281021118164,2.0319826602935791,22.25248908996582,2.0320806503295898,0.19987487883975155,0.19988686810678929,0.19989585931119827,0,2,20,7,INACTIVE,FURTHEST_REACHED_INDEX_LT_OFFSET_FROM_FURTHEST,1,8
133,2185,8,1.399208076747525,20.853281021118164,2.0319826602935791,22.25248908996582,2.0320806503295898,0.19987487883975155,0.19988686810678929,0.19989585931119827,0,2,20,7,INACTIVE,FURTHEST_REACHED_INDEX_LT_OFFSET_FROM_FURTHEST,1,8
134,2185,8,1.399208076747525,20.853281021118164,2.0319826602935791,22.25248908996582,2.0320806503295898,0.19987487883975155,0.19988686810678929,0.19989585931119827,0,2,20,7,INACTIVE,FURTHEST_REACHED_INDEX_LT_OFFSET_FROM_FURTHEST,1,8
135,2185,8,1.399208076747525,20.853281021118164,2.0319826602935791,22.25248908996582,2.0320806503295898,0.19987487883975155,0.19988686810678929,0.19989585931119827,0,2,20,7,INACTIVE,FURTHEST_REACHED_INDEX_LT_OFFSET_FROM_FURTHEST,1,8
136,2185,8,1.399208076747525,20.853281021118164,2.0319826602935791,22.25248908996582,2.0320806503295898,0.19987487883975155,0.19988686810678929,0.19989585931119827,0,2,20,7,INACTIVE,FURTHEST_REACHED_INDEX_LT_OFFSET_FROM_FURTHEST,1,8
137,2185,8,1.399208076747525,20.853281021118164,2.0319826602935791,22.25248908996582,2.0320806503295898,0.19987487883975155,0.19988686810678929,0.19989585931119827,0,2,20,7,INACTIVE,FURTHEST_REACHED_INDEX_LT_OFFSET_FROM_FURTHEST,1,8
138,2185,8,1.399208076747525,20.853281021118164,2.0319826602935791,22.25248908996582,2.0320806503295898,0.19987487883975155,0.19988686810678929,0.19989585931119827,0,2,20,7,INACTIVE,FURTHEST_REACHED_INDEX_LT_OFFSET_FROM_FURTHEST,1,8
139,2185,8,1.399208076747525,20.853281021118164,2.0319826602935791,22.25248908996582,2.0320806503295898,0.19987487883975155,0.19988686810678929,0.19989585931119827,0,2,20,7,INACTIVE,FURTHEST_REACHED_INDEX_LT_OFFSET_FROM_FURTHEST,1,8
140,2185,8,1.399208076747525,20.853281021118164,2.0319826602935791,22.25248908996582,2.0320806503295898,0.19987487883975155,0.19988686810678929,0.19989585931119827,0,2,20,7,INACTIVE,FURTHEST_REACHED_INDEX_LT_OFFSET_FROM_FURTHEST,1,8
141,2185,8,1.399208076747525,20.853281021118164,2.0319826602935791,22.25248908996582,2.0320806503295898,0.19987487883975155,0.19988686810678929,0.19989585931119827,0,2,20,7,INACTIVE,FURTHEST_REACHED_INDEX_LT_OFFSET_FROM_FURTHEST,1,8
142,2185,8,1.399208076747525,20.853281021118164,2.0319826602935791,22.25248908996582,2.0320806503295898,0.19987487883975155,0.19988686810678929,0.19989585931119827,0,2,20,7,INACTIVE,FURTHEST_REACHED_INDEX_LT_OFFSET_FROM_FURTHEST,1,8
143,2185,8,1.399208076747525,20.853281021118164,2.0319826602935791,22.25248908996582,2.0320806503295898,0.19987487883975155,0.19988686810678929,0.19989585931119827,0,2,20,7,INACTIVE,FURTHEST_REACHED_INDEX_LT_OFFSET_FROM_FURTHEST,1,8
144,2185,8,1.399208076747525,20.853281021118164,2.0319826602935791,22.25248908996582,2.0320806503295898,0.19987487883975155,0.19988686810678929,0.19989585931119827,0,2,20,7,INACTIVE,FURTHEST_REACHED_INDEX_LT_OFFSET_FROM_FURTHEST,1,8
145,2185,8,1.399208076747525,20.853281021118164,2.0319826602935791,22.25248908996582,2.0320806503295898,0.19987487883975155,0.19988686810678929,0.19989585931119827,0,2,20,7,INACTIVE,FURTHEST_REACHED_INDEX_LT_OFFSET_FROM_FURTHEST,1,8
146,2185,8,1.399208076747525,20.853281021118164,2.0319826602935791,22.25248908996582,2.0320806503295898,0.19987487883975155,0.19988686810678929,0.19989585931119827,0,2,20,7,INACTIVE,FURTHEST_REACHED_INDEX_LT_OFFSET_FROM_FURTHEST,1,8
147,2185,8,1.399208076747525,20.853281021118164,2.0319826602935791,22.25248908996582,2.0320806503295898,0.19987487883975155,0.19988686810678929,0.19989585931119827,0,2,20,7,INACTIVE,FURTHEST_REACHED_INDEX_LT_OFFSET_FROM_FURTHEST,1,8
148,2185,8,1.399208076747525,20.853281021118164,2.0319826602935791,22.25248908996582,2.0320806503295898,0.19987487883975155,0.19988686810678929,0.19989585931119827,0,2,20,7,INACTIVE,FURTHEST_REACHED_INDEX_LT_OFFSET_FROM_FURTHEST,1,8
149,2185,8,1.399208076747525,20.853281021118164,2.0319826602935791,22.25248908996582,2.0320806503295898,0.19987487883975155,0.19988686810678929,0.19989585931119827,0,2,20,7,INACTIVE,FURTHEST_REACHED_INDEX_LT_OFFSET_FROM_FURTHEST,1,8
150,2185,8,1.399208076747525,20.853281021118164,2.0319826602935791,22.25248908996582,2.0320806503295898,0.19987487883975155,0.19988686810678929,0.19989585931119827,0,2,20,7,INACTIVE,FURTHEST_REACHED_INDEX_LT_OFFSET_FROM_FURTHEST,1,8
151,2185,8,1.399208076747525,20.853281021118164,2.0319826602935791,22.25248908996582,2.0320806503295898,0.19987487883975155,0.19988686810678929,0.19989585931119827,0,2,20,7,INACTIVE,FURTHEST_REACHED_INDEX_LT_OFFSET_FROM_FURTHEST,1,8
152,2185,8,1.399208076747525,20.853281021118164,2.0319826602935791,22.25248908996582,2.0320806503295898,0.19987487883975155,0.19988686810678929,0.19989585931119827,0,2,20,7,INACTIVE,FURTHEST_REACHED_INDEX_LT_OFFSET_FROM_FURTHEST,1,8
153,2185,8,1.399208076747525,20.853281021118164,2.0319826602935791,22.25248908996582,2.0320806503295898,0.19987487883975155,0.19988686810678929,0.19989585931119827,0,2,20,7,INACTIVE,FURTHEST_REACHED_INDEX_LT_OFFSET_FROM_FURTHEST,1,8
154,2185,8,1.399208076747525,20.853281021118164,2.0319826602935791,22.25248908996582,2.0320806503295898,0.19987487883975155,0.19988686810678929,0.19989585931119827,0,2,20,7,INACTIVE,FURTHEST_REACHED_INDEX_LT_OFFSET_FROM_FURTHEST,1,8
155,2185,8,1.399208076747525,20.853281021118164,2.0319826602935791,22.25248908996582,2.0320806503295898,0.19987487883975155,0.19988686810678929,0.19989585931119827,0,2,20,7,INACTIVE,FURTHEST_REACHED_INDEX_LT_OFFSET_FROM_FURTHEST,1,8
156,2185,8,1.399208076747525,20.853281021118164,2.0319826602935791,22.25248908996582,2.0320806503295898,0.19987487883975155,0.19988686810678929,0.19989585931119827,0,2,20,7,INACTIVE,FURTHEST_REACHED_INDEX_LT_OFFSET_FROM_FURTHEST,1,8
157,2185,8,1.399208076747525,20.853281021118164,2.0319826602935791,22.25248908996582,2.0320806503295898,0.19987487883975155,0.19988686810678929,0.19989585931119827,0,2,20,7,INACTIVE,FURTHEST_REACHED_INDEX_LT_OFFSET_FROM_FURTHEST,1,8
158,2185,8,1.399208076747525,20.853281021118164,2.0319826602935791,22.25248908996582,2.0320806503295898,0.19987487883975155,0.19988686810678929,0.19989585931119827,0,2,20,7,INACTIVE,FURTHEST_REACHED_INDEX_LT_OFFSET_FROM_FURTHEST,1,8
159,2185,8,1.399208076747525,20.853281021118164,2.0319826602935791,22.25248908996582,2.0320806503295898,0.19987487883975155,0.19988686810678929,0.19989585931119827,0,2,20,7,INACTIVE,FURTHEST_REACHED_INDEX_LT_OFFSET_FROM_FURTHEST,1,8
160,2185,8,1.399208076747525,20.853281021118164,2.0319826602935791,22.25248908996582,2.0320806503295898,0.19987487883975155,0.19988686810678929,0.19989585931119827,0,2,20,7,INACTIVE,FURTHEST_REACHED_INDEX_LT_OFFSET_FROM_FURTHEST,1,8
161,2185,8,1.399208076747525,20.853281021118164,2.0319826602935791,22.25248908996582,2.0320806503295898,0.19987487883975155,0.19988686810678929,0.19989585931119827,0,2,20,7,INACTIVE,FURTHEST_REACHED_INDEX_LT_OFFSET_FROM_FURTHEST,1,8
162,2185,8,1.399208076747525,20.853281021118164,2.0319826602935791,22.25248908996582,2.0320806503295898,0.19987487883975155,0.19988686810678929,0.19989585931119827,0,2,20,7,INACTIVE,FURTHEST_REACHED_INDEX_LT_OFFSET_FROM_FURTHEST,1,8
163,2185,8,1.399208076747525,20.853281021118164,2.0319826602935791,22.25248908996582,2.0320806503295898,0.19987487883975155,0.19988686810678929,0.19989585931119827,0,2,20,7,INACTIVE,FURTHEST_REACHED_INDEX_LT_OFFSET_FROM_FURTHEST,1,8
164,2185,8,1.399208076747525,20.853281021118164,2.0319826602935791,22.25248908996582,2.0320806503295898,0.19987487883975155,0.19988686810678929,0.19989585931119827,0,2,20,7,INACTIVE,FURTHEST_REACHED_INDEX_LT_OFFSET_FROM_FURTHEST,1,8
165,2185,8,1.399208076747525,20.853281021118164,2.0319826602935791,22.25248908996582,2.0320806503295898,0.19987487883975155,0.19988686810678929,0.19989585931119827,0,2,20,7,INACTIVE,FURTHEST_REACHED_INDEX_LT_OFFSET_FROM_FURTHEST,1,8
166,2185,8,1.399208076747525,20.853281021118164,2.0319826602935791,22.25248908996582,2.0320806503295898,0.19987487883975155,0.19988686810678929,0.19989585931119827,0,2,20,7,INACTIVE,FURTHEST_REACHED_INDEX_LT_OFFSET_FROM_FURTHEST,1,8
167,2185,8,1.399208076747525,20.853281021118164,2.0319826602935791,22.25248908996582,2.0320806503295898,0.19987487883975155,0.19988686810678929,0.19989585931119827,0,2,20,7,INACTIVE,FURTHEST_REACHED_INDEX_LT_OFFSET_FROM_FURTHEST,1,8
168,2185,8,1.3992157377206045,21.053155899047852,2.0320017337799072,22.452371597290039,2.0321946144104004,0.19988250732649382,0.19988796253151492,0.19989585931119827,0,1,20,7,INACTIVE,FURTHEST_REACHED_INDEX_LT_OFFSET_FROM_FURTHEST,2,9
169,2185,8,1.3992157377206045,21.053155899047852,2.0320017337799072,22.452371597290039,2.0321946144104004,0.19988250732649382,0.19988796253151492,0.19989585931119827,0,1,20,7,INACTIVE,FURTHEST_REACHED_INDEX_LT_OFFSET_FROM_FURTHEST,2,9
170,2185,8,1.3992157377206045,21.053155899047852,2.0320017337799072,22.452371597290039,2.0321946144104004,0.19988250732649382,0.19988796253151492,0.19989585931119827,0,1,20,7,INACTIVE,FURTHEST_REACHED_INDEX_LT_OFFSET_FROM_FURTHEST,2,9
171,2185,8,1.3992157377206045,21.053155899047852,2.0320017337799072,22.452371597290039,2.0321946144104004,0.19988250732649382,0.19988796253151492,0.19989585931119827,0,1,20,7,INACTIVE,FURTHEST_REACHED_INDEX_LT_OFFSET_FROM_FURTHEST,2,9
172,2185,8,1.3992157377206045,21.053155899047852,2.0320017337799072,22.452371597290039,2.0321946144104004,0.19988250732649382,0.19988796253151492,0.19989585931119827,0,1,20,7,INACTIVE,FURTHEST_REACHED_INDEX_LT_OFFSET_FROM_FURTHEST,2,9
173,2185,8,1.3992157377206045,21.053155899047852,2.0320017337799072,22.452371597290039,2.0321946144104004,0.19988250732649382,0.19988796253151492,0.19989585931119827,0,1,20,7,INACTIVE,FURTHEST_REACHED_INDEX_LT_OFFSET_FROM_FURTHEST,2,9
174,2185,8,1.3992157377206045,21.053155899047852,2.0320017337799072,22.452371597290039,2.0321946144104004,0.19988250732649382,0.19988796253151492,0.19989585931119827,0,1,20,7,INACTIVE,FURTHEST_REACHED_INDEX_LT_OFFSET_FROM_FURTHEST,2,9
175,2185,8,1.3992157377206045,21.053155899047852,2.0320017337799072,22.452371597290039,2.0321946144104004,0.19988250732649382,0.19988796253151492,0.19989585931119827,0,1,20,7,INACTIVE,FURTHEST_REACHED_INDEX_LT_OFFSET_FROM_FURTHEST,2,9
176,2185,8,1.3992157377206045,21.053155899047852,2.0320017337799072,22.452371597290039,2.0321946144104004,0.19988250732649382,0.19988796253151492,0.19989585931119827,0,1,20,7,INACTIVE,FURTHEST_REACHED_INDEX_LT_OFFSET_FROM_FURTHEST,2,9
177,2185,8,1.3992157377206045,21.053155899047852,2.0320017337799072,22.452371597290039,2.0321946144104004,0.19988250732649382,0.19988796253151492,0.19989585931119827,0,1,20,7,INACTIVE,FURTHEST_REACHED_INDEX_LT_OFFSET_FROM_FURTHEST,2,9
178,2185,8,1.3992157377206045,21.053155899047852,2.0320017337799072,22.452371597290039,2.0321946144104004,0.19988250732649382,0.19988796253151492,0.19989585931119827,0,1,20,7,INACTIVE,FURTHEST_REACHED_INDEX_LT_OFFSET_FROM_FURTHEST,2,9
179,2185,8,1.3992157377206045,21.053155899047852,2.0320017337799072,22.452371597290039,2.0321946144104004,0.19988250732649382,0.19988796253151492,0.19989585931119827,0,1,20,7,INACTIVE,FURTHEST_REACHED_INDEX_LT_OFFSET_FROM_FURTHEST,2,9
180,2185,8,1.3992157377206045,21.053155899047852,2.0320017337799072,22.452371597290039,2.0321946144104004,0.19988250732649382,0.19988796253151492,0.19989585931119827,0,1,20,7,INACTIVE,FURTHEST_REACHED_INDEX_LT_OFFSET_FROM_FURTHEST,2,9
181,2185,8,1.3992157377206045,21.053155899047852,2.0320017337799072,22.452371597290039,2.0321946144104004,0.19988250732649382,0.19988796253151492,0.19989585931119827,0,1,20,7,INACTIVE,FURTHEST_REACHED_INDEX_LT_OFFSET_FROM_FURTHEST,2,9
182,2185,8,1.3992157377206045,21.053155899047852,2.0320017337799072,22.452371597290039,2.0321946144104004,0.19988250732649382,0.19988796253151492,0.19989585931119827,0,1,20,7,INACTIVE,FURTHEST_REACHED_INDEX_LT_OFFSET_FROM_FURTHEST,2,9
183,2185,8,1.3992157377206045,21.053155899047852,2.0320017337799072,22.452371597290039,2.0321946144104004,0.19988250732649382,0.19988796253151492,0.19989585931119827,0,1,20,7,INACTIVE,FURTHEST_REACHED_INDEX_LT_OFFSET_FROM_FURTHEST,2,9
184,2185,8,1.3992157377206045,21.053155899047852,2.0320017337799072,22.452371597290039,2.0321946144104004,0.19988250732649382,0.19988796253151492,0.19989585931119827,0,1,20,7,INACTIVE,FURTHEST_REACHED_INDEX_LT_OFFSET_FROM_FURTHEST,2,9
185,2185,8,1.3992157377206045,21.053155899047852,2.0320017337799072,22.452371597290039,2.0321946144104004,0.19988250732649382,0.19988796253151492,0.19989585931119827,0,1,20,7,INACTIVE,FURTHEST_REACHED_INDEX_LT_OFFSET_FROM_FURTHEST,2,9
186,2185,8,1.3992157377206045,21.053155899047852,2.0320017337799072,22.452371597290039,2.0321946144104004,0.19988250732649382,0.19988796253151492,0.19989585931119827,0,1,20,7,INACTIVE,FURTHEST_REACHED_INDEX_LT_OFFSET_FROM_FURTHEST,2,9
187,2185,8,1.3992157377206045,21.053155899047852,2.0320017337799072,22.452371597290039,2.0321946144104004,0.19988250732649382,0.19988796253151492,0.19989585931119827,0,1,20,7,INACTIVE,FURTHEST_REACHED_INDEX_LT_OFFSET_FROM_FURTHEST,2,9
188,2185,8,1.3992157377206045,21.053155899047852,2.0320017337799072,22.452371597290039,2.0321946144104004,0.19988250732649382,0.19988796253151492,0.19989585931119827,0,1,20,7,INACTIVE,FURTHEST_REACHED_INDEX_LT_OFFSET_FROM_FURTHEST,2,9
189,2185,8,1.3992157377206045,21.053155899047852,2.0320017337799072,22.452371597290039,2.0321946144104004,0.19988250732649382,0.19988796253151492,0.19989585931119827,0,1,20,7,INACTIVE,FURTHEST_REACHED_INDEX_LT_OFFSET_FROM_FURTHEST,2,9
190,2185,8,1.3992157377206045,21.053155899047852,2.0320017337799072,22.452371597290039,2.0321946144104004,0.19988250732649382,0.19988796253151492,0.19989585931119827,0,1,20,7,INACTIVE,FURTHEST_REACHED_INDEX_LT_OFFSET_FROM_FURTHEST,2,9
191,2185,8,1.3992157377206045,21.053155899047852,2.0320017337799072,22.452371597290039,2.0321946144104004,0.19988250732649382,0.19988796253151492,0.19989585931119827,0,1,20,7,INACTIVE,FURTHEST_REACHED_INDEX_LT_OFFSET_FROM_FURTHEST,2,9
192,2185,8,1.3992157377206045,21.053155899047852,2.0320017337799072,22.452371597290039,2.0321946144104004,0.19988250732649382,0.19988796253151492,0.19989585931119827,0,1,20,7,INACTIVE,FURTHEST_REACHED_INDEX_LT_OFFSET_FROM_FURTHEST,2,9
193,2185,8,1.3992157377206045,21.053155899047852,2.0320017337799072,22.452371597290039,2.0321946144104004,0.19988250732649382,0.19988796253151492,0.19989585931119827,0,1,20,7,INACTIVE,FURTHEST_REACHED_INDEX_LT_OFFSET_FROM_FURTHEST,2,9
194,2185,8,1.3992157377206045,21.053155899047852,2.0320017337799072,22.452371597290039,2.0321946144104004,0.19988250732649382,0.19988796253151492,0.19989585931119827,0,1,20,7,INACTIVE,FURTHEST_REACHED_INDEX_LT_OFFSET_FROM_FURTHEST,2,9
195,2185,8,1.3992157377206045,21.053155899047852,2.0320017337799072,22.452371597290039,2.0321946144104004,0.19988250732649382,0.19988796253151492,0.19989585931119827,0,1,20,7,INACTIVE,FURTHEST_REACHED_INDEX_LT_OFFSET_FROM_FURTHEST,2,9
196,2185,8,1.3992157377206045,21.053155899047852,2.0320017337799072,22.452371597290039,2.0321946144104004,0.19988250732649382,0.19988796253151492,0.19989585931119827,0,1,20,7,INACTIVE,FURTHEST_REACHED_INDEX_LT_OFFSET_FROM_FURTHEST,2,9
197,2185,8,1.3992157377206045,21.053155899047852,2.0320017337799072,22.452371597290039,2.0321946144104004,0.19988250732649382,0.19988796253151492,0.19989585931119827,0,1,20,7,INACTIVE,FURTHEST_REACHED_INDEX_LT_OFFSET_FROM_FURTHEST,2,9
198,2185,8,1.3992157377206045,21.053155899047852,2.0320017337799072,22.452371597290039,2.0321946144104004,0.19988250732649382,0.19988796253151492,0.19989585931119827,0,1,20,7,INACTIVE,FURTHEST_REACHED_INDEX_LT_OFFSET_FROM_FURTHEST,2,9
199,2185,8,1.3992157377206045,21.053155899047852,2.0320017337799072,22.452371597290039,2.0321946144104004,0.19988250732649382,0.19988796253151492,0.19989585931119827,0,1,20,7,INACTIVE,FURTHEST_REACHED_INDEX_LT_OFFSET_FROM_FURTHEST,2,9
200,2185,8,1.3992157377206045,21.053155899047852,2.0320017337799072,22.452371597290039,2.0321946144104004,0.19988250732649382,0.19988796253151492,0.19989585931119827,0,1,20,7,INACTIVE,FURTHEST_REACHED_INDEX_LT_OFFSET_FROM_FURTHEST,2,9
201,2185,8,1.3992157377206045,21.053155899047852,2.0320017337799072,22.452371597290039,2.0321946144104004,0.19988250732649382,0.19988796253151492,0.19989585931119827,0,1,20,7,INACTIVE,FURTHEST_REACHED_INDEX_LT_OFFSET_FROM_FURTHEST,2,9
202,2185,8,1.3992157377206045,21.053155899047852,2.0320017337799072,22.452371597290039,2.0321946144104004,0.19988250732649382,0.19988796253151492,0.19989585931119827,0,1,20,7,INACTIVE,FURTHEST_REACHED_INDEX_LT_OFFSET_FROM_FURTHEST,2,9
203,2185,8,1.3992157377206045,21.053155899047852,2.0320017337799072,22.452371597290039,2.0321946144104004,0.19988250732649382,0.19988796253151492,0.19989585931119827,0,1,20,7,INACTIVE,FURTHEST_REACHED_INDEX_LT_OFFSET_FROM_FURTHEST,2,9
204,2185,8,1.3992157377206045,21.053155899047852,2.0320017337799072,22.452371597290039,2.0321946144104004,0.19988250732649382,0.19988796253151492,0.19989585931119827,0,1,20,7,INACTIVE,FURTHEST_REACHED_INDEX_LT_OFFSET_FROM_FURTHEST,2,9
205,2185,8,1.3992157377206045,21.053155899047852,2.0320017337799072,22.452371597290039,2.0321946144104004,0.19988250732649382,0.19988796253151492,0.19989585931119827,0,1,20,7,INACTIVE,FURTHEST_REACHED_INDEX_LT_OFFSET_FROM_FURTHEST,2,9
206,2185,8,1.3992157377206045,21.053155899047852,2.0320017337799072,22.452371597290039,2.0321946144104004,0.19988250732649382,0.19988796253151492,0.19989585931119827,0,1,20,7,INACTIVE,FURTHEST_REACHED_INDEX_LT_OFFSET_FROM_FURTHEST,2,9
207,2185,8,1.3992157377206045,21.053155899047852,2.0320017337799072,22.452371597290039,2.0321946144104004,0.19988250732649382,0.19988796253151492,0.19989585931119827,0,1,20,7,INACTIVE,FURTHEST_REACHED_INDEX_LT_OFFSET_FROM_FURTHEST,2,9
208,2185,8,1.3992157377206045,21.053155899047852,2.0320017337799072,22.452371597290039,2.0321946144104004,0.19988250732649382,0.19988796253151492,0.19989585931119827,0,1,20,7,INACTIVE,FURTHEST_REACHED_INDEX_LT_OFFSET_FROM_FURTHEST,2,9
209,2185,8,1.3992157377206045,21.053155899047852,2.0320017337799072,22.452371597290039,2.0321946144104004,0.19988250732649382,0.19988796253151492,0.19989585931119827,0,2,20,7,INACTIVE,FURTHEST_REACHED_INDEX_LT_OFFSET_FROM_FURTHEST,2,9
210,2185,8,1.3992157377206045,21.053155899047852,2.0320017337799072,22.452371597290039,2.0321946144104004,0.19988250732649382,0.19988796253151492,0.19989585931119827,0,2,20,7,INACTIVE,FURTHEST_REACHED_INDEX_LT_OFFSET_FROM_FURTHEST,2,9
211,2185,8,1.3992157377206045,21.053155899047852,2.0320017337799072,22.452371597290039,2.0321946144104004,0.19988250732649382,0.19988796253151492,0.19989585931119827,0,2,20,7,INACTIVE,FURTHEST_REACHED_INDEX_LT_OFFSET_FROM_FURTHEST,2,9
212,2185,8,1.3992157377206045,21.053155899047852,2.0320017337799072,22.452371597290039,2.0321946144104004,0.19988250732649382,0.19988796253151492,0.19989585931119827,0,2,20,7,INACTIVE,FURTHEST_REACHED_INDEX_LT_OFFSET_FROM_FURTHEST,2,9
213,2185,8,1.3992157377206045,21.053155899047852,2.0320017337799072,22.452371597290039,2.0321946144104004,0.19988250732649382,0.19988796253151492,0.19989585931119827,0,2,20,7,INACTIVE,FURTHEST_REACHED_INDEX_LT_OFFSET_FROM_FURTHEST,2,9
214,2185,8,1.3992157377206045,21.053155899047852,2.0320017337799072,22.452371597290039,2.0321946144104004,0.19988250732649382,0.19988796253151492,0.19989585931119827,0,2,20,7,INACTIVE,FURTHEST_REACHED_INDEX_LT_OFFSET_FROM_FURTHEST,2,9
215,2185,8,1.3992157377206045,21.053155899047852,2.0320017337799072,22.452371597290039,2.0321946144104004,0.19988250732649382,0.19988796253151492,0.19989585931119827,0,2,20,7,INACTIVE,FURTHEST_REACHED_INDEX_LT_OFFSET_FROM_FURTHEST,2,9
216,2185,8,1.3992157377206045,21.053155899047852,2.0320017337799072,22.452371597290039,2.0321946144104004,0.19988250732649382,0.19988796253151492,0.19989585931119827,0,2,20,7,INACTIVE,FURTHEST_REACHED_INDEX_LT_OFFSET_FROM_FURTHEST,2,9
217,2185,8,1.3992157377206045,21.053155899047852,2.0320017337799072,22.452371597290039,2.0321946144104004,0.19988250732649382,0.19988796253151492,0.19989585931119827,0,2,20,7,INACTIVE,FURTHEST_REACHED_INDEX_LT_OFFSET_FROM_FURTHEST,2,9
218,2185,8,1.3992157377206045,21.053155899047852,2.0320017337799072,22.452371597290039,2.0321946144104004,0.19988250732649382,0.19988796253151492,0.19989585931119827,0,2,20,7,INACTIVE,FURTHEST_REACHED_INDEX_LT_OFFSET_FROM_FURTHEST,2,9
219,2185,8,1.3992157377206045,21.053155899047852,2.0320017337799072,22.452371597290039,2.0321946144104004,0.19988250732649382,0.19988796253151492,0.19989585931119827,0,2,20,7,INACTIVE,FURTHEST_REACHED_INDEX_LT_OFFSET_FROM_FURTHEST,2,9
220,2185,8,1.3992157377206045,21.053155899047852,2.0320017337799072,22.452371597290039,2.0321946144104004,0.19988250732649382,0.19988796253151492,0.19989585931119827,0,2,20,7,INACTIVE,FURTHEST_REACHED_INDEX_LT_OFFSET_FROM_FURTHEST,2,9
221,2185,8,1.3992157377206045,21.053155899047852,2.0320017337799072,22.452371597290039,2.0321946144104004,0.19988250732649382,0.19988796253151492,0.19989585931119827,0,2,20,7,INACTIVE,FURTHEST_REACHED_INDEX_LT_OFFSET_FROM_FURTHEST,2,9
222,2185,8,1.3992157377206045,21.053155899047852,2.0320017337799072,22.452371597290039,2.0321946144104004,0.19988250732649382,0.19988796253151492,0.19989585931119827,0,2,20,7,INACTIVE,FURTHEST_REACHED_INDEX_LT_OFFSET_FROM_FURTHEST,2,9
223,2185,8,1.3992157377206045,21.053155899047852,2.0320017337799072,22.452371597290039,2.0321946144104004,0.19988250732649382,0.19988796253151492,0.19989585931119827,0,2,20,7,INACTIVE,FURTHEST_REACHED_INDEX_LT_OFFSET_FROM_FURTHEST,2,9
224,2185,8,1.3992157377206045,21.053155899047852,2.0320017337799072,22.452371597290039,2.0321946144104004,0.19988250732649382,0.19988796253151492,0.19989585931119827,0,2,20,7,INACTIVE,FURTHEST_REACHED_INDEX_LT_OFFSET_FROM_FURTHEST,2,9
225,2185,8,1.3992157377206045,21.053155899047852,2.0320017337799072,22.452371597290039,2.0321946144104004,0.19988250732649382,0.19988796253151492,0.19989585931119827,0,2,20,7,INACTIVE,FURTHEST_REACHED_INDEX_LT_OFFSET_FROM_FURTHEST,2,9
226,2185,8,1.3992157377206045,21.053155899047852,2.0320017337799072,22.452371597290039,2.0321946144104004,0.19988250732649382,0.19988796253151492,0.19989585931119827,0,2,20,7,INACTIVE,FURTHEST_REACHED_INDEX_LT_OFFSET_FROM_FURTHEST,2,9
227,2185,8,1.3992157377206045,21.053155899047852,2.0320017337799072,22.452371597290039,2.0321946144104004,0.19988250732649382,0.19988796253151492,0.19989585931119827,0,2,20,7,INACTIVE,FURTHEST_REACHED_INDEX_LT_OFFSET_FROM_FURTHEST,2,9
228,2185,8,1.3992157377206045,21.053155899047852,2.0320017337799072,22.452371597290039,2.0321946144104004,0.19988250732649382,0.19988796253151492,0.19989585931119827,0,2,20,7,INACTIVE,FURTHEST_REACHED_INDEX_LT_OFFSET_FROM_FURTHEST,2,9
229,2185,8,1.3992157377206045,21.053155899047852,2.0320017337799072,22.452371597290039,2.0321946144104004,0.19988250732649382,0.19988796253151492,0.19989585931119827,0,2,20,7,INACTIVE,FURTHEST_REACHED_INDEX_LT_OFFSET_FROM_FURTHEST,2,9
230,2185,8,1.3992157377206045,21.053155899047852,2.0320017337799072,22.452371597290039,2.0321946144104004,0.19988250732649382,0.19988796253151492,0.19989585931119827,0,2,20,7,INACTIVE,FURTHEST_REACHED_INDEX_LT_OFFSET_FROM_FURTHEST,2,9
231,2185,8,1.3992157377206045,21.053155899047852,2.0320017337799072,22.452371597290039,2.0321946144104004,0.19988250732649382,0.19988796253151492,0.19989585931119827,0,2,20,7,INACTIVE,FURTHEST_REACHED_INDEX_LT_OFFSET_FROM_FURTHEST,2,9
232,2185,8,1.3992157377206045,21.053155899047852,2.0320017337799072,22.452371597290039,2.0321946144104004,0.19988250732649382,0.19988796253151492,0.19989585931119827,0,2,20,7,INACTIVE,FURTHEST_REACHED_INDEX_LT_OFFSET_FROM_FURTHEST,2,9
233,2185,8,1.3992157377206045,21.053155899047852,2.0320017337799072,22.452371597290039,2.0321946144104004,0.19988250732649382,0.19988796253151492,0.19989585931119827,0,2,20,7,INACTIVE,FURTHEST_REACHED_INDEX_LT_OFFSET_FROM_FURTHEST,2,9
234,2185,8,1.3992157377206045,21.053155899047852,2.0320017337799072,22.452371597290039,2.0321946144104004,0.19988250732649382,0.19988796253151492,0.19989585931119827,0,2,20,7,INACTIVE,FURTHEST_REACHED_INDEX_LT_OFFSET_FROM_FURTHEST,2,9
235,2185,8,1.3992157377206045,21.053155899047852,2.0320017337799072,22.452371597290039,2.0321946144104004,0.19988250732649382,0.19988796253151492,0.19989585931119827,0,2,20,7,INACTIVE,FURTHEST_REACHED_INDEX_LT_OFFSET_FROM_FURTHEST,2,9
236,2185,8,1.3992157377206045,21.053155899047852,2.0320017337799072,22.452371597290039,2.0321946144104004,0.19988250732649382,0.19988796253151492,0.19989585931119827,0,2,20,7,INACTIVE,FURTHEST_REACHED_INDEX_LT_OFFSET_FROM_FURTHEST,2,9
237,2185,8,1.3992157377206045,21.053155899047852,2.0320017337799072,22.452371597290039,2.0321946144104004,0.19988250732649382,0.19988796253151492,0.19989585931119827,0,2,20,7,INACTIVE,FURTHEST_REACHED_INDEX_LT_OFFSET_FROM_FURTHEST,2,9
238,2185,8,1.3992157377206045,21.053155899047852,2.0320017337799072,22.452371597290039,2.0321946144104004,0.19988250732649382,0.19988796253151492,0.19989585931119827,0,2,20,7,INACTIVE,FURTHEST_REACHED_INDEX_LT_OFFSET_FROM_FURTHEST,2,9
239,2185,8,1.3992157377206045,21.053155899047852,2.0320017337799072,22.452371597290039,2.0321946144104004,0.19988250732649382,0.19988796253151492,0.19989585931119827,0,2,20,7,INACTIVE,FURTHEST_REACHED_INDEX_LT_OFFSET_FROM_FURTHEST,2,9
240,2185,8,1.3992157377206045,21.053155899047852,2.0320017337799072,22.452371597290039,2.0321946144104004,0.19988250732649382,0.19988796253151492,0.19989585931119827,0,2,20,7,INACTIVE,FURTHEST_REACHED_INDEX_LT_OFFSET_FROM_FURTHEST,2,9
241,2185,8,1.3992157377206045,21.053155899047852,2.0320017337799072,22.452371597290039,2.0321946144104004,0.19988250732649382,0.19988796253151492,0.19989585931119827,0,2,20,7,INACTIVE,FURTHEST_REACHED_INDEX_LT_OFFSET_FROM_FURTHEST,2,9
242,2185,8,1.3992157377206045,21.053155899047852,2.0320017337799072,22.452371597290039,2.0321946144104004,0.19988250732649382,0.19988796253151492,0.19989585931119827,0,2,20,7,INACTIVE,FURTHEST_REACHED_INDEX_LT_OFFSET_FROM_FURTHEST,2,9
243,2185,8,1.3992157377206045,21.053155899047852,2.0320017337799072,22.452371597290039,2.0321946144104004,0.19988250732649382,0.19988796253151492,0.19989585931119827,0,2,20,7,INACTIVE,FURTHEST_REACHED_INDEX_LT_OFFSET_FROM_FURTHEST,2,9
244,2185,8,1.3992157377206045,21.053155899047852,2.0320017337799072,22.452371597290039,2.0321946144104004,0.19988250732649382,0.19988796253151492,0.19989585931119827,0,2,20,7,INACTIVE,FURTHEST_REACHED_INDEX_LT_OFFSET_FROM_FURTHEST,2,9
245,2185,8,1.3992157377206045,21.053155899047852,2.0320017337799072,22.452371597290039,2.0321946144104004,0.19988250732649382,0.19988796253151492,0.19989585931119827,0,2,20,7,INACTIVE,FURTHEST_REACHED_INDEX_LT_OFFSET_FROM_FURTHEST,2,9
246,2185,8,1.3992157377206045,21.053155899047852,2.0320017337799072,22.452371597290039,2.0321946144104004,0.19988250732649382,0.19988796253151492,0.19989585931119827,0,2,20,7,INACTIVE,FURTHEST_REACHED_INDEX_LT_OFFSET_FROM_FURTHEST,2,9
247,2185,8,1.3992157377206045,21.053155899047852,2.0320017337799072,22.452371597290039,2.0321946144104004,0.19988250732649382,0.19988796253151492,0.19989585931119827,0,2,20,7,INACTIVE,FURTHEST_REACHED_INDEX_LT_OFFSET_FROM_FURTHEST,2,9
248,2185,8,1.3992272994985782,21.253040313720703,2.032012939453125,22.652267456054688,2.0324118137359619,0.19988250732649382,0.19988961421408261,0.19989597676492465,0,1,20,7,INACTIVE,FURTHEST_REACHED_INDEX_LT_OFFSET_FROM_FURTHEST,3,10
249,2185,8,1.3992272994985782,21.253040313720703,2.032012939453125,22.652267456054688,2.0324118137359619,0.19988250732649382,0.19988961421408261,0.19989597676492465,0,1,20,7,INACTIVE,FURTHEST_REACHED_INDEX_LT_OFFSET_FROM_FURTHEST,3,10
250,2185,8,1.3992272994985782,21.253040313720703,2.032012939453125,22.652267456054688,2.0324118137359619,0.19988250732649382,0.19988961421408261,0.19989597676492465,0,1,20,7,INACTIVE,FURTHEST_REACHED_INDEX_LT_OFFSET_FROM_FURTHEST,3,10
251,2185,8,1.3992272994985782,21.253040313720703,2.032012939453125,22.652267456054688,2.0324118137359619,0.19988250732649382,0.19988961421408261,0.19989597676492465,0,1,20,7,INACTIVE,FURTHEST_REACHED_INDEX_LT_OFFSET_FROM_FURTHEST,3,10
252,2185,8,1.3992272994985782,21.253040313720703,2.032012939453125,22.652267456054688,2.0324118137359619,0.19988250732649382,0.19988961421408261,0.19989597676492465,0,1,20,7,INACTIVE,FURTHEST_REACHED_INDEX_LT_OFFSET_FROM_FURTHEST,3,10
253,2185,8,1.3992272994985782,21.253040313720703,2.032012939453125,22.652267456054688,2.0324118137359619,0.19988250732649382,0.19988961421408261,0.19989597676492465,0,1,20,7,INACTIVE,FURTHEST_REACHED_INDEX_LT_OFFSET_FROM_FURTHEST,3,10
254,2185,8,1.3992272994985782,21.253040313720703,2.032012939453125,22.652267456054688,2.0324118137359619,0.19988250732649382,0.19988961421408261,0.19989597676492465,0,1,20,7,INACTIVE,FURTHEST_REACHED_INDEX_LT_OFFSET_FROM_FURTHEST,3,10
255,2185,8,1.3992272994985782,21.253040313720703,2.032012939453125,22.652267456054688,2.0324118137359619,0.19988250732649382,0.19988961421408261,0.19989597676492465,0,1,20,7,INACTIVE,FURTHEST_REACHED_INDEX_LT_OFFSET_FROM_FURTHEST,3,10
256,2185,8,1.3992272994985782,21.253040313720703,2.032012939453125,22.652267456054688,2.0324118137359619,0.19988250732649382,0.19988961421408261,0.19989597676492465,0,1,20,7,INACTIVE,FURTHEST_REACHED_INDEX_LT_OFFSET_FROM_FURTHEST,3,10
257,2185,8,1.3992272994985782,21.253040313720703,2.032012939453125,22.652267456054688,2.0324118137359619,0.19988250732649382,0.19988961421408261,0.19989597676492465,0,1,20,7,INACTIVE,FURTHEST_REACHED_INDEX_LT_OFFSET_FROM_FURTHEST,3,10
258,2185,8,1.3992272994985782,21.253040313720703,2.032012939453125,22.652267456054688,2.0324118137359619,0.19988250732649382,0.19988961421408261,0.19989597676492465,0,1,20,7,INACTIVE,FURTHEST_REACHED_INDEX_LT_OFFSET_FROM_FURTHEST,3,10
259,2185,8,1.3992272994985782,21.253040313720703,2.032012939453125,22.652267456054688,2.0324118137359619,0.19988250732649382,0.19988961421408261,0.19989597676492465,0,1,20,7,INACTIVE,FURTHEST_REACHED_INDEX_LT_OFFSET_FROM_FURTHEST,3,10
260,2185,8,1.3992272994985782,21.253040313720703,2.032012939453125,22.652267456054688,2.0324118137359619,0.19988250732649382,0.19988961421408261,0.19989597676492465,0,1,20,7,INACTIVE,FURTHEST_REACHED_INDEX_LT_OFFSET_FROM_FURTHEST,3,10
261,2185,8,1.3992272994985782,21.253040313720703,2.032012939453125,22.652267456054688,2.0324118137359619,0.19988250732649382,0.19988961421408261,0.19989597676492465,0,1,20,7,INACTIVE,FURTHEST_REACHED_INDEX_LT_OFFSET_FROM_FURTHEST,3,10
262,2185,8,1.3992272994985782,21.253040313720703,2.032012939453125,22.652267456054688,2.0324118137359619,0.19988250732649382,0.19988961421408261,0.19989597676492465,0,1,20,7,INACTIVE,FURTHEST_REACHED_INDEX_LT_OFFSET_FROM_FURTHEST,3,10
263,2185,8,1.3992272994985782,21.253040313720703,2.032012939453125,22.652267456054688,2.0324118137359619,0.19988250732649382,0.19988961421408261,0.19989597676492465,0,1,20,7,INACTIVE,FURTHEST_REACHED_INDEX_LT_OFFSET_FROM_FURTHEST,3,10
264,2185,8,1.3992272994985782,21.253040313720703,2.032012939453125,22.652267456054688,2.0324118137359619,0.19988250732649382,0.19988961421408261,0.19989597676492465,0,1,20,7,INACTIVE,FURTHEST_REACHED_INDEX_LT_OFFSET_FROM_FURTHEST,3,10
265,2185,8,1.3992272994985782,21.253040313720703,2.032012939453125,22.652267456054688,2.0324118137359619,0.19988250732649382,0.19988961421408261,0.19989597676492465,0,1,20,7,INACTIVE,FURTHEST_REACHED_INDEX_LT_OFFSET_FROM_FURTHEST,3,10
266,2185,8,1.3992272994985782,21.253040313720703,2.032012939453125,22.652267456054688,2.0324118137359619,0.19988250732649382,0.19988961421408261,0.19989597676492465,0,1,20,7,INACTIVE,FURTHEST_REACHED_INDEX_LT_OFFSET_FROM_FURTHEST,3,10
267,2185,8,1.3992272994985782,21.253040313720703,2.032012939453125,22.652267456054688,2.0324118137359619,0.19988250732649382,0.19988961421408261,0.19989597676492465,0,1,20,7,INACTIVE,FURTHEST_REACHED_INDEX_LT_OFFSET_FROM_FURTHEST,3,10
268,2185,8,1.3992272994985782,21.253040313720703,2.032012939453125,22.652267456054688,2.0324118137359619,0.19988250732649382,0.19988961421408261,0.19989597676492465,0,1,20,7,INACTIVE,FURTHEST_REACHED_INDEX_LT_OFFSET_FROM_FURTHEST,3,10
269,2185,8,1.3992272994985782,21.253040313720703,2.032012939453125,22.652267456054688,2.0324118137359619,0.19988250732649382,0.19988961421408261,0.19989597676492465,0,1,20,7,INACTIVE,FURTHEST_REACHED_INDEX_LT_OFFSET_FROM_FURTHEST,3,10
270,2185,8,1.3992272994985782,21.253040313720703,2.032012939453125,22.652267456054688,2.0324118137359619,0.19988250732649382,0.19988961421408261,0.19989597676492465,0,1,20,7,INACTIVE,FURTHEST_REACHED_INDEX_LT_OFFSET_FROM_FURTHEST,3,10
271,2185,8,1.3992272994985782,21.253040313720703,2.032012939453125,22.652267456054688,2.0324118137359619,0.19988250732649382,0.19988961421408261,0.19989597676492465,0,1,20,7,INACTIVE,FURTHEST_REACHED_INDEX_LT_OFFSET_FROM_FURTHEST,3,10
272,2185,8,1.3992272994985782,21.253040313720703,2.032012939453125,22.652267456054688,2.0324118137359619,0.19988250732649382,0.19988961421408261,0.19989597676492465,0,1,20,7,INACTIVE,FURTHEST_REACHED_INDEX_LT_OFFSET_FROM_FURTHEST,3,10
273,2185,8,1.3992272994985782,21.253040313720703,2.032012939453125,22.652267456054688,2.0324118137359619,0.19988250732649382,0.19988961421408261,0.19989597676492465,0,1,20,7,INACTIVE,FURTHEST_REACHED_INDEX_LT_OFFSET_FROM_FURTHEST,3,10
274,2185,8,1.3992272994985782,21.253040313720703,2.032012939453125,22.652267456054688,2.0324118137359619,0.19988250732649382,0.19988961421408261,0.19989597676492465,0,1,20,7,INACTIVE,FURTHEST_REACHED_INDEX_LT_OFFSET_FROM_FURTHEST,3,10
275,2185,8,1.3992272994985782,21.253040313720703,2.032012939453125,22.652267456054688,2.0324118137359619,0.19988250732649382,0.19988961421408261,0.19989597676492465,0,1,20,7,INACTIVE,FURTHEST_REACHED_INDEX_LT_OFFSET_FROM_FURTHEST,3,10
276,2185,8,1.3992272994985782,21.253040313720703,2.032012939453125,22.652267456054688,2.0324118137359619,0.19988250732649382,0.19988961421408261,0.19989597676492465,0,1,20,7,INACTIVE,FURTHEST_REACHED_INDEX_LT_OFFSET_FROM_FURTHEST,3,10
277,2185,8,1.3992272994985782,21.253040313720703,2.032012939453125,22.652267456054688,2.0324118137359619,0.19988250732649382,0.19988961421408261,0.19989597676492465,0,1,20,7,INACTIVE,FURTHEST_REACHED_INDEX_LT_OFFSET_FROM_FURTHEST,3,10
278,2185,8,1.3992272994985782,21.253040313720703,2.032012939453125,22.652267456054688,2.0324118137359619,0.19988250732649382,0.19988961421408261,0.19989597676492465,0,1,20,7,INACTIVE,FURTHEST_REACHED_INDEX_LT_OFFSET_FROM_FURTHEST,3,10
279,2185,8,1.3992272994985782,21.253040313720703,2.032012939453125,22.652267456054688,2.0324118137359619,0.19988250732649382,0.19988961421408261,0.19989597676492465,0,1,20,7,INACTIVE,FURTHEST_REACHED_INDEX_LT_OFFSET_FROM_FURTHEST,3,10
280,2185,8,1.3992272994985782,21.253040313720703,2.032012939453125,22.652267456054688,2.0324118137359619,0.19988250732649382,0.19988961421408261,0.19989597676492465,0,1,20,7,INACTIVE,FURTHEST_REACHED_INDEX_LT_OFFSET_FROM_FURTHEST,3,10
281,2185,8,1.3992272994985782,21.253040313720703,2.032012939453125,22.652267456054688,2.0324118137359619,0.19988250732649382,0.19988961421408261,0.19989597676492465,0,1,20,7,INACTIVE,FURTHEST_REACHED_INDEX_LT_OFFSET_FROM_FURTHEST,3,10
282,2185,8,1.3992272994985782,21.253040313720703,2.032012939453125,22.652267456054688,2.0324118137359619,0.19988250732649382,0.19988961421408261,0.19989597676492465,0,1,20,7,INACTIVE,FURTHEST_REACHED_INDEX_LT_OFFSET_FROM_FURTHEST,3,10
283,2185,8,1.3992272994985782,21.253040313720703,2.032012939453125,22.652267456054688,2.0324118137359619,0.19988250732649382,0.19988961421408261,0.19989597676492465,0,1,20,7,INACTIVE,FURTHEST_REACHED_INDEX_LT_OFFSET_FROM_FURTHEST,3,10
284,2185,8,1.3992272994985782,21.253040313720703,2.032012939453125,22.652267456054688,2.0324118137359619,0.19988250732649382,0.19988961421408261,0.19989597676492465,0,1,20,7,INACTIVE,FURTHEST_REACHED_INDEX_LT_OFFSET_FROM_FURTHEST,3,10
285,2185,8,1.3992272994985782,21.253040313720703,2.032012939453125,22.652267456054688,2.0324118137359619,0.19988250732649382,0.19988961421408261,0.19989597676492465,0,1,20,7,INACTIVE,FURTHEST_REACHED_INDEX_LT_OFFSET_FROM_FURTHEST,3,10
286,2185,8,1.3992272994985782,21.253040313720703,2.032012939453125,22.652267456054688,2.0324118137359619,0.19988250732649382,0.19988961421408261,0.19989597676492465,0,1,20,7,INACTIVE,FURTHEST_REACHED_INDEX_LT_OFFSET_FROM_FURTHEST,3,10
287,2185,8,1.3992272994985782,21.253040313720703,2.032012939453125,22.652267456054688,2.0324118137359619,0.19988250732649382,0.19988961421408261,0.19989597676492465,0,1,20,7,INACTIVE,FURTHEST_REACHED_INDEX_LT_OFFSET_FROM_FURTHEST,3,10
288,2185,8,1.3992272994985782,21.253040313720703,2.032012939453125,22.652267456054688,2.0324118137359619,0.19988250732649382,0.19988961421408261,0.19989597676492465,0,1,20,7,INACTIVE,FURTHEST_REACHED_INDEX_LT_OFFSET_FROM_FURTHEST,3,10
289,2185,8,1.3992272994985782,21.253040313720703,2.032012939453125,22.652267456054688,2.0324118137359619,0.19988250732649382,0.19988961421408261,0.19989597676492465,0,1,20,7,INACTIVE,FURTHEST_REACHED_INDEX_LT_OFFSET_FROM_FURTHEST,3,10
290,2185,8,1.3992272994985782,21.253040313720703,2.032012939453125,22.652267456054688,2.0324118137359619,0.19988250732649382,0.19988961421408261,0.19989597676492465,0,2,20,7,INACTIVE,FURTHEST_REACHED_INDEX_LT_OFFSET_FROM_FURTHEST,3,10
291,2185,8,1.3992272994985782,21.253040313720703,2.032012939453125,22.652267456054688,2.0324118137359619,0.19988250732649382,0.19988961421408261,0.19989597676492465,0,2,20,7,INACTIVE,FURTHEST_REACHED_INDEX_LT_OFFSET_FROM_FURTHEST,3,10
292,2185,8,1.3992272994985782,21.253040313720703,2.032012939453125,22.652267456054688,2.0324118137359619,0.19988250732649382,0.19988961421408261,0.19989597676492465,0,2,20,7,INACTIVE,FURTHEST_REACHED_INDEX_LT_OFFSET_FROM_FURTHEST,3,10
293,2185,8,1.3992272994985782,21.253040313720703,2.032012939453125,22.652267456054688,2.0324118137359619,0.19988250732649382,0.19988961421408261,0.19989597676492465,0,2,20,7,INACTIVE,FURTHEST_REACHED_INDEX_LT_OFFSET_FROM_FURTHEST,3,10
294,2185,8,1.3992272994985782,21.253040313720703,2.032012939453125,22.652267456054688,2.0324118137359619,0.19988250732649382,0.19988961421408261,0.19989597676492465,0,2,20,7,INACTIVE,FURTHEST_REACHED_INDEX_LT_OFFSET_FROM_FURTHEST,3,10
295,2185,8,1.3992272994985782,21.253040313720703,2.032012939453125,22.652267456054688,2.0324118137359619,0.19988250732649382,0.19988961421408261,0.19989597676492465,0,2,20,7,INACTIVE,FURTHEST_REACHED_INDEX_LT_OFFSET_FROM_FURTHEST,3,10
296,2185,8,1.3992272994985782,21.253040313720703,2.032012939453125,22.652267456054688,2.0324118137359619,0.19988250732649382,0.19988961421408261,0.19989597676492465,0,2,20,7,INACTIVE,FURTHEST_REACHED_INDEX_LT_OFFSET_FROM_FURTHEST,3,10
297,2185,8,1.3992272994985782,21.253040313720703,2.032012939453125,22.652267456054688,2.0324118137359619,0.19988250732649382,0.19988961421408261,0.19989597676492465,0,2,20,7,INACTIVE,FURTHEST_REACHED_INDEX_LT_OFFSET_FROM_FURTHEST,3,10
298,2185,8,1.3992272994985782,21.253040313720703,2.032012939453125,22.652267456054688,2.0324118137359619,0.19988250732649382,0.19988961421408261,0.19989597676492465,0,2,20,7,INACTIVE,FURTHEST_REACHED_INDEX_LT_OFFSET_FROM_FURTHEST,3,10
299,2185,8,1.3992272994985782,21.253040313720703,2.032012939453125,22.652267456054688,2.0324118137359619,0.19988250732649382,0.19988961421408261,0.19989597676492465,0,2,20,7,INACTIVE,FURTHEST_REACHED_INDEX_LT_OFFSET_FROM_FURTHEST,3,10
300,2185,8,1.3992272994985782,21.253040313720703,2.032012939453125,22.652267456054688,2.0324118137359619,0.19988250732649382,0.19988961421408261,0.19989597676492465,0,2,20,7,INACTIVE,FURTHEST_REACHED_INDEX_LT_OFFSET_FROM_FURTHEST,3,10
301,2185,8,1.3992272994985782,21.253040313720703,2.032012939453125,22.652267456054688,2.0324118137359619,0.19988250732649382,0.19988961421408261,0.19989597676492465,0,2,20,7,INACTIVE,FURTHEST_REACHED_INDEX_LT_OFFSET_FROM_FURTHEST,3,10
302,2185,8,1.3992272994985782,21.253040313720703,2.032012939453125,22.652267456054688,2.0324118137359619,0.19988250732649382,0.19988961421408261,0.19989597676492465,0,2,20,7,INACTIVE,FURTHEST_REACHED_INDEX_LT_OFFSET_FROM_FURTHEST,3,10
303,2185,8,1.3992272994985782,21.253040313720703,2.032012939453125,22.652267456054688,2.0324118137359619,0.19988250732649382,0.19988961421408261,0.19989597676492465,0,2,20,7,INACTIVE,FURTHEST_REACHED_INDEX_LT_OFFSET_FROM_FURTHEST,3,10
304,2185,8,1.3992272994985782,21.253040313720703,2.032012939453125,22.652267456054688,2.0324118137359619,0.19988250732649382,0.19988961421408261,0.19989597676492465,0,2,20,7,INACTIVE,FURTHEST_REACHED_INDEX_LT_OFFSET_FROM_FURTHEST,3,10
305,2185,8,1.3992272994985782,21.253040313720703,2.032012939453125,22.652267456054688,2.0324118137359619,0.19988250732649382,0.19988961421408261,0.19989597676492465,0,2,20,7,INACTIVE,FURTHEST_REACHED_INDEX_LT_OFFSET_FROM_FURTHEST,3,10
306,2185,8,1.3992272994985782,21.253040313720703,2.032012939453125,22.652267456054688,2.0324118137359619,0.19988250732649382,0.19988961421408261,0.19989597676492465,0,2,20,7,INACTIVE,FURTHEST_REACHED_INDEX_LT_OFFSET_FROM_FURTHEST,3,10
307,2185,8,1.3992272994985782,21.253040313720703,2.032012939453125,22.652267456054688,2.0324118137359619,0.19988250732649382,0.19988961421408261,0.19989597676492465,0,2,20,7,INACTIVE,FURTHEST_REACHED_INDEX_LT_OFFSET_FROM_FURTHEST,3,10
308,2185,8,1.3992272994985782,21.253040313720703,2.032012939453125,22.652267456054688,2.0324118137359619,0.19988250732649382,0.19988961421408261,0.19989597676492465,0,2,20,7,INACTIVE,FURTHEST_REACHED_INDEX_LT_OFFSET_FROM_FURTHEST,3,10
309,2185,8,1.3992272994985782,21.253040313720703,2.032012939453125,22.652267456054688,2.0324118137359619,0.19988250732649382,0.19988961421408261,0.19989597676492465,0,2,20,7,INACTIVE,FURTHEST_REACHED_INDEX_LT_OFFSET_FROM_FURTHEST,3,10
310,2185,8,1.3992272994985782,21.253040313720703,2.032012939453125,22.652267456054688,2.0324118137359619,0.19988250732649382,0.19988961421408261,0.19989597676492465,0,2,20,7,INACTIVE,FURTHEST_REACHED_INDEX_LT_OFFSET_FROM_FURTHEST,3,10
311,2185,8,1.3992272994985782,21.253040313720703,2.032012939453125,22.652267456054688,2.0324118137359619,0.19988250732649382,0.19988961421408261,0.19989597676492465,0,2,20,7,INACTIVE,FURTHEST_REACHED_INDEX_LT_OFFSET_FROM_FURTHEST,3,10
312,2185,8,1.3992272994985782,21.253040313720703,2.032012939453125,22.652267456054688,2.0324118137359619,0.19988250732649382,0.19988961421408261,0.19989597676492465,0,2,20,7,INACTIVE,FURTHEST_REACHED_INDEX_LT_OFFSET_FROM_FURTHEST,3,10
313,2185,8,1.3992272994985782,21.253040313720703,2.032012939453125,22.652267456054688,2.0324118137359619,0.19988250732649382,0.19988961421408261,0.19989597676492465,0,2,20,7,INACTIVE,FURTHEST_REACHED_INDEX_LT_OFFSET_FROM_FURTHEST,3,10
314,2185,8,1.3992272994985782,21.253040313720703,2.032012939453125,22.652267456054688,2.0324118137359619,0.19988250732649382,0.19988961421408261,0.19989597676492465,0,2,20,7,INACTIVE,FURTHEST_REACHED_INDEX_LT_OFFSET_FROM_FURTHEST,3,10
315,2185,8,1.3992272994985782,21.253040313720703,2.032012939453125,22.652267456054688,2.0324118137359619,0.19988250732649382,0.19988961421408261,0.19989597676492465,0,2,20,7,INACTIVE,FURTHEST_REACHED_INDEX_LT_OFFSET_FROM_FURTHEST,3,10
316,2185,8,1.3992272994985782,21.253040313720703,2.032012939453125,22.652267456054688,2.0324118137359619,0.19988250732649382,0.19988961421408261,0.19989597676492465,0,2,20,7,INACTIVE,FURTHEST_REACHED_INDEX_LT_OFFSET_FROM_FURTHEST,3,10
317,2185,8,1.3992272994985782,21.253040313720703,2.032012939453125,22.652267456054688,2.0324118137359619,0.19988250732649382,0.19988961421408261,0.19989597676492465,0,2,20,7,INACTIVE,FURTHEST_REACHED_INDEX_LT_OFFSET_FROM_FURTHEST,3,10
318,2185,8,1.3992272994985782,21.253040313720703,2.032012939453125,22.652267456054688,2.0324118137359619,0.19988250732649382,0.19988961421408261,0.19989597676492465,0,2,20,7,INACTIVE,FURTHEST_REACHED_INDEX_LT_OFFSET_FROM_FURTHEST,3,10
319,2185,8,1.3992272994985782,21.253040313720703,2.032012939453125,22.652267456054688,2.0324118137359619,0.19988250732649382,0.19988961421408261,0.19989597676492465,0,2,20,7,INACTIVE,FURTHEST_REACHED_INDEX_LT_OFFSET_FROM_FURTHEST,3,10
320,2185,8,1.3992272994985782,21.253040313720703,2.032012939453125,22.652267456054688,2.0324118137359619,0.19988250732649382,0.19988961421408261,0.19989597676492465,0,2,20,7,INACTIVE,FURTHEST_REACHED_INDEX_LT_OFFSET_FROM_FURTHEST,3,10
321,2185,8,1.3992272994985782,21.253040313720703,2.032012939453125,22.652267456054688,2.0324118137359619,0.19988250732649382,0.19988961421408261,0.19989597676492465,0,2,20,7,INACTIVE,FURTHEST_REACHED_INDEX_LT_OFFSET_FROM_FURTHEST,3,10
322,2185,8,1.3992272994985782,21.253040313720703,2.032012939453125,22.652267456054688,2.0324118137359619,0.19988250732649382,0.19988961421408261,0.19989597676492465,0,2,20,7,INACTIVE,FURTHEST_REACHED_INDEX_LT_OFFSET_FROM_FURTHEST,3,10
323,2185,8,1.3992272994985782,21.253040313720703,2.032012939453125,22.652267456054688,2.0324118137359619,0.19988250732649382,0.19988961421408261,0.19989597676492465,0,2,20,7,INACTIVE,FURTHEST_REACHED_INDEX_LT_OFFSET_FROM_FURTHEST,3,10
324,2185,8,1.3992272994985782,21.253040313720703,2.032012939453125,22.652267456054688,2.0324118137359619,0.19988250732649382,0.19988961421408261,0.19989597676492465,0,2,20,7,INACTIVE,FURTHEST_REACHED_INDEX_LT_OFFSET_FROM_FURTHEST,3,10
325,2185,8,1.3992272994985782,21.253040313720703,2.032012939453125,22.652267456054688,2.0324118137359619,0.19988250732649382,0.19988961421408261,0.19989597676492465,0,2,20,7,INACTIVE,FURTHEST_REACHED_INDEX_LT_OFFSET_FROM_FURTHEST,3,10
326,2185,8,1.3992272994985782,21.253040313720703,2.032012939453125,22.652267456054688,2.0324118137359619,0.19988250732649382,0.19988961421408261,0.19989597676492465,0,2,20,7,INACTIVE,FURTHEST_REACHED_INDEX_LT_OFFSET_FROM_FURTHEST,3,10
327,2185,8,1.3992272994985782,21.253040313720703,2.032012939453125,22.652267456054688,2.0324118137359619,0.19988250732649382,0.19988961421408261,0.19989597676492465,0,2,20,7,INACTIVE,FURTHEST_REACHED_INDEX_LT_OFFSET_FROM_FURTHEST,3,10
328,2185,8,1.3992219059315953,21.452934265136719,2.0320165157318115,22.852155685424805,2.0327742099761963,0.19988250732649382,0.19988884370451362,0.19989597676492465,0,1,20,7,INACTIVE,FURTHEST_REACHED_INDEX_LT_OFFSET_FROM_FURTHEST,4,11
329,2185,8,1.3992219059315953,21.452934265136719,2.0320165157318115,22.852155685424805,2.0327742099761963,0.19988250732649382,0.19988884370451362,0.19989597676492465,0,1,20,7,INACTIVE,FURTHEST_REACHED_INDEX_LT_OFFSET_FROM_FURTHEST,4,11
330,2185,8,1.3992219059315953,21.452934265136719,2.0320165157318115,22.852155685424805,2.0327742099761963,0.19988250732649382,0.19988884370451362,0.19989597676492465,0,1,20,7,INACTIVE,FURTHEST_REACHED_INDEX_LT_OFFSET_FROM_FURTHEST,4,11
331,2185,8,1.3992219059315953,21.452934265136719,2.0320165157318115,22.852155685424805,2.0327742099761963,0.19988250732649382,0.19988884370451362,0.19989597676492465,0,1,20,7,INACTIVE,FURTHEST_REACHED_INDEX_LT_OFFSET_FROM_FURTHEST,4,11
332,2185,8,1.3992219059315953,21.452934265136719,2.0320165157318115,22.852155685424805,2.0327742099761963,0.19988250732649382,0.19988884370451362,0.19989597676492465,0,1,20,7,INACTIVE,FURTHEST_REACHED_INDEX_LT_OFFSET_FROM_FURTHEST,4,11
333,2185,8,1.3992219059315953,21.452934265136719,2.0320165157318115,22.852155685424805,2.0327742099761963,0.19988250732649382,0.19988884370451362,0.19989597676492465,0,1,20,7,INACTIVE,FURTHEST_REACHED_INDEX_LT_OFFSET_FROM_FURTHEST,4,11
334,2185,8,1.3992219059315953,21.452934265136719,2.0320165157318115,22.852155685424805,2.0327742099761963,0.19988250732649382,0.19988884370451362,0.19989597676492465,0,1,20,7,INACTIVE,FURTHEST_REACHED_INDEX_LT_OFFSET_FROM_FURTHEST,4,11
335,2185,8,1.3992219059315953,21.452934265136719,2.0320165157318115,22.852155685424805,2.0327742099761963,0.19988250732649382,0.19988884370451362,0.19989597676492465,0,1,20,7,INACTIVE,FURTHEST_REACHED_INDEX_LT_OFFSET_FROM_FURTHEST,4,11
336,2185,8,1.3992219059315953,21.452934265136719,2.0320165157318115,22.852155685424805,2.0327742099761963,0.19988250732649382,0.19988884370451362,0.19989597676492465,0,1,20,7,INACTIVE,FURTHEST_REACHED_INDEX_LT_OFFSET_FROM_FURTHEST,4,11
337,2185,8,1.3992219059315953,21.452934265136719,2.0320165157318115,22.852155685424805,2.0327742099761963,0.19988250732649382,0.19988884370451362,0.19989597676492465,0,1,20,7,INACTIVE,FURTHEST_REACHED_INDEX_LT_OFFSET_FROM_FURTHEST,4,11
338,2185,8,1.3992219059315953,21.452934265136719,2.0320165157318115,22.852155685424805,2.0327742099761963,0.19988250732649382,0.19988884370451362,0.19989597676492465,0,1,20,7,INACTIVE,FURTHEST_REACHED_INDEX_LT_OFFSET_FROM_FURTHEST,4,11
339,2185,8,1.3992219059315953,21.452934265136719,2.0320165157318115,22.852155685424805,2.0327742099761963,0.19988250732649382,0.19988884370451362,0.19989597676492465,0,1,20,7,INACTIVE,FURTHEST_REACHED_INDEX_LT_OFFSET_FROM_FURTHEST,4,11
340,2185,8,1.3992219059315953,21.452934265136719,2.0320165157318115,22.852155685424805,2.0327742099761963,0.19988250732649382,0.19988884370451362,0.19989597676492465,0,1,20,7,INACTIVE,FURTHEST_REACHED_INDEX_LT_OFFSET_FROM_FURTHEST,4,11
341,2185,8,1.3992219059315953,21.452934265136719,2.0320165157318115,22.852155685424805,2.0327742099761963,0.19988250732649382,0.19988884370451362,0.19989597676492465,0,1,20,7,INACTIVE,FURTHEST_REACHED_INDEX_LT_OFFSET_FROM_FURTHEST,4,11
342,2185,8,1.3992219059315953,21.452934265136719,2.0320165157318115,22.852155685424805,2.0327742099761963,0.19988250732649382,0.19988884370451362,0.19989597676492465,0,1,20,7,INACTIVE,FURTHEST_REACHED_INDEX_LT_OFFSET_FROM_FURTHEST,4,11
343,2185,8,1.3992219059315953,21.452934265136719,2.0320165157318115,22.852155685424805,2.0327742099761963,0.19988250732649382,0.19988884370451362,0.19989597676492465,0,1,20,7,INACTIVE,FURTHEST_REACHED_INDEX_LT_OFFSET_FROM_FURTHEST,4,11
344,2185,8,1.3992219059315953,21.452934265136719,2.0320165157318115,22.852155685424805,2.0327742099761963,0.19988250732649382,0.19988884370451362,0.19989597676492465,0,1,20,7,INACTIVE,FURTHEST_REACHED_INDEX_LT_OFFSET_FROM_FURTHEST,4,11
345,2185,8,1.3992219059315953,21.452934265136719,2.0320165157318115,22.852155685424805,2.0327742099761963,0.19988250732649382,0.19988884370451362,0.19989597676492465,0,1,20,7,INACTIVE,FURTHEST_REACHED_INDEX_LT_OFFSET_FROM_FURTHEST,4,11
346,2185,8,1.3992219059315953,21.452934265136719,2.0320165157318115,22.852155685424805,2.0327742099761963,0.19988250732649382,0.19988884370451362,0.19989597676492465,0,1,20,7,INACTIVE,FURTHEST_REACHED_INDEX_LT_OFFSET_FROM_FURTHEST,4,11
347,2185,8,1.3992219059315953,21.452934265136719,2.0320165157318115,22.852155685424805,2.0327742099761963,0.19988250732649382,0.19988884370451362,0.19989597676492465,0,1,20,7,INACTIVE,FURTHEST_REACHED_INDEX_LT_OFFSET_FROM_FURTHEST,4,11
348,2185,8,1.3992219059315953,21.452934265136719,2.0320165157318115,22.852155685424805,2.0327742099761963,0.19988250732649382,0.19988884370451362,0.19989597676492465,0,1,20,7,INACTIVE,FURTHEST_REACHED_INDEX_LT_OFFSET_FROM_FURTHEST,4,11
349,2185,8,1.3992219059315953,21.452934265136719,2.0320165157318115,22.852155685424805,2.0327742099761963,0.19988250732649382,0.19988884370451362,0.19989597676492465,0,1,20,7,INACTIVE,FURTHEST_REACHED_INDEX_LT_OFFSET_FROM_FURTHEST,4,11
350,2185,8,1.3992219059315953,21.452934265136719,2.0320165157318115,22.852155685424805,2.0327742099761963,0.19988250732649382,0.19988884370451362,0.19989597676492465,0,1,20,7,INACTIVE,FURTHEST_REACHED_INDEX_LT_OFFSET_FROM_FURTHEST,4,11
351,2185,8,1.3992219059315953,21.452934265136719,2.0320165157318115,22.852155685424805,2.0327742099761963,0.19988250732649382,0.19988884370451362,0.19989597676492465,0,1,20,7,INACTIVE,FURTHEST_REACHED_INDEX_LT_OFFSET_FROM_FURTHEST,4,11
352,2185,8,1.3992219059315953,21.452934265136719,2.0320165157318115,22.852155685424805,2.0327742099761963,0.19988250732649382,0.19988884370451362,0.19989597676492465,0,1,20,7,INACTIVE,FURTHEST_REACHED_INDEX_LT_OFFSET_FROM_FURTHEST,4,11
353,2185,8,1.3992219059315953,21.452934265136719,2.0320165157318115,22.852155685424805,2.0327742099761963,0.19988250732649382,0.19988884370451362,0.19989597676492465,0,1,20,7,INACTIVE,FURTHEST_REACHED_INDEX_LT_OFFSET_FROM_FURTHEST,4,11
354,2185,8,1.3992219059315953,21.452934265136719,2.0320165157318115,22.852155685424805,2.0327742099761963,0.19988250732649382,0.19988884370451362,0.19989597676492465,0,1,20,7,INACTIVE,FURTHEST_REACHED_INDEX_LT_OFFSET_FROM_FURTHEST,4,11
355,2185,8,1.3992219059315953,21.452934265136719,2.0320165157318115,22.852155685424805,2.0327742099761963,0.19988250732649382,0.19988884370451362,0.19989597676492465,0,1,20,7,INACTIVE,FURTHEST_REACHED_INDEX_LT_OFFSET_FROM_FURTHEST,4,11
356,2185,8,1.3992219059315953,21.452934265136719,2.0320165157318115,22.852155685424805,2.0327742099761963,0.19988250732649382,0.19988884370451362,0.19989597676492465,0,1,20,7,INACTIVE,FURTHEST_REACHED_INDEX_LT_OFFSET_FROM_FURTHEST,4,11
357,2185,8,1.3992219059315953,21.452934265136719,2.0320165157318115,22.852155685424805,2.0327742099761963,0.19988250732649382,0.19988884370451362,0.19989597676492465,0,1,20,7,INACTIVE,FURTHEST_REACHED_INDEX_LT_OFFSET_FROM_FURTHEST,4,11
358,2185,8,1.3992219059315953,21.452934265136719,2.0320165157318115,22.852155685424805,2.0327742099761963,0.19988250732649382,0.19988884370451362,0.19989597676492465,0,1,20,7,INACTIVE,FURTHEST_REACHED_INDEX_LT_OFFSET_FROM_FURTHEST,4,11
359,2185,8,1.3992219059315953,21.452934265136719,2.0320165157318115,22.852155685424805,2.0327742099761963,0.19988250732649382,0.19988884370451362,0.19989597676492465,0,1,20,7,INACTIVE,FURTHEST_REACHED_INDEX_LT_OFFSET_FROM_FURTHEST,4,11
360,2185,8,1.3992219059315953,21.452934265136719,2.0320165157318115,22.852155685424805,2.0327742099761963,0.19988250732649382,0.19988884370451362,0.19989597676492465,0,1,20,7,INACTIVE,FURTHEST_REACHED_INDEX_LT_OFFSET_FROM_FURTHEST,4,11
361,2185,8,1.3992219059315953,21.452934265136719,2.0320165157318115,22.852155685424805,2.0327742099761963,0.19988250732649382,0.19988884370451362,0.19989597676492465,0,1,20,7,INACTIVE,FURTHEST_REACHED_INDEX_LT_OFFSET_FROM_FURTHEST,4,11
362,2185,8,1.3992219059315953,21.452934265136719,2.0320165157318115,22.852155685424805,2.0327742099761963,0.19988250732649382,0.19988884370451362,0.19989597676492465,0,1,20,7,INACTIVE,FURTHEST_REACHED_INDEX_LT_OFFSET_FROM_FURTHEST,4,11
363,2185,8,1.3992219059315953,21.452934265136719,2.0320165157318115,22.852155685424805,2.0327742099761963,0.19988250732649382,0.19988884370451362,0.19989597676492465,0,1,20,7,INACTIVE,FURTHEST_REACHED_INDEX_LT_OFFSET_FROM_FURTHEST,4,11
364,2185,8,1.3992219059315953,21.452934265136719,2.0320165157318115,22.852155685424805,2.0327742099761963,0.19988250732649382,0.19988884370451362,0.19989597676492465,0,1,20,7,INACTIVE,FURTHEST_REACHED_INDEX_LT_OFFSET_FROM_FURTHEST,4,11
365,2185,8,1.3992219059315953,21.452934265136719,2.0320165157318115,22.852155685424805,2.0327742099761963,0.19988250732649382,0.19988884370451362,0.19989597676492465,0,1,20,7,INACTIVE,FURTHEST_REACHED_INDEX_LT_OFFSET_FROM_FURTHEST,4,11
366,2185,8,1.3992219059315953,21.452934265136719,2.0320165157318115,22.852155685424805,2.0327742099761963,0.19988250732649382,0.19988884370451362,0.19989597676492465,0,1,20,7,INACTIVE,FURTHEST_REACHED_INDEX_LT_OFFSET_FROM_FURTHEST,4,11
367,2185,8,1.3992219059315953,21.452934265136719,2.0320165157318115,22.852155685424805,2.0327742099761963,0.19988250732649382,0.19988884370451362,0.19989597676492465,0,1,20,7,INACTIVE,FURTHEST_REACHED_INDEX_LT_OFFSET_FROM_FURTHEST,4,11
368,2185,8,1.3992219059315953,21.452934265136719,2.0320165157318115,22.852155685424805,2.0327742099761963,0.19988250732649382,0.19988884370451362,0.19989597676492465,0,1,20,7,INACTIVE,FURTHEST_REACHED_INDEX_LT_OFFSET_FROM_FURTHEST,4,11
369,2185,8,1.3992219059315953,21.452934265136719,2.0320165157318115,22.852155685424805,2.0327742099761963,0.19988250732649382,0.19988884370451362,0.19989597676492465,0,1,20,7,INACTIVE,FURTHEST_REACHED_INDEX_LT_OFFSET_FROM_FURTHEST,4,11
370,2185,8,1.3992219059315953,21.452934265136719,2.0320165157318115,22.852155685424805,2.0327742099761963,0.19988250732649382,0.19988884370451362,0.19989597676492465,0,2,20,7,INACTIVE,FURTHEST_REACHED_INDEX_LT_OFFSET_FROM_FURTHEST,4,11
371,2185,8,1.3992219059315953,21.452934265136719,2.0320165157318115,22.852155685424805,2.0327742099761963,0.19988250732649382,0.19988884370451362,0.19989597676492465,0,2,20,7,INACTIVE,FURTHEST_REACHED_INDEX_LT_OFFSET_FROM_FURTHEST,4,11
372,2185,8,1.3992219059315953,21.452934265136719,2.0320165157318115,22.852155685424805,2.0327742099761963,0.19988250732649382,0.19988884370451362,0.19989597676492465,0,2,20,7,INACTIVE,FURTHEST_REACHED_INDEX_LT_OFFSET_FROM_FURTHEST,4,11
373,2185,8,1.3992219059315953,21.452934265136719,2.0320165157318115,22.852155685424805,2.0327742099761963,0.19988250732649382,0.19988884370451362,0.19989597676492465,0,2,20,7,INACTIVE,FURTHEST_REACHED_INDEX_LT_OFFSET_FROM_FURTHEST,4,11
374,2185,8,1.3992219059315953,21.452934265136719,2.0320165157318115,22.852155685424805,2.0327742099761963,0.19988250732649382,0.19988884370451362,0.19989597676492465,0,2,20,7,INACTIVE,FURTHEST_REACHED_INDEX_LT_OFFSET_FROM_FURTHEST,4,11
375,2185,8,1.3992219059315953,21.452934265136719,2.0320165157318115,22.852155685424805,2.0327742099761963,0.19988250732649382,0.19988884370451362,0.19989597676492465,0,2,20,7,INACTIVE,FURTHEST_REACHED_INDEX_LT_OFFSET_FROM_FURTHEST,4,11
376,2185,8,1.3992219059315953,21.452934265136719,2.0320165157318115,22.852155685424805,2.0327742099761963,0.19988250732649382,0.19988884370451362,0.19989597676492465,0,2,20,7,INACTIVE,FURTHEST_REACHED_INDEX_LT_OFFSET_FROM_FURTHEST,4,11
377,2185,8,1.3992219059315953,21.452934265136719,2.0320165157318115,22.852155685424805,2.0327742099761963,0.19988250732649382,0.19988884370451362,0.19989597676492465,0,2,20,7,INACTIVE,FURTHEST_REACHED_INDEX_LT_OFFSET_FROM_FURTHEST,4,11
378,2185,8,1.3992219059315953,21.452934265136719,2.0320165157318115,22.852155685424805,2.0327742099761963,0.19988250732649382,0.19988884370451362,0.19989597676492465,0,2,20,7,INACTIVE,FURTHEST_REACHED_INDEX_LT_OFFSET_FROM_FURTHEST,4,11
379,2185,8,1.3992219059315953,21.452934265136719,2.0320165157318115,22.852155685424805,2.0327742099761963,0.19988250732649382,0.19988884370451362,0.19989597676492465,0,2,20,7,INACTIVE,FURTHEST_REACHED_INDEX_LT_OFFSET_FROM_FURTHEST,4,11
380,2185,8,1.3992219059315953,21.452934265136719,2.0320165157318115,22.852155685424805,2.0327742099761963,0.19988250732649382,0.19988884370451362,0.19989597676492465,0,2,20,7,INACTIVE,FURTHEST_REACHED_INDEX_LT_OFFSET_FROM_FURTHEST,4,11
381,2185,8,1.3992219059315953,21.452934265136719,2.0320165157318115,22.852155685424805,2.0327742099761963,0.19988250732649382,0.19988884370451362,0.19989597676492465,0,2,20,7,INACTIVE,FURTHEST_REACHED_INDEX_LT_OFFSET_FROM_FURTHEST,4,11
382,2185,8,1.3992219059315953,21.452934265136719,2.0320165157318115,22.852155685424805,2.0327742099761963,0.19988250732649382,0.19988884370451362,0.19989597676492465,0,2,20,7,INACTIVE,FURTHEST_REACHED_INDEX_LT_OFFSET_FROM_FURTHEST,4,11
383,2185,8,1.3992219059315953,21.452934265136719,2.0320165157318115,22.852155685424805,2.0327742099761963,0.19988250732649382,0.19988884370451362,0.19989597676492465,0,2,20,7,INACTIVE,FURTHEST_REACHED_INDEX_LT_OFFSET_FROM_FURTHEST,4,11
384,2185,8,1.3992219059315953,21.452934265136719,2.0320165157318115,22.852155685424805,2.0327742099761963,0.19988250732649382,0.19988884370451362,0.19989597676492465,0,2,20,7,INACTIVE,FURTHEST_REACHED_INDEX_LT_OFFSET_FROM_FURTHEST,4,11
385,2185,8,1.3992219059315953,21.452934265136719,2.0320165157318115,22.852155685424805,2.0327742099761963,0.19988250732649382,0.19988884370451362,0.19989597676492465,0,2,20,7,INACTIVE,FURTHEST_REACHED_INDEX_LT_OFFSET_FROM_FURTHEST,4,11
386,2185,8,1.3992219059315953,21.452934265136719,2.0320165157318115,22.852155685424805,2.0327742099761963,0.19988250732649382,0.19988884370451362,0.19989597676492465,0,2,20,7,INACTIVE,FURTHEST_REACHED_INDEX_LT_OFFSET_FROM_FURTHEST,4,11
387,2185,8,1.3992219059315953,21.452934265136719,2.0320165157318115,22.852155685424805,2.0327742099761963,0.19988250732649382,0.19988884370451362,0.19989597676492465,0,2,20,7,INACTIVE,FURTHEST_REACHED_INDEX_LT_OFFSET_FROM_FURTHEST,4,11
388,2185,8,1.3992219059315953,21.452934265136719,2.0320165157318115,22.852155685424805,2.0327742099761963,0.19988250732649382,0.19988884370451362,0.19989597676492465,0,2,20,7,INACTIVE,FURTHEST_REACHED_INDEX_LT_OFFSET_FROM_FURTHEST,4,11
389,2185,8,1.3992219059315953,21.452934265136719,2.0320165157318115,22.852155685424805,2.0327742099761963,0.19988250732649382,0.19988884370451362,0.19989597676492465,0,2,20,7,INACTIVE,FURTHEST_REACHED_INDEX_LT_OFFSET_FROM_FURTHEST,4,11
390,2185,8,1.3992219059315953,21.452934265136719,2.0320165157318115,22.852155685424805,2.0327742099761963,0.19988250732649382,0.19988884370451362,0.19989597676492465,0,2,20,7,INACTIVE,FURTHEST_REACHED_INDEX_LT_OFFSET_FROM_FURTHEST,4,11
391,2185,8,1.3992219059315953,21.452934265136719,2.0320165157318115,22.852155685424805,2.0327742099761963,0.19988250732649382,0.19988884370451362,0.19989597676492465,0,2,20,7,INACTIVE,FURTHEST_REACHED_INDEX_LT_OFFSET_FROM_FURTHEST,4,11
392,2185,8,1.3992219059315953,21.452934265136719,2.0320165157318115,22.852155685424805,2.0327742099761963,0.19988250732649382,0.19988884370451362,0.19989597676492465,0,2,20,7,INACTIVE,FURTHEST_REACHED_INDEX_LT_OFFSET_FROM_FURTHEST,4,11
393,2185,8,1.3992219059315953,21.452934265136719,2.0320165157318115,22.852155685424805,2.0327742099761963,0.19988250732649382,0.19988884370451362,0.19989597676492465,0,2,20,7,INACTIVE,FURTHEST_REACHED_INDEX_LT_OFFSET_FROM_FURTHEST,4,11
394,2185,8,1.3992219059315953,21.452934265136719,2.0320165157318115,22.852155685424805,2.0327742099761963,0.19988250732649382,0.19988884370451362,0.19989597676492465,0,2,20,7,INACTIVE,FURTHEST_REACHED_INDEX_LT_OFFSET_FROM_FURTHEST,4,11
395,2185,8,1.3992219059315953,21.452934265136719,2.0320165157318115,22.852155685424805,2.0327742099761963,0.19988250732649382,0.19988884370451362,0.19989597676492465,0,2,20,7,INACTIVE,FURTHEST_REACHED_INDEX_LT_OFFSET_FROM_FURTHEST,4,11
396,2185,8,1.3992219059315953,21.452934265136719,2.0320165157318115,22.852155685424805,2.0327742099761963,0.19988250732649382,0.19988884370451362,0.19989597676492465,0,2,20,7,INACTIVE,FURTHEST_REACHED_INDEX_LT_OFFSET_FROM_FURTHEST,4,11
397,2185,8,1.3992219059315953,21.452934265136719,2.0320165157318115,22.852155685424805,2.0327742099761963,0.19988250732649382,0.19988884370451362,0.19989597676492465,0,2,20,7,INACTIVE,FURTHEST_REACHED_INDEX_LT_OFFSET_FROM_FURTHEST,4,11
398,2185,8,1.3992219059315953,21.452934265136719,2.0320165157318115,22.852155685424805,2.0327742099761963,0.19988250732649382,0.19988884370451362,0.19989597676492465,0,2,20,7,INACTIVE,FURTHEST_REACHED_INDEX_LT_OFFSET_FROM_FURTHEST,4,11
399,2185,8,1.3992219059315953,21.452934265136719,2.0320165157318115,22.852155685424805,2.0327742099761963,0.19988250732649382,0.19988884370451362,0.19989597676492465,0,2,20,7,INACTIVE,FURTHEST_REACHED_INDEX_LT_OFFSET_FROM_FURTHEST,4,11
400,2185,8,1.3992219059315953,21.452934265136719,2.0320165157318115,22.852155685424805,2.0327742099761963,0.19988250732649382,0.19988884370451362,0.19989597676492465,0,2,20,7,INACTIVE,FURTHEST_REACHED_INDEX_LT_OFFSET_FROM_FURTHEST,4,11
401,2185,8,1.3992219059315953,21.452934265136719,2.0320165157318115,22.852155685424805,2.0327742099761963,0.19988250732649382,0.19988884370451362,0.19989597676492465,0,2,20,7,INACTIVE,FURTHEST_REACHED_INDEX_LT_OFFSET_FROM_FURTHEST,4,11
402,2185,8,1.3992219059315953,21.452934265136719,2.0320165157318115,22.852155685424805,2.0327742099761963,0.19988250732649382,0.19988884370451362,0.19989597676492465,0,2,20,7,INACTIVE,FURTHEST_REACHED_INDEX_LT_OFFSET_FROM_FURTHEST,4,11
403,2185,8,1.3992219059315953,21.452934265136719,2.0320165157318115,22.852155685424805,2.0327742099761963,0.19988250732649382,0.19988884370451362,0.19989597676492465,0,2,20,7,INACTIVE,FURTHEST_REACHED_INDEX_LT_OFFSET_FROM_FURTHEST,4,11
404,2185,8,1.3992219059315953,21.452934265136719,2.0320165157318115,22.852155685424805,2.0327742099761963,0.19988250732649382,0.19988884370451362,0.19989597676492465,0,2,20,7,INACTIVE,FURTHEST_REACHED_INDEX_LT_OFFSET_FROM_FURTHEST,4,11
405,2185,8,1.3992219059315953,21.452934265136719,2.0320165157318115,22.852155685424805,2.0327742099761963,0.19988250732649382,0.19988884370451362,0.19989597676492465,0,2,20,7,INACTIVE,FURTHEST_REACHED_INDEX_LT_OFFSET_FROM_FURTHEST,4,11
406,2185,8,1.3992219059315953,21.452934265136719,2.0320165157318115,22.852155685424805,2.0327742099761963,0.19988250732649382,0.19988884370451362,0.19989597676492465,0,2,20,7,INACTIVE,FURTHEST_REACHED_INDEX_LT_OFFSET_FROM_FURTHEST,4,11
407,2185,8,1.3992219059315953,21.452934265136719,2.0320165157318115,22.852155685424805,2.0327742099761963,0.19988250732649382,0.19988884370451362,0.19989597676492465,0,2,20,7,INACTIVE,FURTHEST_REACHED_INDEX_LT_OFFSET_FROM_FURTHEST,4,11
408,2185,8,1.3992150307001954,21.652822494506836,2.0320155620574951,23.052036285400391,2.0333232879638672,0.19988135414099223,0.19988786152859933,0.19989597676492465,0,1,20,7,INACTIVE,FURTHEST_REACHED_INDEX_LT_OFFSET_FROM_FURTHEST,5,12
409,2185,8,1.3992150307001954,21.652822494506836,2.0320155620574951,23.052036285400391,2.0333232879638672,0.19988135414099223,0.19988786152859933,0.19989597676492465,0,1,20,7,INACTIVE,FURTHEST_REACHED_INDEX_LT_OFFSET_FROM_FURTHEST,5,12
410,2185,8,1.3992150307001954,21.652822494506836,2.0320155620574951,23.052036285400391,2.0333232879638672,0.19988135414099223,0.19988786152859933,0.19989597676492465,0,1,20,7,INACTIVE,FURTHEST_REACHED_INDEX_LT_OFFSET_FROM_FURTHEST,5,12
411,2185,8,1.3992150307001954,21.652822494506836,2.0320155620574951,23.052036285400391,2.0333232879638672,0.19988135414099223,0.19988786152859933,0.19989597676492465,0,1,20,7,INACTIVE,FURTHEST_REACHED_INDEX_LT_OFFSET_FROM_FURTHEST,5,12
412,2185,8,1.3992150307001954,21.652822494506836,2.0320155620574951,23.052036285400391,2.0333232879638672,0.19988135414099223,0.19988786152859933,0.19989597676492465,0,1,20,7,INACTIVE,FURTHEST_REACHED_INDEX_LT_OFFSET_FROM_FURTHEST,5,12
413,2185,8,1.3992150307001954,21.652822494506836,2.0320155620574951,23.052036285400391,2.0333232879638672,0.19988135414099223,0.19988786152859933,0.19989597676492465,0,1,20,7,INACTIVE,FURTHEST_REACHED_INDEX_LT_OFFSET_FROM_FURTHEST,5,12
414,2185,8,1.3992150307001954,21.652822494506836,2.0320155620574951,23.052036285400391,2.0333232879638672,0.19988135414099223,0.19988786152859933,0.19989597676492465,0,1,20,7,INACTIVE,FURTHEST_REACHED_INDEX_LT_OFFSET_FROM_FURTHEST,5,12
415,2185,8,1.3992150307001954,21.652822494506836,2.0320155620574951,23.052036285400391,2.0333232879638672,0.19988135414099223,0.19988786152859933,0.19989597676492465,0,1,20,7,INACTIVE,FURTHEST_REACHED_INDEX_LT_OFFSET_FROM_FURTHEST,5,12
416,2185,8,1.3992150307001954,21.652822494506836,2.0320155620574951,23.052036285400391,2.0333232879638672,0.19988135414099223,0.19988786152859933,0.19989597676492465,0,1,20,7,INACTIVE,FURTHEST_REACHED_INDEX_LT_OFFSET_FROM_FURTHEST,5,12
417,2185,8,1.3992150307001954,21.652822494506836,2.0320155620574951,23.052036285400391,2.0333232879638672,0.19988135414099223,0.19988786152859933,0.19989597676492465,0,1,20,7,INACTIVE,FURTHEST_REACHED_INDEX_LT_OFFSET_FROM_FURTHEST,5,12
418,2185,8,1.3992150307001954,21.652822494506836,2.0320155620574951,23.052036285400391,2.0333232879638672,0.19988135414099223,0.19988786152859933,0.19989597676492465,0,1,20,7,INACTIVE,FURTHEST_REACHED_INDEX_LT_OFFSET_FROM_FURTHEST,5,12
419,2185,8,1.3992150307001954,21.652822494506836,2.0320155620574951,23.052036285400391,2.0333232879638672,0.19988135414099223,0.19988786152859933,0.19989597676492465,0,1,20,7,INACTIVE,FURTHEST_REACHED_INDEX_LT_OFFSET_FROM_FURTHEST,5,12
420,2185,8,1.3992150307001954,21.652822494506836,2.0320155620574951,23.052036285400391,2.0333232879638672,0.19988135414099223,0.19988786152859933,0.19989597676492465,0,1,20,7,INACTIVE,FURTHEST_REACHED_INDEX_LT_OFFSET_FROM_FURTHEST,5,12
421,2185,8,1.3992150307001954,21.652822494506836,2.0320155620574951,23.052036285400391,2.0333232879638672,0.19988135414099223,0.19988786152859933,0.19989597676492465,0,1,20,7,INACTIVE,FURTHEST_REACHED_INDEX_LT_OFFSET_FROM_FURTHEST,5,12
422,2185,8,1.3992150307001954,21.652822494506836,2.0320155620574951,23.052036285400391,2.0333232879638672,0.19988135414099223,0.19988786152859933,0.19989597676492465,0,1,20,7,INACTIVE,FURTHEST_REACHED_INDEX_LT_OFFSET_FROM_FURTHEST,5,12
423,2185,8,1.3992150307001954,21.652822494506836,2.0320155620574951,23.052036285400391,2.0333232879638672,0.19988135414099223,0.19988786152859933,0.19989597676492465,0,1,20,7,INACTIVE,FURTHEST_REACHED_INDEX_LT_OFFSET_FROM_FURTHEST,5,12
424,2185,8,1.3992150307001954,21.652822494506836,2.0320155620574951,23.052036285400391,2.0333232879638672,0.19988135414099223,0.19988786152859933,0.19989597676492465,0,1,20,7,INACTIVE,FURTHEST_REACHED_INDEX_LT_OFFSET_FROM_FURTHEST,5,12
425,2185,8,1.3992150307001954,21.652822494506836,2.0320155620574951,23.052036285400391,2.0333232879638672,0.19988135414099223,0.19988786152859933,0.19989597676492465,0,1,20,7,INACTIVE,FURTHEST_REACHED_INDEX_LT_OFFSET_FROM_FURTHEST,5,12
426,2185,8,1.3992150307001954,21.652822494506836,2.0320155620574951,23.052036285400391,2.0333232879638672,0.19988135414099223,0.19988786152859933,0.19989597676492465,0,1,20,7,INACTIVE,FURTHEST_REACHED_INDEX_LT_OFFSET_FROM_FURTHEST,5,12
427,2185,8,1.3992150307001954,21.652822494506836,2.0320155620574951,23.052036285400391,2.0333232879638672,0.19988135414099223,0.19988786152859933,0.19989597676492465,0,1,20,7,INACTIVE,FURTHEST_REACHED_INDEX_LT_OFFSET_FROM_FURTHEST,5,12
428,2185,8,1.3992150307001954,21.652822494506836,2.0320155620574951,23.052036285400391,2.0333232879638672,0.19988135414099223,0.19988786152859933,0.19989597676492465,0,1,20,7,INACTIVE,FURTHEST_REACHED_INDEX_LT_OFFSET_FROM_FURTHEST,5,12
429,2185,8,1.3992150307001954,21.652822494506836,2.0320155620574951,23.052036285400391,2.0333232879638672,0.19988135414099223,0.19988786152859933,0.19989597676492465,0,1,20,7,INACTIVE,FURTHEST_REACHED_INDEX_LT_OFFSET_FROM_FURTHEST,5,12
430,2185,8,1.3992150307001954,21.652822494506836,2.0320155620574951,23.052036285400391,2.0333232879638672,0.19988135414099223,0.19988786152859933,0.19989597676492465,0,1,20,7,INACTIVE,FURTHEST_REACHED_INDEX_LT_OFFSET_FROM_FURTHEST,5,12
431,2185,8,1.3992150307001954,21.652822494506836,2.0320155620574951,23.052036285400391,2.0333232879638672,0.19988135414099223,0.19988786152859933,0.19989597676492465,0,1,20,7,INACTIVE,FURTHEST_REACHED_INDEX_LT_OFFSET_FROM_FURTHEST,5,12
432,2185,8,1.3992150307001954,21.652822494506836,2.0320155620574951,23.052036285400391,2.0333232879638672,0.19988135414099223,0.19988786152859933,0.19989597676492465,0,1,20,7,INACTIVE,FURTHEST_REACHED_INDEX_LT_OFFSET_FROM_FURTHEST,5,12
433,2185,8,1.3992150307001954,21.652822494506836,2.0320155620574951,23.052036285400391,2.0333232879638672,0.19988135414099223,0.19988786152859933,0.19989597676492465,0,1,20,7,INACTIVE,FURTHEST_REACHED_INDEX_LT_OFFSET_FROM_FURTHEST,5,12
434,2185,8,1.3992150307001954,21.652822494506836,2.0320155620574951,23.052036285400391,2.0333232879638672,0.19988135414099223,0.19988786152859933,0.19989597676492465,0,1,20,7,INACTIVE,FURTHEST_REACHED_INDEX_LT_OFFSET_FROM_FURTHEST,5,12
435,2185,8,1.3992150307001954,21.652822494506836,2.0320155620574951,23.052036285400391,2.0333232879638672,0.19988135414099223,0.19988786152859933,0.19989597676492465,0,1,20,7,INACTIVE,FURTHEST_REACHED_INDEX_LT_OFFSET_FROM_FURTHEST,5,12
436,2185,8,1.3992150307001954,21.652822494506836,2.0320155620574951,23.052036285400391,2.0333232879638672,0.19988135414099223,0.19988786152859933,0.19989597676492465,0,1,20,7,INACTIVE,FURTHEST_REACHED_INDEX_LT_OFFSET_FROM_FURTHEST,5,12
437,2185,8,1.3992150307001954,21.652822494506836,2.0320155620574951,23.052036285400391,2.0333232879638672,0.19988135414099223,0.19988786152859933,0.19989597676492465,0,1,20,7,INACTIVE,FURTHEST_REACHED_INDEX_LT_OFFSET_FROM_FURTHEST,5,12
438,2185,8,1.3992150307001954,21.652822494506836,2.0320155620574951,23.052036285400391,2.0333232879638672,0.19988135414099223,0.19988786152859933,0.19989597676492465,0,1,20,7,INACTIVE,FURTHEST_REACHED_INDEX_LT_OFFSET_FROM_FURTHEST,5,12
439,2185,8,1.3992150307001954,21.652822494506836,2.0320155620574951,23.052036285400391,2.0333232879638672,0.19988135414099223,0.19988786152859933,0.19989597676492465,0,1,20,7,INACTIVE,FURTHEST_REACHED_INDEX_LT_OFFSET_FROM_FURTHEST,5,12
440,2185,8,1.3992150307001954,21.652822494506836,2.0320155620574951,23.052036285400391,2.0333232879638672,0.19988135414099223,0.19988786152859933,0.19989597676492465,0,1,20,7,INACTIVE,FURTHEST_REACHED_INDEX_LT_OFFSET_FROM_FURTHEST,5,12
441,2185,8,1.3992150307001954,21.652822494506836,2.0320155620574951,23.052036285400391,2.0333232879638672,0.19988135414099223,0.19988786152859933,0.19989597676492465,0,1,20,7,INACTIVE,FURTHEST_REACHED_INDEX_LT_OFFSET_FROM_FURTHEST,5,12
442,2185,8,1.3992150307001954,21.652822494506836,2.0320155620574951,23.052036285400391,2.0333232879638672,0.19988135414099223,0.19988786152859933,0.19989597676492465,0,1,20,7,INACTIVE,FURTHEST_REACHED_INDEX_LT_OFFSET_FROM_FURTHEST,5,12
443,2185,8,1.3992150307001954,21.652822494506836,2.0320155620574951,23.052036285400391,2.0333232879638672,0.19988135414099223,0.19988786152859933,0.19989597676492465,0,1,20,7,INACTIVE,FURTHEST_REACHED_INDEX_LT_OFFSET_FROM_FURTHEST,5,12
444,2185,8,1.3992150307001954,21.652822494506836,2.0320155620574951,23.052036285400391,2.0333232879638672,0.19988135414099223,0.19988786152859933,0.19989597676492465,0,1,20,7,INACTIVE,FURTHEST_REACHED_INDEX_LT_OFFSET_FROM_FURTHEST,5,12
445,2185,8,1.3992150307001954,21.652822494506836,2.0320155620574951,23.052036285400391,2.0333232879638672,0.19988135414099223,0.19988786152859933,0.19989597676492465,0,1,20,7,INACTIVE,FURTHEST_REACHED_INDEX_LT_OFFSET_FROM_FURTHEST,5,12
446,2185,8,1.3992150307001954,21.652822494506836,2.0320155620574951,23.052036285400391,2.0333232879638672,0.19988135414099223,0.19988786152859933,0.19989597676492465,0,1,20,7,INACTIVE,FURTHEST_REACHED_INDEX_LT_OFFSET_FROM_FURTHEST,5,12
447,2185,8,1.3992150307001954,21.652822494506836,2.0320155620574951,23.052036285400391,2.0333232879638672,0.19988135414099223,0.19988786152859933,0.19989597676492465,0,1,20,7,INACTIVE,FURTHEST_REACHED_INDEX_LT_OFFSET_FROM_FURTHEST,5,12
448,2185,8,1.3992150307001954,21.652822494506836,2.0320155620574951,23.052036285400391,2.0333232879638672,0.19988135414099223,0.19988786152859933,0.19989597676492465,0,1,20,7,INACTIVE,FURTHEST_REACHED_INDEX_LT_OFFSET_FROM_FURTHEST,5,12
449,2185,8,1.3992150307001954,21.652822494506836,2.0320155620574951,23.052036285400391,2.0333232879638672,0.19988135414099223,0.19988786152859933,0.19989597676492465,0,1,20,7,INACTIVE,FURTHEST_REACHED_INDEX_LT_OFFSET_FROM_FURTHEST,5,12
450,2185,8,1.3992150307001954,21.652822494506836,2.0320155620574951,23.052036285400391,2.0333232879638672,0.19988135414099223,0.19988786152859933,0.19989597676492465,0,1,20,7,INACTIVE,FURTHEST_REACHED_INDEX_LT_OFFSET_FROM_FURTHEST,5,12
451,2185,8,1.3992150307001954,21.652822494506836,2.0320155620574951,23.052036285400391,2.0333232879638672,0.19988135414099223,0.19988786152859933,0.19989597676492465,0,2,20,7,INACTIVE,FURTHEST_REACHED_INDEX_LT_OFFSET_FROM_FURTHEST,5,12
452,2185,8,1.3992150307001954,21.652822494506836,2.0320155620574951,23.052036285400391,2.0333232879638672,0.19988135414099223,0.19988786152859933,0.19989597676492465,0,2,20,7,INACTIVE,FURTHEST_REACHED_INDEX_LT_OFFSET_FROM_FURTHEST,5,12
453,2185,8,1.3992150307001954,21.652822494506836,2.0320155620574951,23.052036285400391,2.0333232879638672,0.19988135414099223,0.19988786152859933,0.19989597676492465,0,2,20,7,INACTIVE,FURTHEST_REACHED_INDEX_LT_OFFSET_FROM_FURTHEST,5,12
454,2185,8,1.3992150307001954,21.652822494506836,2.0320155620574951,23.052036285400391,2.0333232879638672,0.19988135414099223,0.19988786152859933,0.19989597676492465,0,2,20,7,INACTIVE,FURTHEST_REACHED_INDEX_LT_OFFSET_FROM_FURTHEST,5,12
455,2185,8,1.3992150307001954,21.652822494506836,2.0320155620574951,23.052036285400391,2.0333232879638672,0.19988135414099223,0.19988786152859933,0.19989597676492465,0,2,20,7,INACTIVE,FURTHEST_REACHED_INDEX_LT_OFFSET_FROM_FURTHEST,5,12
456,2185,8,1.3992150307001954,21.652822494506836,2.0320155620574951,23.052036285400391,2.0333232879638672,0.19988135414099223,0.19988786152859933,0.19989597676492465,0,2,20,7,INACTIVE,FURTHEST_REACHED_INDEX_LT_OFFSET_FROM_FURTHEST,5,12
457,2185,8,1.3992150307001954,21.652822494506836,2.0320155620574951,23.052036285400391,2.0333232879638672,0.19988135414099223,0.19988786152859933,0.19989597676492465,0,2,20,7,INACTIVE,FURTHEST_REACHED_INDEX_LT_OFFSET_FROM_FURTHEST,5,12
458,2185,8,1.3992150307001954,21.652822494506836,2.0320155620574951,23.052036285400391,2.0333232879638672,0.19988135414099223,0.19988786152859933,0.19989597676492465,0,2,20,7,INACTIVE,FURTHEST_REACHED_INDEX_LT_OFFSET_FROM_FURTHEST,5,12
459,2185,8,1.3992150307001954,21.652822494506836,2.0320155620574951,23.052036285400391,2.0333232879638672,0.19988135414099223,0.19988786152859933,0.19989597676492465,0,2,20,7,INACTIVE,FURTHEST_REACHED_INDEX_LT_OFFSET_FROM_FURTHEST,5,12
460,2185,8,1.3992150307001954,21.652822494506836,2.0320155620574951,23.052036285400391,2.0333232879638672,0.19988135414099223,0.19988786152859933,0.19989597676492465,0,2,20,7,INACTIVE,FURTHEST_REACHED_INDEX_LT_OFFSET_FROM_FURTHEST,5,12
461,2185,8,1.3992150307001954,21.652822494506836,2.0320155620574951,23.052036285400391,2.0333232879638672,0.19988135414099223,0.19988786152859933,0.19989597676492465,0,2,20,7,INACTIVE,FURTHEST_REACHED_INDEX_LT_OFFSET_FROM_FURTHEST,5,12
462,2185,8,1.3992150307001954,21.652822494506836,2.0320155620574951,23.052036285400391,2.0333232879638672,0.19988135414099223,0.19988786152859933,0.19989597676492465,0,2,20,7,INACTIVE,FURTHEST_REACHED_INDEX_LT_OFFSET_FROM_FURTHEST,5,12
463,2185,8,1.3992150307001954,21.652822494506836,2.0320155620574951,23.052036285400391,2.0333232879638672,0.19988135414099223,0.19988786152859933,0.19989597676492465,0,2,20,7,INACTIVE,FURTHEST_REACHED_INDEX_LT_OFFSET_FROM_FURTHEST,5,12
464,2185,8,1.3992150307001954,21.652822494506836,2.0320155620574951,23.052036285400391,2.0333232879638672,0.19988135414099223,0.19988786152859933,0.19989597676492465,0,2,20,7,INACTIVE,FURTHEST_REACHED_INDEX_LT_OFFSET_FROM_FURTHEST,5,12
465,2185,8,1.3992150307001954,21.652822494506836,2.0320155620574951,23.052036285400391,2.0333232879638672,0.19988135414099223,0.19988786152859933,0.19989597676492465,0,2,20,7,INACTIVE,FURTHEST_REACHED_INDEX_LT_OFFSET_FROM_FURTHEST,5,12
466,2185,8,1.3992150307001954,21.652822494506836,2.0320155620574951,23.052036285400391,2.0333232879638672,0.19988135414099223,0.19988786152859933,0.19989597676492465,0,2,20,7,INACTIVE,FURTHEST_REACHED_INDEX_LT_OFFSET_FROM_FURTHEST,5,12
467,2185,8,1.3992150307001954,21.652822494506836,2.0320155620574951,23.052036285400391,2.0333232879638672,0.19988135414099223,0.19988786152859933,0.19989597676492465,0,2,20,7,INACTIVE,FURTHEST_REACHED_INDEX_LT_OFFSET_FROM_FURTHEST,5,12
468,2185,8,1.3992150307001954,21.652822494506836,2.0320155620574951,23.052036285400391,2.0333232879638672,0.19988135414099223,0.19988786152859933,0.19989597676492465,0,2,20,7,INACTIVE,FURTHEST_REACHED_INDEX_LT_OFFSET_FROM_FURTHEST,5,12
469,2185,8,1.3992150307001954,21.652822494506836,2.0320155620574951,23.052036285400391,2.0333232879638672,0.19988135414099223,0.19988786152859933,0.19989597676492465,0,2,20,7,INACTIVE,FURTHEST_REACHED_INDEX_LT_OFFSET_FROM_FURTHEST,5,12
470,2185,8,1.3992150307001954,21.652822494506836,2.0320155620574951,23.052036285400391,2.0333232879638672,0.19988135414099223,0.19988786152859933,0.19989597676492465,0,2,20,7,INACTIVE,FURTHEST_REACHED_INDEX_LT_OFFSET_FROM_FURTHEST,5,12
471,2185,8,1.3992150307001954,21.652822494506836,2.0320155620574951,23.052036285400391,2.0333232879638672,0.19988135414099223,0.19988786152859933,0.19989597676492465,0,2,20,7,INACTIVE,FURTHEST_REACHED_INDEX_LT_OFFSET_FROM_FURTHEST,5,12
472,2185,8,1.3992150307001954,21.652822494506836,2.0320155620574951,23.052036285400391,2.0333232879638672,0.19988135414099223,0.19988786152859933,0.19989597676492465,0,2,20,7,INACTIVE,FURTHEST_REACHED_INDEX_LT_OFFSET_FROM_FURTHEST,5,12
473,2185,8,1.3992150307001954,21.652822494506836,2.0320155620574951,23.052036285400391,2.0333232879638672,0.19988135414099223,0.19988786152859933,0.19989597676492465,0,2,20,7,INACTIVE,FURTHEST_REACHED_INDEX_LT_OFFSET_FROM_FURTHEST,5,12
474,2185,8,1.3992150307001954,21.652822494506836,2.0320155620574951,23.052036285400391,2.0333232879638672,0.19988135414099223,0.19988786152859933,0.19989597676492465,0,2,20,7,INACTIVE,FURTHEST_REACHED_INDEX_LT_OFFSET_FROM_FURTHEST,5,12
475,2185,8,1.3992150307001954,21.652822494506836,2.0320155620574951,23.052036285400391,2.0333232879638672,0.19988135414099223,0.19988786152859933,0.19989597676492465,0,2,20,7,INACTIVE,FURTHEST_REACHED_INDEX_LT_OFFSET_FROM_FURTHEST,5,12
476,2185,8,1.3992150307001954,21.652822494506836,2.0320155620574951,23.052036285400391,2.0333232879638672,0.19988135414099223,0.19988786152859933,0.19989597676492465,0,2,20,7,INACTIVE,FURTHEST_REACHED_INDEX_LT_OFFSET_FROM_FURTHEST,5,12
477,2185,8,1.3992150307001954,21.652822494506836,2.0320155620574951,23.052036285400391,2.0333232879638672,0.19988135414099223,0.19988786152859933,0.19989597676492465,0,2,20,7,INACTIVE,FURTHEST_REACHED_INDEX_LT_OFFSET_FROM_FURTHEST,5,12
478,2185,8,1.3992150307001954,21.652822494506836,2.0320155620574951,23.052036285400391,2.0333232879638672,0.19988135414099223,0.19988786152859933,0.19989597676492465,0,2,20,7,INACTIVE,FURTHEST_REACHED_INDEX_LT_OFFSET_FROM_FURTHEST,5,12
479,2185,8,1.3992150307001954,21.652822494506836,2.0320155620574951,23.052036285400391,2.0333232879638672,0.19988135414099223,0.19988786152859933,0.19989597676492465,0,2,20,7,INACTIVE,FURTHEST_REACHED_INDEX_LT_OFFSET_FROM_FURTHEST,5,12
480,2185,8,1.3992150307001954,21.652822494506836,2.0320155620574951,23.052036285400391,2.0333232879638672,0.19988135414099223,0.19988786152859933,0.19989597676492465,0,2,20,7,INACTIVE,FURTHEST_REACHED_INDEX_LT_OFFSET_FROM_FURTHEST,5,12
481,2185,8,1.3992150307001954,21.652822494506836,2.0320155620574951,23.052036285400391,2.0333232879638672,0.19988135414099223,0.19988786152859933,0.19989597676492465,0,2,20,7,INACTIVE,FURTHEST_REACHED_INDEX_LT_OFFSET_FROM_FURTHEST,5,12
482,2185,8,1.3992150307001954,21.652822494506836,2.0320155620574951,23.052036285400391,2.0333232879638672,0.19988135414099223,0.19988786152859933,0.19989597676492465,0,2,20,7,INACTIVE,FURTHEST_REACHED_INDEX_LT_OFFSET_FROM_FURTHEST,5,12
483,2185,8,1.3992150307001954,21.652822494506836,2.0320155620574951,23.052036285400391,2.0333232879638672,0.19988135414099223,0.19988786152859933,0.19989597676492465,0,2,20,7,INACTIVE,FURTHEST_REACHED_INDEX_LT_OFFSET_FROM_FURTHEST,5,12
484,2185,8,1.3992150307001954,21.652822494506836,2.0320155620574951,23.052036285400391,2.0333232879638672,0.19988135414099223,0.19988786152859933,0.19989597676492465,0,2,20,7,INACTIVE,FURTHEST_REACHED_INDEX_LT_OFFSET_FROM_FURTHEST,5,12
485,2185,8,1.3992150307001954,21.652822494506836,2.0320155620574951,23.052036285400391,2.0333232879638672,0.19988135414099223,0.19988786152859933,0.19989597676492465,0,2,20,7,INACTIVE,FURTHEST_REACHED_INDEX_LT_OFFSET_FROM_FURTHEST,5,12
486,2185,8,1.3992150307001954,21.652822494506836,2.0320155620574951,23.052036285400391,2.0333232879638672,0.19988135414099223,0.19988786152859933,0.19989597676492465,0,2,20,7,INACTIVE,FURTHEST_REACHED_INDEX_LT_OFFSET_FROM_FURTHEST,5,12
487,2185,8,1.3992150307001954,21.652822494506836,2.0320155620574951,23.052036285400391,2.0333232879638672,0.19988135414099223,0.19988786152859933,0.19989597676492465,0,2,20,7,INACTIVE,FURTHEST_REACHED_INDEX_LT_OFFSET_FROM_FURTHEST,5,12
488,2185,8,1.3992150307001954,21.652822494506836,2.0320155620574951,23.052036285400391,2.0333232879638672,0.19988135414099223,0.19988786152859933,0.19989597676492465,0,2,20,7,INACTIVE,FURTHEST_REACHED_INDEX_LT_OFFSET_FROM_FURTHEST,5,12
489,2185,8,1.3992337069338197,21.852705001831055,2.0320165157318115,23.251935958862305,2.0341002941131592,0.19988135414099223,0.19989052956197423,0.1999011835601178,0,1,20,7,INACTIVE,FURTHEST_REACHED_INDEX_LT_OFFSET_FROM_FURTHEST,6,13
490,2185,8,1.3992337069338197,21.852705001831055,2.0320165157318115,23.251935958862305,2.0341002941131592,0.19988135414099223,0.19989052956197423,0.1999011835601178,0,1,20,7,INACTIVE,FURTHEST_REACHED_INDEX_LT_OFFSET_FROM_FURTHEST,6,13
491,2185,8,1.3992337069338197,21.852705001831055,2.0320165157318115,23.251935958862305,2.0341002941131592,0.19988135414099223,0.19989052956197423,0.1999011835601178,0,1,20,7,INACTIVE,FURTHEST_REACHED_INDEX_LT_OFFSET_FROM_FURTHEST,6,13
492,2185,8,1.3992337069338197,21.852705001831055,2.0320165157318115,23.251935958862305,2.0341002941131592,0.19988135414099223,0.19989052956197423,0.1999011835601178,0,1,20,7,INACTIVE,FURTHEST_REACHED_INDEX_LT_OFFSET_FROM_FURTHEST,6,13
493,2185,8,1.3992337069338197,21.852705001831055,2.0320165157318115,23.251935958862305,2.0341002941131592,0.19988135414099223,0.19989052956197423,0.1999011835601178,0,1,20,7,INACTIVE,FURTHEST_REACHED_INDEX_LT_OFFSET_FROM_FURTHEST,6,13
494,2185,8,1.3992337069338197,21.852705001831055,2.0320165157318115,23.251935958862305,2.0341002941131592,0.19988135414099223,0.19989052956197423,0.1999011835601178,0,1,20,7,INACTIVE,FURTHEST_REACHED_INDEX_LT_OFFSET_FROM_FURTHEST,6,13
495,2185,8,1.3992337069338197,21.852705001831055,2.0320165157318115,23.251935958862305,2.0341002941131592,0.19988135414099223,0.19989052956197423,0.1999011835601178,0,1,20,7,INACTIVE,FURTHEST_REACHED_INDEX_LT_OFFSET_FROM_FURTHEST,6,13
496,2185,8,1.3992337069338197,21.852705001831055,2.0320165157318115,23.251935958862305,2.0341002941131592,0.19988135414099223,0.19989052956197423,0.1999011835601178,0,1,20,7,INACTIVE,FURTHEST_REACHED_INDEX_LT_OFFSET_FROM_FURTHEST,6,13
497,2185,8,1.3992337069338197,21.852705001831055,2.0320165157318115,23.251935958862305,2.0341002941131592,0.19988135414099223,0.19989052956197423,0.1999011835601178,0,1,20,7,INACTIVE,FURTHEST_REACHED_INDEX_LT_OFFSET_FROM_FURTHEST,6,13
498,2185,8,1.3992337069338197,21.852705001831055,2.0320165157318115,23.251935958862305,2.0341002941131592,0.19988135414099223,0.19989052956197423,0.1999011835601178,0,1,20,7,INACTIVE,FURTHEST_REACHED_INDEX_LT_OFFSET_FROM_FURTHEST,6,13
499,2185,8,1.3992337069338197,21.852705001831055,2.0320165157318115,23.251935958862305,2.0341002941131592,0.19988135414099223,0.19989052956197423,0.1999011835601178,0,1,20,7,INACTIVE,FURTHEST_REACHED_INDEX_LT_OFFSET_FROM_FURTHEST,6,13
500,2185,8,1.3992337069338197,21.852705001831055,2.0320165157318115,23.251935958862305,2.0341002941131592,0.19988135414099223,0.19989052956197423,0.1999011835601178,0,1,20,7,INACTIVE,FURTHEST_REACHED_INDEX_LT_OFFSET_FROM_FURTHEST,6,13
501,2185,8,1.3992337069338197,21.852705001831055,2.0320165157318115,23.251935958862305,2.0341002941131592,0.19988135414099223,0.19989052956197423,0.1999011835601178,0,1,20,7,INACTIVE,FURTHEST_REACHED_INDEX_LT_OFFSET_FROM_FURTHEST,6,13
502,2185,8,1.3992337069338197,21.852705001831055,2.0320165157318115,23.251935958862305,2.0341002941131592,0.19988135414099223,0.19989052956197423,0.1999011835601178,0,1,20,7,INACTIVE,FURTHEST_REACHED_INDEX_LT_OFFSET_FROM_FURTHEST,6,13
503,2185,8,1.3992337069338197,21.852705001831055,2.0320165157318115,23.251935958862305,2.0341002941131592,0.19988135414099223,0.19989052956197423,0.1999011835601178,0,1,20,7,INACTIVE,FURTHEST_REACHED_INDEX_LT_OFFSET_FROM_FURTHEST,6,13
504,2185,8,1.3992337069338197,21.852705001831055,2.0320165157318115,23.251935958862305,2.0341002941131592,0.19988135414099223,0.19989052956197423,0.1999011835601178,0,1,20,7,INACTIVE,FURTHEST_REACHED_INDEX_LT_OFFSET_FROM_FURTHEST,6,13
505,2185,8,1.3992337069338197,21.852705001831055,2.0320165157318115,23.251935958862305,2.0341002941131592,0.19988135414099223,0.19989052956197423,0.1999011835601178,0,1,20,7,INACTIVE,FURTHEST_REACHED_INDEX_LT_OFFSET_FROM_FURTHEST,6,13
506,2185,8,1.3992337069338197,21.852705001831055,2.0320165157318115,23.251935958862305,2.0341002941131592,0.19988135414099223,0.19989052956197423,0.1999011835601178,0,1,20,7,INACTIVE,FURTHEST_REACHED_INDEX_LT_OFFSET_FROM_FURTHEST,6,13
507,2185,8,1.3992337069338197,21.852705001831055,2.0320165157318115,23.251935958862305,2.0341002941131592,0.19988135414099223,0.19989052956197423,0.1999011835601178,0,1,20,7,INACTIVE,FURTHEST_REACHED_INDEX_LT_OFFSET_FROM_FURTHEST,6,13
508,2185,8,1.3992337069338197,21.852705001831055,2.0320165157318115,23.251935958862305,2.0341002941131592,0.19988135414099223,0.19989052956197423,0.1999011835601178,0,1,20,7,INACTIVE,FURTHEST_REACHED_INDEX_LT_OFFSET_FROM_FURTHEST,6,13
509,2185,8,1.3992337069338197,21.852705001831055,2.0320165157318115,23.251935958862305,2.0341002941131592,0.19988135414099223,0.19989052956197423,0.1999011835601178,0,1,20,7,INACTIVE,FURTHEST_REACHED_INDEX_LT_OFFSET_FROM_FURTHEST,6,13
510,2185,8,1.3992337069338197,21.852705001831055,2.0320165157318115,23.251935958862305,2.0341002941131592,0.19988135414099223,0.19989052956197423,0.1999011835601178,0,1,20,7,INACTIVE,FURTHEST_REACHED_INDEX_LT_OFFSET_FROM_FURTHEST,6,13
511,2185,8,1.3992337069338197,21.852705001831055,2.0320165157318115,23.251935958862305,2.0341002941131592,0.19988135414099223,0.19989052956197423,0.1999011835601178,0,1,20,7,INACTIVE,FURTHEST_REACHED_INDEX_LT_OFFSET_FROM_FURTHEST,6,13
512,2185,8,1.3992337069338197,21.852705001831055,2.0320165157318115,23.251935958862305,2.0341002941131592,0.19988135414099223,0.19989052956197423,0.1999011835601178,0,1,20,7,INACTIVE,FURTHEST_REACHED_INDEX_LT_OFFSET_FROM_FURTHEST,6,13
513,2185,8,1.3992337069338197,21.852705001831055,2.0320165157318115,23.251935958862305,2.0341002941131592,0.19988135414099223,0.19989052956197423,0.1999011835601178,0,1,20,7,INACTIVE,FURTHEST_REACHED_INDEX_LT_OFFSET_FROM_FURTHEST,6,13
514,2185,8,1.3992337069338197,21.852705001831055,2.0320165157318115,23.251935958862305,2.0341002941131592,0.19988135414099223,0.19989052956197423,0.1999011835601178,0,1,20,7,INACTIVE,FURTHEST_REACHED_INDEX_LT_OFFSET_FROM_FURTHEST,6,13
515,2185,8,1.3992337069338197,21.852705001831055,2.0320165157318115,23.251935958862305,2.0341002941131592,0.19988135414099223,0.19989052956197423,0.1999011835601178,0,1,20,7,INACTIVE,FURTHEST_REACHED_INDEX_LT_OFFSET_FROM_FURTHEST,6,13
516,2185,8,1.3992337069338197,21.852705001831055,2.0320165157318115,23.251935958862305,2.0341002941131592,0.19988135414099223,0.19989052956197423,0.1999011835601178,0,1,20,7,INACTIVE,FURTHEST_REACHED_INDEX_LT_OFFSET_FROM_FURTHEST,6,13
517,2185,8,1.3992337069338197,21.852705001831055,2.0320165157318115,23.251935958862305,2.0341002941131592,0.19988135414099223,0.19989052956197423,0.1999011835601178,0,1,20,7,INACTIVE,FURTHEST_REACHED_INDEX_LT_OFFSET_FROM_FURTHEST,6,13
518,2185,8,1.3992337069338197,21.852705001831055,2.0320165157318115,23.251935958862305,2.0341002941131592,0.19988135414099223,0.19989052956197423,0.1999011835601178,0,1,20,7,INACTIVE,FURTHEST_REACHED_INDEX_LT_OFFSET_FROM_FURTHEST,6,13
519,2185,8,1.3992337069338197,21.852705001831055,2.0320165157318115,23.251935958862305,2.0341002941131592,0.19988135414099223,0.19989052956197423,0.1999011835601178,0,1,20,7,INACTIVE,FURTHEST_REACHED_INDEX_LT_OFFSET_FROM_FURTHEST,6,13
520,2185,8,1.3992337069338197,21.852705001831055,2.0320165157318115,23.251935958862305,2.0341002941131592,0.19988135414099223,0.19989052956197423,0.1999011835601178,0,1,20,7,INACTIVE,FURTHEST_REACHED_INDEX_LT_OFFSET_FROM_FURTHEST,6,13
521,2185,8,1.3992337069338197,21.852705001831055,2.0320165157318115,23.251935958862305,2.0341002941131592,0.19988135414099223,0.19989052956197423,0.1999011835601178,0,1,20,7,INACTIVE,FURTHEST_REACHED_INDEX_LT_OFFSET_FROM_FURTHEST,6,13
522,2185,8,1.3992337069338197,21.852705001831055,2.0320165157318115,23.251935958862305,2.0341002941131592,0.19988135414099223,0.19989052956197423,0.1999011835601178,0,1,20,7,INACTIVE,FURTHEST_REACHED_INDEX_LT_OFFSET_FROM_FURTHEST,6,13
523,2185,8,1.3992337069338197,21.852705001831055,2.0320165157318115,23.251935958862305,2.0341002941131592,0.19988135414099223,0.19989052956197423,0.1999011835601178,0,1,20,7,INACTIVE,FURTHEST_REACHED_INDEX_LT_OFFSET_FROM_FURTHEST,6,13
524,2185,8,1.3992337069338197,21.852705001831055,2.0320165157318115,23.251935958862305,2.0341002941131592,0.19988135414099223,0.19989052956197423,0.1999011835601178,0,1,20,7,INACTIVE,FURTHEST_REACHED_INDEX_LT_OFFSET_FROM_FURTHEST,6,13
525,2185,8,1.3992337069338197,21.852705001831055,2.0320165157318115,23.251935958862305,2.0341002941131592,0.19988135414099223,0.19989052956197423,0.1999011835601178,0,1,20,7,INACTIVE,FURTHEST_REACHED_INDEX_LT_OFFSET_FROM_FURTHEST,6,13
526,2185,8,1.3992337069338197,21.852705001831055,2.0320165157318115,23.251935958862305,2.0341002941131592,0.19988135414099223,0.19989052956197423,0.1999011835601178,0,1,20,7,INACTIVE,FURTHEST_REACHED_INDEX_LT_OFFSET_FROM_FURTHEST,6,13
527,2185,8,1.3992337069338197,21.852705001831055,2.0320165157318115,23.251935958862305,2.0341002941131592,0.19988135414099223,0.19989052956197423,0.1999011835601178,0,1,20,7,INACTIVE,FURTHEST_REACHED_INDEX_LT_OFFSET_FROM_FURTHEST,6,13
528,2185,8,1.3992337069338197,21.852705001831055,2.0320165157318115,23.251935958862305,2.0341002941131592,0.19988135414099223,0.19989052956197423,0.1999011835601178,0,1,20,7,INACTIVE,FURTHEST_REACHED_INDEX_LT_OFFSET_FROM_FURTHEST,6,13
529,2185,8,1.3992337069338197,21.852705001831055,2.0320165157318115,23.251935958862305,2.0341002941131592,0.19988135414099223,0.19989052956197423,0.1999011835601178,0,1,20,7,INACTIVE,FURTHEST_REACHED_INDEX_LT_OFFSET_FROM_FURTHEST,6,13
530,2185,8,1.3992337069338197,21.852705001831055,2.0320165157318115,23.251935958862305,2.0341002941131592,0.19988135414099223,0.19989052956197423,0.1999011835601178,0,1,20,7,INACTIVE,FURTHEST_REACHED_INDEX_LT_OFFSET_FROM_FURTHEST,6,13
531,2185,8,1.3992337069338197,21.852705001831055,2.0320165157318115,23.251935958862305,2.0341002941131592,0.19988135414099223,0.19989052956197423,0.1999011835601178,0,1,20,7,INACTIVE,FURTHEST_REACHED_INDEX_LT_OFFSET_FROM_FURTHEST,6,13
532,2185,8,1.3992337069338197,21.852705001831055,2.0320165157318115,23.251935958862305,2.0341002941131592,0.19988135414099223,0.19989052956197423,0.1999011835601178,0,2,20,7,INACTIVE,FURTHEST_REACHED_INDEX_LT_OFFSET_FROM_FURTHEST,6,13
533,2185,8,1.3992337069338197,21.852705001831055,2.0320165157318115,23.251935958862305,2.0341002941131592,0.19988135414099223,0.19989052956197423,0.1999011835601178,0,2,20,7,INACTIVE,FURTHEST_REACHED_INDEX_LT_OFFSET_FROM_FURTHEST,6,13
534,2185,8,1.3992337069338197,21.852705001831055,2.0320165157318115,23.251935958862305,2.0341002941131592,0.19988135414099223,0.19989052956197423,0.1999011835601178,0,2,20,7,INACTIVE,FURTHEST_REACHED_INDEX_LT_OFFSET_FROM_FURTHEST,6,13
535,2185,8,1.3992337069338197,21.852705001831055,2.0320165157318115,23.251935958862305,2.0341002941131592,0.19988135414099223,0.19989052956197423,0.1999011835601178,0,2,20,7,INACTIVE,FURTHEST_REACHED_INDEX_LT_OFFSET_FROM_FURTHEST,6,13
536,2185,8,1.3992337069338197,21.852705001831055,2.0320165157318115,23.251935958862305,2.0341002941131592,0.19988135414099223,0.19989052956197423,0.1999011835601178,0,2,20,7,INACTIVE,FURTHEST_REACHED_INDEX_LT_OFFSET_FROM_FURTHEST,6,13
537,2185,8,1.3992337069338197,21.852705001831055,2.0320165157318115,23.251935958862305,2.0341002941131592,0.19988135414099223,0.19989052956197423,0.1999011835601178,0,2,20,7,INACTIVE,FURTHEST_REACHED_INDEX_LT_OFFSET_FROM_FURTHEST,6,13
538,2185,8,1.3992337069338197,21.852705001831055,2.0320165157318115,23.251935958862305,2.0341002941131592,0.19988135414099223,0.19989052956197423,0.1999011835601178,0,2,20,7,INACTIVE,FURTHEST_REACHED_INDEX_LT_OFFSET_FROM_FURTHEST,6,13
539,2185,8,1.3992337069338197,21.852705001831055,2.0320165157318115,23.251935958862305,2.0341002941131592,0.19988135414099223,0.19989052956197423,0.1999011835601178,0,2,20,7,INACTIVE,FURTHEST_REACHED_INDEX_LT_OFFSET_FROM_FURTHEST,6,13
540,2185,8,1.3992337069338197,21.852705001831055,2.0320165157318115,23.251935958862305,2.0341002941131592,0.19988135414099223,0.19989052956197423,0.1999011835601178,0,2,20,7,INACTIVE,FURTHEST_REACHED_INDEX_LT_OFFSET_FROM_FURTHEST,6,13
541,2185,8,1.3992337069338197,21.852705001831055,2.0320165157318115,23.251935958862305,2.0341002941131592,0.19988135414099223,0.19989052956197423,0.1999011835601178,0,2,20,7,INACTIVE,FURTHEST_REACHED_INDEX_LT_OFFSET_FROM_FURTHEST,6,13
542,2185,8,1.3992337069338197,21.852705001831055,2.0320165157318115,23.251935958862305,2.0341002941131592,0.19988135414099223,0.19989052956197423,0.1999011835601178,0,2,20,7,INACTIVE,FURTHEST_REACHED_INDEX_LT_OFFSET_FROM_FURTHEST,6,13
543,2185,8,1.3992337069338197,21.852705001831055,2.0320165157318115,23.251935958862305,2.0341002941131592,0.19988135414099223,0.19989052956197423,0.1999011835601178,0,2,20,7,INACTIVE,FURTHEST_REACHED_INDEX_LT_OFFSET_FROM_FURTHEST,6,13
544,2185,8,1.3992337069338197,21.852705001831055,2.0320165157318115,23.251935958862305,2.0341002941131592,0.19988135414099223,0.19989052956197423,0.1999011835601178,0,2,20,7,INACTIVE,FURTHEST_REACHED_INDEX_LT_OFFSET_FROM_FURTHEST,6,13
545,2185,8,1.3992337069338197,21.852705001831055,2.0320165157318115,23.251935958862305,2.0341002941131592,0.19988135414099223,0.19989052956197423,0.1999011835601178,0,2,20,7,INACTIVE,FURTHEST_REACHED_INDEX_LT_OFFSET_FROM_FURTHEST,6,13
546,2185,8,1.3992337069338197,21.852705001831055,2.0320165157318115,23.251935958862305,2.0341002941131592,0.19988135414099223,0.19989052956197423,0.1999011835601178,0,2,20,7,INACTIVE,FURTHEST_REACHED_INDEX_LT_OFFSET_FROM_FURTHEST,6,13
547,2185,8,1.3992337069338197,21.852705001831055,2.0320165157318115,23.251935958862305,2.0341002941131592,0.19988135414099223,0.19989052956197423,0.1999011835601178,0,2,20,7,INACTIVE,FURTHEST_REACHED_INDEX_LT_OFFSET_FROM_FURTHEST,6,13
548,2185,8,1.3992337069338197,21.852705001831055,2.0320165157318115,23.251935958862305,2.0341002941131592,0.19988135414099223,0.19989052956197423,0.1999011835601178,0,2,20,7,INACTIVE,FURTHEST_REACHED_INDEX_LT_OFFSET_FROM_FURTHEST,6,13
549,2185,8,1.3992337069338197,21.852705001831055,2.0320165157318115,23.251935958862305,2.0341002941131592,0.19988135414099223,0.19989052956197423,0.1999011835601178,0,2,20,7,INACTIVE,FURTHEST_REACHED_INDEX_LT_OFFSET_FROM_FURTHEST,6,13
550,2185,8,1.3992337069338197,21.852705001831055,2.0320165157318115,23.251935958862305,2.0341002941131592,0.19988135414099223,0.19989052956197423,0.1999011835601178,0,2,20,7,INACTIVE,FURTHEST_REACHED_INDEX_LT_OFFSET_FROM_FURTHEST,6,13
551,2185,8,1.3992337069338197,21.852705001831055,2.0320165157318115,23.251935958862305,2.0341002941131592,0.19988135414099223,0.19989052956197423,0.1999011835601178,0,2,20,7,INACTIVE,FURTHEST_REACHED_INDEX_LT_OFFSET_FROM_FURTHEST,6,13
552,2185,8,1.3992337069338197,21.852705001831055,2.0320165157318115,23.251935958862305,2.0341002941131592,0.19988135414099223,0.19989052956197423,0.1999011835601178,0,2,20,7,INACTIVE,FURTHEST_REACHED_INDEX_LT_OFFSET_FROM_FURTHEST,6,13
553,2185,8,1.3992337069338197,21.852705001831055,2.0320165157318115,23.251935958862305,2.0341002941131592,0.19988135414099223,0.19989052956197423,0.1999011835601178,0,2,20,7,INACTIVE,FURTHEST_REACHED_INDEX_LT_OFFSET_FROM_FURTHEST,6,13
554,2185,8,1.3992337069338197,21.852705001831055,2.0320165157318115,23.251935958862305,2.0341002941131592,0.19988135414099223,0.19989052956197423,0.1999011835601178,0,2,20,7,INACTIVE,FURTHEST_REACHED_INDEX_LT_OFFSET_FROM_FURTHEST,6,13
555,2185,8,1.3992337069338197,21.852705001831055,2.0320165157318115,23.251935958862305,2.0341002941131592,0.19988135414099223,0.19989052956197423,0.1999011835601178,0,2,20,7,INACTIVE,FURTHEST_REACHED_INDEX_LT_OFFSET_FROM_FURTHEST,6,13
556,2185,8,1.3992337069338197,21.852705001831055,2.0320165157318115,23.251935958862305,2.0341002941131592,0.19988135414099223,0.19989052956197423,0.1999011835601178,0,2,20,7,INACTIVE,FURTHEST_REACHED_INDEX_LT_OFFSET_FROM_FURTHEST,6,13
557,2185,8,1.3992337069338197,21.852705001831055,2.0320165157318115,23.251935958862305,2.0341002941131592,0.19988135414099223,0.19989052956197423,0.1999011835601178,0,2,20,7,INACTIVE,FURTHEST_REACHED_INDEX_LT_OFFSET_FROM_FURTHEST,6,13
558,2185,8,1.3992337069338197,21.852705001831055,2.0320165157318115,23.251935958862305,2.0341002941131592,0.19988135414099223,0.19989052956197423,0.1999011835601178,0,2,20,7,INACTIVE,FURTHEST_REACHED_INDEX_LT_OFFSET_FROM_FURTHEST,6,13
559,2185,8,1.3992337069338197,21.852705001831055,2.0320165157318115,23.251935958862305,2.0341002941131592,0.19988135414099223,0.19989052956197423,0.1999011835601178,0,2,20,7,INACTIVE,FURTHEST_REACHED_INDEX_LT_OFFSET_FROM_FURTHEST,6,13
560,2185,8,1.3992337069338197,21.852705001831055,2.0320165157318115,23.251935958862305,2.0341002941131592,0.19988135414099223,0.19989052956197423,0.1999011835601178,0,2,20,7,INACTIVE,FURTHEST_REACHED_INDEX_LT_OFFSET_FROM_FURTHEST,6,13
561,2185,8,1.3992337069338197,21.852705001831055,2.0320165157318115,23.251935958862305,2.0341002941131592,0.19988135414099223,0.19989052956197423,0.1999011835601178,0,2,20,7,INACTIVE,FURTHEST_REACHED_INDEX_LT_OFFSET_FROM_FURTHEST,6,13
562,2185,8,1.3992337069338197,21.852705001831055,2.0320165157318115,23.251935958862305,2.0341002941131592,0.19988135414099223,0.19989052956197423,0.1999011835601178,0,2,20,7,INACTIVE,FURTHEST_REACHED_INDEX_LT_OFFSET_FROM_FURTHEST,6,13
563,2185,8,1.3992337069338197,21.852705001831055,2.0320165157318115,23.251935958862305,2.0341002941131592,0.19988135414099223,0.19989052956197423,0.1999011835601178,0,2,20,7,INACTIVE,FURTHEST_REACHED_INDEX_LT_OFFSET_FROM_FURTHEST,6,13
564,2185,8,1.3992337069338197,21.852705001831055,2.0320165157318115,23.251935958862305,2.0341002941131592,0.19988135414099223,0.19989052956197423,0.1999011835601178,0,2,20,7,INACTIVE,FURTHEST_REACHED_INDEX_LT_OFFSET_FROM_FURTHEST,6,13
565,2185,8,1.3992337069338197,21.852705001831055,2.0320165157318115,23.251935958862305,2.0341002941131592,0.19988135414099223,0.19989052956197423,0.1999011835601178,0,2,20,7,INACTIVE,FURTHEST_REACHED_INDEX_LT_OFFSET_FROM_FURTHEST,6,13
566,2185,8,1.3992337069338197,21.852705001831055,2.0320165157318115,23.251935958862305,2.0341002941131592,0.19988135414099223,0.19989052956197423,0.1999011835601178,0,2,20,7,INACTIVE,FURTHEST_REACHED_INDEX_LT_OFFSET_FROM_FURTHEST,6,13
567,2185,8,1.3992337069338197,21.852705001831055,2.0320165157318115,23.251935958862305,2.0341002941131592,0.19988135414099223,0.19989052956197423,0.1999011835601178,0,2,20,7,INACTIVE,FURTHEST_REACHED_INDEX_LT_OFFSET_FROM_FURTHEST,6,13
568,2185,8,1.3992337069338197,21.852705001831055,2.0320165157318115,23.251935958862305,2.0341002941131592,0.19988135414099223,0.19989052956197423,0.1999011835601178,0,2,20,7,INACTIVE,FURTHEST_REACHED_INDEX_LT_OFFSET_FROM_FURTHEST,6,13
569,2185,8,1.3992337069338197,21.852705001831055,2.0320165157318115,23.251935958862305,2.0341002941131592,0.19988135414099223,0.19989052956197423,0.1999011835601178,0,2,20,7,INACTIVE,FURTHEST_REACHED_INDEX_LT_OFFSET_FROM_FURTHEST,6,13
570,2185,8,1.3992230915240282,22.052600860595703,2.0320312976837158,23.451818466186523,2.0351462364196777,0.19988135414099223,0.19988901307486118,0.1999011835601178,0,1,20,7,INACTIVE,FURTHEST_REACHED_INDEX_LT_OFFSET_FROM_FURTHEST,7,14
571,2185,8,1.3992230915240282,22.052600860595703,2.0320312976837158,23.451818466186523,2.0351462364196777,0.19988135414099223,0.19988901307486118,0.1999011835601178,0,1,20,7,INACTIVE,FURTHEST_REACHED_INDEX_LT_OFFSET_FROM_FURTHEST,7,14
572,2185,8,1.3992230915240282,22.052600860595703,2.0320312976837158,23.451818466186523,2.0351462364196777,0.19988135414099223,0.19988901307486118,0.1999011835601178,0,1,20,7,INACTIVE,FURTHEST_REACHED_INDEX_LT_OFFSET_FROM_FURTHEST,7,14
573,2185,8,1.3992230915240282,22.052600860595703,2.0320312976837158,23.451818466186523,2.0351462364196777,0.19988135414099223,0.19988901307486118,0.1999011835601178,0,1,20,7,INACTIVE,FURTHEST_REACHED_INDEX_LT_OFFSET_FROM_FURTHEST,7,14
574,2185,8,1.3992230915240282,22.052600860595703,2.0320312976837158,23.451818466186523,2.0351462364196777,0.19988135414099223,0.19988901307486118,0.1999011835601178,0,1,20,7,INACTIVE,FURTHEST_REACHED_INDEX_LT_OFFSET_FROM_FURTHEST,7,14
575,2185,8,1.3992230915240282,22.052600860595703,2.0320312976837158,23.451818466186523,2.0351462364196777,0.19988135414099223,0.19988901307486118,0.1999011835601178,0,1,20,7,INACTIVE,FURTHEST_REACHED_INDEX_LT_OFFSET_FROM_FURTHEST,7,14
576,2185,8,1.3992230915240282,22.052600860595703,2.0320312976837158,23.451818466186523,2.0351462364196777,0.19988135414099223,0.19988901307486118,0.1999011835601178,0,1,20,7,INACTIVE,FURTHEST_REACHED_INDEX_LT_OFFSET_FROM_FURTHEST,7,14
577,2185,8,1.3992230915240282,22.052600860595703,2.0320312976837158,23.451818466186523,2.0351462364196777,0.19988135414099223,0.19988901307486118,0.1999011835601178,0,1,20,7,INACTIVE,FURTHEST_REACHED_INDEX_LT_OFFSET_FROM_FURTHEST,7,14
578,2185,8,1.3992230915240282,22.052600860595703,2.0320312976837158,23.451818466186523,2.0351462364196777,0.19988135414099223,0.19988901307486118,0.1999011835601178,0,1,20,7,INACTIVE,FURTHEST_REACHED_INDEX_LT_OFFSET_FROM_FURTHEST,7,14
579,2185,8,1.3992230915240282,22.052600860595703,2.0320312976837158,23.451818466186523,2.0351462364196777,0.19988135414099223,0.19988901307486118,0.1999011835601178,0,1,20,7,INACTIVE,FURTHEST_REACHED_INDEX_LT_OFFSET_FROM_FURTHEST,7,14
580,2185,8,1.3992230915240282,22.052600860595703,2.0320312976837158,23.451818466186523,2.0351462364196777,0.19988135414099223,0.19988901307486118,0.1999011835601178,0,1,20,7,INACTIVE,FURTHEST_REACHED_INDEX_LT_OFFSET_FROM_FURTHEST,7,14
581,2185,8,1.3992230915240282,22.052600860595703,2.0320312976837158,23.451818466186523,2.0351462364196777,0.19988135414099223,0.19988901307486118,0.1999011835601178,0,1,20,7,INACTIVE,FURTHEST_REACHED_INDEX_LT_OFFSET_FROM_FURTHEST,7,14
582,2185,8,1.3992230915240282,22.052600860595703,2.0320312976837158,23.451818466186523,2.0351462364196777,0.19988135414099223,0.19988901307486118,0.1999011835601178,0,1,20,7,INACTIVE,FURTHEST_REACHED_INDEX_LT_OFFSET_FROM_FURTHEST,7,14
583,2185,8,1.3992230915240282,22.052600860595703,2.0320312976837158,23.451818466186523,2.0351462364196777,0.19988135414099223,0.19988901307486118,0.1999011835601178,0,1,20,7,INACTIVE,FURTHEST_REACHED_INDEX_LT_OFFSET_FROM_FURTHEST,7,14
584,2185,8,1.3992230915240282,22.052600860595703,2.0320312976837158,23.451818466186523,2.0351462364196777,0.19988135414099223,0.19988901307486118,0.1999011835601178,0,1,20,7,INACTIVE,FURTHEST_REACHED_INDEX_LT_OFFSET_FROM_FURTHEST,7,14
585,2185,8,1.3992230915240282,22.052600860595703,2.0320312976837158,23.451818466186523,2.0351462364196777,0.19988135414099223,0.19988901307486118,0.1999011835601178,0,1,20,7,INACTIVE,FURTHEST_REACHED_INDEX_LT_OFFSET_FROM_FURTHEST,7,14
586,2185,8,1.3992230915240282,22.052600860595703,2.0320312976837158,23.451818466186523,2.0351462364196777,0.19988135414099223,0.19988901307486118,0.1999011835601178,0,1,20,7,INACTIVE,FURTHEST_REACHED_INDEX_LT_OFFSET_FROM_FURTHEST,7,14
587,2185,8,1.3992230915240282,22.052600860595703,2.0320312976837158,23.451818466186523,2.0351462364196777,0.19988135414099223,0.19988901307486118,0.1999011835601178,0,1,20,7,INACTIVE,FURTHEST_REACHED_INDEX_LT_OFFSET_FROM_FURTHEST,7,14
588,2185,8,1.3992230915240282,22.052600860595703,2.0320312976837158,23.451818466186523,2.0351462364196777,0.19988135414099223,0.19988901307486118,0.1999011835601178,0,1,20,7,INACTIVE,FURTHEST_REACHED_INDEX_LT_OFFSET_FROM_FURTHEST,7,14
589,2185,8,1.3992230915240282,22.052600860595703,2.0320312976837158,23.451818466186523,2.0351462364196777,0.19988135414099223,0.19988901307486118,0.1999011835601178,0,1,20,7,INACTIVE,FURTHEST_REACHED_INDEX_LT_OFFSET_FROM_FURTHEST,7,14
590,2185,8,1.3992230915240282,22.052600860595703,2.0320312976837158,23.451818466186523,2.0351462364196777,0.19988135414099223,0.19988901307486118,0.1999011835601178,0,1,20,7,INACTIVE,FURTHEST_REACHED_INDEX_LT_OFFSET_FROM_FURTHEST,7,14
591,2185,8,1.3992230915240282,22.052600860595703,2.0320312976837158,23.451818466186523,2.0351462364196777,0.19988135414099223,0.19988901307486118,0.1999011835601178,0,1,20,7,INACTIVE,FURTHEST_REACHED_INDEX_LT_OFFSET_FROM_FURTHEST,7,14
592,2185,8,1.3992230915240282,22.052600860595703,2.0320312976837158,23.451818466186523,2.0351462364196777,0.19988135414099223,0.19988901307486118,0.1999011835601178,0,1,20,7,INACTIVE,FURTHEST_REACHED_INDEX_LT_OFFSET_FROM_FURTHEST,7,14
593,2185,8,1.3992230915240282,22.052600860595703,2.0320312976837158,23.451818466186523,2.0351462364196777,0.19988135414099223,0.19988901307486118,0.1999011835601178,0,1,20,7,INACTIVE,FURTHEST_REACHED_INDEX_LT_OFFSET_FROM_FURTHEST,7,14
594,2185,8,1.3992230915240282,22.052600860595703,2.0320312976837158,23.451818466186523,2.0351462364196777,0.19988135414099223,0.19988901307486118,0.1999011835601178,0,1,20,7,INACTIVE,FURTHEST_REACHED_INDEX_LT_OFFSET_FROM_FURTHEST,7,14
595,2185,8,1.3992230915240282,22.052600860595703,2.0320312976837158,23.451818466186523,2.0351462364196777,0.19988135414099223,0.19988901307486118,0.1999011835601178,0,1,20,7,INACTIVE,FURTHEST_REACHED_INDEX_LT_OFFSET_FROM_FURTHEST,7,14
596,2185,8,1.3992230915240282,22.052600860595703,2.0320312976837158,23.451818466186523,2.0351462364196777,0.19988135414099223,0.19988901307486118,0.1999011835601178,0,1,20,7,INACTIVE,FURTHEST_REACHED_INDEX_LT_OFFSET_FROM_FURTHEST,7,14
597,2185,8,1.3992230915240282,22.052600860595703,2.0320312976837158,23.451818466186523,2.0351462364196777,0.19988135414099223,0.19988901307486118,0.1999011835601178,0,1,20,7,INACTIVE,FURTHEST_REACHED_INDEX_LT_OFFSET_FROM_FURTHEST,7,14
598,2185,8,1.3992230915240282,22.052600860595703,2.0320312976837158,23.451818466186523,2.0351462364196777,0.19988135414099223,0.19988901307486118,0.1999011835601178,0,1,20,7,INACTIVE,FURTHEST_REACHED_INDEX_LT_OFFSET_FROM_FURTHEST,7,14
599,2185,8,1.3992230915240282,22.052600860595703,2.0320312976837158,23.451818466186523,2.0351462364196777,0.19988135414099223,0.19988901307486118,0.1999011835601178,0,1,20,7,INACTIVE,FURTHEST_REACHED_INDEX_LT_OFFSET_FROM_FURTHEST,7,14
600,2185,8,1.3992230915240282,22.052600860595703,2.0320312976837158,23.451818466186523,2.0351462364196777,0.19988135414099223,0.19988901307486118,0.1999011835601178,0,1,20,7,INACTIVE,FURTHEST_REACHED_INDEX_LT_OFFSET_FROM_FURTHEST,7,14
601,2185,8,1.3992230915240282,22.052600860595703,2.0320312976837158,23.451818466186523,2.0351462364196777,0.19988135414099223,0.19988901307486118,0.1999011835601178,0,1,20,7,INACTIVE,FURTHEST_REACHED_INDEX_LT_OFFSET_FROM_FURTHEST,7,14
602,2185,8,1.3992230915240282,22.052600860595703,2.0320312976837158,23.451818466186523,2.0351462364196777,0.19988135414099223,0.19988901307486118,0.1999011835601178,0,1,20,7,INACTIVE,FURTHEST_REACHED_INDEX_LT_OFFSET_FROM_FURTHEST,7,14
603,2185,8,1.3992230915240282,22.052600860595703,2.0320312976837158,23.451818466186523,2.0351462364196777,0.19988135414099223,0.19988901307486118,0.1999011835601178,0,1,20,7,INACTIVE,FURTHEST_REACHED_INDEX_LT_OFFSET_FROM_FURTHEST,7,14
604,2185,8,1.3992230915240282,22.052600860595703,2.0320312976837158,23.451818466186523,2.0351462364196777,0.19988135414099223,0.19988901307486118,0.1999011835601178,0,1,20,7,INACTIVE,FURTHEST_REACHED_INDEX_LT_OFFSET_FROM_FURTHEST,7,14
605,2185,8,1.3992230915240282,22.052600860595703,2.0320312976837158,23.451818466186523,2.0351462364196777,0.19988135414099223,0.19988901307486118,0.1999011835601178,0,1,20,7,INACTIVE,FURTHEST_REACHED_INDEX_LT_OFFSET_FROM_FURTHEST,7,14
606,2185,8,1.3992230915240282,22.052600860595703,2.0320312976837158,23.451818466186523,2.0351462364196777,0.19988135414099223,0.19988901307486118,0.1999011835601178,0,1,20,7,INACTIVE,FURTHEST_REACHED_INDEX_LT_OFFSET_FROM_FURTHEST,7,14
607,2185,8,1.3992230915240282,22.052600860595703,2.0320312976837158,23.451818466186523,2.0351462364196777,0.19988135414099223,0.19988901307486118,0.1999011835601178,0,1,20,7,INACTIVE,FURTHEST_REACHED_INDEX_LT_OFFSET_FROM_FURTHEST,7,14
608,2185,8,1.3992230915240282,22.052600860595703,2.0320312976837158,23.451818466186523,2.0351462364196777,0.19988135414099223,0.19988901307486118,0.1999011835601178,0,1,20,7,INACTIVE,FURTHEST_REACHED_INDEX_LT_OFFSET_FROM_FURTHEST,7,14
609,2185,8,1.3992230915240282,22.052600860595703,2.0320312976837158,23.451818466186523,2.0351462364196777,0.19988135414099223,0.19988901307486118,0.1999011835601178,0,1,20,7,INACTIVE,FURTHEST_REACHED_INDEX_LT_OFFSET_FROM_FURTHEST,7,14
610,2185,8,1.3992230915240282,22.052600860595703,2.0320312976837158,23.451818466186523,2.0351462364196777,0.19988135414099223,0.19988901307486118,0.1999011835601178,0,1,20,7,INACTIVE,FURTHEST_REACHED_INDEX_LT_OFFSET_FROM_FURTHEST,7,14
611,2185,8,1.3992230915240282,22.052600860595703,2.0320312976837158,23.451818466186523,2.0351462364196777,0.19988135414099223,0.19988901307486118,0.1999011835601178,0,1,20,7,INACTIVE,FURTHEST_REACHED_INDEX_LT_OFFSET_FROM_FURTHEST,7,14
612,2185,8,1.3992230915240282,22.052600860595703,2.0320312976837158,23.451818466186523,2.0351462364196777,0.19988135414099223,0.19988901307486118,0.1999011835601178,0,1,20,7,INACTIVE,FURTHEST_REACHED_INDEX_LT_OFFSET_FROM_FURTHEST,7,14
613,2185,8,1.3992230915240282,22.052600860595703,2.0320312976837158,23.451818466186523,2.0351462364196777,0.19988135414099223,0.19988901307486118,0.1999011835601178,0,2,20,7,INACTIVE,FURTHEST_REACHED_INDEX_LT_OFFSET_FROM_FURTHEST,7,14
614,2185,8,1.3992230915240282,22.052600860595703,2.0320312976837158,23.451818466186523,2.0351462364196777,0.19988135414099223,0.19988901307486118,0.1999011835601178,0,2,20,7,INACTIVE,FURTHEST_REACHED_INDEX_LT_OFFSET_FROM_FURTHEST,7,14
615,2185,8,1.3992230915240282,22.052600860595703,2.0320312976837158,23.451818466186523,2.0351462364196777,0.19988135414099223,0.19988901307486118,0.1999011835601178,0,2,20,7,INACTIVE,FURTHEST_REACHED_INDEX_LT_OFFSET_FROM_FURTHEST,7,14
616,2185,8,1.3992230915240282,22.052600860595703,2.0320312976837158,23.451818466186523,2.0351462364196777,0.19988135414099223,0.19988901307486118,0.1999011835601178,0,2,20,7,INACTIVE,FURTHEST_REACHED_INDEX_LT_OFFSET_FROM_FURTHEST,7,14
617,2185,8,1.3992230915240282,22.052600860595703,2.0320312976837158,23.451818466186523,2.0351462364196777,0.19988135414099223,0.19988901307486118,0.1999011835601178,0,2,20,7,INACTIVE,FURTHEST_REACHED_INDEX_LT_OFFSET_FROM_FURTHEST,7,14
618,2185,8,1.3992230915240282,22.052600860595703,2.0320312976837158,23.451818466186523,2.0351462364196777,0.19988135414099223,0.19988901307486118,0.1999011835601178,0,2,20,7,INACTIVE,FURTHEST_REACHED_INDEX_LT_OFFSET_FROM_FURTHEST,7,14
619,2185,8,1.3992230915240282,22.052600860595703,2.0320312976837158,23.451818466186523,2.0351462364196777,0.19988135414099223,0.19988901307486118,0.1999011835601178,0,2,20,7,INACTIVE,FURTHEST_REACHED_INDEX_LT_OFFSET_FROM_FURTHEST,7,14
620,2185,8,1.3992230915240282,22.052600860595703,2.0320312976837158,23.451818466186523,2.0351462364196777,0.19988135414099223,0.19988901307486118,0.1999011835601178,0,2,20,7,INACTIVE,FURTHEST_REACHED_INDEX_LT_OFFSET_FROM_FURTHEST,7,14
621,2185,8,1.3992230915240282,22.052600860595703,2.0320312976837158,23.451818466186523,2.0351462364196777,0.19988135414099223,0.19988901307486118,0.1999011835601178,0,2,20,7,INACTIVE,FURTHEST_REACHED_INDEX_LT_OFFSET_FROM_FURTHEST,7,14
622,2185,8,1.3992230915240282,22.052600860595703,2.0320312976837158,23.451818466186523,2.0351462364196777,0.19988135414099223,0.19988901307486118,0.1999011835601178,0,2,20,7,INACTIVE,FURTHEST_REACHED_INDEX_LT_OFFSET_FROM_FURTHEST,7,14
623,2185,8,1.3992230915240282,22.052600860595703,2.0320312976837158,23.451818466186523,2.0351462364196777,0.19988135414099223,0.19988901307486118,0.1999011835601178,0,2,20,7,INACTIVE,FURTHEST_REACHED_INDEX_LT_OFFSET_FROM_FURTHEST,7,14
624,2185,8,1.3992230915240282,22.052600860595703,2.0320312976837158,23.451818466186523,2.0351462364196777,0.19988135414099223,0.19988901307486118,0.1999011835601178,0,2,20,7,INACTIVE,FURTHEST_REACHED_INDEX_LT_OFFSET_FROM_FURTHEST,7,14
625,2185,8,1.3992230915240282,22.052600860595703,2.0320312976837158,23.451818466186523,2.0351462364196777,0.19988135414099223,0.19988901307486118,0.1999011835601178,0,2,20,7,INACTIVE,FURTHEST_REACHED_INDEX_LT_OFFSET_FROM_FURTHEST,7,14
626,2185,8,1.3992230915240282,22.052600860595703,2.0320312976837158,23.451818466186523,2.0351462364196777,0.19988135414099223,0.19988901307486118,0.1999011835601178,0,2,20,7,INACTIVE,FURTHEST_REACHED_INDEX_LT_OFFSET_FROM_FURTHEST,7,14
627,2185,8,1.3992230915240282,22.052600860595703,2.0320312976837158,23.451818466186523,2.0351462364196777,0.19988135414099223,0.19988901307486118,0.1999011835601178,0,2,20,7,INACTIVE,FURTHEST_REACHED_INDEX_LT_OFFSET_FROM_FURTHEST,7,14
628,2185,8,1.3992230915240282,22.052600860595703,2.0320312976837158,23.451818466186523,2.0351462364196777,0.19988135414099223,0.19988901307486118,0.1999011835601178,0,2,20,7,INACTIVE,FURTHEST_REACHED_INDEX_LT_OFFSET_FROM_FURTHEST,7,14
629,2185,8,1.3992230915240282,22.052600860595703,2.0320312976837158,23.451818466186523,2.0351462364196777,0.19988135414099223,0.19988901307486118,0.1999011835601178,0,2,20,7,INACTIVE,FURTHEST_REACHED_INDEX_LT_OFFSET_FROM_FURTHEST,7,14
630,2185,8,1.3992230915240282,22.052600860595703,2.0320312976837158,23.451818466186523,2.0351462364196777,0.19988135414099223,0.19988901307486118,0.1999011835601178,0,2,20,7,INACTIVE,FURTHEST_REACHED_INDEX_LT_OFFSET_FROM_FURTHEST,7,14
631,2185,8,1.3992230915240282,22.052600860595703,2.0320312976837158,23.451818466186523,2.0351462364196777,0.19988135414099223,0.19988901307486118,0.1999011835601178,0,2,20,7,INACTIVE,FURTHEST_REACHED_INDEX_LT_OFFSET_FROM_FURTHEST,7,14
632,2185,8,1.3992230915240282,22.052600860595703,2.0320312976837158,23.451818466186523,2.0351462364196777,0.19988135414099223,0.19988901307486118,0.1999011835601178,0,2,20,7,INACTIVE,FURTHEST_REACHED_INDEX_LT_OFFSET_FROM_FURTHEST,7,14
633,2185,8,1.3992230915240282,22.052600860595703,2.0320312976837158,23.451818466186523,2.0351462364196777,0.19988135414099223,0.19988901307486118,0.1999011835601178,0,2,20,7,INACTIVE,FURTHEST_REACHED_INDEX_LT_OFFSET_FROM_FURTHEST,7,14
634,2185,8,1.3992230915240282,22.052600860595703,2.0320312976837158,23.451818466186523,2.0351462364196777,0.19988135414099223,0.19988901307486118,0.1999011835601178,0,2,20,7,INACTIVE,FURTHEST_REACHED_INDEX_LT_OFFSET_FROM_FURTHEST,7,14
635,2185,8,1.3992230915240282,22.052600860595703,2.0320312976837158,23.451818466186523,2.0351462364196777,0.19988135414099223,0.19988901307486118,0.1999011835601178,0,2,20,7,INACTIVE,FURTHEST_REACHED_INDEX_LT_OFFSET_FROM_FURTHEST,7,14
636,2185,8,1.3992230915240282,22.052600860595703,2.0320312976837158,23.451818466186523,2.0351462364196777,0.19988135414099223,0.19988901307486118,0.1999011835601178,0,2,20,7,INACTIVE,FURTHEST_REACHED_INDEX_LT_OFFSET_FROM_FURTHEST,7,14
637,2185,8,1.3992230915240282,22.052600860595703,2.0320312976837158,23.451818466186523,2.0351462364196777,0.19988135414099223,0.19988901307486118,0.1999011835601178,0,2,20,7,INACTIVE,FURTHEST_REACHED_INDEX_LT_OFFSET_FROM_FURTHEST,7,14
638,2185,8,1.3992230915240282,22.052600860595703,2.0320312976837158,23.451818466186523,2.0351462364196777,0.19988135414099223,0.19988901307486118,0.1999011835601178,0,2,20,7,INACTIVE,FURTHEST_REACHED_INDEX_LT_OFFSET_FROM_FURTHEST,7,14
639,2185,8,1.3992230915240282,22.052600860595703,2.0320312976837158,23.451818466186523,2.0351462364196777,0.19988135414099223,0.19988901307486118,0.1999011835601178,0,2,20,7,INACTIVE,FURTHEST_REACHED_INDEX_LT_OFFSET_FROM_FURTHEST,7,14
640,2185,8,1.3992230915240282,22.052600860595703,2.0320312976837158,23.451818466186523,2.0351462364196777,0.19988135414099223,0.19988901307486118,0.1999011835601178,0,2,20,7,INACTIVE,FURTHEST_REACHED_INDEX_LT_OFFSET_FROM_FURTHEST,7,14
641,2185,8,1.3992230915240282,22.052600860595703,2.0320312976837158,23.451818466186523,2.0351462364196777,0.19988135414099223,0.19988901307486118,0.1999011835601178,0,2,20,7,INACTIVE,FURTHEST_REACHED_INDEX_LT_OFFSET_FROM_FURTHEST,7,14
642,2185,8,1.3992230915240282,22.052600860595703,2.0320312976837158,23.451818466186523,2.0351462364196777,0.19988135414099223,0.19988901307486118,0.1999011835601178,0,2,20,7,INACTIVE,FURTHEST_REACHED_INDEX_LT_OFFSET_FROM_FURTHEST,7,14
643,2185,8,1.3992230915240282,22.052600860595703,2.0320312976837158,23.451818466186523,2.0351462364196777,0.19988135414099223,0.19988901307486118,0.1999011835601178,0,2,20,7,INACTIVE,FURTHEST_REACHED_INDEX_LT_OFFSET_FROM_FURTHEST,7,14
644,2185,8,1.3992230915240282,22.052600860595703,2.0320312976837158,23.451818466186523,2.0351462364196777,0.19988135414099223,0.19988901307486118,0.1999011835601178,0,2,20,7,INACTIVE,FURTHEST_REACHED_INDEX_LT_OFFSET_FROM_FURTHEST,7,14
645,2185,8,1.3992230915240282,22.052600860595703,2.0320312976837158,23.451818466186523,2.0351462364196777,0.19988135414099223,0.19988901307486118,0.1999011835601178,0,2,20,7,INACTIVE,FURTHEST_REACHED_INDEX_LT_OFFSET_FROM_FURTHEST,7,14
646,2185,8,1.3992230915240282,22.052600860595703,2.0320312976837158,23.451818466186523,2.0351462364196777,0.19988135414099223,0.19988901307486118,0.1999011835601178,0,2,20,7,INACTIVE,FURTHEST_REACHED_INDEX_LT_OFFSET_FROM_FURTHEST,7,14
647,2185,8,1.3992230915240282,22.052600860595703,2.0320312976837158,23.451818466186523,2.0351462364196777,0.19988135414099223,0.19988901307486118,0.1999011835601178,0,2,20,7,INACTIVE,FURTHEST_REACHED_INDEX_LT_OFFSET_FROM_FURTHEST,7,14
648,2185,8,1.3992230915240282,22.052600860595703,2.0320312976837158,23.451818466186523,2.0351462364196777,0.19988135414099223,0.19988901307486118,0.1999011835601178,0,2,20,7,INACTIVE,FURTHEST_REACHED_INDEX_LT_OFFSET_FROM_FURTHEST,7,14
649,2185,8,1.3992230915240282,22.052600860595703,2.0320312976837158,23.451818466186523,2.0351462364196777,0.19988135414099223,0.19988901307486118,0.1999011835601178,0,2,20,7,INACTIVE,FURTHEST_REACHED_INDEX_LT_OFFSET_FROM_FURTHEST,7,14
650,2185,8,1.3992230915240282,22.052600860595703,2.0320312976837158,23.451818466186523,2.0351462364196777,0.19988135414099223,0.19988901307486118,0.1999011835601178,0,2,20,7,INACTIVE,FURTHEST_REACHED_INDEX_LT_OFFSET_FROM_FURTHEST,7,14
651,2185,8,1.3992162337232685,22.25248908996582,2.0320806503295898,23.651695251464844,2.0365011692047119,0.19988135414099223,0.19988803338903835,0.1999011835601178,0,1,20,7,INACTIVE,FURTHEST_REACHED_INDEX_LT_OFFSET_FROM_FURTHEST,8,15
652,2185,8,1.3992162337232685,22.25248908996582,2.0320806503295898,23.651695251464844,2.0365011692047119,0.19988135414099223,0.19988803338903835,0.1999011835601178,0,1,20,7,INACTIVE,FURTHEST_REACHED_INDEX_LT_OFFSET_FROM_FURTHEST,8,15
653,2185,8,1.3992162337232685,22.25248908996582,2.0320806503295898,23.651695251464844,2.0365011692047119,0.19988135414099223,0.19988803338903835,0.1999011835601178,0,1,20,7,INACTIVE,FURTHEST_REACHED_INDEX_LT_OFFSET_FROM_FURTHEST,8,15
654,2185,8,1.3992162337232685,22.25248908996582,2.0320806503295898,23.651695251464844,2.0365011692047119,0.19988135414099223,0.19988803338903835,0.1999011835601178,0,1,20,7,INACTIVE,FURTHEST_REACHED_INDEX_LT_OFFSET_FROM_FURTHEST,8,15
655,2185,8,1.3992162337232685,22.25248908996582,2.0320806503295898,23.651695251464844,2.0365011692047119,0.19988135414099223,0.19988803338903835,0.1999011835601178,0,1,20,7,INACTIVE,FURTHEST_REACHED_INDEX_LT_OFFSET_FROM_FURTHEST,8,15
656,2185,8,1.3992162337232685,22.25248908996582,2.0320806503295898,23.651695251464844,2.0365011692047119,0.19988135414099223,0.19988803338903835,0.1999011835601178,0,1,20,7,INACTIVE,FURTHEST_REACHED_INDEX_LT_OFFSET_FROM_FURTHEST,8,15
657,2185,8,1.3992162337232685,22.25248908996582,2.0320806503295898,23.651695251464844,2.0365011692047119,0.19988135414099223,0.19988803338903835,0.1999011835601178,0,1,20,7,INACTIVE,FURTHEST_REACHED_INDEX_LT_OFFSET_FROM_FURTHEST,8,15
658,2185,8,1.3992162337232685,22.25248908996582,2.0320806503295898,23.651695251464844,2.0365011692047119,0.19988135414099223,0.19988803338903835,0.1999011835601178,0,1,20,7,INACTIVE,FURTHEST_REACHED_INDEX_LT_OFFSET_FROM_FURTHEST,8,15
659,2185,8,1.3992162337232685,22.25248908996582,2.0320806503295898,23.651695251464844,2.0365011692047119,0.19988135414099223,0.19988803338903835,0.1999011835601178,0,1,20,7,INACTIVE,FURTHEST_REACHED_INDEX_LT_OFFSET_FROM_FURTHEST,8,15
660,2185,8,1.3992162337232685,22.25248908996582,2.0320806503295898,23.651695251464844,2.0365011692047119,0.19988135414099223,0.19988803338903835,0.1999011835601178,0,1,20,7,INACTIVE,FURTHEST_REACHED_INDEX_LT_OFFSET_FROM_FURTHEST,8,15
661,2185,8,1.3992162337232685,22.25248908996582,2.0320806503295898,23.651695251464844,2.0365011692047119,0.19988135414099223,0.19988803338903835,0.1999011835601178,0,1,20,7,INACTIVE,FURTHEST_REACHED_INDEX_LT_OFFSET_FROM_FURTHEST,8,15
662,2185,8,1.3992162337232685,22.25248908996582,2.0320806503295898,23.651695251464844,2.0365011692047119,0.19988135414099223,0.19988803338903835,0.1999011835601178,0,1,20,7,INACTIVE,FURTHEST_REACHED_INDEX_LT_OFFSET_FROM_FURTHEST,8,15
663,2185,8,1.3992162337232685,22.25248908996582,2.0320806503295898,23.651695251464844,2.0365011692047119,0.19988135414099223,0.19988803338903835,0.1999011835601178,0,1,20,7,INACTIVE,FURTHEST_REACHED_INDEX_LT_OFFSET_FROM_FURTHEST,8,15
664,2185,8,1.3992162337232685,22.25248908996582,2.0320806503295898,23.651695251464844,2.0365011692047119,0.19988135414099223,0.19988803338903835,0.1999011835601178,0,1,20,7,INACTIVE,FURTHEST_REACHED_INDEX_LT_OFFSET_FROM_FURTHEST,8,15
665,2185,8,1.3992162337232685,22.25248908996582,2.0320806503295898,23.651695251464844,2.0365011692047119,0.19988135414099223,0.19988803338903835,0.1999011835601178,0,1,20,7,INACTIVE,FURTHEST_REACHED_INDEX_LT_OFFSET_FROM_FURTHEST,8,15
666,2185,8,1.3992162337232685,22.25248908996582,2.0320806503295898,23.651695251464844,2.0365011692047119,0.19988135414099223,0.19988803338903835,0.1999011835601178,0,1,20,7,INACTIVE,FURTHEST_REACHED_INDEX_LT_OFFSET_FROM_FURTHEST,8,15
667,2185,8,1.3992162337232685,22.25248908996582,2.0320806503295898,23.651695251464844,2.0365011692047119,0.19988135414099223,0.19988803338903835,0.1999011835601178,0,1,20,7,INACTIVE,FURTHEST_REACHED_INDEX_LT_OFFSET_FROM_FURTHEST,8,15
668,2185,8,1.3992162337232685,22.25248908996582,2.0320806503295898,23.651695251464844,2.0365011692047119,0.19988135414099223,0.19988803338903835,0.1999011835601178,0,1,20,7,INACTIVE,FURTHEST_REACHED_INDEX_LT_OFFSET_FROM_FURTHEST,8,15
669,2185,8,1.3992162337232685,22.25248908996582,2.0320806503295898,23.651695251464844,2.0365011692047119,0.19988135414099223,0.19988803338903835,0.1999011835601178,0,1,20,7,INACTIVE,FURTHEST_REACHED_INDEX_LT_OFFSET_FROM_FURTHEST,8,15
670,2185,8,1.3992162337232685,22.25248908996582,2.0320806503295898,23.651695251464844,2.0365011692047119,0.19988135414099223,0.19988803338903835,0.1999011835601178,0,1,20,7,INACTIVE,FURTHEST_REACHED_INDEX_LT_OFFSET_FROM_FURTHEST,8,15
671,2185,8,1.3992162337232685,22.25248908996582,2.0320806503295898,23.651695251464844,2.0365011692047119,0.19988135414099223,0.19988803338903835,0.1999011835601178,0,1,20,7,INACTIVE,FURTHEST_REACHED_INDEX_LT_OFFSET_FROM_FURTHEST,8,15
672,2185,8,1.3992162337232685,22.25248908996582,2.0320806503295898,23.651695251464844,2.0365011692047119,0.19988135414099223,0.19988803338903835,0.1999011835601178,0,1,20,7,INACTIVE,FURTHEST_REACHED_INDEX_LT_OFFSET_FROM_FURTHEST,8,15
673,2185,8,1.3992162337232685,22.25248908996582,2.0320806503295898,23.651695251464844,2.0365011692047119,0.19988135414099223,0.19988803338903835,0.1999011835601178,0,1,20,7,INACTIVE,FURTHEST_REACHED_INDEX_LT_OFFSET_FROM_FURTHEST,8,15
674,2185,8,1.3992162337232685,22.25248908996582,2.0320806503295898,23.651695251464844,2.0365011692047119,0.19988135414099223,0.19988803338903835,0.1999011835601178,0,1,20,7,INACTIVE,FURTHEST_REACHED_INDEX_LT_OFFSET_FROM_FURTHEST,8,15
675,2185,8,1.3992162337232685,22.25248908996582,2.0320806503295898,23.651695251464844,2.0365011692047119,0.19988135414099223,0.19988803338903835,0.1999011835601178,0,1,20,7,INACTIVE,FURTHEST_REACHED_INDEX_LT_OFFSET_FROM_FURTHEST,8,15
676,2185,8,1.3992162337232685,22.25248908996582,2.0320806503295898,23.651695251464844,2.0365011692047119,0.19988135414099223,0.19988803338903835,0.1999011835601178,0,1,20,7,INACTIVE,FURTHEST_REACHED_INDEX_LT_OFFSET_FROM_FURTHEST,8,15
677,2185,8,1.3992162337232685,22.25248908996582,2.0320806503295898,23.651695251464844,2.0365011692047119,0.19988135414099223,0.19988803338903835,0.1999011835601178,0,1,20,7,INACTIVE,FURTHEST_REACHED_INDEX_LT_OFFSET_FROM_FURTHEST,8,15
678,2185,8,1.3992162337232685,22.25248908996582,2.0320806503295898,23.651695251464844,2.0365011692047119,0.19988135414099223,0.19988803338903835,0.1999011835601178,0,1,20,7,INACTIVE,FURTHEST_REACHED_INDEX_LT_OFFSET_FROM_FURTHEST,8,15
679,2185,8,1.3992162337232685,22.25248908996582,2.0320806503295898,23.651695251464844,2.0365011692047119,0.19988135414099223,0.19988803338903835,0.1999011835601178,0,1,20,7,INACTIVE,FURTHEST_REACHED_INDEX_LT_OFFSET_FROM_FURTHEST,8,15
680,2185,8,1.3992162337232685,22.25248908996582,2.0320806503295898,23.651695251464844,2.0365011692047119,0.19988135414099223,0.19988803338903835,0.1999011835601178,0,1,20,7,INACTIVE,FURTHEST_REACHED_INDEX_LT_OFFSET_FROM_FURTHEST,8,15
681,2185,8,1.3992162337232685,22.25248908996582,2.0320806503295898,23.651695251464844,2.0365011692047119,0.19988135414099223,0.19988803338903835,0.1999011835601178,0,1,20,7,INACTIVE,FURTHEST_REACHED_INDEX_LT_OFFSET_FROM_FURTHEST,8,15
682,2185,8,1.3992162337232685,22.25248908996582,2.0320806503295898,23.651695251464844,2.0365011692047119,0.19988135414099223,0.19988803338903835,0.1999011835601178,0,1,20,7,INACTIVE,FURTHEST_REACHED_INDEX_LT_OFFSET_FROM_FURTHEST,8,15
683,2185,8,1.3992162337232685,22.25248908996582,2.0320806503295898,23.651695251464844,2.0365011692047119,0.19988135414099223,0.19988803338903835,0.1999011835601178,0,1,20,7,INACTIVE,FURTHEST_REACHED_INDEX_LT_OFFSET_FROM_FURTHEST,8,15
684,2185,8,1.3992162337232685,22.25248908996582,2.0320806503295898,23.651695251464844,2.0365011692047119,0.19988135414099223,0.19988803338903835,0.1999011835601178,0,1,20,7,INACTIVE,FURTHEST_REACHED_INDEX_LT_OFFSET_FROM_FURTHEST,8,15
685,2185,8,1.3992162337232685,22.25248908996582,2.0320806503295898,23.651695251464844,2.0365011692047119,0.19988135414099223,0.19988803338903835,0.1999011835601178,0,1,20,7,INACTIVE,FURTHEST_REACHED_INDEX_LT_OFFSET_FROM_FURTHEST,8,15
686,2185,8,1.3992162337232685,22.25248908996582,2.0320806503295898,23.651695251464844,2.0365011692047119,0.19988135414099223,0.19988803338903835,0.1999011835601178,0,1,20,7,INACTIVE,FURTHEST_REACHED_INDEX_LT_OFFSET_FROM_FURTHEST,8,15
687,2185,8,1.3992162337232685,22.25248908996582,2.0320806503295898,23.651695251464844,2.0365011692047119,0.19988135414099223,0.19988803338903835,0.1999011835601178,0,1,20,7,INACTIVE,FURTHEST_REACHED_INDEX_LT_OFFSET_FROM_FURTHEST,8,15
688,2185,8,1.3992162337232685,22.25248908996582,2.0320806503295898,23.651695251464844,2.0365011692047119,0.19988135414099223,0.19988803338903835,0.1999011835601178,0,1,20,7,INACTIVE,FURTHEST_REACHED_INDEX_LT_OFFSET_FROM_FURTHEST,8,15
689,2185,8,1.3992162337232685,22.25248908996582,2.0320806503295898,23.651695251464844,2.0365011692047119,0.19988135414099223,0.19988803338903835,0.1999011835601178,0,1,20,7,INACTIVE,FURTHEST_REACHED_INDEX_LT_OFFSET_FROM_FURTHEST,8,15
690,2185,8,1.3992162337232685,22.25248908996582,2.0320806503295898,23.651695251464844,2.0365011692047119,0.19988135414099223,0.19988803338903835,0.1999011835601178,0,1,20,7,INACTIVE,FURTHEST_REACHED_INDEX_LT_OFFSET_FROM_FURTHEST,8,15
691,2185,8,1.3992162337232685,22.25248908996582,2.0320806503295898,23.651695251464844,2.0365011692047119,0.19988135414099223,0.19988803338903835,0.1999011835601178,0,1,20,7,INACTIVE,FURTHEST_REACHED_INDEX_LT_OFFSET_FROM_FURTHEST,8,15
692,2185,8,1.3992162337232685,22.25248908996582,2.0320806503295898,23.651695251464844,2.0365011692047119,0.19988135414099223,0.19988803338903835,0.1999011835601178,0,1,20,7,INACTIVE,FURTHEST_REACHED_INDEX_LT_OFFSET_FROM_FURTHEST,8,15
693,2185,8,1.3992162337232685,22.25248908996582,2.0320806503295898,23.651695251464844,2.0365011692047119,0.19988135414099223,0.19988803338903835,0.1999011835601178,0,1,20,7,INACTIVE,FURTHEST_REACHED_INDEX_LT_OFFSET_FROM_FURTHEST,8,15
694,2185,8,1.3992162337232685,22.25248908996582,2.0320806503295898,23.651695251464844,2.0365011692047119,0.19988135414099223,0.19988803338903835,0.1999011835601178,0,1,20,7,INACTIVE,FURTHEST_REACHED_INDEX_LT_OFFSET_FROM_FURTHEST,8,15
695,2185,8,1.3992162337232685,22.25248908996582,2.0320806503295898,23.651695251464844,2.0365011692047119,0.19988135414099223,0.19988803338903835,0.1999011835601178,0,2,20,7,INACTIVE,FURTHEST_REACHED_INDEX_LT_OFFSET_FROM_FURTHEST,8,15
696,2185,8,1.3992162337232685,22.25248908996582,2.0320806503295898,23.651695251464844,2.0365011692047119,0.19988135414099223,0.19988803338903835,0.1999011835601178,0,2,20,7,INACTIVE,FURTHEST_REACHED_INDEX_LT_OFFSET_FROM_FURTHEST,8,15
697,2185,8,1.3992162337232685,22.25248908996582,2.0320806503295898,23.651695251464844,2.0365011692047119,0.19988135414099223,0.19988803338903835,0.1999011835601178,0,2,20,7,INACTIVE,FURTHEST_REACHED_INDEX_LT_OFFSET_FROM_FURTHEST,8,15
698,2185,8,1.3992162337232685,22.25248908996582,2.0320806503295898,23.651695251464844,2.0365011692047119,0.19988135414099223,0.19988803338903835,0.1999011835601178,0,2,20,7,INACTIVE,FURTHEST_REACHED_INDEX_LT_OFFSET_FROM_FURTHEST,8,15
699,2185,8,1.3992162337232685,22.25248908996582,2.0320806503295898,23.651695251464844,2.0365011692047119,0.19988135414099223,0.19988803338903835,0.1999011835601178,0,2,20,7,INACTIVE,FURTHEST_REACHED_INDEX_LT_OFFSET_FROM_FURTHEST,8,15
700,2185,8,1.3992162337232685,22.25248908996582,2.0320806503295898,23.651695251464844,2.0365011692047119,0.19988135414099223,0.19988803338903835,0.1999011835601178,0,2,20,7,INACTIVE,FURTHEST_REACHED_INDEX_LT_OFFSET_FROM_FURTHEST,8,15
701,2185,8,1.3992162337232685,22.25248908996582,2.0320806503295898,23.651695251464844,2.0365011692047119,0.19988135414099223,0.19988803338903835,0.1999011835601178,0,2,20,7,INACTIVE,FURTHEST_REACHED_INDEX_LT_OFFSET_FROM_FURTHEST,8,15
702,2185,8,1.3992162337232685,22.25248908996582,2.0320806503295898,23.651695251464844,2.0365011692047119,0.19988135414099223,0.19988803338903835,0.1999011835601178,0,2,20,7,INACTIVE,FURTHEST_REACHED_INDEX_LT_OFFSET_FROM_FURTHEST,8,15
703,2185,8,1.3992162337232685,22.25248908996582,2.0320806503295898,23.651695251464844,2.0365011692047119,0.19988135414099223,0.19988803338903835,0.1999011835601178,0,2,20,7,INACTIVE,FURTHEST_REACHED_INDEX_LT_OFFSET_FROM_FURTHEST,8,15
704,2185,8,1.3992162337232685,22.25248908996582,2.0320806503295898,23.651695251464844,2.0365011692047119,0.19988135414099223,0.19988803338903835,0.1999011835601178,0,2,20,7,INACTIVE,FURTHEST_REACHED_INDEX_LT_OFFSET_FROM_FURTHEST,8,15
705,2185,8,1.3992162337232685,22.25248908996582,2.0320806503295898,23.651695251464844,2.0365011692047119,0.19988135414099223,0.19988803338903835,0.1999011835601178,0,2,20,7,INACTIVE,FURTHEST_REACHED_INDEX_LT_OFFSET_FROM_FURTHEST,8,15
706,2185,8,1.3992162337232685,22.25248908996582,2.0320806503295898,23.651695251464844,2.0365011692047119,0.19988135414099223,0.19988803338903835,0.1999011835601178,0,2,20,7,INACTIVE,FURTHEST_REACHED_INDEX_LT_OFFSET_FROM_FURTHEST,8,15
707,2185,8,1.3992162337232685,22.25248908996582,2.0320806503295898,23.651695251464844,2.0365011692047119,0.19988135414099223,0.19988803338903835,0.1999011835601178,0,2,20,7,INACTIVE,FURTHEST_REACHED_INDEX_LT_OFFSET_FROM_FURTHEST,8,15
708,2185,8,1.3992162337232685,22.25248908996582,2.0320806503295898,23.651695251464844,2.0365011692047119,0.19988135414099223,0.19988803338903835,0.1999011835601178,0,2,20,7,INACTIVE,FURTHEST_REACHED_INDEX_LT_OFFSET_FROM_FURTHEST,8,15
709,2185,8,1.3992162337232685,22.25248908996582,2.0320806503295898,23.651695251464844,2.0365011692047119,0.19988135414099223,0.19988803338903835,0.1999011835601178,0,2,20,7,INACTIVE,FURTHEST_REACHED_INDEX_LT_OFFSET_FROM_FURTHEST,8,15
710,2185,8,1.3992162337232685,22.25248908996582,2.0320806503295898,23.651695251464844,2.0365011692047119,0.19988135414099223,0.19988803338903835,0.1999011835601178,0,2,20,7,INACTIVE,FURTHEST_REACHED_INDEX_LT_OFFSET_FROM_FURTHEST,8,15
711,2185,8,1.3992162337232685,22.25248908996582,2.0320806503295898,23.651695251464844,2.0365011692047119,0.19988135414099223,0.19988803338903835,0.1999011835601178,0,2,20,7,INACTIVE,FURTHEST_REACHED_INDEX_LT_OFFSET_FROM_FURTHEST,8,15
712,2185,8,1.3992162337232685,22.25248908996582,2.0320806503295898,23.651695251464844,2.0365011692047119,0.19988135414099223,0.19988803338903835,0.1999011835601178,0,2,20,7,INACTIVE,FURTHEST_REACHED_INDEX_LT_OFFSET_FROM_FURTHEST,8,15
713,2185,8,1.3992162337232685,22.25248908996582,2.0320806503295898,23.651695251464844,2.0365011692047119,0.19988135414099223,0.19988803338903835,0.1999011835601178,0,2,20,7,INACTIVE,FURTHEST_REACHED_INDEX_LT_OFFSET_FROM_FURTHEST,8,15
714,2185,8,1.3992162337232685,22.25248908996582,2.0320806503295898,23.651695251464844,2.0365011692047119,0.19988135414099223,0.19988803338903835,0.1999011835601178,0,2,20,7,INACTIVE,FURTHEST_REACHED_INDEX_LT_OFFSET_FROM_FURTHEST,8,15
715,2185,8,1.3992162337232685,22.25248908996582,2.0320806503295898,23.651695251464844,2.0365011692047119,0.19988135414099223,0.19988803338903835,0.1999011835601178,0,2,20,7,INACTIVE,FURTHEST_REACHED_INDEX_LT_OFFSET_FROM_FURTHEST,8,15
716,2185,8,1.3992162337232685,22.25248908996582,2.0320806503295898,23.651695251464844,2.0365011692047119,0.19988135414099223,0.19988803338903835,0.1999011835601178,0,2,20,7,INACTIVE,FURTHEST_REACHED_INDEX_LT_OFFSET_FROM_FURTHEST,8,15
717,2185,8,1.3992162337232685,22.25248908996582,2.0320806503295898,23.651695251464844,2.0365011692047119,0.19988135414099223,0.19988803338903835,0.1999011835601178,0,2,20,7,INACTIVE,FURTHEST_REACHED_INDEX_LT_OFFSET_FROM_FURTHEST,8,15
718,2185,8,1.3992162337232685,22.25248908996582,2.0320806503295898,23.651695251464844,2.0365011692047119,0.19988135414099223,0.19988803338903835,0.1999011835601178,0,2,20,7,INACTIVE,FURTHEST_REACHED_INDEX_LT_OFFSET_FROM_FURTHEST,8,15
719,2185,8,1.3992162337232685,22.25248908996582,2.0320806503295898,23.651695251464844,2.0365011692047119,0.19988135414099223,0.19988803338903835,0.1999011835601178,0,2,20,7,INACTIVE,FURTHEST_REACHED_INDEX_LT_OFFSET_FROM_FURTHEST,8,15
720,2185,8,1.3992162337232685,22.25248908996582,2.0320806503295898,23.651695251464844,2.0365011692047119,0.19988135414099223,0.19988803338903835,0.1999011835601178,0,2,20,7,INACTIVE,FURTHEST_REACHED_INDEX_LT_OFFSET_FROM_FURTHEST,8,15
721,2185,8,1.3992162337232685,22.25248908996582,2.0320806503295898,23.651695251464844,2.0365011692047119,0.19988135414099223,0.19988803338903835,0.1999011835601178,0,2,20,7,INACTIVE,FURTHEST_REACHED_INDEX_LT_OFFSET_FROM_FURTHEST,8,15
722,2185,8,1.3992162337232685,22.25248908996582,2.0320806503295898,23.651695251464844,2.0365011692047119,0.19988135414099223,0.19988803338903835,0.1999011835601178,0,2,20,7,INACTIVE,FURTHEST_REACHED_INDEX_LT_OFFSET_FROM_FURTHEST,8,15
723,2185,8,1.3992162337232685,22.25248908996582,2.0320806503295898,23.651695251464844,2.0365011692047119,0.19988135414099223,0.19988803338903835,0.1999011835601178,0,2,20,7,INACTIVE,FURTHEST_REACHED_INDEX_LT_OFFSET_FROM_FURTHEST,8,15
724,2185,8,1.3992162337232685,22.25248908996582,2.0320806503295898,23.651695251464844,2.0365011692047119,0.19988135414099223,0.19988803338903835,0.1999011835601178,0,2,20,7,INACTIVE,FURTHEST_REACHED_INDEX_LT_OFFSET_FROM_FURTHEST,8,15
725,2185,8,1.3992162337232685,22.25248908996582,2.0320806503295898,23.651695251464844,2.0365011692047119,0.19988135414099223,0.19988803338903835,0.1999011835601178,0,2,20,7,INACTIVE,FURTHEST_REACHED_INDEX_LT_OFFSET_FROM_FURTHEST,8,15
726,2185,8,1.3992162337232685,22.25248908996582,2.0320806503295898,23.651695251464844,2.0365011692047119,0.19988135414099223,0.19988803338903835,0.1999011835601178,0,2,20,7,INACTIVE,FURTHEST_REACHED_INDEX_LT_OFFSET_FROM_FURTHEST,8,15
727,2185,8,1.3992162337232685,22.25248908996582,2.0320806503295898,23.651695251464844,2.0365011692047119,0.19988135414099223,0.19988803338903835,0.1999011835601178,0,2,20,7,INACTIVE,FURTHEST_REACHED_INDEX_LT_OFFSET_FROM_FURTHEST,8,15
728,2185,8,1.3992162337232685,22.25248908996582,2.0320806503295898,23.651695251464844,2.0365011692047119,0.19988135414099223,0.19988803338903835,0.1999011835601178,0,2,20,7,INACTIVE,FURTHEST_REACHED_INDEX_LT_OFFSET_FROM_FURTHEST,8,15
729,2185,8,1.3992162337232685,22.25248908996582,2.0320806503295898,23.651695251464844,2.0365011692047119,0.19988135414099223,0.19988803338903835,0.1999011835601178,0,2,20,7,INACTIVE,FURTHEST_REACHED_INDEX_LT_OFFSET_FROM_FURTHEST,8,15
730,2185,8,1.3992162337232685,22.25248908996582,2.0320806503295898,23.651695251464844,2.0365011692047119,0.19988135414099223,0.19988803338903835,0.1999011835601178,0,2,20,7,INACTIVE,FURTHEST_REACHED_INDEX_LT_OFFSET_FROM_FURTHEST,8,15
731,2185,8,1.3992162337232685,22.25248908996582,2.0320806503295898,23.651695251464844,2.0365011692047119,0.19988135414099223,0.19988803338903835,0.1999011835601178,0,2,20,7,INACTIVE,FURTHEST_REACHED_INDEX_LT_OFFSET_FROM_FURTHEST,8,15
732,2185,8,1.3992368131417363,22.452371597290039,2.0321946144104004,23.851591110229492,2.0382049083709717,0.19988135414099223,0.19989097330596234,0.19990311923129894,0,1,20,7,INACTIVE,FURTHEST_REACHED_INDEX_LT_OFFSET_FROM_FURTHEST,9,16
733,2185,8,1.3992368131417363,22.452371597290039,2.0321946144104004,23.851591110229492,2.0382049083709717,0.19988135414099223,0.19989097330596234,0.19990311923129894,0,1,20,7,INACTIVE,FURTHEST_REACHED_INDEX_LT_OFFSET_FROM_FURTHEST,9,16
734,2185,8,1.3992368131417363,22.452371597290039,2.0321946144104004,23.851591110229492,2.0382049083709717,0.19988135414099223,0.19989097330596234,0.19990311923129894,0,1,20,7,INACTIVE,FURTHEST_REACHED_INDEX_LT_OFFSET_FROM_FURTHEST,9,16
735,2185,8,1.3992368131417363,22.452371597290039,2.0321946144104004,23.851591110229492,2.0382049083709717,0.19988135414099223,0.19989097330596234,0.19990311923129894,0,1,20,7,INACTIVE,FURTHEST_REACHED_INDEX_LT_OFFSET_FROM_FURTHEST,9,16
736,2185,8,1.3992368131417363,22.452371597290039,2.0321946144104004,23.851591110229492,2.0382049083709717,0.19988135414099223,0.19989097330596234,0.19990311923129894,0,1,20,7,INACTIVE,FURTHEST_REACHED_INDEX_LT_OFFSET_FROM_FURTHEST,9,16
737,2185,8,1.3992368131417363,22.452371597290039,2.0321946144104004,23.851591110229492,2.0382049083709717,0.19988135414099223,0.19989097330596234,0.19990311923129894,0,1,20,7,INACTIVE,FURTHEST_REACHED_INDEX_LT_OFFSET_FROM_FURTHEST,9,16
738,2185,8,1.3992368131417363,22.452371597290039,2.0321946144104004,23.851591110229492,2.0382049083709717,0.19988135414099223,0.19989097330596234,0.19990311923129894,0,1,20,7,INACTIVE,FURTHEST_REACHED_INDEX_LT_OFFSET_FROM_FURTHEST,9,16
739,2185,8,1.3992368131417363,22.452371597290039,2.0321946144104004,23.851591110229492,2.0382049083709717,0.19988135414099223,0.19989097330596234,0.19990311923129894,0,1,20,7,INACTIVE,FURTHEST_REACHED_INDEX_LT_OFFSET_FROM_FURTHEST,9,16
740,2185,8,1.3992368131417363,22.452371597290039,2.0321946144104004,23.851591110229492,2.0382049083709717,0.19988135414099223,0.19989097330596234,0.19990311923129894,0,1,20,7,INACTIVE,FURTHEST_REACHED_INDEX_LT_OFFSET_FROM_FURTHEST,9,16
741,2185,8,1.3992368131417363,22.452371597290039,2.0321946144104004,23.851591110229492,2.0382049083709717,0.19988135414099223,0.19989097330596234,0.19990311923129894,0,1,20,7,INACTIVE,FURTHEST_REACHED_INDEX_LT_OFFSET_FROM_FURTHEST,9,16
742,2185,8,1.3992368131417363,22.452371597290039,2.0321946144104004,23.851591110229492,2.0382049083709717,0.19988135414099223,0.19989097330596234,0.19990311923129894,0,1,20,7,INACTIVE,FURTHEST_REACHED_INDEX_LT_OFFSET_FROM_FURTHEST,9,16
743,2185,8,1.3992368131417363,22.452371597290039,2.0321946144104004,23.851591110229492,2.0382049083709717,0.19988135414099223,0.19989097330596234,0.19990311923129894,0,1,20,7,INACTIVE,FURTHEST_REACHED_INDEX_LT_OFFSET_FROM_FURTHEST,9,16
744,2185,8,1.3992368131417363,22.452371597290039,2.0321946144104004,23.851591110229492,2.0382049083709717,0.19988135414099223,0.19989097330596234,0.19990311923129894,0,1,20,7,INACTIVE,FURTHEST_REACHED_INDEX_LT_OFFSET_FROM_FURTHEST,9,16
745,2185,8,1.3992368131417363,22.452371597290039,2.0321946144104004,23.851591110229492,2.0382049083709717,0.19988135414099223,0.19989097330596234,0.19990311923129894,0,1,20,7,INACTIVE,FURTHEST_REACHED_INDEX_LT_OFFSET_FROM_FURTHEST,9,16
746,2185,8,1.3992368131417363,22.452371597290039,2.0321946144104004,23.851591110229492,2.0382049083709717,0.19988135414099223,0.19989097330596234,0.19990311923129894,0,1,20,7,INACTIVE,FURTHEST_REACHED_INDEX_LT_OFFSET_FROM_FURTHEST,9,16
747,2185,8,1.3992368131417363,22.452371597290039,2.0321946144104004,23.851591110229492,2.0382049083709717,0.19988135414099223,0.19989097330596234,0.19990311923129894,0,1,20,7,INACTIVE,FURTHEST_REACHED_INDEX_LT_OFFSET_FROM_FURTHEST,9,16
748,2185,8,1.3992368131417363,22.452371597290039,2.0321946144104004,23.851591110229492,2.0382049083709717,0.19988135414099223,0.19989097330596234,0.19990311923129894,0,1,20,7,INACTIVE,FURTHEST_REACHED_INDEX_LT_OFFSET_FROM_FURTHEST,9,16
749,2185,8,1.3992368131417363,22.452371597290039,2.0321946144104004,23.851591110229492,2.0382049083709717,0.19988135414099223,0.19989097330596234,0.19990311923129894,0,1,20,7,INACTIVE,FURTHEST_REACHED_INDEX_LT_OFFSET_FROM_FURTHEST,9,16
750,2185,8,1.3992368131417363,22.452371597290039,2.0321946144104004,23.851591110229492,2.0382049083709717,0.19988135414099223,0.19989097330596234,0.19990311923129894,0,1,20,7,INACTIVE,FURTHEST_REACHED_INDEX_LT_OFFSET_FROM_FURTHEST,9,16
751,2185,8,1.3992368131417363,22.452371597290039,2.0321946144104004,23.851591110229492,2.0382049083709717,0.19988135414099223,0.19989097330596234,0.19990311923129894,0,1,20,7,INACTIVE,FURTHEST_REACHED_INDEX_LT_OFFSET_FROM_FURTHEST,9,16
752,2185,8,1.3992368131417363,22.452371597290039,2.0321946144104004,23.851591110229492,2.0382049083709717,0.19988135414099223,0.19989097330596234,0.19990311923129894,0,1,20,7,INACTIVE,FURTHEST_REACHED_INDEX_LT_OFFSET_FROM_FURTHEST,9,16
753,2185,8,1.3992368131417363,22.452371597290039,2.0321946144104004,23.851591110229492,2.0382049083709717,0.19988135414099223,0.19989097330596234,0.19990311923129894,0,1,20,7,INACTIVE,FURTHEST_REACHED_INDEX_LT_OFFSET_FROM_FURTHEST,9,16
754,2185,8,1.3992368131417363,22.452371597290039,2.0321946144104004,23.851591110229492,2.0382049083709717,0.19988135414099223,0.19989097330596234,0.19990311923129894,0,1,20,7,INACTIVE,FURTHEST_REACHED_INDEX_LT_OFFSET_FROM_FURTHEST,9,16
755,2185,8,1.3992368131417363,22.452371597290039,2.0321946144104004,23.851591110229492,2.0382049083709717,0.19988135414099223,0.19989097330596234,0.19990311923129894,0,1,20,7,INACTIVE,FURTHEST_REACHED_INDEX_LT_OFFSET_FROM_FURTHEST,9,16
756,2185,8,1.3992368131417363,22.452371597290039,2.0321946144104004,23.851591110229492,2.0382049083709717,0.19988135414099223,0.19989097330596234,0.19990311923129894,0,1,20,7,INACTIVE,FURTHEST_REACHED_INDEX_LT_OFFSET_FROM_FURTHEST,9,16
757,2185,8,1.3992368131417363,22.452371597290039,2.0321946144104004,23.851591110229492,2.0382049083709717,0.19988135414099223,0.19989097330596234,0.19990311923129894,0,1,20,7,INACTIVE,FURTHEST_REACHED_INDEX_LT_OFFSET_FROM_FURTHEST,9,16
758,2185,8,1.3992368131417363,22.452371597290039,2.0321946144104004,23.851591110229492,2.0382049083709717,0.19988135414099223,0.19989097330596234,0.19990311923129894,0,1,20,7,INACTIVE,FURTHEST_REACHED_INDEX_LT_OFFSET_FROM_FURTHEST,9,16
759,2185,8,1.3992368131417363,22.452371597290039,2.0321946144104004,23.851591110229492,2.0382049083709717,0.19988135414099223,0.19989097330596234,0.19990311923129894,0,1,20,7,INACTIVE,FURTHEST_REACHED_INDEX_LT_OFFSET_FROM_FURTHEST,9,16
760,2185,8,1.3992368131417363,22.452371597290039,2.0321946144104004,23.851591110229492,2.0382049083709717,0.19988135414099223,0.19989097330596234,0.19990311923129894,0,1,20,7,INACTIVE,FURTHEST_REACHED_INDEX_LT_OFFSET_FROM_FURTHEST,9,16
761,2185,8,1.3992368131417363,22.452371597290039,2.0321946144104004,23.851591110229492,2.0382049083709717,0.19988135414099223,0.19989097330596234,0.19990311923129894,0,1,20,7,INACTIVE,FURTHEST_REACHED_INDEX_LT_OFFSET_FROM_FURTHEST,9,16
762,2185,8,1.3992368131417363,22.452371597290039,2.0321946144104004,23.851591110229492,2.0382049083709717,0.19988135414099223,0.19989097330596234,0.19990311923129894,0,1,20,7,INACTIVE,FURTHEST_REACHED_INDEX_LT_OFFSET_FROM_FURTHEST,9,16
763,2185,8,1.3992368131417363,22.452371597290039,2.0321946144104004,23.851591110229492,2.0382049083709717,0.19988135414099223,0.19989097330596234,0.19990311923129894,0,1,20,7,INACTIVE,FURTHEST_REACHED_INDEX_LT_OFFSET_FROM_FURTHEST,9,16
764,2185,8,1.3992368131417363,22.452371597290039,2.0321946144104004,23.851591110229492,2.0382049083709717,0.19988135414099223,0.19989097330596234,0.19990311923129894,0,1,20,7,INACTIVE,FURTHEST_REACHED_INDEX_LT_OFFSET_FROM_FURTHEST,9,16
765,2185,8,1.3992368131417363,22.452371597290039,2.0321946144104004,23.851591110229492,2.0382049083709717,0.19988135414099223,0.19989097330596234,0.19990311923129894,0,1,20,7,INACTIVE,FURTHEST_REACHED_INDEX_LT_OFFSET_FROM_FURTHEST,9,16
766,2185,8,1.3992368131417363,22.452371597290039,2.0321946144104004,23.851591110229492,2.0382049083709717,0.19988135414099223,0.19989097330596234,0.19990311923129894,0,1,20,7,INACTIVE,FURTHEST_REACHED_INDEX_LT_OFFSET_FROM_FURTHEST,9,16
767,2185,8,1.3992368131417363,22.452371597290039,2.0321946144104004,23.851591110229492,2.0382049083709717,0.19988135414099223,0.19989097330596234,0.19990311923129894,0,1,20,7,INACTIVE,FURTHEST_REACHED_INDEX_LT_OFFSET_FROM_FURTHEST,9,16
768,2185,8,1.3992368131417363,22.452371597290039,2.0321946144104004,23.851591110229492,2.0382049083709717,0.19988135414099223,0.19989097330596234,0.19990311923129894,0,1,20,7,INACTIVE,FURTHEST_REACHED_INDEX_LT_OFFSET_FROM_FURTHEST,9,16
769,2185,8,1.3992368131417363,22.452371597290039,2.0321946144104004,23.851591110229492,2.0382049083709717,0.19988135414099223,0.19989097330596234,0.19990311923129894,0,1,20,7,INACTIVE,FURTHEST_REACHED_INDEX_LT_OFFSET_FROM_FURTHEST,9,16
770,2185,8,1.3992368131417363,22.452371597290039,2.0321946144104004,23.851591110229492,2.0382049083709717,0.19988135414099223,0.19989097330596234,0.19990311923129894,0,1,20,7,INACTIVE,FURTHEST_REACHED_INDEX_LT_OFFSET_FROM_FURTHEST,9,16
771,2185,8,1.3992368131417363,22.452371597290039,2.0321946144104004,23.851591110229492,2.0382049083709717,0.19988135414099223,0.19989097330596234,0.19990311923129894,0,1,20,7,INACTIVE,FURTHEST_REACHED_INDEX_LT_OFFSET_FROM_FURTHEST,9,16
772,2185,8,1.3992368131417363,22.452371597290039,2.0321946144104004,23.851591110229492,2.0382049083709717,0.19988135414099223,0.19989097330596234,0.19990311923129894,0,1,20,7,INACTIVE,FURTHEST_REACHED_INDEX_LT_OFFSET_FROM_FURTHEST,9,16
773,2185,8,1.3992368131417363,22.452371597290039,2.0321946144104004,23.851591110229492,2.0382049083709717,0.19988135414099223,0.19989097330596234,0.19990311923129894,0,1,20,7,INACTIVE,FURTHEST_REACHED_INDEX_LT_OFFSET_FROM_FURTHEST,9,16
774,2185,8,1.3992368131417363,22.452371597290039,2.0321946144104004,23.851591110229492,2.0382049083709717,0.19988135414099223,0.19989097330596234,0.19990311923129894,0,1,20,7,INACTIVE,FURTHEST_REACHED_INDEX_LT_OFFSET_FROM_FURTHEST,9,16
775,2185,8,1.3992368131417363,22.452371597290039,2.0321946144104004,23.851591110229492,2.0382049083709717,0.19988135414099223,0.19989097330596234,0.19990311923129894,0,1,20,7,INACTIVE,FURTHEST_REACHED_INDEX_LT_OFFSET_FROM_FURTHEST,9,16
776,2185,8,1.3992368131417363,22.452371597290039,2.0321946144104004,23.851591110229492,2.0382049083709717,0.19988135414099223,0.19989097330596234,0.19990311923129894,0,2,20,7,INACTIVE,FURTHEST_REACHED_INDEX_LT_OFFSET_FROM_FURTHEST,9,16
777,2185,8,1.3992368131417363,22.452371597290039,2.0321946144104004,23.851591110229492,2.0382049083709717,0.19988135414099223,0.19989097330596234,0.19990311923129894,0,2,20,7,INACTIVE,FURTHEST_REACHED_INDEX_LT_OFFSET_FROM_FURTHEST,9,16
778,2185,8,1.3992368131417363,22.452371597290039,2.0321946144104004,23.851591110229492,2.0382049083709717,0.19988135414099223,0.19989097330596234,0.19990311923129894,0,2,20,7,INACTIVE,FURTHEST_REACHED_INDEX_LT_OFFSET_FROM_FURTHEST,9,16
779,2185,8,1.3992368131417363,22.452371597290039,2.0321946144104004,23.851591110229492,2.0382049083709717,0.19988135414099223,0.19989097330596234,0.19990311923129894,0,2,20,7,INACTIVE,FURTHEST_REACHED_INDEX_LT_OFFSET_FROM_FURTHEST,9,16
780,2185,8,1.3992368131417363,22.452371597290039,2.0321946144104004,23.851591110229492,2.0382049083709717,0.19988135414099223,0.19989097330596234,0.19990311923129894,0,2,20,7,INACTIVE,FURTHEST_REACHED_INDEX_LT_OFFSET_FROM_FURTHEST,9,16
781,2185,8,1.3992368131417363,22.452371597290039,2.0321946144104004,23.851591110229492,2.0382049083709717,0.19988135414099223,0.19989097330596234,0.19990311923129894,0,2,20,7,INACTIVE,FURTHEST_REACHED_INDEX_LT_OFFSET_FROM_FURTHEST,9,16
782,2185,8,1.3992368131417363,22.452371597290039,2.0321946144104004,23.851591110229492,2.0382049083709717,0.19988135414099223,0.19989097330596234,0.19990311923129894,0,2,20,7,INACTIVE,FURTHEST_REACHED_INDEX_LT_OFFSET_FROM_FURTHEST,9,16
783,2185,8,1.3992368131417363,22.452371597290039,2.0321946144104004,23.851591110229492,2.0382049083709717,0.19988135414099223,0.19989097330596234,0.19990311923129894,0,2,20,7,INACTIVE,FURTHEST_REACHED_INDEX_LT_OFFSET_FROM_FURTHEST,9,16
784,2185,8,1.3992368131417363,22.452371597290039,2.0321946144104004,23.851591110229492,2.0382049083709717,0.19988135414099223,0.19989097330596234,0.19990311923129894,0,2,20,7,INACTIVE,FURTHEST_REACHED_INDEX_LT_OFFSET_FROM_FURTHEST,9,16
785,2185,8,1.3992368131417363,22.452371597290039,2.0321946144104004,23.851591110229492,2.0382049083709717,0.19988135414099223,0.19989097330596234,0.19990311923129894,0,2,20,7,INACTIVE,FURTHEST_REACHED_INDEX_LT_OFFSET_FROM_FURTHEST,9,16
786,2185,8,1.3992368131417363,22.452371597290039,2.0321946144104004,23.851591110229492,2.0382049083709717,0.19988135414099223,0.19989097330596234,0.19990311923129894,0,2,20,7,INACTIVE,FURTHEST_REACHED_INDEX_LT_OFFSET_FROM_FURTHEST,9,16
787,2185,8,1.3992368131417363,22.452371597290039,2.0321946144104004,23.851591110229492,2.0382049083709717,0.19988135414099223,0.19989097330596234,0.19990311923129894,0,2,20,7,INACTIVE,FURTHEST_REACHED_INDEX_LT_OFFSET_FROM_FURTHEST,9,16
788,2185,8,1.3992368131417363,22.452371597290039,2.0321946144104004,23.851591110229492,2.0382049083709717,0.19988135414099223,0.19989097330596234,0.19990311923129894,0,2,20,7,INACTIVE,FURTHEST_REACHED_INDEX_LT_OFFSET_FROM_FURTHEST,9,16
789,2185,8,1.3992368131417363,22.452371597290039,2.0321946144104004,23.851591110229492,2.0382049083709717,0.19988135414099223,0.19989097330596234,0.19990311923129894,0,2,20,7,INACTIVE,FURTHEST_REACHED_INDEX_LT_OFFSET_FROM_FURTHEST,9,16
790,2185,8,1.3992368131417363,22.452371597290039,2.0321946144104004,23.851591110229492,2.0382049083709717,0.19988135414099223,0.19989097330596234,0.19990311923129894,0,2,20,7,INACTIVE,FURTHEST_REACHED_INDEX_LT_OFFSET_FROM_FURTHEST,9,16
791,2185,8,1.3992368131417363,22.452371597290039,2.0321946144104004,23.851591110229492,2.0382049083709717,0.19988135414099223,0.19989097330596234,0.19990311923129894,0,2,20,7,INACTIVE,FURTHEST_REACHED_INDEX_LT_OFFSET_FROM_FURTHEST,9,16
792,2185,8,1.3992368131417363,22.452371597290039,2.0321946144104004,23.851591110229492,2.0382049083709717,0.19988135414099223,0.19989097330596234,0.19990311923129894,0,2,20,7,INACTIVE,FURTHEST_REACHED_INDEX_LT_OFFSET_FROM_FURTHEST,9,16
793,2185,8,1.3992368131417363,22.452371597290039,2.0321946144104004,23.851591110229492,2.0382049083709717,0.19988135414099223,0.19989097330596234,0.19990311923129894,0,2,20,7,INACTIVE,FURTHEST_REACHED_INDEX_LT_OFFSET_FROM_FURTHEST,9,16
794,2185,8,1.3992368131417363,22.452371597290039,2.0321946144104004,23.851591110229492,2.0382049083709717,0.19988135414099223,0.19989097330596234,0.19990311923129894,0,2,20,7,INACTIVE,FURTHEST_REACHED_INDEX_LT_OFFSET_FROM_FURTHEST,9,16
795,2185,8,1.3992368131417363,22.452371597290039,2.0321946144104004,23.851591110229492,2.0382049083709717,0.19988135414099223,0.19989097330596234,0.19990311923129894,0,2,20,7,INACTIVE,FURTHEST_REACHED_INDEX_LT_OFFSET_FROM_FURTHEST,9,16
796,2185,8,1.3992368131417363,22.452371597290039,2.0321946144104004,23.851591110229492,2.0382049083709717,0.19988135414099223,0.19989097330596234,0.19990311923129894,0,2,20,7,INACTIVE,FURTHEST_REACHED_INDEX_LT_OFFSET_FROM_FURTHEST,9,16
797,2185,8,1.3992368131417363,22.452371597290039,2.0321946144104004,23.851591110229492,2.0382049083709717,0.19988135414099223,0.19989097330596234,0.19990311923129894,0,2,20,7,INACTIVE,FURTHEST_REACHED_INDEX_LT_OFFSET_FROM_FURTHEST,9,16
798,2185,8,1.3992368131417363,22.452371597290039,2.0321946144104004,23.851591110229492,2.0382049083709717,0.19988135414099223,0.19989097330596234,0.19990311923129894,0,2,20,7,INACTIVE,FURTHEST_REACHED_INDEX_LT_OFFSET_FROM_FURTHEST,9,16
799,2185,8,1.3992368131417363,22.452371597290039,2.0321946144104004,23.851591110229492,2.0382049083709717,0.19988135414099223,0.19989097330596234,0.19990311923129894,0,2,20,7,INACTIVE,FURTHEST_REACHED_INDEX_LT_OFFSET_FROM_FURTHEST,9,16
800,2185,8,1.3992368131417363,22.452371597290039,2.0321946144104004,23.851591110229492,2.0382049083709717,0.19988135414099223,0.19989097330596234,0.19990311923129894,0,2,20,7,INACTIVE,FURTHEST_REACHED_INDEX_LT_OFFSET_FROM_FURTHEST,9,16
801,2185,8,1.3992368131417363,22.452371597290039,2.0321946144104004,23.851591110229492,2.0382049083709717,0.19988135414099223,0.19989097330596234,0.19990311923129894,0,2,20,7,INACTIVE,FURTHEST_REACHED_INDEX_LT_OFFSET_FROM_FURTHEST,9,16
802,2185,8,1.3992368131417363,22.452371597290039,2.0321946144104004,23.851591110229492,2.0382049083709717,0.19988135414099223,0.19989097330596234,0.19990311923129894,0,2,20,7,INACTIVE,FURTHEST_REACHED_INDEX_LT_OFFSET_FROM_FURTHEST,9,16
803,2185,8,1.3992368131417363,22.452371597290039,2.0321946144104004,23.851591110229492,2.0382049083709717,0.19988135414099223,0.19989097330596234,0.19990311923129894,0,2,20,7,INACTIVE,FURTHEST_REACHED_INDEX_LT_OFFSET_FROM_FURTHEST,9,16
804,2185,8,1.3992368131417363,22.452371597290039,2.0321946144104004,23.851591110229492,2.0382049083709717,0.19988135414099223,0.19989097330596234,0.19990311923129894,0,2,20,7,INACTIVE,FURTHEST_REACHED_INDEX_LT_OFFSET_FROM_FURTHEST,9,16
805,2185,8,1.3992368131417363,22.452371597290039,2.0321946144104004,23.851591110229492,2.0382049083709717,0.19988135414099223,0.19989097330596234,0.19990311923129894,0,2,20,7,INACTIVE,FURTHEST_REACHED_INDEX_LT_OFFSET_FROM_FURTHEST,9,16
806,2185,8,1.3992368131417363,22.452371597290039,2.0321946144104004,23.851591110229492,2.0382049083709717,0.19988135414099223,0.19989097330596234,0.19990311923129894,0,2,20,7,INACTIVE,FURTHEST_REACHED_INDEX_LT_OFFSET_FROM_FURTHEST,9,16
807,2185,8,1.3992368131417363,22.452371597290039,2.0321946144104004,23.851591110229492,2.0382049083709717,0.19988135414099223,0.19989097330596234,0.19990311923129894,0,2,20,7,INACTIVE,FURTHEST_REACHED_INDEX_LT_OFFSET_FROM_FURTHEST,9,16
808,2185,8,1.3992368131417363,22.452371597290039,2.0321946144104004,23.851591110229492,2.0382049083709717,0.19988135414099223,0.19989097330596234,0.19990311923129894,0,2,20,7,INACTIVE,FURTHEST_REACHED_INDEX_LT_OFFSET_FROM_FURTHEST,9,16
809,2185,8,1.3992368131417363,22.452371597290039,2.0321946144104004,23.851591110229492,2.0382049083709717,0.19988135414099223,0.19989097330596234,0.19990311923129894,0,2,20,7,INACTIVE,FURTHEST_REACHED_INDEX_LT_OFFSET_FROM_FURTHEST,9,16
810,2185,8,1.3992368131417363,22.452371597290039,2.0321946144104004,23.851591110229492,2.0382049083709717,0.19988135414099223,0.19989097330596234,0.19990311923129894,0,2,20,7,INACTIVE,FURTHEST_REACHED_INDEX_LT_OFFSET_FROM_FURTHEST,9,16
811,2185,8,1.3992368131417363,22.452371597290039,2.0321946144104004,23.851591110229492,2.0382049083709717,0.19988135414099223,0.19989097330596234,0.19990311923129894,0,2,20,7,INACTIVE,FURTHEST_REACHED_INDEX_LT_OFFSET_FROM_FURTHEST,9,16
812,2185,8,1.3992368131417363,22.452371597290039,2.0321946144104004,23.851591110229492,2.0382049083709717,0.19988135414099223,0.19989097330596234,0.19990311923129894,0,2,20,7,INACTIVE,FURTHEST_REACHED_INDEX_LT_OFFSET_FROM_FURTHEST,9,16
813,2185,8,1.3992247510690599,22.652267456054688,2.0324118137359619,24.051464080810547,2.0402965545654297,0.19988135414099223,0.19988925015272282,0.19990311923129894,0,1,20,7,INACTIVE,FURTHEST_REACHED_INDEX_LT_OFFSET_FROM_FURTHEST,10,17
814,2185,8,1.3992247510690599,22.652267456054688,2.0324118137359619,24.051464080810547,2.0402965545654297,0.19988135414099223,0.19988925015272282,0.19990311923129894,0,1,20,7,INACTIVE,FURTHEST_REACHED_INDEX_LT_OFFSET_FROM_FURTHEST,10,17
815,2185,8,1.3992247510690599,22.652267456054688,2.0324118137359619,24.051464080810547,2.0402965545654297,0.19988135414099223,0.19988925015272282,0.19990311923129894,0,1,20,7,INACTIVE,FURTHEST_REACHED_INDEX_LT_OFFSET_FROM_FURTHEST,10,17
816,2185,8,1.3992247510690599,22.652267456054688,2.0324118137359619,24.051464080810547,2.0402965545654297,0.19988135414099223,0.19988925015272282,0.19990311923129894,0,1,20,7,INACTIVE,FURTHEST_REACHED_INDEX_LT_OFFSET_FROM_FURTHEST,10,17
817,2185,8,1.3992247510690599,22.652267456054688,2.0324118137359619,24.051464080810547,2.0402965545654297,0.19988135414099223,0.19988925015272282,0.19990311923129894,0,1,20,7,INACTIVE,FURTHEST_REACHED_INDEX_LT_OFFSET_FROM_FURTHEST,10,17
818,2185,8,1.3992247510690599,22.652267456054688,2.0324118137359619,24.051464080810547,2.0402965545654297,0.19988135414099223,0.19988925015272282,0.19990311923129894,0,1,20,7,INACTIVE,FURTHEST_REACHED_INDEX_LT_OFFSET_FROM_FURTHEST,10,17
819,2185,8,1.3992247510690599,22.652267456054688,2.0324118137359619,24.051464080810547,2.0402965545654297,0.19988135414099223,0.19988925015272282,0.19990311923129894,0,1,20,7,INACTIVE,FURTHEST_REACHED_INDEX_LT_OFFSET_FROM_FURTHEST,10,17
820,2185,8,1.3992247510690599,22.652267456054688,2.0324118137359619,24.051464080810547,2.0402965545654297,0.19988135414099223,0.19988925015272282,0.19990311923129894,0,1,20,7,INACTIVE,FURTHEST_REACHED_INDEX_LT_OFFSET_FROM_FURTHEST,10,17
821,2185,8,1.3992247510690599,22.652267456054688,2.0324118137359619,24.051464080810547,2.0402965545654297,0.19988135414099223,0.19988925015272282,0.19990311923129894,0,1,20,7,INACTIVE,FURTHEST_REACHED_INDEX_LT_OFFSET_FROM_FURTHEST,10,17
822,2185,8,1.3992247510690599,22.652267456054688,2.0324118137359619,24.051464080810547,2.0402965545654297,0.19988135414099223,0.19988925015272282,0.19990311923129894,0,1,20,7,INACTIVE,FURTHEST_REACHED_INDEX_LT_OFFSET_FROM_FURTHEST,10,17
823,2185,8,1.3992247510690599,22.652267456054688,2.0324118137359619,24.051464080810547,2.0402965545654297,0.19988135414099223,0.19988925015272282,0.19990311923129894,0,1,20,7,INACTIVE,FURTHEST_REACHED_INDEX_LT_OFFSET_FROM_FURTHEST,10,17
824,2185,8,1.3992247510690599,22.652267456054688,2.0324118137359619,24.051464080810547,2.0402965545654297,0.19988135414099223,0.19988925015272282,0.19990311923129894,0,1,20,7,INACTIVE,FURTHEST_REACHED_INDEX_LT_OFFSET_FROM_FURTHEST,10,17
825,2185,8,1.3992247510690599,22.652267456054688,2.0324118137359619,24.051464080810547,2.0402965545654297,0.19988135414099223,0.19988925015272282,0.19990311923129894,0,1,20,7,INACTIVE,FURTHEST_REACHED_INDEX_LT_OFFSET_FROM_FURTHEST,10,17
826,2185,8,1.3992247510690599,22.652267456054688,2.0324118137359619,24.051464080810547,2.0402965545654297,0.19988135414099223,0.19988925015272282,0.19990311923129894,0,1,20,7,INACTIVE,FURTHEST_REACHED_INDEX_LT_OFFSET_FROM_FURTHEST,10,17
827,2185,8,1.3992247510690599,22.652267456054688,2.0324118137359619,24.051464080810547,2.0402965545654297,0.19988135414099223,0.19988925015272282,0.19990311923129894,0,1,20,7,INACTIVE,FURTHEST_REACHED_INDEX_LT_OFFSET_FROM_FURTHEST,10,17
828,2185,8,1.3992247510690599,22.652267456054688,2.0324118137359619,24.051464080810547,2.0402965545654297,0.19988135414099223,0.19988925015272282,0.19990311923129894,0,1,20,7,INACTIVE,FURTHEST_REACHED_INDEX_LT_OFFSET_FROM_FURTHEST,10,17
829,2185,8,1.3992247510690599,22.652267456054688,2.0324118137359619,24.051464080810547,2.0402965545654297,0.19988135414099223,0.19988925015272282,0.19990311923129894,0,1,20,7,INACTIVE,FURTHEST_REACHED_INDEX_LT_OFFSET_FROM_FURTHEST,10,17
830,2185,8,1.3992247510690599,22.652267456054688,2.0324118137359619,24.051464080810547,2.0402965545654297,0.19988135414099223,0.19988925015272282,0.19990311923129894,0,1,20,7,INACTIVE,FURTHEST_REACHED_INDEX_LT_OFFSET_FROM_FURTHEST,10,17
831,2185,8,1.3992247510690599,22.652267456054688,2.0324118137359619,24.051464080810547,2.0402965545654297,0.19988135414099223,0.19988925015272282,0.19990311923129894,0,1,20,7,INACTIVE,FURTHEST_REACHED_INDEX_LT_OFFSET_FROM_FURTHEST,10,17
832,2185,8,1.3992247510690599,22.652267456054688,2.0324118137359619,24.051464080810547,2.0402965545654297,0.19988135414099223,0.19988925015272282,0.19990311923129894,0,1,20,7,INACTIVE,FURTHEST_REACHED_INDEX_LT_OFFSET_FROM_FURTHEST,10,17
833,2185,8,1.3992247510690599,22.652267456054688,2.0324118137359619,24.051464080810547,2.0402965545654297,0.19988135414099223,0.19988925015272282,0.19990311923129894,0,1,20,7,INACTIVE,FURTHEST_REACHED_INDEX_LT_OFFSET_FROM_FURTHEST,10,17
834,2185,8,1.3992247510690599,22.652267456054688,2.0324118137359619,24.051464080810547,2.0402965545654297,0.19988135414099223,0.19988925015272282,0.19990311923129894,0,1,20,7,INACTIVE,FURTHEST_REACHED_INDEX_LT_OFFSET_FROM_FURTHEST,10,17
835,2185,8,1.3992247510690599,22.652267456054688,2.0324118137359619,24.051464080810547,2.0402965545654297,0.19988135414099223,0.19988925015272282,0.19990311923129894,0,1,20,7,INACTIVE,FURTHEST_REACHED_INDEX_LT_OFFSET_FROM_FURTHEST,10,17
836,2185,8,1.3992247510690599,22.652267456054688,2.0324118137359619,24.051464080810547,2.0402965545654297,0.19988135414099223,0.19988925015272282,0.19990311923129894,0,1,20,7,INACTIVE,FURTHEST_REACHED_INDEX_LT_OFFSET_FROM_FURTHEST,10,17
837,2185,8,1.3992247510690599,22.652267456054688,2.0324118137359619,24.051464080810547,2.0402965545654297,0.19988135414099223,0.19988925015272282,0.19990311923129894,0,1,20,7,INACTIVE,FURTHEST_REACHED_INDEX_LT_OFFSET_FROM_FURTHEST,10,17
838,2185,8,1.3992247510690599,22.652267456054688,2.0324118137359619,24.051464080810547,2.0402965545654297,0.19988135414099223,0.19988925015272282,0.19990311923129894,0,1,20,7,INACTIVE,FURTHEST_REACHED_INDEX_LT_OFFSET_FROM_FURTHEST,10,17
839,2185,8,1.3992247510690599,22.652267456054688,2.0324118137359619,24.051464080810547,2.0402965545654297,0.19988135414099223,0.19988925015272282,0.19990311923129894,0,1,20,7,INACTIVE,FURTHEST_REACHED_INDEX_LT_OFFSET_FROM_FURTHEST,10,17
840,2185,8,1.3992247510690599,22.652267456054688,2.0324118137359619,24.051464080810547,2.0402965545654297,0.19988135414099223,0.19988925015272282,0.19990311923129894,0,1,20,7,INACTIVE,FURTHEST_REACHED_INDEX_LT_OFFSET_FROM_FURTHEST,10,17
841,2185,8,1.3992247510690599,22.652267456054688,2.0324118137359619,24.051464080810547,2.0402965545654297,0.19988135414099223,0.19988925015272282,0.19990311923129894,0,1,20,7,INACTIVE,FURTHEST_REACHED_INDEX_LT_OFFSET_FROM_FURTHEST,10,17
842,2185,8,1.3992247510690599,22.652267456054688,2.0324118137359619,24.051464080810547,2.0402965545654297,0.19988135414099223,0.19988925015272282,0.19990311923129894,0,1,20,7,INACTIVE,FURTHEST_REACHED_INDEX_LT_OFFSET_FROM_FURTHEST,10,17
843,2185,8,1.3992247510690599,22.652267456054688,2.0324118137359619,24.051464080810547,2.0402965545654297,0.19988135414099223,0.19988925015272282,0.19990311923129894,0,1,20,7,INACTIVE,FURTHEST_REACHED_INDEX_LT_OFFSET_FROM_FURTHEST,10,17
844,2185,8,1.3992247510690599,22.652267456054688,2.0324118137359619,24.051464080810547,2.0402965545654297,0.19988135414099223,0.19988925015272282,0.19990311923129894,0,1,20,7,INACTIVE,FURTHEST_REACHED_INDEX_LT_OFFSET_FROM_FURTHEST,10,17
845,2185,8,1.3992247510690599,22.652267456054688,2.0324118137359619,24.051464080810547,2.0402965545654297,0.19988135414099223,0.19988925015272282,0.19990311923129894,0,1,20,7,INACTIVE,FURTHEST_REACHED_INDEX_LT_OFFSET_FROM_FURTHEST,10,17
846,2185,8,1.3992247510690599,22.652267456054688,2.0324118137359619,24.051464080810547,2.0402965545654297,0.19988135414099223,0.19988925015272282,0.19990311923129894,0,1,20,7,INACTIVE,FURTHEST_REACHED_INDEX_LT_OFFSET_FROM_FURTHEST,10,17
847,2185,8,1.3992247510690599,22.652267456054688,2.0324118137359619,24.051464080810547,2.0402965545654297,0.19988135414099223,0.19988925015272282,0.19990311923129894,0,1,20,7,INACTIVE,FURTHEST_REACHED_INDEX_LT_OFFSET_FROM_FURTHEST,10,17
848,2185,8,1.3992247510690599,22.652267456054688,2.0324118137359619,24.051464080810547,2.0402965545654297,0.19988135414099223,0.19988925015272282,0.19990311923129894,0,1,20,7,INACTIVE,FURTHEST_REACHED_INDEX_LT_OFFSET_FROM_FURTHEST,10,17
849,2185,8,1.3992247510690599,22.652267456054688,2.0324118137359619,24.051464080810547,2.0402965545654297,0.19988135414099223,0.19988925015272282,0.19990311923129894,0,1,20,7,INACTIVE,FURTHEST_REACHED_INDEX_LT_OFFSET_FROM_FURTHEST,10,17
850,2185,8,1.3992247510690599,22.652267456054688,2.0324118137359619,24.051464080810547,2.0402965545654297,0.19988135414099223,0.19988925015272282,0.19990311923129894,0,1,20,7,INACTIVE,FURTHEST_REACHED_INDEX_LT_OFFSET_FROM_FURTHEST,10,17
851,2185,8,1.3992247510690599,22.652267456054688,2.0324118137359619,24.051464080810547,2.0402965545654297,0.19988135414099223,0.19988925015272282,0.19990311923129894,0,1,20,7,INACTIVE,FURTHEST_REACHED_INDEX_LT_OFFSET_FROM_FURTHEST,10,17
852,2185,8,1.3992247510690599,22.652267456054688,2.0324118137359619,24.051464080810547,2.0402965545654297,0.19988135414099223,0.19988925015272282,0.19990311923129894,0,1,20,7,INACTIVE,FURTHEST_REACHED_INDEX_LT_OFFSET_FROM_FURTHEST,10,17
853,2185,8,1.3992247510690599,22.652267456054688,2.0324118137359619,24.051464080810547,2.0402965545654297,0.19988135414099223,0.19988925015272282,0.19990311923129894,0,1,20,7,INACTIVE,FURTHEST_REACHED_INDEX_LT_OFFSET_FROM_FURTHEST,10,17
854,2185,8,1.3992247510690599,22.652267456054688,2.0324118137359619,24.051464080810547,2.0402965545654297,0.19988135414099223,0.19988925015272282,0.19990311923129894,0,1,20,7,INACTIVE,FURTHEST_REACHED_INDEX_LT_OFFSET_FROM_FURTHEST,10,17
855,2185,8,1.3992247510690599,22.652267456054688,2.0324118137359619,24.051464080810547,2.0402965545654297,0.19988135414099223,0.19988925015272282,0.19990311923129894,0,1,20,7,INACTIVE,FURTHEST_REACHED_INDEX_LT_OFFSET_FROM_FURTHEST,10,17
856,2185,8,1.3992247510690599,22.652267456054688,2.0324118137359619,24.051464080810547,2.0402965545654297,0.19988135414099223,0.19988925015272282,0.19990311923129894,0,1,20,7,INACTIVE,FURTHEST_REACHED_INDEX_LT_OFFSET_FROM_FURTHEST,10,17
857,2185,8,1.3992247510690599,22.652267456054688,2.0324118137359619,24.051464080810547,2.0402965545654297,0.19988135414099223,0.19988925015272282,0.19990311923129894,0,1,20,7,INACTIVE,FURTHEST_REACHED_INDEX_LT_OFFSET_FROM_FURTHEST,10,17
858,2185,8,1.3992247510690599,22.652267456054688,2.0324118137359619,24.051464080810547,2.0402965545654297,0.19988135414099223,0.19988925015272282,0.19990311923129894,0,2,20,7,INACTIVE,FURTHEST_REACHED_INDEX_LT_OFFSET_FROM_FURTHEST,10,17
859,2185,8,1.3992247510690599,22.652267456054688,2.0324118137359619,24.051464080810547,2.0402965545654297,0.19988135414099223,0.19988925015272282,0.19990311923129894,0,2,20,7,INACTIVE,FURTHEST_REACHED_INDEX_LT_OFFSET_FROM_FURTHEST,10,17
860,2185,8,1.3992247510690599,22.652267456054688,2.0324118137359619,24.051464080810547,2.0402965545654297,0.19988135414099223,0.19988925015272282,0.19990311923129894,0,2,20,7,INACTIVE,FURTHEST_REACHED_INDEX_LT_OFFSET_FROM_FURTHEST,10,17
861,2185,8,1.3992247510690599,22.652267456054688,2.0324118137359619,24.051464080810547,2.0402965545654297,0.19988135414099223,0.19988925015272282,0.19990311923129894,0,2,20,7,INACTIVE,FURTHEST_REACHED_INDEX_LT_OFFSET_FROM_FURTHEST,10,17
862,2185,8,1.3992247510690599,22.652267456054688,2.0324118137359619,24.051464080810547,2.0402965545654297,0.19988135414099223,0.19988925015272282,0.19990311923129894,0,2,20,7,INACTIVE,FURTHEST_REACHED_INDEX_LT_OFFSET_FROM_FURTHEST,10,17
863,2185,8,1.3992247510690599,22.652267456054688,2.0324118137359619,24.051464080810547,2.0402965545654297,0.19988135414099223,0.19988925015272282,0.19990311923129894,0,2,20,7,INACTIVE,FURTHEST_REACHED_INDEX_LT_OFFSET_FROM_FURTHEST,10,17
864,2185,8,1.3992247510690599,22.652267456054688,2.0324118137359619,24.051464080810547,2.0402965545654297,0.19988135414099223,0.19988925015272282,0.19990311923129894,0,2,20,7,INACTIVE,FURTHEST_REACHED_INDEX_LT_OFFSET_FROM_FURTHEST,10,17
865,2185,8,1.3992247510690599,22.652267456054688,2.0324118137359619,24.051464080810547,2.0402965545654297,0.19988135414099223,0.19988925015272282,0.19990311923129894,0,2,20,7,INACTIVE,FURTHEST_REACHED_INDEX_LT_OFFSET_FROM_FURTHEST,10,17
866,2185,8,1.3992247510690599,22.652267456054688,2.0324118137359619,24.051464080810547,2.0402965545654297,0.19988135414099223,0.19988925015272282,0.19990311923129894,0,2,20,7,INACTIVE,FURTHEST_REACHED_INDEX_LT_OFFSET_FROM_FURTHEST,10,17
867,2185,8,1.3992247510690599,22.652267456054688,2.0324118137359619,24.051464080810547,2.0402965545654297,0.19988135414099223,0.19988925015272282,0.19990311923129894,0,2,20,7,INACTIVE,FURTHEST_REACHED_INDEX_LT_OFFSET_FROM_FURTHEST,10,17
868,2185,8,1.3992247510690599,22.652267456054688,2.0324118137359619,24.051464080810547,2.0402965545654297,0.19988135414099223,0.19988925015272282,0.19990311923129894,0,2,20,7,INACTIVE,FURTHEST_REACHED_INDEX_LT_OFFSET_FROM_FURTHEST,10,17
869,2185,8,1.3992247510690599,22.652267456054688,2.0324118137359619,24.051464080810547,2.0402965545654297,0.19988135414099223,0.19988925015272282,0.19990311923129894,0,2,20,7,INACTIVE,FURTHEST_REACHED_INDEX_LT_OFFSET_FROM_FURTHEST,10,17
870,2185,8,1.3992247510690599,22.652267456054688,2.0324118137359619,24.051464080810547,2.0402965545654297,0.19988135414099223,0.19988925015272282,0.19990311923129894,0,2,20,7,INACTIVE,FURTHEST_REACHED_INDEX_LT_OFFSET_FROM_FURTHEST,10,17
871,2185,8,1.3992247510690599,22.652267456054688,2.0324118137359619,24.051464080810547,2.0402965545654297,0.19988135414099223,0.19988925015272282,0.19990311923129894,0,2,20,7,INACTIVE,FURTHEST_REACHED_INDEX_LT_OFFSET_FROM_FURTHEST,10,17
872,2185,8,1.3992247510690599,22.652267456054688,2.0324118137359619,24.051464080810547,2.0402965545654297,0.19988135414099223,0.19988925015272282,0.19990311923129894,0,2,20,7,INACTIVE,FURTHEST_REACHED_INDEX_LT_OFFSET_FROM_FURTHEST,10,17
873,2185,8,1.3992247510690599,22.652267456054688,2.0324118137359619,24.051464080810547,2.0402965545654297,0.19988135414099223,0.19988925015272282,0.19990311923129894,0,2,20,7,INACTIVE,FURTHEST_REACHED_INDEX_LT_OFFSET_FROM_FURTHEST,10,17
874,2185,8,1.3992247510690599,22.652267456054688,2.0324118137359619,24.051464080810547,2.0402965545654297,0.19988135414099223,0.19988925015272282,0.19990311923129894,0,2,20,7,INACTIVE,FURTHEST_REACHED_INDEX_LT_OFFSET_FROM_FURTHEST,10,17
875,2185,8,1.3992247510690599,22.652267456054688,2.0324118137359619,24.051464080810547,2.0402965545654297,0.19988135414099223,0.19988925015272282,0.19990311923129894,0,2,20,7,INACTIVE,FURTHEST_REACHED_INDEX_LT_OFFSET_FROM_FURTHEST,10,17
876,2185,8,1.3992247510690599,22.652267456054688,2.0324118137359619,24.051464080810547,2.0402965545654297,0.19988135414099223,0.19988925015272282,0.19990311923129894,0,2,20,7,INACTIVE,FURTHEST_REACHED_INDEX_LT_OFFSET_FROM_FURTHEST,10,17
877,2185,8,1.3992247510690599,22.652267456054688,2.0324118137359619,24.051464080810547,2.0402965545654297,0.19988135414099223,0.19988925015272282,0.19990311923129894,0,2,20,7,INACTIVE,FURTHEST_REACHED_INDEX_LT_OFFSET_FROM_FURTHEST,10,17
878,2185,8,1.3992247510690599,22.652267456054688,2.0324118137359619,24.051464080810547,2.0402965545654297,0.19988135414099223,0.19988925015272282,0.19990311923129894,0,2,20,7,INACTIVE,FURTHEST_REACHED_INDEX_LT_OFFSET_FROM_FURTHEST,10,17
879,2185,8,1.3992247510690599,22.652267456054688,2.0324118137359619,24.051464080810547,2.0402965545654297,0.19988135414099223,0.19988925015272282,0.19990311923129894,0,2,20,7,INACTIVE,FURTHEST_REACHED_INDEX_LT_OFFSET_FROM_FURTHEST,10,17
880,2185,8,1.3992247510690599,22.652267456054688,2.0324118137359619,24.051464080810547,2.0402965545654297,0.19988135414099223,0.19988925015272282,0.19990311923129894,0,2,20,7,INACTIVE,FURTHEST_REACHED_INDEX_LT_OFFSET_FROM_FURTHEST,10,17
881,2185,8,1.3992247510690599,22.652267456054688,2.0324118137359619,24.051464080810547,2.0402965545654297,0.19988135414099223,0.19988925015272282,0.19990311923129894,0,2,20,7,INACTIVE,FURTHEST_REACHED_INDEX_LT_OFFSET_FROM_FURTHEST,10,17
882,2185,8,1.3992247510690599,22.652267456054688,2.0324118137359619,24.051464080810547,2.0402965545654297,0.19988135414099223,0.19988925015272282,0.19990311923129894,0,2,20,7,INACTIVE,FURTHEST_REACHED_INDEX_LT_OFFSET_FROM_FURTHEST,10,17
883,2185,8,1.3992247510690599,22.652267456054688,2.0324118137359619,24.051464080810547,2.0402965545654297,0.19988135414099223,0.19988925015272282,0.19990311923129894,0,2,20,7,INACTIVE,FURTHEST_REACHED_INDEX_LT_OFFSET_FROM_FURTHEST,10,17
884,2185,8,1.3992247510690599,22.652267456054688,2.0324118137359619,24.051464080810547,2.0402965545654297,0.19988135414099223,0.19988925015272282,0.19990311923129894,0,2,20,7,INACTIVE,FURTHEST_REACHED_INDEX_LT_OFFSET_FROM_FURTHEST,10,17
885,2185,8,1.3992247510690599,22.652267456054688,2.0324118137359619,24.051464080810547,2.0402965545654297,0.19988135414099223,0.19988925015272282,0.19990311923129894,0,2,20,7,INACTIVE,FURTHEST_REACHED_INDEX_LT_OFFSET_FROM_FURTHEST,10,17
886,2185,8,1.3992247510690599,22.652267456054688,2.0324118137359619,24.051464080810547,2.0402965545654297,0.19988135414099223,0.19988925015272282,0.19990311923129894,0,2,20,7,INACTIVE,FURTHEST_REACHED_INDEX_LT_OFFSET_FROM_FURTHEST,10,17
887,2185,8,1.3992247510690599,22.652267456054688,2.0324118137359619,24.051464080810547,2.0402965545654297,0.19988135414099223,0.19988925015272282,0.19990311923129894,0,2,20,7,INACTIVE,FURTHEST_REACHED_INDEX_LT_OFFSET_FROM_FURTHEST,10,17
888,2185,8,1.3992247510690599,22.652267456054688,2.0324118137359619,24.051464080810547,2.0402965545654297,0.19988135414099223,0.19988925015272282,0.19990311923129894,0,2,20,7,INACTIVE,FURTHEST_REACHED_INDEX_LT_OFFSET_FROM_FURTHEST,10,17
889,2185,8,1.3992247510690599,22.652267456054688,2.0324118137359619,24.051464080810547,2.0402965545654297,0.19988135414099223,0.19988925015272282,0.19990311923129894,0,2,20,7,INACTIVE,FURTHEST_REACHED_INDEX_LT_OFFSET_FROM_FURTHEST,10,17
890,2185,8,1.3992247510690599,22.652267456054688,2.0324118137359619,24.051464080810547,2.0402965545654297,0.19988135414099223,0.19988925015272282,0.19990311923129894,0,2,20,7,INACTIVE,FURTHEST_REACHED_INDEX_LT_OFFSET_FROM_FURTHEST,10,17
891,2185,8,1.3992247510690599,22.652267456054688,2.0324118137359619,24.051464080810547,2.0402965545654297,0.19988135414099223,0.19988925015272282,0.19990311923129894,0,2,20,7,INACTIVE,FURTHEST_REACHED_INDEX_LT_OFFSET_FROM_FURTHEST,10,17
892,2185,8,1.3992247510690599,22.652267456054688,2.0324118137359619,24.051464080810547,2.0402965545654297,0.19988135414099223,0.19988925015272282,0.19990311923129894,0,2,20,7,INACTIVE,FURTHEST_REACHED_INDEX_LT_OFFSET_FROM_FURTHEST,10,17
893,2185,8,1.3992247510690599,22.652267456054688,2.0324118137359619,24.051464080810547,2.0402965545654297,0.19988135414099223,0.19988925015272282,0.19990311923129894,0,2,20,7,INACTIVE,FURTHEST_REACHED_INDEX_LT_OFFSET_FROM_FURTHEST,10,17
894,2185,8,1.3992247510690599,22.652267456054688,2.0324118137359619,24.051464080810547,2.0402965545654297,0.19988135414099223,0.19988925015272282,0.19990311923129894,0,2,20,7,INACTIVE,FURTHEST_REACHED_INDEX_LT_OFFSET_FROM_FURTHEST,10,17
895,2185,8,1.3992174004687341,22.852155685424805,2.0327742099761963,24.25132942199707,2.0428149700164795,0.19988120728069839,0.19988820006696201,0.19990311923129894,0,1,20,7,INACTIVE,FURTHEST_REACHED_INDEX_LT_OFFSET_FROM_FURTHEST,11,18
896,2185,8,1.3992174004687341,22.852155685424805,2.0327742099761963,24.25132942199707,2.0428149700164795,0.19988120728069839,0.19988820006696201,0.19990311923129894,0,1,20,7,INACTIVE,FURTHEST_REACHED_INDEX_LT_OFFSET_FROM_FURTHEST,11,18
897,2185,8,1.3992174004687341,22.852155685424805,2.0327742099761963,24.25132942199707,2.0428149700164795,0.19988120728069839,0.19988820006696201,0.19990311923129894,0,1,20,7,INACTIVE,FURTHEST_REACHED_INDEX_LT_OFFSET_FROM_FURTHEST,11,18
898,2185,8,1.3992174004687341,22.852155685424805,2.0327742099761963,24.25132942199707,2.0428149700164795,0.19988120728069839,0.19988820006696201,0.19990311923129894,0,1,20,7,INACTIVE,FURTHEST_REACHED_INDEX_LT_OFFSET_FROM_FURTHEST,11,18
899,2185,8,1.3992174004687341,22.852155685424805,2.0327742099761963,24.25132942199707,2.0428149700164795,0.19988120728069839,0.19988820006696201,0.19990311923129894,0,1,20,7,INACTIVE,FURTHEST_REACHED_INDEX_LT_OFFSET_FROM_FURTHEST,11,18
900,2185,8,1.3992174004687341,22.852155685424805,2.0327742099761963,24.25132942199707,2.0428149700164795,0.19988120728069839,0.19988820006696201,0.19990311923129894,0,1,20,7,INACTIVE,FURTHEST_REACHED_INDEX_LT_OFFSET_FROM_FURTHEST,11,18
901,2185,8,1.3992174004687341,22.852155685424805,2.0327742099761963,24.25132942199707,2.0428149700164795,0.19988120728069839,0.19988820006696201,0.19990311923129894,0,1,20,7,INACTIVE,FURTHEST_REACHED_INDEX_LT_OFFSET_FROM_FURTHEST,11,18
902,2185,8,1.3992174004687341,22.852155685424805,2.0327742099761963,24.25132942199707,2.0428149700164795,0.19988120728069839,0.19988820006696201,0.19990311923129894,0,1,20,7,INACTIVE,FURTHEST_REACHED_INDEX_LT_OFFSET_FROM_FURTHEST,11,18
903,2185,8,1.3992174004687341,22.852155685424805,2.0327742099761963,24.25132942199707,2.0428149700164795,0.19988120728069839,0.19988820006696201,0.19990311923129894,0,1,20,7,INACTIVE,FURTHEST_REACHED_INDEX_LT_OFFSET_FROM_FURTHEST,11,18
904,2185,8,1.3992174004687341,22.852155685424805,2.0327742099761963,24.25132942199707,2.0428149700164795,0.19988120728069839,0.19988820006696201,0.19990311923129894,0,1,20,7,INACTIVE,FURTHEST_REACHED_INDEX_LT_OFFSET_FROM_FURTHEST,11,18
905,2185,8,1.3992174004687341,22.852155685424805,2.0327742099761963,24.25132942199707,2.0428149700164795,0.19988120728069839,0.19988820006696201,0.19990311923129894,0,1,20,7,INACTIVE,FURTHEST_REACHED_INDEX_LT_OFFSET_FROM_FURTHEST,11,18
906,2185,8,1.3992174004687341,22.852155685424805,2.0327742099761963,24.25132942199707,2.0428149700164795,0.19988120728069839,0.19988820006696201,0.19990311923129894,0,1,20,7,INACTIVE,FURTHEST_REACHED_INDEX_LT_OFFSET_FROM_FURTHEST,11,18
907,2185,8,1.3992174004687341,22.852155685424805,2.0327742099761963,24.25132942199707,2.0428149700164795,0.19988120728069839,0.19988820006696201,0.19990311923129894,0,1,20,7,INACTIVE,FURTHEST_REACHED_INDEX_LT_OFFSET_FROM_FURTHEST,11,18
908,2185,8,1.3992174004687341,22.852155685424805,2.0327742099761963,24.25132942199707,2.0428149700164795,0.19988120728069839,0.19988820006696201,0.19990311923129894,0,1,20,7,INACTIVE,FURTHEST_REACHED_INDEX_LT_OFFSET_FROM_FURTHEST,11,18
909,2185,8,1.3992174004687341,22.852155685424805,2.0327742099761963,24.25132942199707,2.0428149700164795,0.19988120728069839,0.19988820006696201,0.19990311923129894,0,1,20,7,INACTIVE,FURTHEST_REACHED_INDEX_LT_OFFSET_FROM_FURTHEST,11,18
910,2185,8,1.3992174004687341,22.852155685424805,2.0327742099761963,24.25132942199707,2.0428149700164795,0.19988120728069839,0.19988820006696201,0.19990311923129894,0,1,20,7,INACTIVE,FURTHEST_REACHED_INDEX_LT_OFFSET_FROM_FURTHEST,11,18
911,2185,8,1.3992174004687341,22.852155685424805,2.0327742099761963,24.25132942199707,2.0428149700164795,0.19988120728069839,0.19988820006696201,0.19990311923129894,0,1,20,7,INACTIVE,FURTHEST_REACHED_INDEX_LT_OFFSET_FROM_FURTHEST,11,18
912,2185,8,1.3992174004687341,22.852155685424805,2.0327742099761963,24.25132942199707,2.0428149700164795,0.19988120728069839,0.19988820006696201,0.19990311923129894,0,1,20,7,INACTIVE,FURTHEST_REACHED_INDEX_LT_OFFSET_FROM_FURTHEST,11,18
913,2185,8,1.3992174004687341,22.852155685424805,2.0327742099761963,24.25132942199707,2.0428149700164795,0.19988120728069839,0.19988820006696201,0.19990311923129894,0,1,20,7,INACTIVE,FURTHEST_REACHED_INDEX_LT_OFFSET_FROM_FURTHEST,11,18
914,2185,8,1.3992174004687341,22.852155685424805,2.0327742099761963,24.25132942199707,2.0428149700164795,0.19988120728069839,0.19988820006696201,0.19990311923129894,0,1,20,7,INACTIVE,FURTHEST_REACHED_INDEX_LT_OFFSET_FROM_FURTHEST,11,18
915,2185,8,1.3992174004687341,22.852155685424805,2.0327742099761963,24.25132942199707,2.0428149700164795,0.19988120728069839,0.19988820006696201,0.19990311923129894,0,1,20,7,INACTIVE,FURTHEST_REACHED_INDEX_LT_OFFSET_FROM_FURTHEST,11,18
916,2185,8,1.3992174004687341,22.852155685424805,2.0327742099761963,24.25132942199707,2.0428149700164795,0.19988120728069839,0.19988820006696201,0.19990311923129894,0,1,20,7,INACTIVE,FURTHEST_REACHED_INDEX_LT_OFFSET_FROM_FURTHEST,11,18
917,2185,8,1.3992174004687341,22.852155685424805,2.0327742099761963,24.25132942199707,2.0428149700164795,0.19988120728069839,0.19988820006696201,0.19990311923129894,0,1,20,7,INACTIVE,FURTHEST_REACHED_INDEX_LT_OFFSET_FROM_FURTHEST,11,18
918,2185,8,1.3992174004687341,22.852155685424805,2.0327742099761963,24.25132942199707,2.0428149700164795,0.19988120728069839,0.19988820006696201,0.19990311923129894,0,1,20,7,INACTIVE,FURTHEST_REACHED_INDEX_LT_OFFSET_FROM_FURTHEST,11,18
919,2185,8,1.3992174004687341,22.852155685424805,2.0327742099761963,24.25132942199707,2.0428149700164795,0.19988120728069839,0.19988820006696201,0.19990311923129894,0,1,20,7,INACTIVE,FURTHEST_REACHED_INDEX_LT_OFFSET_FROM_FURTHEST,11,18
920,2185,8,1.3992174004687341,22.852155685424805,2.0327742099761963,24.25132942199707,2.0428149700164795,0.19988120728069839,0.19988820006696201,0.19990311923129894,0,1,20,7,INACTIVE,FURTHEST_REACHED_INDEX_LT_OFFSET_FROM_FURTHEST,11,18
921,2185,8,1.3992174004687341,22.852155685424805,2.0327742099761963,24.25132942199707,2.0428149700164795,0.19988120728069839,0.19988820006696201,0.19990311923129894,0,1,20,7,INACTIVE,FURTHEST_REACHED_INDEX_LT_OFFSET_FROM_FURTHEST,11,18
922,2185,8,1.3992174004687341,22.852155685424805,2.0327742099761963,24.25132942199707,2.0428149700164795,0.19988120728069839,0.19988820006696201,0.19990311923129894,0,1,20,7,INACTIVE,FURTHEST_REACHED_INDEX_LT_OFFSET_FROM_FURTHEST,11,18
923,2185,8,1.3992174004687341,22.852155685424805,2.0327742099761963,24.25132942199707,2.0428149700164795,0.19988120728069839,0.19988820006696201,0.19990311923129894,0,1,20,7,INACTIVE,FURTHEST_REACHED_INDEX_LT_OFFSET_FROM_FURTHEST,11,18
924,2185,8,1.3992174004687341,22.852155685424805,2.0327742099761963,24.25132942199707,2.0428149700164795,0.19988120728069839,0.19988820006696201,0.19990311923129894,0,1,20,7,INACTIVE,FURTHEST_REACHED_INDEX_LT_OFFSET_FROM_FURTHEST,11,18
925,2185,8,1.3992174004687341,22.852155685424805,2.0327742099761963,24.25132942199707,2.0428149700164795,0.19988120728069839,0.19988820006696201,0.19990311923129894,0,1,20,7,INACTIVE,FURTHEST_REACHED_INDEX_LT_OFFSET_FROM_FURTHEST,11,18
926,2185,8,1.3992174004687341,22.852155685424805,2.0327742099761963,24.25132942199707,2.0428149700164795,0.19988120728069839,0.19988820006696201,0.19990311923129894,0,1,20,7,INACTIVE,FURTHEST_REACHED_INDEX_LT_OFFSET_FROM_FURTHEST,11,18
927,2185,8,1.3992174004687341,22.852155685424805,2.0327742099761963,24.25132942199707,2.0428149700164795,0.19988120728069839,0.19988820006696201,0.19990311923129894,0,1,20,7,INACTIVE,FURTHEST_REACHED_INDEX_LT_OFFSET_FROM_FURTHEST,11,18
928,2185,8,1.3992174004687341,22.852155685424805,2.0327742099761963,24.25132942199707,2.0428149700164795,0.19988120728069839,0.19988820006696201,0.19990311923129894,0,1,20,7,INACTIVE,FURTHEST_REACHED_INDEX_LT_OFFSET_FROM_FURTHEST,11,18
929,2185,8,1.3992174004687341,22.852155685424805,2.0327742099761963,24.25132942199707,2.0428149700164795,0.19988120728069839,0.19988820006696201,0.19990311923129894,0,1,20,7,INACTIVE,FURTHEST_REACHED_INDEX_LT_OFFSET_FROM_FURTHEST,11,18
930,2185,8,1.3992174004687341,22.852155685424805,2.0327742099761963,24.25132942199707,2.0428149700164795,0.19988120728069839,0.19988820006696201,0.19990311923129894,0,1,20,7,INACTIVE,FURTHEST_REACHED_INDEX_LT_OFFSET_FROM_FURTHEST,11,18
931,2185,8,1.3992174004687341,22.852155685424805,2.0327742099761963,24.25132942199707,2.0428149700164795,0.19988120728069839,0.19988820006696201,0.19990311923129894,0,1,20,7,INACTIVE,FURTHEST_REACHED_INDEX_LT_OFFSET_FROM_FURTHEST,11,18
932,2185,8,1.3992174004687341,22.852155685424805,2.0327742099761963,24.25132942199707,2.0428149700164795,0.19988120728069839,0.19988820006696201,0.19990311923129894,0,1,20,7,INACTIVE,FURTHEST_REACHED_INDEX_LT_OFFSET_FROM_FURTHEST,11,18
933,2185,8,1.3992174004687341,22.852155685424805,2.0327742099761963,24.25132942199707,2.0428149700164795,0.19988120728069839,0.19988820006696201,0.19990311923129894,0,1,20,7,INACTIVE,FURTHEST_REACHED_INDEX_LT_OFFSET_FROM_FURTHEST,11,18
934,2185,8,1.3992174004687341,22.852155685424805,2.0327742099761963,24.25132942199707,2.0428149700164795,0.19988120728069839,0.19988820006696201,0.19990311923129894,0,1,20,7,INACTIVE,FURTHEST_REACHED_INDEX_LT_OFFSET_FROM_FURTHEST,11,18
935,2185,8,1.3992174004687341,22.852155685424805,2.0327742099761963,24.25132942199707,2.0428149700164795,0.19988120728069839,0.19988820006696201,0.19990311923129894,0,1,20,7,INACTIVE,FURTHEST_REACHED_INDEX_LT_OFFSET_FROM_FURTHEST,11,18
936,2185,8,1.3992174004687341,22.852155685424805,2.0327742099761963,24.25132942199707,2.0428149700164795,0.19988120728069839,0.19988820006696201,0.19990311923129894,0,1,20,7,INACTIVE,FURTHEST_REACHED_INDEX_LT_OFFSET_FROM_FURTHEST,11,18
937,2185,8,1.3992174004687341,22.852155685424805,2.0327742099761963,24.25132942199707,2.0428149700164795,0.19988120728069839,0.19988820006696201,0.19990311923129894,0,1,20,7,INACTIVE,FURTHEST_REACHED_INDEX_LT_OFFSET_FROM_FURTHEST,11,18
938,2185,8,1.3992174004687341,22.852155685424805,2.0327742099761963,24.25132942199707,2.0428149700164795,0.19988120728069839,0.19988820006696201,0.19990311923129894,0,1,20,7,INACTIVE,FURTHEST_REACHED_INDEX_LT_OFFSET_FROM_FURTHEST,11,18
939,2185,8,1.3992174004687341,22.852155685424805,2.0327742099761963,24.25132942199707,2.0428149700164795,0.19988120728069839,0.19988820006696201,0.19990311923129894,0,1,20,7,INACTIVE,FURTHEST_REACHED_INDEX_LT_OFFSET_FROM_FURTHEST,11,18
940,2185,8,1.3992174004687341,22.852155685424805,2.0327742099761963,24.25132942199707,2.0428149700164795,0.19988120728069839,0.19988820006696201,0.19990311923129894,0,2,20,7,INACTIVE,FURTHEST_REACHED_INDEX_LT_OFFSET_FROM_FURTHEST,11,18
941,2185,8,1.3992174004687341,22.852155685424805,2.0327742099761963,24.25132942199707,2.0428149700164795,0.19988120728069839,0.19988820006696201,0.19990311923129894,0,2,20,7,INACTIVE,FURTHEST_REACHED_INDEX_LT_OFFSET_FROM_FURTHEST,11,18
942,2185,8,1.3992174004687341,22.852155685424805,2.0327742099761963,24.25132942199707,2.0428149700164795,0.19988120728069839,0.19988820006696201,0.19990311923129894,0,2,20,7,INACTIVE,FURTHEST_REACHED_INDEX_LT_OFFSET_FROM_FURTHEST,11,18
943,2185,8,1.3992174004687341,22.852155685424805,2.0327742099761963,24.25132942199707,2.0428149700164795,0.19988120728069839,0.19988820006696201,0.19990311923129894,0,2,20,7,INACTIVE,FURTHEST_REACHED_INDEX_LT_OFFSET_FROM_FURTHEST,11,18
944,2185,8,1.3992174004687341,22.852155685424805,2.0327742099761963,24.25132942199707,2.0428149700164795,0.19988120728069839,0.19988820006696201,0.19990311923129894,0,2,20,7,INACTIVE,FURTHEST_REACHED_INDEX_LT_OFFSET_FROM_FURTHEST,11,18
945,2185,8,1.3992174004687341,22.852155685424805,2.0327742099761963,24.25132942199707,2.0428149700164795,0.19988120728069839,0.19988820006696201,0.19990311923129894,0,2,20,7,INACTIVE,FURTHEST_REACHED_INDEX_LT_OFFSET_FROM_FURTHEST,11,18
946,2185,8,1.3992174004687341,22.852155685424805,2.0327742099761963,24.25132942199707,2.0428149700164795,0.19988120728069839,0.19988820006696201,0.19990311923129894,0,2,20,7,INACTIVE,FURTHEST_REACHED_INDEX_LT_OFFSET_FROM_FURTHEST,11,18
947,2185,8,1.3992174004687341,22.852155685424805,2.0327742099761963,24.25132942199707,2.0428149700164795,0.19988120728069839,0.19988820006696201,0.19990311923129894,0,2,20,7,INACTIVE,FURTHEST_REACHED_INDEX_LT_OFFSET_FROM_FURTHEST,11,18
948,2185,8,1.3992174004687341,22.852155685424805,2.0327742099761963,24.25132942199707,2.0428149700164795,0.19988120728069839,0.19988820006696201,0.19990311923129894,0,2,20,7,INACTIVE,FURTHEST_REACHED_INDEX_LT_OFFSET_FROM_FURTHEST,11,18
949,2185,8,1.3992174004687341,22.852155685424805,2.0327742099761963,24.25132942199707,2.0428149700164795,0.19988120728069839,0.19988820006696201,0.19990311923129894,0,2,20,7,INACTIVE,FURTHEST_REACHED_INDEX_LT_OFFSET_FROM_FURTHEST,11,18
950,2185,8,1.3992174004687341,22.852155685424805,2.0327742099761963,24.25132942199707,2.0428149700164795,0.19988120728069839,0.19988820006696201,0.19990311923129894,0,2,20,7,INACTIVE,FURTHEST_REACHED_INDEX_LT_OFFSET_FROM_FURTHEST,11,18
951,2185,8,1.3992174004687341,22.852155685424805,2.0327742099761963,24.25132942199707,2.0428149700164795,0.19988120728069839,0.19988820006696201,0.19990311923129894,0,2,20,7,INACTIVE,FURTHEST_REACHED_INDEX_LT_OFFSET_FROM_FURTHEST,11,18
952,2185,8,1.3992174004687341,22.852155685424805,2.0327742099761963,24.25132942199707,2.0428149700164795,0.19988120728069839,0.19988820006696201,0.19990311923129894,0,2,20,7,INACTIVE,FURTHEST_REACHED_INDEX_LT_OFFSET_FROM_FURTHEST,11,18
953,2185,8,1.3992174004687341,22.852155685424805,2.0327742099761963,24.25132942199707,2.0428149700164795,0.19988120728069839,0.19988820006696201,0.19990311923129894,0,2,20,7,INACTIVE,FURTHEST_REACHED_INDEX_LT_OFFSET_FROM_FURTHEST,11,18
954,2185,8,1.3992174004687341,22.852155685424805,2.0327742099761963,24.25132942199707,2.0428149700164795,0.19988120728069839,0.19988820006696201,0.19990311923129894,0,2,20,7,INACTIVE,FURTHEST_REACHED_INDEX_LT_OFFSET_FROM_FURTHEST,11,18
955,2185,8,1.3992174004687341,22.852155685424805,2.0327742099761963,24.25132942199707,2.0428149700164795,0.19988120728069839,0.19988820006696201,0.19990311923129894,0,2,20,7,INACTIVE,FURTHEST_REACHED_INDEX_LT_OFFSET_FROM_FURTHEST,11,18
956,2185,8,1.3992174004687341,22.852155685424805,2.0327742099761963,24.25132942199707,2.0428149700164795,0.19988120728069839,0.19988820006696201,0.19990311923129894,0,2,20,7,INACTIVE,FURTHEST_REACHED_INDEX_LT_OFFSET_FROM_FURTHEST,11,18
957,2185,8,1.3992174004687341,22.852155685424805,2.0327742099761963,24.25132942199707,2.0428149700164795,0.19988120728069839,0.19988820006696201,0.19990311923129894,0,2,20,7,INACTIVE,FURTHEST_REACHED_INDEX_LT_OFFSET_FROM_FURTHEST,11,18
958,2185,8,1.3992174004687341,22.852155685424805,2.0327742099761963,24.25132942199707,2.0428149700164795,0.19988120728069839,0.19988820006696201,0.19990311923129894,0,2,20,7,INACTIVE,FURTHEST_REACHED_INDEX_LT_OFFSET_FROM_FURTHEST,11,18
959,2185,8,1.3992174004687341,22.852155685424805,2.0327742099761963,24.25132942199707,2.0428149700164795,0.19988120728069839,0.19988820006696201,0.19990311923129894,0,2,20,7,INACTIVE,FURTHEST_REACHED_INDEX_LT_OFFSET_FROM_FURTHEST,11,18
960,2185,8,1.3992174004687341,22.852155685424805,2.0327742099761963,24.25132942199707,2.0428149700164795,0.19988120728069839,0.19988820006696201,0.19990311923129894,0,2,20,7,INACTIVE,FURTHEST_REACHED_INDEX_LT_OFFSET_FROM_FURTHEST,11,18
961,2185,8,1.3992174004687341,22.852155685424805,2.0327742099761963,24.25132942199707,2.0428149700164795,0.19988120728069839,0.19988820006696201,0.19990311923129894,0,2,20,7,INACTIVE,FURTHEST_REACHED_INDEX_LT_OFFSET_FROM_FURTHEST,11,18
962,2185,8,1.3992174004687341,22.852155685424805,2.0327742099761963,24.25132942199707,2.0428149700164795,0.19988120728069839,0.19988820006696201,0.19990311923129894,0,2,20,7,INACTIVE,FURTHEST_REACHED_INDEX_LT_OFFSET_FROM_FURTHEST,11,18
963,2185,8,1.3992174004687341,22.852155685424805,2.0327742099761963,24.25132942199707,2.0428149700164795,0.19988120728069839,0.19988820006696201,0.19990311923129894,0,2,20,7,INACTIVE,FURTHEST_REACHED_INDEX_LT_OFFSET_FROM_FURTHEST,11,18
964,2185,8,1.3992174004687341,22.852155685424805,2.0327742099761963,24.25132942199707,2.0428149700164795,0.19988120728069839,0.19988820006696201,0.19990311923129894,0,2,20,7,INACTIVE,FURTHEST_REACHED_INDEX_LT_OFFSET_FROM_FURTHEST,11,18
965,2185,8,1.3992174004687341,22.852155685424805,2.0327742099761963,24.25132942199707,2.0428149700164795,0.19988120728069839,0.19988820006696201,0.19990311923129894,0,2,20,7,INACTIVE,FURTHEST_REACHED_INDEX_LT_OFFSET_FROM_FURTHEST,11,18
966,2185,8,1.3992174004687341,22.852155685424805,2.0327742099761963,24.25132942199707,2.0428149700164795,0.19988120728069839,0.19988820006696201,0.19990311923129894,0,2,20,7,INACTIVE,FURTHEST_REACHED_INDEX_LT_OFFSET_FROM_FURTHEST,11,18
967,2185,8,1.3992174004687341,22.852155685424805,2.0327742099761963,24.25132942199707,2.0428149700164795,0.19988120728069839,0.19988820006696201,0.19990311923129894,0,2,20,7,INACTIVE,FURTHEST_REACHED_INDEX_LT_OFFSET_FROM_FURTHEST,11,18
968,2185,8,1.3992174004687341,22.852155685424805,2.0327742099761963,24.25132942199707,2.0428149700164795,0.19988120728069839,0.19988820006696201,0.19990311923129894,0,2,20,7,INACTIVE,FURTHEST_REACHED_INDEX_LT_OFFSET_FROM_FURTHEST,11,18
969,2185,8,1.3992174004687341,22.852155685424805,2.0327742099761963,24.25132942199707,2.0428149700164795,0.19988120728069839,0.19988820006696201,0.19990311923129894,0,2,20,7,INACTIVE,FURTHEST_REACHED_INDEX_LT_OFFSET_FROM_FURTHEST,11,18
970,2185,8,1.3992174004687341,22.852155685424805,2.0327742099761963,24.25132942199707,2.0428149700164795,0.19988120728069839,0.19988820006696201,0.19990311923129894,0,2,20,7,INACTIVE,FURTHEST_REACHED_INDEX_LT_OFFSET_FROM_FURTHEST,11,18
971,2185,8,1.3992174004687341,22.852155685424805,2.0327742099761963,24.25132942199707,2.0428149700164795,0.19988120728069839,0.19988820006696201,0.19990311923129894,0,2,20,7,INACTIVE,FURTHEST_REACHED_INDEX_LT_OFFSET_FROM_FURTHEST,11,18
972,2185,8,1.3992174004687341,22.852155685424805,2.0327742099761963,24.25132942199707,2.0428149700164795,0.19988120728069839,0.19988820006696201,0.19990311923129894,0,2,20,7,INACTIVE,FURTHEST_REACHED_INDEX_LT_OFFSET_FROM_FURTHEST,11,18
973,2185,8,1.3992174004687341,22.852155685424805,2.0327742099761963,24.25132942199707,2.0428149700164795,0.19988120728069839,0.19988820006696201,0.19990311923129894,0,2,20,7,INACTIVE,FURTHEST_REACHED_INDEX_LT_OFFSET_FROM_FURTHEST,11,18
974,2185,8,1.3992174004687341,22.852155685424805,2.0327742099761963,24.25132942199707,2.0428149700164795,0.19988120728069839,0.19988820006696201,0.19990311923129894,0,2,20,7,INACTIVE,FURTHEST_REACHED_INDEX_LT_OFFSET_FROM_FURTHEST,11,18
975,2185,8,1.3992174004687341,22.852155685424805,2.0327742099761963,24.25132942199707,2.0428149700164795,0.19988120728069839,0.19988820006696201,0.19990311923129894,0,2,20,7,INACTIVE,FURTHEST_REACHED_INDEX_LT_OFFSET_FROM_FURTHEST,11,18
976,2185,8,1.3992174004687341,22.852155685424805,2.0327742099761963,24.25132942199707,2.0428149700164795,0.19988120728069839,0.19988820006696201,0.19990311923129894,0,2,20,7,INACTIVE,FURTHEST_REACHED_INDEX_LT_OFFSET_FROM_FURTHEST,11,18
977,2185,8,1.3992427268555405,23.052036285400391,2.0333232879638672,24.451213836669922,2.0457985401153564,0.19988120728069839,0.19989181812222007,0.19990668052779875,0,1,20,7,INACTIVE,FURTHEST_REACHED_INDEX_LT_OFFSET_FROM_FURTHEST,12,19
978,2185,8,1.3992427268555405,23.052036285400391,2.0333232879638672,24.451213836669922,2.0457985401153564,0.19988120728069839,0.19989181812222007,0.19990668052779875,0,1,20,7,INACTIVE,FURTHEST_REACHED_INDEX_LT_OFFSET_FROM_FURTHEST,12,19
979,2185,8,1.3992427268555405,23.052036285400391,2.0333232879638672,24.451213836669922,2.0457985401153564,0.19988120728069839,0.19989181812222007,0.19990668052779875,0,1,20,7,INACTIVE,FURTHEST_REACHED_INDEX_LT_OFFSET_FROM_FURTHEST,12,19
980,2185,8,1.3992427268555405,23.052036285400391,2.0333232879638672,24.451213836669922,2.0457985401153564,0.19988120728069839,0.19989181812222007,0.19990668052779875,0,1,20,7,INACTIVE,FURTHEST_REACHED_INDEX_LT_OFFSET_FROM_FURTHEST,12,19
981,2185,8,1.3992427268555405,23.052036285400391,2.0333232879638672,24.451213836669922,2.0457985401153564,0.19988120728069839,0.19989181812222007,0.19990668052779875,0,1,20,7,INACTIVE,FURTHEST_REACHED_INDEX_LT_OFFSET_FROM_FURTHEST,12,19
982,2185,8,1.3992427268555405,23.052036285400391,2.0333232879638672,24.451213836669922,2.0457985401153564,0.19988120728069839,0.19989181812222007,0.19990668052779875,0,1,20,7,INACTIVE,FURTHEST_REACHED_INDEX_LT_OFFSET_FROM_FURTHEST,12,19
983,2185,8,1.3992427268555405,23.052036285400391,2.0333232879638672,24.451213836669922,2.0457985401153564,0.19988120728069839,0.19989181812222007,0.19990668052779875,0,1,20,7,INACTIVE,FURTHEST_REACHED_INDEX_LT_OFFSET_FROM_FURTHEST,12,19
984,2185,8,1.3992427268555405,23.052036285400391,2.0333232879638672,24.451213836669922,2.0457985401153564,0.19988120728069839,0.19989181812222007,0.19990668052779875,0,1,20,7,INACTIVE,FURTHEST_REACHED_INDEX_LT_OFFSET_FROM_FURTHEST,12,19
985,2185,8,1.3992427268555405,23.052036285400391,2.0333232879638672,24.451213836669922,2.0457985401153564,0.19988120728069839,0.19989181812222007,0.19990668052779875,0,1,20,7,INACTIVE,FURTHEST_REACHED_INDEX_LT_OFFSET_FROM_FURTHEST,12,19
986,2185,8,1.3992427268555405,23.052036285400391,2.0333232879638672,24.451213836669922,2.0457985401153564,0.19988120728069839,0.19989181812222007,0.19990668052779875,0,1,20,7,INACTIVE,FURTHEST_REACHED_INDEX_LT_OFFSET_FROM_FURTHEST,12,19
987,2185,8,1.3992427268555405,23.052036285400391,2.0333232879638672,24.451213836669922,2.0457985401153564,0.19988120728069839,0.19989181812222007,0.19990668052779875,0,1,20,7,INACTIVE,FURTHEST_REACHED_INDEX_LT_OFFSET_FROM_FURTHEST,12,19
988,2185,8,1.3992427268555405,23.052036285400391,2.0333232879638672,24.451213836669922,2.0457985401153564,0.19988120728069839,0.19989181812222007,0.19990668052779875,0,1,20,7,INACTIVE,FURTHEST_REACHED_INDEX_LT_OFFSET_FROM_FURTHEST,12,19
989,2185,8,1.3992427268555405,23.052036285400391,2.0333232879638672,24.451213836669922,2.0457985401153564,0.19988120728069839,0.19989181812222007,0.19990668052779875,0,1,20,7,INACTIVE,FURTHEST_REACHED_INDEX_LT_OFFSET_FROM_FURTHEST,12,19
990,2185,8,1.3992427268555405,23.052036285400391,2.0333232879638672,24.451213836669922,2.0457985401153564,0.19988120728069839,0.19989181812222007,0.19990668052779875,0,1,20,7,INACTIVE,FURTHEST_REACHED_INDEX_LT_OFFSET_FROM_FURTHEST,12,19
991,2185,8,1.3992427268555405,23.052036285400391,2.0333232879638672,24.451213836669922,2.0457985401153564,0.19988120728069839,0.19989181812222007,0.19990668052779875,0,1,20,7,INACTIVE,FURTHEST_REACHED_INDEX_LT_OFFSET_FROM_FURTHEST,12,19
992,2185,8,1.3992427268555405,23.052036285400391,2.0333232879638672,24.451213836669922,2.0457985401153564,0.19988120728069839,0.19989181812222007,0.19990668052779875,0,1,20,7,INACTIVE,FURTHEST_REACHED_INDEX_LT_OFFSET_FROM_FURTHEST,12,19
993,2185,8,1.3992427268555405,23.052036285400391,2.0333232879638672,24.451213836669922,2.0457985401153564,0.19988120728069839,0.19989181812222007,0.19990668052779875,0,1,20,7,INACTIVE,FURTHEST_REACHED_INDEX_LT_OFFSET_FROM_FURTHEST,12,19
994,2185,8,1.3992427268555405,23.052036285400391,2.0333232879638672,24.451213836669922,2.0457985401153564,0.19988120728069839,0.19989181812222007,0.19990668052779875,0,1,20,7,INACTIVE,FURTHEST_REACHED_INDEX_LT_OFFSET_FROM_FURTHEST,12,19
995,2185,8,1.3992427268555405,23.052036285400391,2.0333232879638672,24.451213836669922,2.0457985401153564,0.19988120728069839,0.19989181812222007,0.19990668052779875,0,1,20,7,INACTIVE,FURTHEST_REACHED_INDEX_LT_OFFSET_FROM_FURTHEST,12,19
996,2185,8,1.3992427268555405,23.052036285400391,2.0333232879638672,24.451213836669922,2.0457985401153564,0.19988120728069839,0.19989181812222007,0.19990668052779875,0,1,20,7,INACTIVE,FURTHEST_REACHED_INDEX_LT_OFFSET_FROM_FURTHEST,12,19
997,2185,8,1.3992427268555405,23.052036285400391,2.0333232879638672,24.451213836669922,2.0457985401153564,0.19988120728069839,0.19989181812222007,0.19990668052779875,0,1,20,7,INACTIVE,FURTHEST_REACHED_INDEX_LT_OFFSET_FROM_FURTHEST,12,19
998,2185,8,1.3992427268555405,23.052036285400391,2.0333232879638672,24.451213836669922,2.0457985401153564,0.19988120728069839,0.19989181812222007,0.19990668052779875,0,1,20,7,INACTIVE,FURTHEST_REACHED_INDEX_LT_OFFSET_FROM_FURTHEST,12,19
999,2185,8,1.3992427268555405,23.052036285400391,2.0333232879638672,24.451213836669922,2.0457985401153564,0.19988120728069839,0.19989181812222007,0.19990668052779875,0,1,20,7,INACTIVE,FURTHEST_REACHED_INDEX_LT_OFFSET_FROM_FURTHEST,12,19
1000,2185,8,1.3992427268555405,23.052036285400391,2.0333232879638672,24.451213836669922,2.0457985401153564,0.19988120728069839,0.19989181812222007,0.19990668052779875,0,1,20,7,INACTIVE,FURTHEST_REACHED_INDEX_LT_OFFSET_FROM_FURTHEST,12,19
1001,2185,8,1.3992427268555405,23.052036285400391,2.0333232879638672,24.451213836669922,2.0457985401153564,0.19988120728069839,0.19989181812222007,0.19990668052779875,0,1,20,7,INACTIVE,FURTHEST_REACHED_INDEX_LT_OFFSET_FROM_FURTHEST,12,19
1002,2185,8,1.3992427268555405,23.052036285400391,2.0333232879638672,24.451213836669922,2.0457985401153564,0.19988120728069839,0.19989181812222007,0.19990668052779875,0,1,20,7,INACTIVE,FURTHEST_REACHED_INDEX_LT_OFFSET_FROM_FURTHEST,12,19
1003,2185,8,1.3992427268555405,23.052036285400391,2.0333232879638672,24.451213836669922,2.0457985401153564,0.19988120728069839,0.19989181812222007,0.19990668052779875,0,1,20,7,INACTIVE,FURTHEST_REACHED_INDEX_LT_OFFSET_FROM_FURTHEST,12,19
1004,2185,8,1.3992427268555405,23.052036285400391,2.0333232879638672,24.451213836669922,2.0457985401153564,0.19988120728069839,0.19989181812222007,0.19990668052779875,0,1,20,7,INACTIVE,FURTHEST_REACHED_INDEX_LT_OFFSET_FROM_FURTHEST,12,19
1005,2185,8,1.3992427268555405,23.052036285400391,2.0333232879638672,24.451213836669922,2.0457985401153564,0.19988120728069839,0.19989181812222007,0.19990668052779875,0,1,20,7,INACTIVE,FURTHEST_REACHED_INDEX_LT_OFFSET_FROM_FURTHEST,12,19
1006,2185,8,1.3992427268555405,23.052036285400391,2.0333232879638672,24.451213836669922,2.0457985401153564,0.19988120728069839,0.19989181812222007,0.19990668052779875,0,1,20,7,INACTIVE,FURTHEST_REACHED_INDEX_LT_OFFSET_FROM_FURTHEST,12,19
1007,2185,8,1.3992427268555405,23.052036285400391,2.0333232879638672,24.451213836669922,2.0457985401153564,0.19988120728069839,0.19989181812222007,0.19990668052779875,0,1,20,7,INACTIVE,FURTHEST_REACHED_INDEX_LT_OFFSET_FROM_FURTHEST,12,19
1008,2185,8,1.3992427268555405,23.052036285400391,2.0333232879638672,24.451213836669922,2.0457985401153564,0.19988120728069839,0.19989181812222007,0.19990668052779875,0,1,20,7,INACTIVE,FURTHEST_REACHED_INDEX_LT_OFFSET_FROM_FURTHEST,12,19
1009,2185,8,1.3992427268555405,23.052036285400391,2.0333232879638672,24.451213836669922,2.0457985401153564,0.19988120728069839,0.19989181812222007,0.19990668052779875,0,1,20,7,INACTIVE,FURTHEST_REACHED_INDEX_LT_OFFSET_FROM_FURTHEST,12,19
1010,2185,8,1.3992427268555405,23.052036285400391,2.0333232879638672,24.451213836669922,2.0457985401153564,0.19988120728069839,0.19989181812222007,0.19990668052779875,0,1,20,7,INACTIVE,FURTHEST_REACHED_INDEX_LT_OFFSET_FROM_FURTHEST,12,19
1011,2185,8,1.3992427268555405,23.052036285400391,2.0333232879638672,24.451213836669922,2.0457985401153564,0.19988120728069839,0.19989181812222007,0.19990668052779875,0,1,20,7,INACTIVE,FURTHEST_REACHED_INDEX_LT_OFFSET_FROM_FURTHEST,12,19
1012,2185,8,1.3992427268555405,23.052036285400391,2.0333232879638672,24.451213836669922,2.0457985401153564,0.19988120728069839,0.19989181812222007,0.19990668052779875,0,1,20,7,INACTIVE,FURTHEST_REACHED_INDEX_LT_OFFSET_FROM_FURTHEST,12,19
1013,2185,8,1.3992427268555405,23.052036285400391,2.0333232879638672,24.451213836669922,2.0457985401153564,0.19988120728069839,0.19989181812222007,0.19990668052779875,0,1,20,7,INACTIVE,FURTHEST_REACHED_INDEX_LT_OFFSET_FROM_FURTHEST,12,19
1014,2185,8,1.3992427268555405,23.052036285400391,2.0333232879638672,24.451213836669922,2.0457985401153564,0.19988120728069839,0.19989181812222007,0.19990668052779875,0,1,20,7,INACTIVE,FURTHEST_REACHED_INDEX_LT_OFFSET_FROM_FURTHEST,12,19
1015,2185,8,1.3992427268555405,23.052036285400391,2.0333232879638672,24.451213836669922,2.0457985401153564,0.19988120728069839,0.19989181812222007,0.19990668052779875,0,1,20,7,INACTIVE,FURTHEST_REACHED_INDEX_LT_OFFSET_FROM_FURTHEST,12,19
1016,2185,8,1.3992427268555405,23.052036285400391,2.0333232879638672,24.451213836669922,2.0457985401153564,0.19988120728069839,0.19989181812222007,0.19990668052779875,0,1,20,7,INACTIVE,FURTHEST_REACHED_INDEX_LT_OFFSET_FROM_FURTHEST,12,19
1017,2185,8,1.3992427268555405,23.052036285400391,2.0333232879638672,24.451213836669922,2.0457985401153564,0.19988120728069839,0.19989181812222007,0.19990668052779875,0,1,20,7,INACTIVE,FURTHEST_REACHED_INDEX_LT_OFFSET_FROM_FURTHEST,12,19
1018,2185,8,1.3992427268555405,23.052036285400391,2.0333232879638672,24.451213836669922,2.0457985401153564,0.19988120728069839,0.19989181812222007,0.19990668052779875,0,1,20,7,INACTIVE,FURTHEST_REACHED_INDEX_LT_OFFSET_FROM_FURTHEST,12,19
1019,2185,8,1.3992427268555405,23.052036285400391,2.0333232879638672,24.451213836669922,2.0457985401153564,0.19988120728069839,0.19989181812222007,0.19990668052779875,0,1,20,7,INACTIVE,FURTHEST_REACHED_INDEX_LT_OFFSET_FROM_FURTHEST,12,19
1020,2185,8,1.3992427268555405,23.052036285400391,2.0333232879638672,24.451213836669922,2.0457985401153564,0.19988120728069839,0.19989181812222007,0.19990668052779875,0,1,20,7,INACTIVE,FURTHEST_REACHED_INDEX_LT_OFFSET_FROM_FURTHEST,12,19
1021,2185,8,1.3992427268555405,23.052036285400391,2.0333232879638672,24.451213836669922,2.0457985401153564,0.19988120728069839,0.19989181812222007,0.19990668052779875,0,1,20,7,INACTIVE,FURTHEST_REACHED_INDEX_LT_OFFSET_FROM_FURTHEST,12,19
1022,2185,8,1.3992427268555405,23.052036285400391,2.0333232879638672,24.451213836669922,2.0457985401153564,0.19988120728069839,0.19989181812222007,0.19990668052779875,0,1,20,7,INACTIVE,FURTHEST_REACHED_INDEX_LT_OFFSET_FROM_FURTHEST,12,19
1023,2185,8,1.3992427268555405,23.052036285400391,2.0333232879638672,24.451213836669922,2.0457985401153564,0.19988120728069839,0.19989181812222007,0.19990668052779875,0,2,20,7,INACTIVE,FURTHEST_REACHED_INDEX_LT_OFFSET_FROM_FURTHEST,12,19
1024,2185,8,1.3992427268555405,23.052036285400391,2.0333232879638672,24.451213836669922,2.0457985401153564,0.19988120728069839,0.19989181812222007,0.19990668052779875,0,2,20,7,INACTIVE,FURTHEST_REACHED_INDEX_LT_OFFSET_FROM_FURTHEST,12,19
1025,2185,8,1.3992427268555405,23.052036285400391,2.0333232879638672,24.451213836669922,2.0457985401153564,0.19988120728069839,0.19989181812222007,0.19990668052779875,0,2,20,7,INACTIVE,FURTHEST_REACHED_INDEX_LT_OFFSET_FROM_FURTHEST,12,19
1026,2185,8,1.3992427268555405,23.052036285400391,2.0333232879638672,24.451213836669922,2.0457985401153564,0.19988120728069839,0.19989181812222007,0.19990668052779875,0,2,20,7,INACTIVE,FURTHEST_REACHED_INDEX_LT_OFFSET_FROM_FURTHEST,12,19
1027,2185,8,1.3992427268555405,23.052036285400391,2.0333232879638672,24.451213836669922,2.0457985401153564,0.19988120728069839,0.19989181812222007,0.19990668052779875,0,2,20,7,INACTIVE,FURTHEST_REACHED_INDEX_LT_OFFSET_FROM_FURTHEST,12,19
1028,2185,8,1.3992427268555405,23.052036285400391,2.0333232879638672,24.451213836669922,2.0457985401153564,0.19988120728069839,0.19989181812222007,0.19990668052779875,0,2,20,7,INACTIVE,FURTHEST_REACHED_INDEX_LT_OFFSET_FROM_FURTHEST,12,19
1029,2185,8,1.3992427268555405,23.052036285400391,2.0333232879638672,24.451213836669922,2.0457985401153564,0.19988120728069839,0.19989181812222007,0.19990668052779875,0,2,20,7,INACTIVE,FURTHEST_REACHED_INDEX_LT_OFFSET_FROM_FURTHEST,12,19
1030,2185,8,1.3992427268555405,23.052036285400391,2.0333232879638672,24.451213836669922,2.0457985401153564,0.19988120728069839,0.19989181812222007,0.19990668052779875,0,2,20,7,INACTIVE,FURTHEST_REACHED_INDEX_LT_OFFSET_FROM_FURTHEST,12,19
1031,2185,8,1.3992427268555405,23.052036285400391,2.0333232879638672,24.451213836669922,2.0457985401153564,0.19988120728069839,0.19989181812222007,0.19990668052779875,0,2,20,7,INACTIVE,FURTHEST_REACHED_INDEX_LT_OFFSET_FROM_FURTHEST,12,19
1032,2185,8,1.3992427268555405,23.052036285400391,2.0333232879638672,24.451213836669922,2.0457985401153564,0.19988120728069839,0.19989181812222007,0.19990668052779875,0,2,20,7,INACTIVE,FURTHEST_REACHED_INDEX_LT_OFFSET_FROM_FURTHEST,12,19
1033,2185,8,1.3992427268555405,23.052036285400391,2.0333232879638672,24.451213836669922,2.0457985401153564,0.19988120728069839,0.19989181812222007,0.19990668052779875,0,2,20,7,INACTIVE,FURTHEST_REACHED_INDEX_LT_OFFSET_FROM_FURTHEST,12,19
1034,2185,8,1.3992427268555405,23.052036285400391,2.0333232879638672,24.451213836669922,2.0457985401153564,0.19988120728069839,0.19989181812222007,0.19990668052779875,0,2,20,7,INACTIVE,FURTHEST_REACHED_INDEX_LT_OFFSET_FROM_FURTHEST,12,19
1035,2185,8,1.3992427268555405,23.052036285400391,2.0333232879638672,24.451213836669922,2.0457985401153564,0.19988120728069839,0.19989181812222007,0.19990668052779875,0,2,20,7,INACTIVE,FURTHEST_REACHED_INDEX_LT_OFFSET_FROM_FURTHEST,12,19
1036,2185,8,1.3992427268555405,23.052036285400391,2.0333232879638672,24.451213836669922,2.0457985401153564,0.19988120728069839,0.19989181812222007,0.19990668052779875,0,2,20,7,INACTIVE,FURTHEST_REACHED_INDEX_LT_OFFSET_FROM_FURTHEST,12,19
1037,2185,8,1.3992427268555405,23.052036285400391,2.0333232879638672,24.451213836669922,2.0457985401153564,0.19988120728069839,0.19989181812222007,0.19990668052779875,0,2,20,7,INACTIVE,FURTHEST_REACHED_INDEX_LT_OFFSET_FROM_FURTHEST,12,19
1038,2185,8,1.3992427268555405,23.052036285400391,2.0333232879638672,24.451213836669922,2.0457985401153564,0.19988120728069839,0.19989181812222007,0.19990668052779875,0,2,20,7,INACTIVE,FURTHEST_REACHED_INDEX_LT_OFFSET_FROM_FURTHEST,12,19
1039,2185,8,1.3992427268555405,23.052036285400391,2.0333232879638672,24.451213836669922,2.0457985401153564,0.19988120728069839,0.19989181812222007,0.19990668052779875,0,2,20,7,INACTIVE,FURTHEST_REACHED_INDEX_LT_OFFSET_FROM_FURTHEST,12,19
1040,2185,8,1.3992427268555405,23.052036285400391,2.0333232879638672,24.451213836669922,2.0457985401153564,0.19988120728069839,0.19989181812222007,0.19990668052779875,0,2,20,7,INACTIVE,FURTHEST_REACHED_INDEX_LT_OFFSET_FROM_FURTHEST,12,19
1041,2185,8,1.3992427268555405,23.052036285400391,2.0333232879638672,24.451213836669922,2.0457985401153564,0.19988120728069839,0.19989181812222007,0.19990668052779875,0,2,20,7,INACTIVE,FURTHEST_REACHED_INDEX_LT_OFFSET_FROM_FURTHEST,12,19
1042,2185,8,1.3992427268555405,23.052036285400391,2.0333232879638672,24.451213836669922,2.0457985401153564,0.19988120728069839,0.19989181812222007,0.19990668052779875,0,2,20,7,INACTIVE,FURTHEST_REACHED_INDEX_LT_OFFSET_FROM_FURTHEST,12,19
1043,2185,8,1.3992427268555405,23.052036285400391,2.0333232879638672,24.451213836669922,2.0457985401153564,0.19988120728069839,0.19989181812222007,0.19990668052779875,0,2,20,7,INACTIVE,FURTHEST_REACHED_INDEX_LT_OFFSET_FROM_FURTHEST,12,19
1044,2185,8,1.3992427268555405,23.052036285400391,2.0333232879638672,24.451213836669922,2.0457985401153564,0.19988120728069839,0.19989181812222007,0.19990668052779875,0,2,20,7,INACTIVE,FURTHEST_REACHED_INDEX_LT_OFFSET_FROM_FURTHEST,12,19
1045,2185,8,1.3992427268555405,23.052036285400391,2.0333232879638672,24.451213836669922,2.0457985401153564,0.19988120728069839,0.19989181812222007,0.19990668052779875,0,2,20,7,INACTIVE,FURTHEST_REACHED_INDEX_LT_OFFSET_FROM_FURTHEST,12,19
1046,2185,8,1.3992427268555405,23.052036285400391,2.0333232879638672,24.451213836669922,2.0457985401153564,0.19988120728069839,0.19989181812222007,0.19990668052779875,0,2,20,7,INACTIVE,FURTHEST_REACHED_INDEX_LT_OFFSET_FROM_FURTHEST,12,19
1047,2185,8,1.3992427268555405,23.052036285400391,2.0333232879638672,24.451213836669922,2.0457985401153564,0.19988120728069839,0.19989181812222007,0.19990668052779875,0,2,20,7,INACTIVE,FURTHEST_REACHED_INDEX_LT_OFFSET_FROM_FURTHEST,12,19
1048,2185,8,1.3992427268555405,23.052036285400391,2.0333232879638672,24.451213836669922,2.0457985401153564,0.19988120728069839,0.19989181812222007,0.19990668052779875,0,2,20,7,INACTIVE,FURTHEST_REACHED_INDEX_LT_OFFSET_FROM_FURTHEST,12,19
1049,2185,8,1.3992427268555405,23.052036285400391,2.0333232879638672,24.451213836669922,2.0457985401153564,0.19988120728069839,0.19989181812222007,0.19990668052779875,0,2,20,7,INACTIVE,FURTHEST_REACHED_INDEX_LT_OFFSET_FROM_FURTHEST,12,19
1050,2185,8,1.3992427268555405,23.052036285400391,2.0333232879638672,24.451213836669922,2.0457985401153564,0.19988120728069839,0.19989181812222007,0.19990668052779875,0,2,20,7,INACTIVE,FURTHEST_REACHED_INDEX_LT_OFFSET_FROM_FURTHEST,12,19
1051,2185,8,1.3992427268555405,23.052036285400391,2.0333232879638672,24.451213836669922,2.0457985401153564,0.19988120728069839,0.19989181812222007,0.19990668052779875,0,2,20,7,INACTIVE,FURTHEST_REACHED_INDEX_LT_OFFSET_FROM_FURTHEST,12,19
1052,2185,8,1.3992427268555405,23.052036285400391,2.0333232879638672,24.451213836669922,2.0457985401153564,0.19988120728069839,0.19989181812222007,0.19990668052779875,0,2,20,7,INACTIVE,FURTHEST_REACHED_INDEX_LT_OFFSET_FROM_FURTHEST,12,19
1053,2185,8,1.3992427268555405,23.052036285400391,2.0333232879638672,24.451213836669922,2.0457985401153564,0.19988120728069839,0.19989181812222007,0.19990668052779875,0,2,20,7,INACTIVE,FURTHEST_REACHED_INDEX_LT_OFFSET_FROM_FURTHEST,12,19
1054,2185,8,1.3992427268555405,23.052036285400391,2.0333232879638672,24.451213836669922,2.0457985401153564,0.19988120728069839,0.19989181812222007,0.19990668052779875,0,2,20,7,INACTIVE,FURTHEST_REACHED_INDEX_LT_OFFSET_FROM_FURTHEST,12,19
1055,2185,8,1.3992427268555405,23.052036285400391,2.0333232879638672,24.451213836669922,2.0457985401153564,0.19988120728069839,0.19989181812222007,0.19990668052779875,0,2,20,7,INACTIVE,FURTHEST_REACHED_INDEX_LT_OFFSET_FROM_FURTHEST,12,19
1056,2185,8,1.3992427268555405,23.052036285400391,2.0333232879638672,24.451213836669922,2.0457985401153564,0.19988120728069839,0.19989181812222007,0.19990668052779875,0,2,20,7,INACTIVE,FURTHEST_REACHED_INDEX_LT_OFFSET_FROM_FURTHEST,12,19
1057,2185,8,1.3992427268555405,23.052036285400391,2.0333232879638672,24.451213836669922,2.0457985401153564,0.19988120728069839,0.19989181812222007,0.19990668052779875,0,2,20,7,INACTIVE,FURTHEST_REACHED_INDEX_LT_OFFSET_FROM_FURTHEST,12,19
1058,2185,8,1.3992427268555405,23.052036285400391,2.0333232879638672,24.451213836669922,2.0457985401153564,0.19988120728069839,0.19989181812222007,0.19990668052779875,0,2,20,7,INACTIVE,FURTHEST_REACHED_INDEX_LT_OFFSET_FROM_FURTHEST,12,19
1059,2185,8,1.3992220169157479,23.251935958862305,2.0341002941131592,24.651063919067383,2.0492839813232422,0.19988047362032529,0.19988885955939256,0.19990668052779875,0,1,20,7,INACTIVE,FURTHEST_REACHED_INDEX_LT_OFFSET_FROM_FURTHEST,13,20
1060,2185,8,1.3992220169157479,23.251935958862305,2.0341002941131592,24.651063919067383,2.0492839813232422,0.19988047362032529,0.19988885955939256,0.19990668052779875,0,1,20,7,INACTIVE,FURTHEST_REACHED_INDEX_LT_OFFSET_FROM_FURTHEST,13,20
1061,2185,8,1.3992220169157479,23.251935958862305,2.0341002941131592,24.651063919067383,2.0492839813232422,0.19988047362032529,0.19988885955939256,0.19990668052779875,0,1,20,7,INACTIVE,FURTHEST_REACHED_INDEX_LT_OFFSET_FROM_FURTHEST,13,20
1062,2185,8,1.3992220169157479,23.251935958862305,2.0341002941131592,24.651063919067383,2.0492839813232422,0.19988047362032529,0.19988885955939256,0.19990668052779875,0,1,20,7,INACTIVE,FURTHEST_REACHED_INDEX_LT_OFFSET_FROM_FURTHEST,13,20
1063,2185,8,1.3992220169157479,23.251935958862305,2.0341002941131592,24.651063919067383,2.0492839813232422,0.19988047362032529,0.19988885955939256,0.19990668052779875,0,1,20,7,INACTIVE,FURTHEST_REACHED_INDEX_LT_OFFSET_FROM_FURTHEST,13,20
1064,2185,8,1.3992220169157479,23.251935958862305,2.0341002941131592,24.651063919067383,2.0492839813232422,0.19988047362032529,0.19988885955939256,0.19990668052779875,0,1,20,7,INACTIVE,FURTHEST_REACHED_INDEX_LT_OFFSET_FROM_FURTHEST,13,20
1065,2185,8,1.3992220169157479,23.251935958862305,2.0341002941131592,24.651063919067383,2.0492839813232422,0.19988047362032529,0.19988885955939256,0.19990668052779875,0,1,20,7,INACTIVE,FURTHEST_REACHED_INDEX_LT_OFFSET_FROM_FURTHEST,13,20
1066,2185,8,1.3992220169157479,23.251935958862305,2.0341002941131592,24.651063919067383,2.0492839813232422,0.19988047362032529,0.19988885955939256,0.19990668052779875,0,1,20,7,INACTIVE,FURTHEST_REACHED_INDEX_LT_OFFSET_FROM_FURTHEST,13,20
1067,2185,8,1.3992220169157479,23.251935958862305,2.0341002941131592,24.651063919067383,2.0492839813232422,0.19988047362032529,0.19988885955939256,0.19990668052779875,0,1,20,7,INACTIVE,FURTHEST_REACHED_INDEX_LT_OFFSET_FROM_FURTHEST,13,20
1068,2185,8,1.3992220169157479,23.251935958862305,2.0341002941131592,24.651063919067383,2.0492839813232422,0.19988047362032529,0.19988885955939256,0.19990668052779875,0,1,20,7,INACTIVE,FURTHEST_REACHED_INDEX_LT_OFFSET_FROM_FURTHEST,13,20
1069,2185,8,1.3992220169157479,23.251935958862305,2.0341002941131592,24.651063919067383,2.0492839813232422,0.19988047362032529,0.19988885955939256,0.19990668052779875,0,1,20,7,INACTIVE,FURTHEST_REACHED_INDEX_LT_OFFSET_FROM_FURTHEST,13,20
1070,2185,8,1.3992220169157479,23.251935958862305,2.0341002941131592,24.651063919067383,2.0492839813232422,0.19988047362032529,0.19988885955939256,0.19990668052779875,0,1,20,7,INACTIVE,FURTHEST_REACHED_INDEX_LT_OFFSET_FROM_FURTHEST,13,20
1071,2185,8,1.3992220169157479,23.251935958862305,2.0341002941131592,24.651063919067383,2.0492839813232422,0.19988047362032529,0.19988885955939256,0.19990668052779875,0,1,20,7,INACTIVE,FURTHEST_REACHED_INDEX_LT_OFFSET_FROM_FURTHEST,13,20
1072,2185,8,1.3992220169157479,23.251935958862305,2.0341002941131592,24.651063919067383,2.0492839813232422,0.19988047362032529,0.19988885955939256,0.19990668052779875,0,1,20,7,INACTIVE,FURTHEST_REACHED_INDEX_LT_OFFSET_FROM_FURTHEST,13,20
1073,2185,8,1.3992220169157479,23.251935958862305,2.0341002941131592,24.651063919067383,2.0492839813232422,0.19988047362032529,0.19988885955939256,0.19990668052779875,0,1,20,7,INACTIVE,FURTHEST_REACHED_INDEX_LT_OFFSET_FROM_FURTHEST,13,20
1074,2185,8,1.3992220169157479,23.251935958862305,2.0341002941131592,24.651063919067383,2.0492839813232422,0.19988047362032529,0.19988885955939256,0.19990668052779875,0,1,20,7,INACTIVE,FURTHEST_REACHED_INDEX_LT_OFFSET_FROM_FURTHEST,13,20
1075,2185,8,1.3992220169157479,23.251935958862305,2.0341002941131592,24.651063919067383,2.0492839813232422,0.19988047362032529,0.19988885955939256,0.19990668052779875,0,1,20,7,INACTIVE,FURTHEST_REACHED_INDEX_LT_OFFSET_FROM_FURTHEST,13,20
1076,2185,8,1.3992220169157479,23.251935958862305,2.0341002941131592,24.651063919067383,2.0492839813232422,0.19988047362032529,0.19988885955939256,0.19990668052779875,0,1,20,7,INACTIVE,FURTHEST_REACHED_INDEX_LT_OFFSET_FROM_FURTHEST,13,20
1077,2185,8,1.3992220169157479,23.251935958862305,2.0341002941131592,24.651063919067383,2.0492839813232422,0.19988047362032529,0.19988885955939256,0.19990668052779875,0,1,20,7,INACTIVE,FURTHEST_REACHED_INDEX_LT_OFFSET_FROM_FURTHEST,13,20
1078,2185,8,1.3992220169157479,23.251935958862305,2.0341002941131592,24.651063919067383,2.0492839813232422,0.19988047362032529,0.19988885955939256,0.19990668052779875,0,1,20,7,INACTIVE,FURTHEST_REACHED_INDEX_LT_OFFSET_FROM_FURTHEST,13,20
1079,2185,8,1.3992220169157479,23.251935958862305,2.0341002941131592,24.651063919067383,2.0492839813232422,0.19988047362032529,0.19988885955939256,0.19990668052779875,0,1,20,7,INACTIVE,FURTHEST_REACHED_INDEX_LT_OFFSET_FROM_FURTHEST,13,20
1080,2185,8,1.3992220169157479,23.251935958862305,2.0341002941131592,24.651063919067383,2.0492839813232422,0.19988047362032529,0.19988885955939256,0.19990668052779875,0,1,20,7,INACTIVE,FURTHEST_REACHED_INDEX_LT_OFFSET_FROM_FURTHEST,13,20
1081,2185,8,1.3992220169157479,23.251935958862305,2.0341002941131592,24.651063919067383,2.0492839813232422,0.19988047362032529,0.19988885955939256,0.19990668052779875,0,1,20,7,INACTIVE,FURTHEST_REACHED_INDEX_LT_OFFSET_FROM_FURTHEST,13,20
1082,2185,8,1.3992220169157479,23.251935958862305,2.0341002941131592,24.651063919067383,2.0492839813232422,0.19988047362032529,0.19988885955939256,0.19990668052779875,0,1,20,7,INACTIVE,FURTHEST_REACHED_INDEX_LT_OFFSET_FROM_FURTHEST,13,20
1083,2185,8,1.3992220169157479,23.251935958862305,2.0341002941131592,24.651063919067383,2.0492839813232422,0.19988047362032529,0.19988885955939256,0.19990668052779875,0,1,20,7,INACTIVE,FURTHEST_REACHED_INDEX_LT_OFFSET_FROM_FURTHEST,13,20
1084,2185,8,1.3992220169157479,23.251935958862305,2.0341002941131592,24.651063919067383,2.0492839813232422,0.19988047362032529,0.19988885955939256,0.19990668052779875,0,1,20,7,INACTIVE,FURTHEST_REACHED_INDEX_LT_OFFSET_FROM_FURTHEST,13,20
1085,2185,8,1.3992220169157479,23.251935958862305,2.0341002941131592,24.651063919067383,2.0492839813232422,0.19988047362032529,0.19988885955939256,0.19990668052779875,0,1,20,7,INACTIVE,FURTHEST_REACHED_INDEX_LT_OFFSET_FROM_FURTHEST,13,20
1086,2185,8,1.3992220169157479,23.251935958862305,2.0341002941131592,24.651063919067383,2.0492839813232422,0.19988047362032529,0.19988885955939256,0.19990668052779875,0,1,20,7,INACTIVE,FURTHEST_REACHED_INDEX_LT_OFFSET_FROM_FURTHEST,13,20
1087,2185,8,1.3992220169157479,23.251935958862305,2.0341002941131592,24.651063919067383,2.0492839813232422,0.19988047362032529,0.19988885955939256,0.19990668052779875,0,1,20,7,INACTIVE,FURTHEST_REACHED_INDEX_LT_OFFSET_FROM_FURTHEST,13,20
1088,2185,8,1.3992220169157479,23.251935958862305,2.0341002941131592,24.651063919067383,2.0492839813232422,0.19988047362032529,0.19988885955939256,0.19990668052779875,0,1,20,7,INACTIVE,FURTHEST_REACHED_INDEX_LT_OFFSET_FROM_FURTHEST,13,20
1089,2185,8,1.3992220169157479,23.251935958862305,2.0341002941131592,24.651063919067383,2.0492839813232422,0.19988047362032529,0.19988885955939256,0.19990668052779875,0,1,20,7,INACTIVE,FURTHEST_REACHED_INDEX_LT_OFFSET_FROM_FURTHEST,13,20
1090,2185,8,1.3992220169157479,23.251935958862305,2.0341002941131592,24.651063919067383,2.0492839813232422,0.19988047362032529,0.19988885955939256,0.19990668052779875,0,1,20,7,INACTIVE,FURTHEST_REACHED_INDEX_LT_OFFSET_FROM_FURTHEST,13,20
1091,2185,8,1.3992220169157479,23.251935958862305,2.0341002941131592,24.651063919067383,2.0492839813232422,0.19988047362032529,0.19988885955939256,0.19990668052779875,0,1,20,7,INACTIVE,FURTHEST_REACHED_INDEX_LT_OFFSET_FROM_FURTHEST,13,20
1092,2185,8,1.3992220169157479,23.251935958862305,2.0341002941131592,24.651063919067383,2.0492839813232422,0.19988047362032529,0.19988885955939256,0.19990668052779875,0,1,20,7,INACTIVE,FURTHEST_REACHED_INDEX_LT_OFFSET_FROM_FURTHEST,13,20
1093,2185,8,1.3992220169157479,23.251935958862305,2.0341002941131592,24.651063919067383,2.0492839813232422,0.19988047362032529,0.19988885955939256,0.19990668052779875,0,1,20,7,INACTIVE,FURTHEST_REACHED_INDEX_LT_OFFSET_FROM_FURTHEST,13,20
1094,2185,8,1.3992220169157479,23.251935958862305,2.0341002941131592,24.651063919067383,2.0492839813232422,0.19988047362032529,0.19988885955939256,0.19990668052779875,0,1,20,7,INACTIVE,FURTHEST_REACHED_INDEX_LT_OFFSET_FROM_FURTHEST,13,20
1095,2185,8,1.3992220169157479,23.251935958862305,2.0341002941131592,24.651063919067383,2.0492839813232422,0.19988047362032529,0.19988885955939256,0.19990668052779875,0,1,20,7,INACTIVE,FURTHEST_REACHED_INDEX_LT_OFFSET_FROM_FURTHEST,13,20
1096,2185,8,1.3992220169157479,23.251935958862305,2.0341002941131592,24.651063919067383,2.0492839813232422,0.19988047362032529,0.19988885955939256,0.19990668052779875,0,1,20,7,INACTIVE,FURTHEST_REACHED_INDEX_LT_OFFSET_FROM_FURTHEST,13,20
1097,2185,8,1.3992220169157479,23.251935958862305,2.0341002941131592,24.651063919067383,2.0492839813232422,0.19988047362032529,0.19988885955939256,0.19990668052779875,0,1,20,7,INACTIVE,FURTHEST_REACHED_INDEX_LT_OFFSET_FROM_FURTHEST,13,20
1098,2185,8,1.3992220169157479,23.251935958862305,2.0341002941131592,24.651063919067383,2.0492839813232422,0.19988047362032529,0.19988885955939256,0.19990668052779875,0,1,20,7,INACTIVE,FURTHEST_REACHED_INDEX_LT_OFFSET_FROM_FURTHEST,13,20
1099,2185,8,1.3992220169157479,23.251935958862305,2.0341002941131592,24.651063919067383,2.0492839813232422,0.19988047362032529,0.19988885955939256,0.19990668052779875,0,1,20,7,INACTIVE,FURTHEST_REACHED_INDEX_LT_OFFSET_FROM_FURTHEST,13,20
1100,2185,8,1.3992220169157479,23.251935958862305,2.0341002941131592,24.651063919067383,2.0492839813232422,0.19988047362032529,0.19988885955939256,0.19990668052779875,0,1,20,7,INACTIVE,FURTHEST_REACHED_INDEX_LT_OFFSET_FROM_FURTHEST,13,20
1101,2185,8,1.3992220169157479,23.251935958862305,2.0341002941131592,24.651063919067383,2.0492839813232422,0.19988047362032529,0.19988885955939256,0.19990668052779875,0,1,20,7,INACTIVE,FURTHEST_REACHED_INDEX_LT_OFFSET_FROM_FURTHEST,13,20
1102,2185,8,1.3992220169157479,23.251935958862305,2.0341002941131592,24.651063919067383,2.0492839813232422,0.19988047362032529,0.19988885955939256,0.19990668052779875,0,1,20,7,INACTIVE,FURTHEST_REACHED_INDEX_LT_OFFSET_FROM_FURTHEST,13,20
1103,2185,8,1.3992220169157479,23.251935958862305,2.0341002941131592,24.651063919067383,2.0492839813232422,0.19988047362032529,0.19988885955939256,0.19990668052779875,0,1,20,7,INACTIVE,FURTHEST_REACHED_INDEX_LT_OFFSET_FROM_FURTHEST,13,20
1104,2185,8,1.3992220169157479,23.251935958862305,2.0341002941131592,24.651063919067383,2.0492839813232422,0.19988047362032529,0.19988885955939256,0.19990668052779875,0,1,20,7,INACTIVE,FURTHEST_REACHED_INDEX_LT_OFFSET_FROM_FURTHEST,13,20
1105,2185,8,1.3992220169157479,23.251935958862305,2.0341002941131592,24.651063919067383,2.0492839813232422,0.19988047362032529,0.19988885955939256,0.19990668052779875,0,1,20,7,INACTIVE,FURTHEST_REACHED_INDEX_LT_OFFSET_FROM_FURTHEST,13,20
1106,2185,8,1.3992220169157479,23.251935958862305,2.0341002941131592,24.651063919067383,2.0492839813232422,0.19988047362032529,0.19988885955939256,0.19990668052779875,0,2,20,7,INACTIVE,FURTHEST_REACHED_INDEX_LT_OFFSET_FROM_FURTHEST,13,20
1107,2185,8,1.3992220169157479,23.251935958862305,2.0341002941131592,24.651063919067383,2.0492839813232422,0.19988047362032529,0.19988885955939256,0.19990668052779875,0,2,20,7,INACTIVE,FURTHEST_REACHED_INDEX_LT_OFFSET_FROM_FURTHEST,13,20
1108,2185,8,1.3992220169157479,23.251935958862305,2.0341002941131592,24.651063919067383,2.0492839813232422,0.19988047362032529,0.19988885955939256,0.19990668052779875,0,2,20,7,INACTIVE,FURTHEST_REACHED_INDEX_LT_OFFSET_FROM_FURTHEST,13,20
1109,2185,8,1.3992220169157479,23.251935958862305,2.0341002941131592,24.651063919067383,2.0492839813232422,0.19988047362032529,0.19988885955939256,0.19990668052779875,0,2,20,7,INACTIVE,FURTHEST_REACHED_INDEX_LT_OFFSET_FROM_FURTHEST,13,20
1110,2185,8,1.3992220169157479,23.251935958862305,2.0341002941131592,24.651063919067383,2.0492839813232422,0.19988047362032529,0.19988885955939256,0.19990668052779875,0,2,20,7,INACTIVE,FURTHEST_REACHED_INDEX_LT_OFFSET_FROM_FURTHEST,13,20
1111,2185,8,1.3992220169157479,23.251935958862305,2.0341002941131592,24.651063919067383,2.0492839813232422,0.19988047362032529,0.19988885955939256,0.19990668052779875,0,2,20,7,INACTIVE,FURTHEST_REACHED_INDEX_LT_OFFSET_FROM_FURTHEST,13,20
1112,2185,8,1.3992220169157479,23.251935958862305,2.0341002941131592,24.651063919067383,2.0492839813232422,0.19988047362032529,0.19988885955939256,0.19990668052779875,0,2,20,7,INACTIVE,FURTHEST_REACHED_INDEX_LT_OFFSET_FROM_FURTHEST,13,20
1113,2185,8,1.3992220169157479,23.251935958862305,2.0341002941131592,24.651063919067383,2.0492839813232422,0.19988047362032529,0.19988885955939256,0.19990668052779875,0,2,20,7,INACTIVE,FURTHEST_REACHED_INDEX_LT_OFFSET_FROM_FURTHEST,13,20
1114,2185,8,1.3992220169157479,23.251935958862305,2.0341002941131592,24.651063919067383,2.0492839813232422,0.19988047362032529,0.19988885955939256,0.19990668052779875,0,2,20,7,INACTIVE,FURTHEST_REACHED_INDEX_LT_OFFSET_FROM_FURTHEST,13,20
1115,2185,8,1.3992220169157479,23.251935958862305,2.0341002941131592,24.651063919067383,2.0492839813232422,0.19988047362032529,0.19988885955939256,0.19990668052779875,0,2,20,7,INACTIVE,FURTHEST_REACHED_INDEX_LT_OFFSET_FROM_FURTHEST,13,20
1116,2185,8,1.3992220169157479,23.251935958862305,2.0341002941131592,24.651063919067383,2.0492839813232422,0.19988047362032529,0.19988885955939256,0.19990668052779875,0,2,20,7,INACTIVE,FURTHEST_REACHED_INDEX_LT_OFFSET_FROM_FURTHEST,13,20
1117,2185,8,1.3992220169157479,23.251935958862305,2.0341002941131592,24.651063919067383,2.0492839813232422,0.19988047362032529,0.19988885955939256,0.19990668052779875,0,2,20,7,INACTIVE,FURTHEST_REACHED_INDEX_LT_OFFSET_FROM_FURTHEST,13,20
1118,2185,8,1.3992220169157479,23.251935958862305,2.0341002941131592,24.651063919067383,2.0492839813232422,0.19988047362032529,0.19988885955939256,0.19990668052779875,0,2,20,7,INACTIVE,FURTHEST_REACHED_INDEX_LT_OFFSET_FROM_FURTHEST,13,20
1119,2185,8,1.3992220169157479,23.251935958862305,2.0341002941131592,24.651063919067383,2.0492839813232422,0.19988047362032529,0.19988885955939256,0.19990668052779875,0,2,20,7,INACTIVE,FURTHEST_REACHED_INDEX_LT_OFFSET_FROM_FURTHEST,13,20
1120,2185,8,1.3992220169157479,23.251935958862305,2.0341002941131592,24.651063919067383,2.0492839813232422,0.19988047362032529,0.19988885955939256,0.19990668052779875,0,2,20,7,INACTIVE,FURTHEST_REACHED_INDEX_LT_OFFSET_FROM_FURTHEST,13,20
1121,2185,8,1.3992220169157479,23.251935958862305,2.0341002941131592,24.651063919067383,2.0492839813232422,0.19988047362032529,0.19988885955939256,0.19990668052779875,0,2,20,7,INACTIVE,FURTHEST_REACHED_INDEX_LT_OFFSET_FROM_FURTHEST,13,20
1122,2185,8,1.3992220169157479,23.251935958862305,2.0341002941131592,24.651063919067383,2.0492839813232422,0.19988047362032529,0.19988885955939256,0.19990668052779875,0,2,20,7,INACTIVE,FURTHEST_REACHED_INDEX_LT_OFFSET_FROM_FURTHEST,13,20
1123,2185,8,1.3992220169157479,23.251935958862305,2.0341002941131592,24.651063919067383,2.0492839813232422,0.19988047362032529,0.19988885955939256,0.19990668052779875,0,2,20,7,INACTIVE,FURTHEST_REACHED_INDEX_LT_OFFSET_FROM_FURTHEST,13,20
1124,2185,8,1.3992220169157479,23.251935958862305,2.0341002941131592,24.651063919067383,2.0492839813232422,0.19988047362032529,0.19988885955939256,0.19990668052779875,0,2,20,7,INACTIVE,FURTHEST_REACHED_INDEX_LT_OFFSET_FROM_FURTHEST,13,20
1125,2185,8,1.3992220169157479,23.251935958862305,2.0341002941131592,24.651063919067383,2.0492839813232422,0.19988047362032529,0.19988885955939256,0.19990668052779875,0,2,20,7,INACTIVE,FURTHEST_REACHED_INDEX_LT_OFFSET_FROM_FURTHEST,13,20
1126,2185,8,1.3992220169157479,23.251935958862305,2.0341002941131592,24.651063919067383,2.0492839813232422,0.19988047362032529,0.19988885955939256,0.19990668052779875,0,2,20,7,INACTIVE,FURTHEST_REACHED_INDEX_LT_OFFSET_FROM_FURTHEST,13,20
1127,2185,8,1.3992220169157479,23.251935958862305,2.0341002941131592,24.651063919067383,2.0492839813232422,0.19988047362032529,0.19988885955939256,0.19990668052779875,0,2,20,7,INACTIVE,FURTHEST_REACHED_INDEX_LT_OFFSET_FROM_FURTHEST,13,20
1128,2185,8,1.3992220169157479,23.251935958862305,2.0341002941131592,24.651063919067383,2.0492839813232422,0.19988047362032529,0.19988885955939256,0.19990668052779875,0,2,20,7,INACTIVE,FURTHEST_REACHED_INDEX_LT_OFFSET_FROM_FURTHEST,13,20
1129,2185,8,1.3992220169157479,23.251935958862305,2.0341002941131592,24.651063919067383,2.0492839813232422,0.19988047362032529,0.19988885955939256,0.19990668052779875,0,2,20,7,INACTIVE,FURTHEST_REACHED_INDEX_LT_OFFSET_FROM_FURTHEST,13,20
1130,2185,8,1.3992220169157479,23.251935958862305,2.0341002941131592,24.651063919067383,2.0492839813232422,0.19988047362032529,0.19988885955939256,0.19990668052779875,0,2,20,7,INACTIVE,FURTHEST_REACHED_INDEX_LT_OFFSET_FROM_FURTHEST,13,20
1131,2185,8,1.3992220169157479,23.251935958862305,2.0341002941131592,24.651063919067383,2.0492839813232422,0.19988047362032529,0.19988885955939256,0.19990668052779875,0,2,20,7,INACTIVE,FURTHEST_REACHED_INDEX_LT_OFFSET_FROM_FURTHEST,13,20
1132,2185,8,1.3992220169157479,23.251935958862305,2.0341002941131592,24.651063919067383,2.0492839813232422,0.19988047362032529,0.19988885955939256,0.19990668052779875,0,2,20,7,INACTIVE,FURTHEST_REACHED_INDEX_LT_OFFSET_FROM_FURTHEST,13,20
1133,2185,8,1.3992220169157479,23.251935958862305,2.0341002941131592,24.651063919067383,2.0492839813232422,0.19988047362032529,0.19988885955939256,0.19990668052779875,0,2,20,7,INACTIVE,FURTHEST_REACHED_INDEX_LT_OFFSET_FROM_FURTHEST,13,20
1134,2185,8,1.3992220169157479,23.251935958862305,2.0341002941131592,24.651063919067383,2.0492839813232422,0.19988047362032529,0.19988885955939256,0.19990668052779875,0,2,20,7,INACTIVE,FURTHEST_REACHED_INDEX_LT_OFFSET_FROM_FURTHEST,13,20
1135,2185,8,1.3992220169157479,23.251935958862305,2.0341002941131592,24.651063919067383,2.0492839813232422,0.19988047362032529,0.19988885955939256,0.19990668052779875,0,2,20,7,INACTIVE,FURTHEST_REACHED_INDEX_LT_OFFSET_FROM_FURTHEST,13,20
1136,2185,8,1.3992220169157479,23.251935958862305,2.0341002941131592,24.651063919067383,2.0492839813232422,0.19988047362032529,0.19988885955939256,0.19990668052779875,0,2,20,7,INACTIVE,FURTHEST_REACHED_INDEX_LT_OFFSET_FROM_FURTHEST,13,20
1137,2185,8,1.3992220169157479,23.251935958862305,2.0341002941131592,24.651063919067383,2.0492839813232422,0.19988047362032529,0.19988885955939256,0.19990668052779875,0,2,20,7,INACTIVE,FURTHEST_REACHED_INDEX_LT_OFFSET_FROM_FURTHEST,13,20
1138,2185,8,1.3992220169157479,23.251935958862305,2.0341002941131592,24.651063919067383,2.0492839813232422,0.19988047362032529,0.19988885955939256,0.19990668052779875,0,2,20,7,INACTIVE,FURTHEST_REACHED_INDEX_LT_OFFSET_FROM_FURTHEST,13,20
1139,2185,8,1.3992220169157479,23.251935958862305,2.0341002941131592,24.651063919067383,2.0492839813232422,0.19988047362032529,0.19988885955939256,0.19990668052779875,0,2,20,7,INACTIVE,FURTHEST_REACHED_INDEX_LT_OFFSET_FROM_FURTHEST,13,20
1140,2185,8,1.3992220169157479,23.251935958862305,2.0341002941131592,24.651063919067383,2.0492839813232422,0.19988047362032529,0.19988885955939256,0.19990668052779875,0,2,20,7,INACTIVE,FURTHEST_REACHED_INDEX_LT_OFFSET_FROM_FURTHEST,13,20
1141,2185,8,1.3992220169157479,23.251935958862305,2.0341002941131592,24.651063919067383,2.0492839813232422,0.19988047362032529,0.19988885955939256,0.19990668052779875,0,2,20,7,INACTIVE,FURTHEST_REACHED_INDEX_LT_OFFSET_FROM_FURTHEST,13,20
1142,2185,8,1.3992178528855166,23.451818466186523,2.0351462364196777,24.85090446472168,2.0533092021942139,0.19988047362032529,0.19988826469793095,0.19990668052779875,0,1,20,7,INACTIVE,FURTHEST_REACHED_INDEX_LT_OFFSET_FROM_FURTHEST,14,21
1143,2185,8,1.3992178528855166,23.451818466186523,2.0351462364196777,24.85090446472168,2.0533092021942139,0.19988047362032529,0.19988826469793095,0.19990668052779875,0,1,20,7,INACTIVE,FURTHEST_REACHED_INDEX_LT_OFFSET_FROM_FURTHEST,14,21
1144,2185,8,1.3992178528855166,23.451818466186523,2.0351462364196777,24.85090446472168,2.0533092021942139,0.19988047362032529,0.19988826469793095,0.19990668052779875,0,1,20,7,INACTIVE,FURTHEST_REACHED_INDEX_LT_OFFSET_FROM_FURTHEST,14,21
1145,2185,8,1.3992178528855166,23.451818466186523,2.0351462364196777,24.85090446472168,2.0533092021942139,0.19988047362032529,0.19988826469793095,0.19990668052779875,0,1,20,7,INACTIVE,FURTHEST_REACHED_INDEX_LT_OFFSET_FROM_FURTHEST,14,21
1146,2185,8,1.3992178528855166,23.451818466186523,2.0351462364196777,24.85090446472168,2.0533092021942139,0.19988047362032529,0.19988826469793095,0.19990668052779875,0,1,20,7,INACTIVE,FURTHEST_REACHED_INDEX_LT_OFFSET_FROM_FURTHEST,14,21
1147,2185,8,1.3992178528855166,23.451818466186523,2.0351462364196777,24.85090446472168,2.0533092021942139,0.19988047362032529,0.19988826469793095,0.19990668052779875,0,1,20,7,INACTIVE,FURTHEST_REACHED_INDEX_LT_OFFSET_FROM_FURTHEST,14,21
1148,2185,8,1.3992178528855166,23.451818466186523,2.0351462364196777,24.85090446472168,2.0533092021942139,0.19988047362032529,0.19988826469793095,0.19990668052779875,0,1,20,7,INACTIVE,FURTHEST_REACHED_INDEX_LT_OFFSET_FROM_FURTHEST,14,21
1149,2185,8,1.3992178528855166,23.451818466186523,2.0351462364196777,24.85090446472168,2.0533092021942139,0.19988047362032529,0.19988826469793095,0.19990668052779875,0,1,20,7,INACTIVE,FURTHEST_REACHED_INDEX_LT_OFFSET_FROM_FURTHEST,14,21
1150,2185,8,1.3992178528855166,23.451818466186523,2.0351462364196777,24.85090446472168,2.0533092021942139,0.19988047362032529,0.19988826469793095,0.19990668052779875,0,1,20,7,INACTIVE,FURTHEST_REACHED_INDEX_LT_OFFSET_FROM_FURTHEST,14,21
1151,2185,8,1.3992178528855166,23.451818466186523,2.0351462364196777,24.85090446472168,2.0533092021942139,0.19988047362032529,0.19988826469793095,0.19990668052779875,0,1,20,7,INACTIVE,FURTHEST_REACHED_INDEX_LT_OFFSET_FROM_FURTHEST,14,21
1152,2185,8,1.3992178528855166,23.451818466186523,2.0351462364196777,24.85090446472168,2.0533092021942139,0.19988047362032529,0.19988826469793095,0.19990668052779875,0,1,20,7,INACTIVE,FURTHEST_REACHED_INDEX_LT_OFFSET_FROM_FURTHEST,14,21
1153,2185,8,1.3992178528855166,23.451818466186523,2.0351462364196777,24.85090446472168,2.0533092021942139,0.19988047362032529,0.19988826469793095,0.19990668052779875,0,1,20,7,INACTIVE,FURTHEST_REACHED_INDEX_LT_OFFSET_FROM_FURTHEST,14,21
1154,2185,8,1.3992178528855166,23.451818466186523,2.0351462364196777,24.85090446472168,2.0533092021942139,0.19988047362032529,0.19988826469793095,0.19990668052779875,0,1,20,7,INACTIVE,FURTHEST_REACHED_INDEX_LT_OFFSET_FROM_FURTHEST,14,21
1155,2185,8,1.3992178528855166,23.451818466186523,2.0351462364196777,24.85090446472168,2.0533092021942139,0.19988047362032529,0.19988826469793095,0.19990668052779875,0,1,20,7,INACTIVE,FURTHEST_REACHED_INDEX_LT_OFFSET_FROM_FURTHEST,14,21
1156,2185,8,1.3992178528855166,23.451818466186523,2.0351462364196777,24.85090446472168,2.0533092021942139,0.19988047362032529,0.19988826469793095,0.19990668052779875,0,1,20,7,INACTIVE,FURTHEST_REACHED_INDEX_LT_OFFSET_FROM_FURTHEST,14,21
1157,2185,8,1.3992178528855166,23.451818466186523,2.0351462364196777,24.85090446472168,2.0533092021942139,0.19988047362032529,0.19988826469793095,0.19990668052779875,0,1,20,7,INACTIVE,FURTHEST_REACHED_INDEX_LT_OFFSET_FROM_FURTHEST,14,21
1158,2185,8,1.3992178528855166,23.451818466186523,2.0351462364196777,24.85090446472168,2.0533092021942139,0.19988047362032529,0.19988826469793095,0.19990668052779875,0,1,20,7,INACTIVE,FURTHEST_REACHED_INDEX_LT_OFFSET_FROM_FURTHEST,14,21
1159,2185,8,1.3992178528855166,23.451818466186523,2.0351462364196777,24.85090446472168,2.0533092021942139,0.19988047362032529,0.19988826469793095,0.19990668052779875,0,1,20,7,INACTIVE,FURTHEST_REACHED_INDEX_LT_OFFSET_FROM_FURTHEST,14,21
1160,2185,8,1.3992178528855166,23.451818466186523,2.0351462364196777,24.85090446472168,2.0533092021942139,0.19988047362032529,0.19988826469793095,0.19990668052779875,0,1,20,7,INACTIVE,FURTHEST_REACHED_INDEX_LT_OFFSET_FROM_FURTHEST,14,21
1161,2185,8,1.3992178528855166,23.451818466186523,2.0351462364196777,24.85090446472168,2.0533092021942139,0.19988047362032529,0.19988826469793095,0.19990668052779875,0,1,20,7,INACTIVE,FURTHEST_REACHED_INDEX_LT_OFFSET_FROM_FURTHEST,14,21
1162,2185,8,1.3992178528855166,23.451818466186523,2.0351462364196777,24.85090446472168,2.0533092021942139,0.19988047362032529,0.19988826469793095,0.19990668052779875,0,1,20,7,INACTIVE,FURTHEST_REACHED_INDEX_LT_OFFSET_FROM_FURTHEST,14,21
1163,2185,8,1.3992178528855166,23.451818466186523,2.0351462364196777,24.85090446472168,2.0533092021942139,0.19988047362032529,0.19988826469793095,0.19990668052779875,0,1,20,7,INACTIVE,FURTHEST_REACHED_INDEX_LT_OFFSET_FROM_FURTHEST,14,21
1164,2185,8,1.3992178528855166,23.451818466186523,2.0351462364196777,24.85090446472168,2.0533092021942139,0.19988047362032529,0.19988826469793095,0.19990668052779875,0,1,20,7,INACTIVE,FURTHEST_REACHED_INDEX_LT_OFFSET_FROM_FURTHEST,14,21
1165,2185,8,1.3992178528855166,23.451818466186523,2.0351462364196777,24.85090446472168,2.0533092021942139,0.19988047362032529,0.19988826469793095,0.19990668052779875,0,1,20,7,INACTIVE,FURTHEST_REACHED_INDEX_LT_OFFSET_FROM_FURTHEST,14,21
1166,2185,8,1.3992178528855166,23.451818466186523,2.0351462364196777,24.85090446472168,2.0533092021942139,0.19988047362032529,0.19988826469793095,0.19990668052779875,0,1,20,7,INACTIVE,FURTHEST_REACHED_INDEX_LT_OFFSET_FROM_FURTHEST,14,21
1167,2185,8,1.3992178528855166,23.451818466186523,2.0351462364196777,24.85090446472168,2.0533092021942139,0.19988047362032529,0.19988826469793095,0.19990668052779875,0,1,20,7,INACTIVE,FURTHEST_REACHED_INDEX_LT_OFFSET_FROM_FURTHEST,14,21
1168,2185,8,1.3992178528855166,23.451818466186523,2.0351462364196777,24.85090446472168,2.0533092021942139,0.19988047362032529,0.19988826469793095,0.19990668052779875,0,1,20,7,INACTIVE,FURTHEST_REACHED_INDEX_LT_OFFSET_FROM_FURTHEST,14,21
1169,2185,8,1.3992178528855166,23.451818466186523,2.0351462364196777,24.85090446472168,2.0533092021942139,0.19988047362032529,0.19988826469793095,0.19990668052779875,0,1,20,7,INACTIVE,FURTHEST_REACHED_INDEX_LT_OFFSET_FROM_FURTHEST,14,21
1170,2185,8,1.3992178528855166,23.451818466186523,2.0351462364196777,24.85090446472168,2.0533092021942139,0.19988047362032529,0.19988826469793095,0.19990668052779875,0,1,20,7,INACTIVE,FURTHEST_REACHED_INDEX_LT_OFFSET_FROM_FURTHEST,14,21
1171,2185,8,1.3992178528855166,23.451818466186523,2.0351462364196777,24.85090446472168,2.0533092021942139,0.19988047362032529,0.19988826469793095,0.19990668052779875,0,1,20,7,INACTIVE,FURTHEST_REACHED_INDEX_LT_OFFSET_FROM_FURTHEST,14,21
1172,2185,8,1.3992178528855166,23.451818466186523,2.0351462364196777,24.85090446472168,2.0533092021942139,0.19988047362032529,0.19988826469793095,0.19990668052779875,0,1,20,7,INACTIVE,FURTHEST_REACHED_INDEX_LT_OFFSET_FROM_FURTHEST,14,21
1173,2185,8,1.3992178528855166,23.451818466186523,2.0351462364196777,24.85090446472168,2.0533092021942139,0.19988047362032529,0.19988826469793095,0.19990668052779875,0,1,20,7,INACTIVE,FURTHEST_REACHED_INDEX_LT_OFFSET_FROM_FURTHEST,14,21
1174,2185,8,1.3992178528855166,23.451818466186523,2.0351462364196777,24.85090446472168,2.0533092021942139,0.19988047362032529,0.19988826469793095,0.19990668052779875,0,1,20,7,INACTIVE,FURTHEST_REACHED_INDEX_LT_OFFSET_FROM_FURTHEST,14,21
1175,2185,8,1.3992178528855166,23.451818466186523,2.0351462364196777,24.85090446472168,2.0533092021942139,0.19988047362032529,0.19988826469793095,0.19990668052779875,0,1,20,7,INACTIVE,FURTHEST_REACHED_INDEX_LT_OFFSET_FROM_FURTHEST,14,21
1176,2185,8,1.3992178528855166,23.451818466186523,2.0351462364196777,24.85090446472168,2.0533092021942139,0.19988047362032529,0.19988826469793095,0.19990668052779875,0,1,20,7,INACTIVE,FURTHEST_REACHED_INDEX_LT_OFFSET_FROM_FURTHEST,14,21
1177,2185,8,1.3992178528855166,23.451818466186523,2.0351462364196777,24.85090446472168,2.0533092021942139,0.19988047362032529,0.19988826469793095,0.19990668052779875,0,1,20,7,INACTIVE,FURTHEST_REACHED_INDEX_LT_OFFSET_FROM_FURTHEST,14,21
1178,2185,8,1.3992178528855166,23.451818466186523,2.0351462364196777,24.85090446472168,2.0533092021942139,0.19988047362032529,0.19988826469793095,0.19990668052779875,0,1,20,7,INACTIVE,FURTHEST_REACHED_INDEX_LT_OFFSET_FROM_FURTHEST,14,21
1179,2185,8,1.3992178528855166,23.451818466186523,2.0351462364196777,24.85090446472168,2.0533092021942139,0.19988047362032529,0.19988826469793095,0.19990668052779875,0,1,20,7,INACTIVE,FURTHEST_REACHED_INDEX_LT_OFFSET_FROM_FURTHEST,14,21
1180,2185,8,1.3992178528855166,23.451818466186523,2.0351462364196777,24.85090446472168,2.0533092021942139,0.19988047362032529,0.19988826469793095,0.19990668052779875,0,1,20,7,INACTIVE,FURTHEST_REACHED_INDEX_LT_OFFSET_FROM_FURTHEST,14,21
1181,2185,8,1.3992178528855166,23.451818466186523,2.0351462364196777,24.85090446472168,2.0533092021942139,0.19988047362032529,0.19988826469793095,0.19990668052779875,0,1,20,7,INACTIVE,FURTHEST_REACHED_INDEX_LT_OFFSET_FROM_FURTHEST,14,21
1182,2185,8,1.3992178528855166,23.451818466186523,2.0351462364196777,24.85090446472168,2.0533092021942139,0.19988047362032529,0.19988826469793095,0.19990668052779875,0,1,20,7,INACTIVE,FURTHEST_REACHED_INDEX_LT_OFFSET_FROM_FURTHEST,14,21
1183,2185,8,1.3992178528855166,23.451818466186523,2.0351462364196777,24.85090446472168,2.0533092021942139,0.19988047362032529,0.19988826469793095,0.19990668052779875,0,1,20,7,INACTIVE,FURTHEST_REACHED_INDEX_LT_OFFSET_FROM_FURTHEST,14,21
1184,2185,8,1.3992178528855166,23.451818466186523,2.0351462364196777,24.85090446472168,2.0533092021942139,0.19988047362032529,0.19988826469793095,0.19990668052779875,0,1,20,7,INACTIVE,FURTHEST_REACHED_INDEX_LT_OFFSET_FROM_FURTHEST,14,21
1185,2185,8,1.3992178528855166,23.451818466186523,2.0351462364196777,24.85090446472168,2.0533092021942139,0.19988047362032529,0.19988826469793095,0.19990668052779875,0,1,20,7,INACTIVE,FURTHEST_REACHED_INDEX_LT_OFFSET_FROM_FURTHEST,14,21
1186,2185,8,1.3992178528855166,23.451818466186523,2.0351462364196777,24.85090446472168,2.0533092021942139,0.19988047362032529,0.19988826469793095,0.19990668052779875,0,1,20,7,INACTIVE,FURTHEST_REACHED_INDEX_LT_OFFSET_FROM_FURTHEST,14,21
1187,2185,8,1.3992178528855166,23.451818466186523,2.0351462364196777,24.85090446472168,2.0533092021942139,0.19988047362032529,0.19988826469793095,0.19990668052779875,0,1,20,7,INACTIVE,FURTHEST_REACHED_INDEX_LT_OFFSET_FROM_FURTHEST,14,21
1188,2185,8,1.3992178528855166,23.451818466186523,2.0351462364196777,24.85090446472168,2.0533092021942139,0.19988047362032529,0.19988826469793095,0.19990668052779875,0,1,20,7,INACTIVE,FURTHEST_REACHED_INDEX_LT_OFFSET_FROM_FURTHEST,14,21
1189,2185,8,1.3992178528855166,23.451818466186523,2.0351462364196777,24.85090446472168,2.0533092021942139,0.19988047362032529,0.19988826469793095,0.19990668052779875,0,2,20,7,INACTIVE,FURTHEST_REACHED_INDEX_LT_OFFSET_FROM_FURTHEST,14,21
1190,2185,8,1.3992178528855166,23.451818466186523,2.0351462364196777,24.85090446472168,2.0533092021942139,0.19988047362032529,0.19988826469793095,0.19990668052779875,0,2,20,7,INACTIVE,FURTHEST_REACHED_INDEX_LT_OFFSET_FROM_FURTHEST,14,21
1191,2185,8,1.3992178528855166,23.451818466186523,2.0351462364196777,24.85090446472168,2.0533092021942139,0.19988047362032529,0.19988826469793095,0.19990668052779875,0,2,20,7,INACTIVE,FURTHEST_REACHED_INDEX_LT_OFFSET_FROM_FURTHEST,14,21
1192,2185,8,1.3992178528855166,23.451818466186523,2.0351462364196777,24.85090446472168,2.0533092021942139,0.19988047362032529,0.19988826469793095,0.19990668052779875,0,2,20,7,INACTIVE,FURTHEST_REACHED_INDEX_LT_OFFSET_FROM_FURTHEST,14,21
1193,2185,8,1.3992178528855166,23.451818466186523,2.0351462364196777,24.85090446472168,2.0533092021942139,0.19988047362032529,0.19988826469793095,0.19990668052779875,0,2,20,7,INACTIVE,FURTHEST_REACHED_INDEX_LT_OFFSET_FROM_FURTHEST,14,21
1194,2185,8,1.3992178528855166,23.451818466186523,2.0351462364196777,24.85090446472168,2.0533092021942139,0.19988047362032529,0.19988826469793095,0.19990668052779875,0,2,20,7,INACTIVE,FURTHEST_REACHED_INDEX_LT_OFFSET_FROM_FURTHEST,14,21
1195,2185,8,1.3992178528855166,23.451818466186523,2.0351462364196777,24.85090446472168,2.0533092021942139,0.19988047362032529,0.19988826469793095,0.19990668052779875,0,2,20,7,INACTIVE,FURTHEST_REACHED_INDEX_LT_OFFSET_FROM_FURTHEST,14,21
1196,2185,8,1.3992178528855166,23.451818466186523,2.0351462364196777,24.85090446472168,2.0533092021942139,0.19988047362032529,0.19988826469793095,0.19990668052779875,0,2,20,7,INACTIVE,FURTHEST_REACHED_INDEX_LT_OFFSET_FROM_FURTHEST,14,21
1197,2185,8,1.3992178528855166,23.451818466186523,2.0351462364196777,24.85090446472168,2.0533092021942139,0.19988047362032529,0.19988826469793095,0.19990668052779875,0,2,20,7,INACTIVE,FURTHEST_REACHED_INDEX_LT_OFFSET_FROM_FURTHEST,14,21
1198,2185,8,1.3992178528855166,23.451818466186523,2.0351462364196777,24.85090446472168,2.0533092021942139,0.19988047362032529,0.19988826469793095,0.19990668052779875,0,2,20,7,INACTIVE,FURTHEST_REACHED_INDEX_LT_OFFSET_FROM_FURTHEST,14,21
1199,2185,8,1.3992178528855166,23.451818466186523,2.0351462364196777,24.85090446472168,2.0533092021942139,0.19988047362032529,0.19988826469793095,0.19990668052779875,0,2,20,7,INACTIVE,FURTHEST_REACHED_INDEX_LT_OFFSET_FROM_FURTHEST,14,21
1200,2185,8,1.3992178528855166,23.451818466186523,2.0351462364196777,24.85090446472168,2.0533092021942139,0.19988047362032529,0.19988826469793095,0.19990668052779875,0,2,20,7,INACTIVE,FURTHEST_REACHED_INDEX_LT_OFFSET_FROM_FURTHEST,14,21
1201,2185,8,1.3992178528855166,23.451818466186523,2.0351462364196777,24.85090446472168,2.0533092021942139,0.19988047362032529,0.19988826469793095,0.19990668052779875,0,2,20,7,INACTIVE,FURTHEST_REACHED_INDEX_LT_OFFSET_FROM_FURTHEST,14,21
1202,2185,8,1.3992178528855166,23.451818466186523,2.0351462364196777,24.85090446472168,2.0533092021942139,0.19988047362032529,0.19988826469793095,0.19990668052779875,0,2,20,7,INACTIVE,FURTHEST_REACHED_INDEX_LT_OFFSET_FROM_FURTHEST,14,21
1203,2185,8,1.3992178528855166,23.451818466186523,2.0351462364196777,24.85090446472168,2.0533092021942139,0.19988047362032529,0.19988826469793095,0.19990668052779875,0,2,20,7,INACTIVE,FURTHEST_REACHED_INDEX_LT_OFFSET_FROM_FURTHEST,14,21
1204,2185,8,1.3992178528855166,23.451818466186523,2.0351462364196777,24.85090446472168,2.0533092021942139,0.19988047362032529,0.19988826469793095,0.19990668052779875,0,2,20,7,INACTIVE,FURTHEST_REACHED_INDEX_LT_OFFSET_FROM_FURTHEST,14,21
1205,2185,8,1.3992178528855166,23.451818466186523,2.0351462364196777,24.85090446472168,2.0533092021942139,0.19988047362032529,0.19988826469793095,0.19990668052779875,0,2,20,7,INACTIVE,FURTHEST_REACHED_INDEX_LT_OFFSET_FROM_FURTHEST,14,21
1206,2185,8,1.3992178528855166,23.451818466186523,2.0351462364196777,24.85090446472168,2.0533092021942139,0.19988047362032529,0.19988826469793095,0.19990668052779875,0,2,20,7,INACTIVE,FURTHEST_REACHED_INDEX_LT_OFFSET_FROM_FURTHEST,14,21
1207,2185,8,1.3992178528855166,23.451818466186523,2.0351462364196777,24.85090446472168,2.0533092021942139,0.19988047362032529,0.19988826469793095,0.19990668052779875,0,2,20,7,INACTIVE,FURTHEST_REACHED_INDEX_LT_OFFSET_FROM_FURTHEST,14,21
1208,2185,8,1.3992178528855166,23.451818466186523,2.0351462364196777,24.85090446472168,2.0533092021942139,0.19988047362032529,0.19988826469793095,0.19990668052779875,0,2,20,7,INACTIVE,FURTHEST_REACHED_INDEX_LT_OFFSET_FROM_FURTHEST,14,21
1209,2185,8,1.3992178528855166,23.451818466186523,2.0351462364196777,24.85090446472168,2.0533092021942139,0.19988047362032529,0.19988826469793095,0.19990668052779875,0,2,20,7,INACTIVE,FURTHEST_REACHED_INDEX_LT_OFFSET_FROM_FURTHEST,14,21
1210,2185,8,1.3992178528855166,23.451818466186523,2.0351462364196777,24.85090446472168,2.0533092021942139,0.19988047362032529,0.19988826469793095,0.19990668052779875,0,2,20,7,INACTIVE,FURTHEST_REACHED_INDEX_LT_OFFSET_FROM_FURTHEST,14,21
1211,2185,8,1.3992178528855166,23.451818466186523,2.0351462364196777,24.85090446472168,2.0533092021942139,0.19988047362032529,0.19988826469793095,0.19990668052779875,0,2,20,7,INACTIVE,FURTHEST_REACHED_INDEX_LT_OFFSET_FROM_FURTHEST,14,21
1212,2185,8,1.3992178528855166,23.451818466186523,2.0351462364196777,24.85090446472168,2.0533092021942139,0.19988047362032529,0.19988826469793095,0.19990668052779875,0,2,20,7,INACTIVE,FURTHEST_REACHED_INDEX_LT_OFFSET_FROM_FURTHEST,14,21
1213,2185,8,1.3992178528855166,23.451818466186523,2.0351462364196777,24.85090446472168,2.0533092021942139,0.19988047362032529,0.19988826469793095,0.19990668052779875,0,2,20,7,INACTIVE,FURTHEST_REACHED_INDEX_LT_OFFSET_FROM_FURTHEST,14,21
1214,2185,8,1.3992178528855166,23.451818466186523,2.0351462364196777,24.85090446472168,2.0533092021942139,0.19988047362032529,0.19988826469793095,0.19990668052779875,0,2,20,7,INACTIVE,FURTHEST_REACHED_INDEX_LT_OFFSET_FROM_FURTHEST,14,21
1215,2185,8,1.3992178528855166,23.451818466186523,2.0351462364196777,24.85090446472168,2.0533092021942139,0.19988047362032529,0.19988826469793095,0.19990668052779875,0,2,20,7,INACTIVE,FURTHEST_REACHED_INDEX_LT_OFFSET_FROM_FURTHEST,14,21
1216,2185,8,1.3992178528855166,23.451818466186523,2.0351462364196777,24.85090446472168,2.0533092021942139,0.19988047362032529,0.19988826469793095,0.19990668052779875,0,2,20,7,INACTIVE,FURTHEST_REACHED_INDEX_LT_OFFSET_FROM_FURTHEST,14,21
1217,2185,8,1.3992178528855166,23.451818466186523,2.0351462364196777,24.85090446472168,2.0533092021942139,0.19988047362032529,0.19988826469793095,0.19990668052779875,0,2,20,7,INACTIVE,FURTHEST_REACHED_INDEX_LT_OFFSET_FROM_FURTHEST,14,21
1218,2185,8,1.3992178528855166,23.451818466186523,2.0351462364196777,24.85090446472168,2.0533092021942139,0.19988047362032529,0.19988826469793095,0.19990668052779875,0,2,20,7,INACTIVE,FURTHEST_REACHED_INDEX_LT_OFFSET_FROM_FURTHEST,14,21
1219,2185,8,1.3992178528855166,23.451818466186523,2.0351462364196777,24.85090446472168,2.0533092021942139,0.19988047362032529,0.19988826469793095,0.19990668052779875,0,2,20,7,INACTIVE,FURTHEST_REACHED_INDEX_LT_OFFSET_FROM_FURTHEST,14,21
1220,2185,8,1.3992178528855166,23.451818466186523,2.0351462364196777,24.85090446472168,2.0533092021942139,0.19988047362032529,0.19988826469793095,0.19990668052779875,0,2,20,7,INACTIVE,FURTHEST_REACHED_INDEX_LT_OFFSET_FROM_FURTHEST,14,21
1221,2185,8,1.3992178528855166,23.451818466186523,2.0351462364196777,24.85090446472168,2.0533092021942139,0.19988047362032529,0.19988826469793095,0.19990668052779875,0,2,20,7,INACTIVE,FURTHEST_REACHED_INDEX_LT_OFFSET_FROM_FURTHEST,14,21
1222,2185,8,1.3992178528855166,23.451818466186523,2.0351462364196777,24.85090446472168,2.0533092021942139,0.19988047362032529,0.19988826469793095,0.19990668052779875,0,2,20,7,INACTIVE,FURTHEST_REACHED_INDEX_LT_OFFSET_FROM_FURTHEST,14,21
1223,2185,8,1.3992178528855166,23.451818466186523,2.0351462364196777,24.85090446472168,2.0533092021942139,0.19988047362032529,0.19988826469793095,0.19990668052779875,0,2,20,7,INACTIVE,FURTHEST_REACHED_INDEX_LT_OFFSET_FROM_FURTHEST,14,21
1224,2185,8,1.3992178528855166,23.451818466186523,2.0351462364196777,24.85090446472168,2.0533092021942139,0.19988047362032529,0.19988826469793095,0.19990668052779875,0,2,20,7,INACTIVE,FURTHEST_REACHED_INDEX_LT_OFFSET_FROM_FURTHEST,14,21
1225,2185,8,1.3992452613180366,23.651695251464844,2.0365011692047119,25.050760269165039,2.0579113960266113,0.19988047362032529,0.19989218018829094,0.19990878609449175,0,1,20,7,INACTIVE,FURTHEST_REACHED_INDEX_LT_OFFSET_FROM_FURTHEST,15,22
1226,2185,8,1.3992452613180366,23.651695251464844,2.0365011692047119,25.050760269165039,2.0579113960266113,0.19988047362032529,0.19989218018829094,0.19990878609449175,0,1,20,7,INACTIVE,FURTHEST_REACHED_INDEX_LT_OFFSET_FROM_FURTHEST,15,22
1227,2185,8,1.3992452613180366,23.651695251464844,2.0365011692047119,25.050760269165039,2.0579113960266113,0.19988047362032529,0.19989218018829094,0.19990878609449175,0,1,20,7,INACTIVE,FURTHEST_REACHED_INDEX_LT_OFFSET_FROM_FURTHEST,15,22
1228,2185,8,1.3992452613180366,23.651695251464844,2.0365011692047119,25.050760269165039,2.0579113960266113,0.19988047362032529,0.19989218018829094,0.19990878609449175,0,1,20,7,INACTIVE,FURTHEST_REACHED_INDEX_LT_OFFSET_FROM_FURTHEST,15,22
1229,2185,8,1.3992452613180366,23.651695251464844,2.0365011692047119,25.050760269165039,2.0579113960266113,0.19988047362032529,0.19989218018829094,0.19990878609449175,0,1,20,7,INACTIVE,FURTHEST_REACHED_INDEX_LT_OFFSET_FROM_FURTHEST,15,22
1230,2185,8,1.3992452613180366,23.651695251464844,2.0365011692047119,25.050760269165039,2.0579113960266113,0.19988047362032529,0.19989218018829094,0.19990878609449175,0,1,20,7,INACTIVE,FURTHEST_REACHED_INDEX_LT_OFFSET_FROM_FURTHEST,15,22
1231,2185,8,1.3992452613180366,23.651695251464844,2.0365011692047119,25.050760269165039,2.0579113960266113,0.19988047362032529,0.19989218018829094,0.19990878609449175,0,1,20,7,INACTIVE,FURTHEST_REACHED_INDEX_LT_OFFSET_FROM_FURTHEST,15,22
1232,2185,8,1.3992452613180366,23.651695251464844,2.0365011692047119,25.050760269165039,2.0579113960266113,0.19988047362032529,0.19989218018829094,0.19990878609449175,0,1,20,7,INACTIVE,FURTHEST_REACHED_INDEX_LT_OFFSET_FROM_FURTHEST,15,22
1233,2185,8,1.3992452613180366,23.651695251464844,2.0365011692047119,25.050760269165039,2.0579113960266113,0.19988047362032529,0.19989218018829094,0.19990878609449175,0,1,20,7,INACTIVE,FURTHEST_REACHED_INDEX_LT_OFFSET_FROM_FURTHEST,15,22
1234,2185,8,1.3992452613180366,23.651695251464844,2.0365011692047119,25.050760269165039,2.0579113960266113,0.19988047362032529,0.19989218018829094,0.19990878609449175,0,1,20,7,INACTIVE,FURTHEST_REACHED_INDEX_LT_OFFSET_FROM_FURTHEST,15,22
1235,2185,8,1.3992452613180366,23.651695251464844,2.0365011692047119,25.050760269165039,2.0579113960266113,0.19988047362032529,0.19989218018829094,0.19990878609449175,0,1,20,7,INACTIVE,FURTHEST_REACHED_INDEX_LT_OFFSET_FROM_FURTHEST,15,22
1236,2185,8,1.3992452613180366,23.651695251464844,2.0365011692047119,25.050760269165039,2.0579113960266113,0.19988047362032529,0.19989218018829094,0.19990878609449175,0,1,20,7,INACTIVE,FURTHEST_REACHED_INDEX_LT_OFFSET_FROM_FURTHEST,15,22
1237,2185,8,1.3992452613180366,23.651695251464844,2.0365011692047119,25.050760269165039,2.0579113960266113,0.19988047362032529,0.19989218018829094,0.19990878609449175,0,1,20,7,INACTIVE,FURTHEST_REACHED_INDEX_LT_OFFSET_FROM_FURTHEST,15,22
1238,2185,8,1.3992452613180366,23.651695251464844,2.0365011692047119,25.050760269165039,2.0579113960266113,0.19988047362032529,0.19989218018829094,0.19990878609449175,0,1,20,7,INACTIVE,FURTHEST_REACHED_INDEX_LT_OFFSET_FROM_FURTHEST,15,22
1239,2185,8,1.3992452613180366,23.651695251464844,2.0365011692047119,25.050760269165039,2.0579113960266113,0.19988047362032529,0.19989218018829094,0.19990878609449175,0,1,20,7,INACTIVE,FURTHEST_REACHED_INDEX_LT_OFFSET_FROM_FURTHEST,15,22
1240,2185,8,1.3992452613180366,23.651695251464844,2.0365011692047119,25.050760269165039,2.0579113960266113,0.19988047362032529,0.19989218018829094,0.19990878609449175,0,1,20,7,INACTIVE,FURTHEST_REACHED_INDEX_LT_OFFSET_FROM_FURTHEST,15,22
1241,2185,8,1.3992452613180366,23.651695251464844,2.0365011692047119,25.050760269165039,2.0579113960266113,0.19988047362032529,0.19989218018829094,0.19990878609449175,0,1,20,7,INACTIVE,FURTHEST_REACHED_INDEX_LT_OFFSET_FROM_FURTHEST,15,22
1242,2185,8,1.3992452613180366,23.651695251464844,2.0365011692047119,25.050760269165039,2.0579113960266113,0.19988047362032529,0.19989218018829094,0.19990878609449175,0,1,20,7,INACTIVE,FURTHEST_REACHED_INDEX_LT_OFFSET_FROM_FURTHEST,15,22
1243,2185,8,1.3992452613180366,23.651695251464844,2.0365011692047119,25.050760269165039,2.0579113960266113,0.19988047362032529,0.19989218018829094,0.19990878609449175,0,1,20,7,INACTIVE,FURTHEST_REACHED_INDEX_LT_OFFSET_FROM_FURTHEST,15,22
1244,2185,8,1.3992452613180366,23.651695251464844,2.0365011692047119,25.050760269165039,2.0579113960266113,0.19988047362032529,0.19989218018829094,0.19990878609449175,0,1,20,7,INACTIVE,FURTHEST_REACHED_INDEX_LT_OFFSET_FROM_FURTHEST,15,22
1245,2185,8,1.3992452613180366,23.651695251464844,2.0365011692047119,25.050760269165039,2.0579113960266113,0.19988047362032529,0.19989218018829094,0.19990878609449175,0,1,20,7,INACTIVE,FURTHEST_REACHED_INDEX_LT_OFFSET_FROM_FURTHEST,15,22
1246,2185,8,1.3992452613180366,23.651695251464844,2.0365011692047119,25.050760269165039,2.0579113960266113,0.19988047362032529,0.19989218018829094,0.19990878609449175,0,1,20,7,INACTIVE,FURTHEST_REACHED_INDEX_LT_OFFSET_FROM_FURTHEST,15,22
1247,2185,8,1.3992452613180366,23.651695251464844,2.0365011692047119,25.050760269165039,2.0579113960266113,0.19988047362032529,0.19989218018829094,0.19990878609449175,0,1,20,7,INACTIVE,FURTHEST_REACHED_INDEX_LT_OFFSET_FROM_FURTHEST,15,22
1248,2185,8,1.3992452613180366,23.651695251464844,2.0365011692047119,25.050760269165039,2.0579113960266113,0.19988047362032529,0.19989218018829094,0.19990878609449175,0,1,20,7,INACTIVE,FURTHEST_REACHED_INDEX_LT_OFFSET_FROM_FURTHEST,15,22
1249,2185,8,1.3992452613180366,23.651695251464844,2.0365011692047119,25.050760269165039,2.0579113960266113,0.19988047362032529,0.19989218018829094,0.19990878609449175,0,1,20,7,INACTIVE,FURTHEST_REACHED_INDEX_LT_OFFSET_FROM_FURTHEST,15,22
1250,2185,8,1.3992452613180366,23.651695251464844,2.0365011692047119,25.050760269165039,2.0579113960266113,0.19988047362032529,0.19989218018829094,0.19990878609449175,0,1,20,7,INACTIVE,FURTHEST_REACHED_INDEX_LT_OFFSET_FROM_FURTHEST,15,22
1251,2185,8,1.3992452613180366,23.651695251464844,2.0365011692047119,25.050760269165039,2.0579113960266113,0.19988047362032529,0.19989218018829094,0.19990878609449175,0,1,20,7,INACTIVE,FURTHEST_REACHED_INDEX_LT_OFFSET_FROM_FURTHEST,15,22
1252,2185,8,1.3992452613180366,23.651695251464844,2.0365011692047119,25.050760269165039,2.0579113960266113,0.19988047362032529,0.19989218018829094,0.19990878609449175,0,1,20,7,INACTIVE,FURTHEST_REACHED_INDEX_LT_OFFSET_FROM_FURTHEST,15,22
1253,2185,8,1.3992452613180366,23.651695251464844,2.0365011692047119,25.050760269165039,2.0579113960266113,0.19988047362032529,0.19989218018829094,0.19990878609449175,0,1,20,7,INACTIVE,FURTHEST_REACHED_INDEX_LT_OFFSET_FROM_FURTHEST,15,22
1254,2185,8,1.3992452613180366,23.651695251464844,2.0365011692047119,25.050760269165039,2.0579113960266113,0.19988047362032529,0.19989218018829094,0.19990878609449175,0,1,20,7,INACTIVE,FURTHEST_REACHED_INDEX_LT_OFFSET_FROM_FURTHEST,15,22
1255,2185,8,1.3992452613180366,23.651695251464844,2.0365011692047119,25.050760269165039,2.0579113960266113,0.19988047362032529,0.19989218018829094,0.19990878609449175,0,1,20,7,INACTIVE,FURTHEST_REACHED_INDEX_LT_OFFSET_FROM_FURTHEST,15,22
1256,2185,8,1.3992452613180366,23.651695251464844,2.0365011692047119,25.050760269165039,2.0579113960266113,0.19988047362032529,0.19989218018829094,0.19990878609449175,0,1,20,7,INACTIVE,FURTHEST_REACHED_INDEX_LT_OFFSET_FROM_FURTHEST,15,22
1257,2185,8,1.3992452613180366,23.651695251464844,2.0365011692047119,25.050760269165039,2.0579113960266113,0.19988047362032529,0.19989218018829094,0.19990878609449175,0,1,20,7,INACTIVE,FURTHEST_REACHED_INDEX_LT_OFFSET_FROM_FURTHEST,15,22
1258,2185,8,1.3992452613180366,23.651695251464844,2.0365011692047119,25.050760269165039,2.0579113960266113,0.19988047362032529,0.19989218018829094,0.19990878609449175,0,1,20,7,INACTIVE,FURTHEST_REACHED_INDEX_LT_OFFSET_FROM_FURTHEST,15,22
1259,2185,8,1.3992452613180366,23.651695251464844,2.0365011692047119,25.050760269165039,2.0579113960266113,0.19988047362032529,0.19989218018829094,0.19990878609449175,0,1,20,7,INACTIVE,FURTHEST_REACHED_INDEX_LT_OFFSET_FROM_FURTHEST,15,22
1260,2185,8,1.3992452613180366,23.651695251464844,2.0365011692047119,25.050760269165039,2.0579113960266113,0.19988047362032529,0.19989218018829094,0.19990878609449175,0,1,20,7,INACTIVE,FURTHEST_REACHED_INDEX_LT_OFFSET_FROM_FURTHEST,15,22
1261,2185,8,1.3992452613180366,23.651695251464844,2.0365011692047119,25.050760269165039,2.0579113960266113,0.19988047362032529,0.19989218018829094,0.19990878609449175,0,1,20,7,INACTIVE,FURTHEST_REACHED_INDEX_LT_OFFSET_FROM_FURTHEST,15,22
1262,2185,8,1.3992452613180366,23.651695251464844,2.0365011692047119,25.050760269165039,2.0579113960266113,0.19988047362032529,0.19989218018829094,0.19990878609449175,0,1,20,7,INACTIVE,FURTHEST_REACHED_INDEX_LT_OFFSET_FROM_FURTHEST,15,22
1263,2185,8,1.3992452613180366,23.651695251464844,2.0365011692047119,25.050760269165039,2.0579113960266113,0.19988047362032529,0.19989218018829094,0.19990878609449175,0,1,20,7,INACTIVE,FURTHEST_REACHED_INDEX_LT_OFFSET_FROM_FURTHEST,15,22
1264,2185,8,1.3992452613180366,23.651695251464844,2.0365011692047119,25.050760269165039,2.0579113960266113,0.19988047362032529,0.19989218018829094,0.19990878609449175,0,1,20,7,INACTIVE,FURTHEST_REACHED_INDEX_LT_OFFSET_FROM_FURTHEST,15,22
1265,2185,8,1.3992452613180366,23.651695251464844,2.0365011692047119,25.050760269165039,2.0579113960266113,0.19988047362032529,0.19989218018829094,0.19990878609449175,0,1,20,7,INACTIVE,FURTHEST_REACHED_INDEX_LT_OFFSET_FROM_FURTHEST,15,22
1266,2185,8,1.3992452613180366,23.651695251464844,2.0365011692047119,25.050760269165039,2.0579113960266113,0.19988047362032529,0.19989218018829094,0.19990878609449175,0,1,20,7,INACTIVE,FURTHEST_REACHED_INDEX_LT_OFFSET_FROM_FURTHEST,15,22
1267,2185,8,1.3992452613180366,23.651695251464844,2.0365011692047119,25.050760269165039,2.0579113960266113,0.19988047362032529,0.19989218018829094,0.19990878609449175,0,1,20,7,INACTIVE,FURTHEST_REACHED_INDEX_LT_OFFSET_FROM_FURTHEST,15,22
1268,2185,8,1.3992452613180366,23.651695251464844,2.0365011692047119,25.050760269165039,2.0579113960266113,0.19988047362032529,0.19989218018829094,0.19990878609449175,0,1,20,7,INACTIVE,FURTHEST_REACHED_INDEX_LT_OFFSET_FROM_FURTHEST,15,22
1269,2185,8,1.3992452613180366,23.651695251464844,2.0365011692047119,25.050760269165039,2.0579113960266113,0.19988047362032529,0.19989218018829094,0.19990878609449175,0,1,20,7,INACTIVE,FURTHEST_REACHED_INDEX_LT_OFFSET_FROM_FURTHEST,15,22
1270,2185,8,1.3992452613180366,23.651695251464844,2.0365011692047119,25.050760269165039,2.0579113960266113,0.19988047362032529,0.19989218018829094,0.19990878609449175,0,1,20,7,INACTIVE,FURTHEST_REACHED_INDEX_LT_OFFSET_FROM_FURTHEST,15,22
1271,2185,8,1.3992452613180366,23.651695251464844,2.0365011692047119,25.050760269165039,2.0579113960266113,0.19988047362032529,0.19989218018829094,0.19990878609449175,0,1,20,7,INACTIVE,FURTHEST_REACHED_INDEX_LT_OFFSET_FROM_FURTHEST,15,22
1272,2185,8,1.3992452613180366,23.651695251464844,2.0365011692047119,25.050760269165039,2.0579113960266113,0.19988047362032529,0.19989218018829094,0.19990878609449175,0,1,20,7,INACTIVE,FURTHEST_REACHED_INDEX_LT_OFFSET_FROM_FURTHEST,15,22
1273,2185,8,1.3992452613180366,23.651695251464844,2.0365011692047119,25.050760269165039,2.0579113960266113,0.19988047362032529,0.19989218018829094,0.19990878609449175,0,2,20,7,INACTIVE,FURTHEST_REACHED_INDEX_LT_OFFSET_FROM_FURTHEST,15,22
1274,2185,8,1.3992452613180366,23.651695251464844,2.0365011692047119,25.050760269165039,2.0579113960266113,0.19988047362032529,0.19989218018829094,0.19990878609449175,0,2,20,7,INACTIVE,FURTHEST_REACHED_INDEX_LT_OFFSET_FROM_FURTHEST,15,22
1275,2185,8,1.3992452613180366,23.651695251464844,2.0365011692047119,25.050760269165039,2.0579113960266113,0.19988047362032529,0.19989218018829094,0.19990878609449175,0,2,20,7,INACTIVE,FURTHEST_REACHED_INDEX_LT_OFFSET_FROM_FURTHEST,15,22
1276,2185,8,1.3992452613180366,23.651695251464844,2.0365011692047119,25.050760269165039,2.0579113960266113,0.19988047362032529,0.19989218018829094,0.19990878609449175,0,2,20,7,INACTIVE,FURTHEST_REACHED_INDEX_LT_OFFSET_FROM_FURTHEST,15,22
1277,2185,8,1.3992452613180366,23.651695251464844,2.0365011692047119,25.050760269165039,2.0579113960266113,0.19988047362032529,0.19989218018829094,0.19990878609449175,0,2,20,7,INACTIVE,FURTHEST_REACHED_INDEX_LT_OFFSET_FROM_FURTHEST,15,22
1278,2185,8,1.3992452613180366,23.651695251464844,2.0365011692047119,25.050760269165039,2.0579113960266113,0.19988047362032529,0.19989218018829094,0.19990878609449175,0,2,20,7,INACTIVE,FURTHEST_REACHED_INDEX_LT_OFFSET_FROM_FURTHEST,15,22
1279,2185,8,1.3992452613180366,23.651695251464844,2.0365011692047119,25.050760269165039,2.0579113960266113,0.19988047362032529,0.19989218018829094,0.19990878609449175,0,2,20,7,INACTIVE,FURTHEST_REACHED_INDEX_LT_OFFSET_FROM_FURTHEST,15,22
1280,2185,8,1.3992452613180366,23.651695251464844,2.0365011692047119,25.050760269165039,2.0579113960266113,0.19988047362032529,0.19989218018829094,0.19990878609449175,0,2,20,7,INACTIVE,FURTHEST_REACHED_INDEX_LT_OFFSET_FROM_FURTHEST,15,22
1281,2185,8,1.3992452613180366,23.651695251464844,2.0365011692047119,25.050760269165039,2.0579113960266113,0.19988047362032529,0.19989218018829094,0.19990878609449175,0,2,20,7,INACTIVE,FURTHEST_REACHED_INDEX_LT_OFFSET_FROM_FURTHEST,15,22
1282,2185,8,1.3992452613180366,23.651695251464844,2.0365011692047119,25.050760269165039,2.0579113960266113,0.19988047362032529,0.19989218018829094,0.19990878609449175,0,2,20,7,INACTIVE,FURTHEST_REACHED_INDEX_LT_OFFSET_FROM_FURTHEST,15,22
1283,2185,8,1.3992452613180366,23.651695251464844,2.0365011692047119,25.050760269165039,2.0579113960266113,0.19988047362032529,0.19989218018829094,0.19990878609449175,0,2,20,7,INACTIVE,FURTHEST_REACHED_INDEX_LT_OFFSET_FROM_FURTHEST,15,22
1284,2185,8,1.3992452613180366,23.651695251464844,2.0365011692047119,25.050760269165039,2.0579113960266113,0.19988047362032529,0.19989218018829094,0.19990878609449175,0,2,20,7,INACTIVE,FURTHEST_REACHED_INDEX_LT_OFFSET_FROM_FURTHEST,15,22
1285,2185,8,1.3992452613180366,23.651695251464844,2.0365011692047119,25.050760269165039,2.0579113960266113,0.19988047362032529,0.19989218018829094,0.19990878609449175,0,2,20,7,INACTIVE,FURTHEST_REACHED_INDEX_LT_OFFSET_FROM_FURTHEST,15,22
1286,2185,8,1.3992452613180366,23.651695251464844,2.0365011692047119,25.050760269165039,2.0579113960266113,0.19988047362032529,0.19989218018829094,0.19990878609449175,0,2,20,7,INACTIVE,FURTHEST_REACHED_INDEX_LT_OFFSET_FROM_FURTHEST,15,22
1287,2185,8,1.3992452613180366,23.651695251464844,2.0365011692047119,25.050760269165039,2.0579113960266113,0.19988047362032529,0.19989218018829094,0.19990878609449175,0,2,20,7,INACTIVE,FURTHEST_REACHED_INDEX_LT_OFFSET_FROM_FURTHEST,15,22
1288,2185,8,1.3992452613180366,23.651695251464844,2.0365011692047119,25.050760269165039,2.0579113960266113,0.19988047362032529,0.19989218018829094,0.19990878609449175,0,2,20,7,INACTIVE,FURTHEST_REACHED_INDEX_LT_OFFSET_FROM_FURTHEST,15,22
1289,2185,8,1.3992452613180366,23.651695251464844,2.0365011692047119,25.050760269165039,2.0579113960266113,0.19988047362032529,0.19989218018829094,0.19990878609449175,0,2,20,7,INACTIVE,FURTHEST_REACHED_INDEX_LT_OFFSET_FROM_FURTHEST,15,22
1290,2185,8,1.3992452613180366,23.651695251464844,2.0365011692047119,25.050760269165039,2.0579113960266113,0.19988047362032529,0.19989218018829094,0.19990878609449175,0,2,20,7,INACTIVE,FURTHEST_REACHED_INDEX_LT_OFFSET_FROM_FURTHEST,15,22
1291,2185,8,1.3992452613180366,23.651695251464844,2.0365011692047119,25.050760269165039,2.0579113960266113,0.19988047362032529,0.19989218018829094,0.19990878609449175,0,2,20,7,INACTIVE,FURTHEST_REACHED_INDEX_LT_OFFSET_FROM_FURTHEST,15,22
1292,2185,8,1.3992452613180366,23.651695251464844,2.0365011692047119,25.050760269165039,2.0579113960266113,0.19988047362032529,0.19989218018829094,0.19990878609449175,0,2,20,7,INACTIVE,FURTHEST_REACHED_INDEX_LT_OFFSET_FROM_FURTHEST,15,22
1293,2185,8,1.3992452613180366,23.651695251464844,2.0365011692047119,25.050760269165039,2.0579113960266113,0.19988047362032529,0.19989218018829094,0.19990878609449175,0,2,20,7,INACTIVE,FURTHEST_REACHED_INDEX_LT_OFFSET_FROM_FURTHEST,15,22
1294,2185,8,1.3992452613180366,23.651695251464844,2.0365011692047119,25.050760269165039,2.0579113960266113,0.19988047362032529,0.19989218018829094,0.19990878609449175,0,2,20,7,INACTIVE,FURTHEST_REACHED_INDEX_LT_OFFSET_FROM_FURTHEST,15,22
1295,2185,8,1.3992452613180366,23.651695251464844,2.0365011692047119,25.050760269165039,2.0579113960266113,0.19988047362032529,0.19989218018829094,0.19990878609449175,0,2,20,7,INACTIVE,FURTHEST_REACHED_INDEX_LT_OFFSET_FROM_FURTHEST,15,22
1296,2185,8,1.3992452613180366,23.651695251464844,2.0365011692047119,25.050760269165039,2.0579113960266113,0.19988047362032529,0.19989218018829094,0.19990878609449175,0,2,20,7,INACTIVE,FURTHEST_REACHED_INDEX_LT_OFFSET_FROM_FURTHEST,15,22
1297,2185,8,1.3992452613180366,23.651695251464844,2.0365011692047119,25.050760269165039,2.0579113960266113,0.19988047362032529,0.19989218018829094,0.19990878609449175,0,2,20,7,INACTIVE,FURTHEST_REACHED_INDEX_LT_OFFSET_FROM_FURTHEST,15,22
1298,2185,8,1.3992452613180366,23.651695251464844,2.0365011692047119,25.050760269165039,2.0579113960266113,0.19988047362032529,0.19989218018829094,0.19990878609449175,0,2,20,7,INACTIVE,FURTHEST_REACHED_INDEX_LT_OFFSET_FROM_FURTHEST,15,22
1299,2185,8,1.3992452613180366,23.651695251464844,2.0365011692047119,25.050760269165039,2.0579113960266113,0.19988047362032529,0.19989218018829094,0.19990878609449175,0,2,20,7,INACTIVE,FURTHEST_REACHED_INDEX_LT_OFFSET_FROM_FURTHEST,15,22
1300,2185,8,1.3992452613180366,23.651695251464844,2.0365011692047119,25.050760269165039,2.0579113960266113,0.19988047362032529,0.19989218018829094,0.19990878609449175,0,2,20,7,INACTIVE,FURTHEST_REACHED_INDEX_LT_OFFSET_FROM_FURTHEST,15,22
1301,2185,8,1.3992452613180366,23.651695251464844,2.0365011692047119,25.050760269165039,2.0579113960266113,0.19988047362032529,0.19989218018829094,0.19990878609449175,0,2,20,7,INACTIVE,FURTHEST_REACHED_INDEX_LT_OFFSET_FROM_FURTHEST,15,22
1302,2185,8,1.3992452613180366,23.651695251464844,2.0365011692047119,25.050760269165039,2.0579113960266113,0.19988047362032529,0.19989218018829094,0.19990878609449175,0,2,20,7,INACTIVE,FURTHEST_REACHED_INDEX_LT_OFFSET_FROM_FURTHEST,15,22
1303,2185,8,1.3992452613180366,23.651695251464844,2.0365011692047119,25.050760269165039,2.0579113960266113,0.19988047362032529,0.19989218018829094,0.19990878609449175,0,2,20,7,INACTIVE,FURTHEST_REACHED_INDEX_LT_OFFSET_FROM_FURTHEST,15,22
1304,2185,8,1.3992452613180366,23.651695251464844,2.0365011692047119,25.050760269165039,2.0579113960266113,0.19988047362032529,0.19989218018829094,0.19990878609449175,0,2,20,7,INACTIVE,FURTHEST_REACHED_INDEX_LT_OFFSET_FROM_FURTHEST,15,22
1305,2185,8,1.3992452613180366,23.651695251464844,2.0365011692047119,25.050760269165039,2.0579113960266113,0.19988047362032529,0.19989218018829094,0.19990878609449175,0,2,20,7,INACTIVE,FURTHEST_REACHED_INDEX_LT_OFFSET_FROM_FURTHEST,15,22
1306,2185,8,1.3992452613180366,23.651695251464844,2.0365011692047119,25.050760269165039,2.0579113960266113,0.19988047362032529,0.19989218018829094,0.19990878609449175,0,2,20,7,INACTIVE,FURTHEST_REACHED_INDEX_LT_OFFSET_FROM_FURTHEST,15,22
1307,2185,8,1.3992452613180366,23.651695251464844,2.0365011692047119,25.050760269165039,2.0579113960266113,0.19988047362032529,0.19989218018829094,0.19990878609449175,0,2,20,7,INACTIVE,FURTHEST_REACHED_INDEX_LT_OFFSET_FROM_FURTHEST,15,22
1308,2185,8,1.399220174627448,23.851591110229492,2.0382049083709717,25.250570297241211,2.0631248950958252,0.1998780325407104,0.1998885963753497,0.19990878609449175,0,1,20,7,INACTIVE,FURTHEST_REACHED_INDEX_LT_OFFSET_FROM_FURTHEST,16,23
1309,2185,8,1.399220174627448,23.851591110229492,2.0382049083709717,25.250570297241211,2.0631248950958252,0.1998780325407104,0.1998885963753497,0.19990878609449175,0,1,20,7,INACTIVE,FURTHEST_REACHED_INDEX_LT_OFFSET_FROM_FURTHEST,16,23
1310,2185,8,1.399220174627448,23.851591110229492,2.0382049083709717,25.250570297241211,2.0631248950958252,0.1998780325407104,0.1998885963753497,0.19990878609449175,0,1,20,7,INACTIVE,FURTHEST_REACHED_INDEX_LT_OFFSET_FROM_FURTHEST,16,23
1311,2185,8,1.399220174627448,23.851591110229492,2.0382049083709717,25.250570297241211,2.0631248950958252,0.1998780325407104,0.1998885963753497,0.19990878609449175,0,1,20,7,INACTIVE,FURTHEST_REACHED_INDEX_LT_OFFSET_FROM_FURTHEST,16,23
1312,2185,8,1.399220174627448,23.851591110229492,2.0382049083709717,25.250570297241211,2.0631248950958252,0.1998780325407104,0.1998885963753497,0.19990878609449175,0,1,20,7,INACTIVE,FURTHEST_REACHED_INDEX_LT_OFFSET_FROM_FURTHEST,16,23
1313,2185,8,1.399220174627448,23.851591110229492,2.0382049083709717,25.250570297241211,2.0631248950958252,0.1998780325407104,0.1998885963753497,0.19990878609449175,0,1,20,7,INACTIVE,FURTHEST_REACHED_INDEX_LT_OFFSET_FROM_FURTHEST,16,23
1314,2185,8,1.399220174627448,23.851591110229492,2.0382049083709717,25.250570297241211,2.0631248950958252,0.1998780325407104,0.1998885963753497,0.19990878609449175,0,1,20,7,INACTIVE,FURTHEST_REACHED_INDEX_LT_OFFSET_FROM_FURTHEST,16,23
1315,2185,8,1.399220174627448,23.851591110229492,2.0382049083709717,25.250570297241211,2.0631248950958252,0.1998780325407104,0.1998885963753497,0.19990878609449175,0,1,20,7,INACTIVE,FURTHEST_REACHED_INDEX_LT_OFFSET_FROM_FURTHEST,16,23
1316,2185,8,1.399220174627448,23.851591110229492,2.0382049083709717,25.250570297241211,2.0631248950958252,0.1998780325407104,0.1998885963753497,0.19990878609449175,0,1,20,7,INACTIVE,FURTHEST_REACHED_INDEX_LT_OFFSET_FROM_FURTHEST,16,23
1317,2185,8,1.399220174627448,23.851591110229492,2.0382049083709717,25.250570297241211,2.0631248950958252,0.1998780325407104,0.1998885963753497,0.19990878609449175,0,1,20,7,INACTIVE,FURTHEST_REACHED_INDEX_LT_OFFSET_FROM_FURTHEST,16,23
1318,2185,8,1.399220174627448,23.851591110229492,2.0382049083709717,25.250570297241211,2.0631248950958252,0.1998780325407104,0.1998885963753497,0.19990878609449175,0,1,20,7,INACTIVE,FURTHEST_REACHED_INDEX_LT_OFFSET_FROM_FURTHEST,16,23
1319,2185,8,1.399220174627448,23.851591110229492,2.0382049083709717,25.250570297241211,2.0631248950958252,0.1998780325407104,0.1998885963753497,0.19990878609449175,0,1,20,7,INACTIVE,FURTHEST_REACHED_INDEX_LT_OFFSET_FROM_FURTHEST,16,23
1320,2185,8,1.399220174627448,23.851591110229492,2.0382049083709717,25.250570297241211,2.0631248950958252,0.1998780325407104,0.1998885963753497,0.19990878609449175,0,1,20,7,INACTIVE,FURTHEST_REACHED_INDEX_LT_OFFSET_FROM_FURTHEST,16,23
1321,2185,8,1.399220174627448,23.851591110229492,2.0382049083709717,25.250570297241211,2.0631248950958252,0.1998780325407104,0.1998885963753497,0.19990878609449175,0,1,20,7,INACTIVE,FURTHEST_REACHED_INDEX_LT_OFFSET_FROM_FURTHEST,16,23
1322,2185,8,1.399220174627448,23.851591110229492,2.0382049083709717,25.250570297241211,2.0631248950958252,0.1998780325407104,0.1998885963753497,0.19990878609449175,0,1,20,7,INACTIVE,FURTHEST_REACHED_INDEX_LT_OFFSET_FROM_FURTHEST,16,23
1323,2185,8,1.399220174627448,23.851591110229492,2.0382049083709717,25.250570297241211,2.0631248950958252,0.1998780325407104,0.1998885963753497,0.19990878609449175,0,1,20,7,INACTIVE,FURTHEST_REACHED_INDEX_LT_OFFSET_FROM_FURTHEST,16,23
1324,2185,8,1.399220174627448,23.851591110229492,2.0382049083709717,25.250570297241211,2.0631248950958252,0.1998780325407104,0.1998885963753497,0.19990878609449175,0,1,20,7,INACTIVE,FURTHEST_REACHED_INDEX_LT_OFFSET_FROM_FURTHEST,16,23
1325,2185,8,1.399220174627448,23.851591110229492,2.0382049083709717,25.250570297241211,2.0631248950958252,0.1998780325407104,0.1998885963753497,0.19990878609449175,0,1,20,7,INACTIVE,FURTHEST_REACHED_INDEX_LT_OFFSET_FROM_FURTHEST,16,23
1326,2185,8,1.399220174627448,23.851591110229492,2.0382049083709717,25.250570297241211,2.0631248950958252,0.1998780325407104,0.1998885963753497,0.19990878609449175,0,1,20,7,INACTIVE,FURTHEST_REACHED_INDEX_LT_OFFSET_FROM_FURTHEST,16,23
