step_index,sim_time_s,state_stamp_ns,state_n_x_m,state_n_y_m,state_n_yaw_rad,state_n_actual_speed_mps,post_step_x_m,post_step_y_m,post_step_yaw_rad,post_step_actual_speed_mps,signed_cte_m,abs_cte_m,signed_heading_error_rad,nearest_global_raceline_index,nearest_local_path_index,global_path_point_count,transformed_path_point_count,transformed_path_length_m,transformed_path_first_index,transformed_path_last_index,transformed_path_spacing_min_m,transformed_path_spacing_mean_m,transformed_path_spacing_max_m,controller_vx_mps,controller_wz_radps,controller_curvature_1pm,equivalent_ackermann_steering_rad,steering_delta_rad,implied_simulated_steering_rate_radps,full_body_clearance_m,off_track,collision,safety_veto,safety_veto_projected_min_clearance_m,controller_input_stamp_ns,controller_output_stamp_ns,controller_latency_ms,gym_step_latency_ms,command_index_or_id
1,0.01,1790648280544947896,20.628631591796875,2.298687696456909,0.0,0.0,20.628631591796875,2.298687696456909,5.0986074029424344e-08,0.0001548371510580182,0.26671643419952507,0.26671643419952507,-2.3786786456092557e-05,0,0,2185,8,1.399225237207191,0,7,0.19987487883975155,0.19988931960102727,0.19990539592239714,0.016281509771943092,0.0044019222259521484,0.27036327021328854,0.08737466934699005,0.0,0.0,0.3091999338599842,0,0,False,NOT_AVAILABLE_BOOLEAN_COSTMAP_VETO,1790648280544947896,1790648280544947896,65.726485,84.2850300250575,1
2,0.02,1790648280781297690,20.628631591796875,2.298687696456909,5.0986074029424344e-08,0.0001548371510580182,20.62864112854004,2.298687696456909,1.5328913605117123e-06,0.0016748744528740644,0.266716434768434,0.266716434768434,-2.2317093425261447e-05,0,0,2185,8,1.399225237207191,0,7,0.19987487883975155,0.19988931960102727,0.19990539592239714,0.03212197497487068,0.0062060910277068615,0.19320390581718416,0.06251649330627213,-0.024858176040717925,-2.4858176040717925,0.30919941626178477,0,0,False,NOT_AVAILABLE_BOOLEAN_COSTMAP_VETO,1790648280781297690,1790648280781297690,20.270152,1.472463016398251,2
3,0.03,1790648280842515327,20.62864112854004,2.298687696456909,1.5328913605117123e-06,0.0016748744528740644,20.62866973876953,2.298687696456909,5.488946044351906e-06,0.0039099655114114285,0.2667164364751626,0.2667164364751626,-1.8397727280294873e-05,0,0,2185,8,1.399225237207191,0,7,0.19987487883975155,0.19988931960102727,0.19990539592239714,0.04867994412779808,0.007609657011926174,0.15632016733521215,0.050604493678541695,-0.01191199962773043,-1.191199962773043,0.30919775867692784,0,0,False,NOT_AVAILABLE_BOOLEAN_COSTMAP_VETO,1790648280842515327,1790648280842515327,30.614515,1.9598070066422224,3
4,0.04,1790648280914858087,20.62866973876953,2.298687696456909,5.488946044351906e-06,0.0039099655114114285,20.62872314453125,2.298687696456909,1.3585101442004088e-05,0.0067000300623476505,0.26671643966105546,0.26671643966105546,-1.0370065138154416e-05,0,0,2185,8,1.399225237207191,0,7,0.19987487883975155,0.19988931960102727,0.19990539592239714,0.06258639693260193,0.008451159112155437,0.13503188434471353,0.04372244849782801,-0.006882045180713683,-0.6882045180713683,0.30919436639924375,0,0,False,NOT_AVAILABLE_BOOLEAN_COSTMAP_VETO,1790648280914858087,1790648280914858087,22.614707,1.4082370325922966,4
5,0.05,1790648280977704224,20.62872314453125,2.298687696456909,1.3585101442004088e-05,0.0067000300623476505,20.628807067871094,2.298687696456909,2.563017187640071e-05,0.009903413243591785,0.2667164446674589,0.2667164446674589,1.5673344808675438e-06,0,0,2185,8,1.399225237207191,0,7,0.19987487883975155,0.19988931960102727,0.19990539592239714,0.07406876236200333,0.009031081572175026,0.12192834447586096,0.03948425207580592,-0.0042381964220220905,-0.423819642202209,0.3091893195496868,0,0,False,NOT_AVAILABLE_BOOLEAN_COSTMAP_VETO,1790648280977704224,1790648280977704224,20.548081,1.819098019041121,5
6,0.060000000000000005,1790648281039404916,20.628807067871094,2.298687696456909,2.563017187640071e-05,0.009903413243591785,20.628923416137695,2.298687696456909,4.319534491514787e-05,0.013400198891758919,0.2667164516081545,0.2667164516081545,1.898316153159385e-05,0,0,2185,8,1.399225237207191,0,7,0.19987487883975155,0.19988931960102727,0.19990539592239714,0.0834425538778305,0.009925546124577522,0.11895065123617457,0.03852094641169594,-0.0009633056641099799,-0.09633056641099799,0.30918195983164914,0,0,False,NOT_AVAILABLE_BOOLEAN_COSTMAP_VETO,1790648281039404916,1790648281039404916,20.25204,1.4894549967721105,6
7,0.07,1790648281100422130,20.628923416137695,2.298687696456909,4.319534491514787e-05,0.013400198891758919,20.62907600402832,2.298687696456909,6.550989201059565e-05,0.017111750319600105,0.2667164607107058,0.2667164607107058,4.1101693566414355e-05,0,0,2185,8,1.399225237207191,0,7,0.19987487883975155,0.19988931960102727,0.19990539592239714,0.09145593643188477,0.011434294283390045,0.12502517309968353,0.04048602111740496,0.001965074705709016,0.19650747057090162,0.3091726102159324,0,0,False,NOT_AVAILABLE_BOOLEAN_COSTMAP_VETO,1790648281100422130,1790648281100422130,19.910812,1.462958985939622,7
8,0.08,1790648281160275947,20.62907600402832,2.298687696456909,6.550989201059565e-05,0.017111750319600105,20.6292667388916,2.298687696456909,9.408442565472797e-05,0.020998427644371986,0.26671647208889565,0.26671647208889565,6.943095171907387e-05,0,0,2185,8,1.399225237207191,0,7,0.19987487883975155,0.19988931960102727,0.19990539592239714,0.09885047376155853,0.013012070208787918,0.1316338679385077,0.04262354210139862,0.0021375209839936612,0.21375209839936612,0.3091606378238387,0,0,False,NOT_AVAILABLE_BOOLEAN_COSTMAP_VETO,1790648281160275947,1790648281160275947,19.446382,1.8181379418820143,8
9,0.09,1790648281220615028,20.6292667388916,2.298687696456909,9.408442565472797e-05,0.020998427644371986,20.629497528076172,2.298687696456909,0.00012788183812517673,0.025038743391633034,0.26671648585650465,0.26671648585650465,0.00010293124332161341,0,0,2185,8,1.399225237207191,0,7,0.19987487883975155,0.19988931960102727,0.19990539592239714,0.10596825182437897,0.014728186652064323,0.13898678517857713,0.045001316105133055,0.0023777740037344355,0.23777740037344355,0.3091464772632408,0,0,False,NOT_AVAILABLE_BOOLEAN_COSTMAP_VETO,1790648281220615028,1790648281220615028,19.680149,1.468718983232975,9
10,0.09999999999999999,1790648281280229221,20.629497528076172,2.298687696456909,0.00012788183812517673,0.025038743391633034,20.62976837158203,2.298687696456909,0.0001684563176240772,0.029224267229437828,0.26671650201353286,0.26671650201353286,0.00014315655405550132,0,0,2185,8,1.399225237207191,0,7,0.19987487883975155,0.19988931960102727,0.19990539592239714,0.11306238919496536,0.016192713752388954,0.14321927802592385,0.04636978337026172,0.0013684672651286672,0.13684672651286672,0.3091294774462778,0,0,False,NOT_AVAILABLE_BOOLEAN_COSTMAP_VETO,1790648281280229221,1790648281280229221,19.905853,1.4620309229940176,10
11,0.10999999999999999,1790648281340532877,20.62976837158203,2.298687696456909,0.00016845631762407717,0.029224267229437828,20.630083084106445,2.298687696456909,0.00021464060409925878,0.03355300799012184,0.2667165207875452,0.2667165207875452,0.00018893442232803537,0,0,2185,8,1.399225237207191,0,7,0.19987487883975155,0.19988931960102727,0.19990539592239714,0.12025981396436691,0.01729368232190609,0.14380266983474815,0.04655839453415147,0.00018861116388974725,0.018861116388974725,0.30911012753988726,0,0,False,NOT_AVAILABLE_BOOLEAN_COSTMAP_VETO,1790648281340532877,1790648281340532877,19.380748,1.4454229967668653,11
12,0.11999999999999998,1790648281400081308,20.630083084106445,2.298687696456909,0.00021464060409925878,0.03355300799012184,20.630441665649414,2.298687696456909,0.0002680763718672097,0.03802596032619476,0.2667165421785409,0.2667165421785409,0.00024190624325637344,0,0,2185,8,1.399225237207191,0,7,0.19987487883975155,0.19988931960102727,0.19990539592239714,0.1276213675737381,0.017982279881834984,0.14090336300028314,0.04562101325466328,-0.0009373812794881906,-0.09373812794881906,0.30908773986262944,0,0,False,NOT_AVAILABLE_BOOLEAN_COSTMAP_VETO,1790648281400081308,1790648281400081308,19.187685,1.4947670279070735,12
13,0.12999999999999998,1790648281459746479,20.630441665649414,2.298687696456909,0.0002680763718672097,0.03802596032619476,20.630844116210938,2.2986879348754883,0.0003274863411206752,0.04262031987309456,0.26671680460509983,0.26671680460509983,0.0003007943668387192,0,0,2185,8,1.399225237207191,0,7,0.19987487883975155,0.19988931960102727,0.19990539592239714,0.13464759290218353,0.018801171332597733,0.1396324355107936,0.04521008149703487,-0.0004109317576284077,-0.04109317576284077,0.309062611286335,0,0,False,NOT_AVAILABLE_BOOLEAN_COSTMAP_VETO,1790648281459746479,1790648281459746479,19.480079,1.8228419357910752,13
14,0.13999999999999999,1790648281519757133,20.630844116210938,2.2986879348754883,0.00032748634112067526,0.04262031987309456,20.63129425048828,2.2986881732940674,0.00039453807403333485,0.04730131849646568,0.26671706987620497,0.26671706987620497,0.00036726104120043956,0,0,2185,8,1.399225237207191,0,7,0.19987487883975155,0.19988931960102727,0.19990539592239714,0.14106406271457672,0.01994873769581318,0.14141615739635008,0.04578681182779513,0.000576730330760257,0.0576730330760257,0.3090342817760627,0,0,False,NOT_AVAILABLE_BOOLEAN_COSTMAP_VETO,1790648281519757133,1790648281519757133,19.57445,1.4857120113447309,14
15,0.15,1790648281579439840,20.63129425048828,2.2986881732940674,0.00039453807403333485,0.04730131849646568,20.631790161132812,2.2986884117126465,0.0004677925899159163,0.052034568041563034,0.2667173378780761,0.2667173378780761,0.00043986926929839854,0,0,2185,8,1.399225237207191,0,7,0.19987487883975155,0.19988931960102727,0.19990539592239714,0.14684388041496277,0.021267522126436234,0.1448308371199183,0.04689079398354655,0.001103982155751422,0.1103982155751422,0.3090033543927399,0,0,False,NOT_AVAILABLE_BOOLEAN_COSTMAP_VETO,1790648281579439840,1790648281579439840,19.393612,1.7715770518407226,15
16,0.16,1790648281639463519,20.631790161132812,2.2986884117126465,0.0004677925899159163,0.052034568041563034,20.632333755493164,2.2986886501312256,0.0005488635506480932,0.056788768619298935,0.2667176087244935,0.2667176087244935,0.0005202297460660255,0,0,2185,8,1.399225237207191,0,7,0.19987487883975155,0.19988931960102727,0.19990539592239714,0.15201778709888458,0.022680530324578285,0.14919655625446676,0.04830208474415726,0.001411290760610709,0.1411290760610709,0.3089691533451872,0,0,False,NOT_AVAILABLE_BOOLEAN_COSTMAP_VETO,1790648281639463519,1790648281639463519,20.218982,1.8758040387183428,16
17,0.17,1790648281700413339,20.632333755493164,2.2986886501312256,0.0005488635506480932,0.056788768619298935,20.632925033569336,2.2986888885498047,0.000636195472907275,0.061537113040685654,0.26671788241545946,0.26671788241545946,0.0006067863648402394,0,0,2185,8,1.399225237207191,0,7,0.19987487883975155,0.19988931960102727,0.19990539592239714,0.15664876997470856,0.02404799871146679,0.15351540082535864,0.04969803310393774,0.0013959483597804842,0.13959483597804842,0.3089323305161346,0,0,False,NOT_AVAILABLE_BOOLEAN_COSTMAP_VETO,1790648281700413339,1790648281700413339,19.530256,1.457967096939683,17
18,0.18000000000000002,1790648281759914281,20.632925033569336,2.2986888885498047,0.000636195472907275,0.061537113040685654,20.633563995361328,2.298689365386963,0.0007313358946703374,0.0662664994597435,0.26671839736955083,0.26671839736955083,0.0007010860859124612,0,0,2185,8,1.399225237207191,0,7,0.19987487883975155,0.19988931960102727,0.19990539592239714,0.16099850833415985,0.025114702060818672,0.15599338354546705,0.0504988860686391,0.0008008529647013582,0.08008529647013582,0.30889199947954643,0,0,False,NOT_AVAILABLE_BOOLEAN_COSTMAP_VETO,1790648281759914281,1790648281759914281,19.0224,1.7596089746803045,18
19,0.19000000000000003,1790648281819443383,20.633563995361328,2.298689365386963,0.0007313358946703374,0.0662664994597435,20.63425064086914,2.298689842224121,0.0008326961542479694,0.07097728550434113,0.26671891516818946,0.26671891516818946,0.0008015395442573237,0,0,2185,8,1.399225237207191,0,7,0.19987487883975155,0.19988931960102727,0.19990539592239714,0.1653366982936859,0.02566215768456459,0.15521150445971263,0.05024619949751997,-0.0002526865711191331,-0.025268657111913312,0.30884906443789956,0,0,False,NOT_AVAILABLE_BOOLEAN_COSTMAP_VETO,1790648281819443383,1790648281819443383,19.942813,1.7871930031105876,19
20,0.20000000000000004,1790648281879843074,20.63425064086914,2.298689842224121,0.0008326961542479694,0.07097728550434113,20.63498306274414,2.2986905574798584,0.0009418090339750051,0.07567643374204636,0.26671967411617264,0.26671967411617264,0.0009096813167897011,0,0,2185,8,1.399225237207191,0,7,0.19987487883975155,0.19988931960102727,0.19990539592239714,0.16980263590812683,0.025867024436593056,0.15233582387135988,0.04931678613454953,-0.0009294133629704354,-0.09294133629704354,0.30880264523155415,0,0,False,NOT_AVAILABLE_BOOLEAN_COSTMAP_VETO,1790648281879843074,1790648281879843074,20.054369,1.9079329213127494,20
21,0.21000000000000005,1790648281940558615,20.63498306274414,2.2986905574798584,0.0009418090339750051,0.07567643374204636,20.63576316833496,2.2986912727355957,0.001057110377587378,0.08036985248327255,0.26672043590870353,0.26672043590870353,0.00102394395798866,0,0,2185,8,1.399225237207191,0,7,0.19987487883975155,0.19988931960102727,0.19990539592239714,0.17438142001628876,0.02577400952577591,0.14780249824418445,0.047851453142552874,-0.0014653329919966582,-0.14653329919966582,0.30875363579237564,0,0,False,NOT_AVAILABLE_BOOLEAN_COSTMAP_VETO,1790648281940558615,1790648281940558615,19.649844,1.4501590048894286,21
22,0.22000000000000006,1790648281999931488,20.63576316833496,2.2986912727355957,0.001057110377587378,0.08036985248327255,20.6365909576416,2.298692226409912,0.0011801435612142086,0.08506105095148087,0.2667214389643593,0.2667214389643593,0.001145870032350782,0,0,2185,8,1.399225237207191,0,7,0.19987487883975155,0.19988931960102727,0.19990539592239714,0.17902809381484985,0.025436274707317352,0.142079794099933,0.04600137755067267,-0.0018500755918802042,-0.18500755918802042,0.30870115161538053,0,0,False,NOT_AVAILABLE_BOOLEAN_COSTMAP_VETO,1790648281999931488,1790648281999931488,19.374028,1.46939093247056,22
23,0.23000000000000007,1790648282059461391,20.6365909576416,2.298692226409912,0.0011801435612142086,0.08506105095148087,20.63746452331543,2.2986934185028076,0.0013093565357849002,0.08974921703338623,0.2667226831693597,0.2667226831693597,0.001273909136554341,0,0,2185,8,1.399225237207191,0,7,0.19987487883975155,0.19988931960102727,0.19990539592239714,0.18365557491779327,0.02483450248837471,0.13522324328837265,0.04378433018044046,-0.0022170473702322127,-0.22170473702322127,0.30864584313211657,0,0,False,NOT_AVAILABLE_BOOLEAN_COSTMAP_VETO,1790648282059461391,1790648282059461391,17.96595,1.3261860003694892,23
24,0.24000000000000007,1790648282116969469,20.63746452331543,2.2986934185028076,0.0013093565357849002,0.08974921703338623,20.638385772705078,2.298694610595703,0.0014462892431765795,0.09443112462759018,0.26672393021890733,0.26672393021890733,0.0014095977316497255,0,0,2185,8,1.399225237207191,0,7,0.19987487883975155,0.19988931960102727,0.19990539592239714,0.1882120817899704,0.024241460487246513,0.1287986417062112,0.04170656109392646,-0.0020777690865139975,-0.20777690865139975,0.30858730421233477,0,0,False,NOT_AVAILABLE_BOOLEAN_COSTMAP_VETO,1790648282116969469,1790648282116969469,19.028512,1.4971360797062516,24
25,0.25000000000000006,1790648282176311494,20.638385772705078,2.298694610595703,0.0014462892431765797,0.09443112462759018,20.639352798461914,2.2986960411071777,0.0015893839299678802,0.0991014763712883,0.26672541841779873,0.26672541841779873,0.0015513796788941825,0,0,2185,8,1.399225237207191,0,7,0.19987487883975155,0.19988931960102727,0.19990539592239714,0.1926508992910385,0.023428112268447876,0.12160915082495893,0.03938099405876218,-0.002325567035164282,-0.23255670351642818,0.3085259492409628,0,0,False,NOT_AVAILABLE_BOOLEAN_COSTMAP_VETO,1790648282176311494,1790648282176311494,18.801337,1.3658989919349551,25
26,0.26000000000000006,1790648282235406535,20.639352798461914,2.2986960411071777,0.0015893839299678805,0.0991014763712883,20.64036750793457,2.2986977100372314,0.0017401545774191618,0.10374800860881805,0.2667271478798173,0.2667271478798173,0.0017007652948639596,0,0,2185,8,1.399225237207191,0,7,0.19987487883975155,0.19988931960102727,0.19990539592239714,0.1968204230070114,0.022598743438720703,0.11481909800547303,0.037184240453556235,-0.0021967536052059436,-0.21967536052059436,0.3084611446449636,0,0,False,NOT_AVAILABLE_BOOLEAN_COSTMAP_VETO,1790648282235406535,1790648282235406535,19.375851,1.804601983167231,26
27,0.2700000000000001,1790648282295499367,20.64036750793457,2.2986977100372314,0.0017401545774191618,0.10374800860881805,20.641427993774414,2.2986996173858643,0.0018970235250890255,0.10835719853639603,0.26672911849117953,0.26672911849117953,0.0018561784785329216,0,0,2185,8,1.399225237207191,0,7,0.19987487883975155,0.19988931960102727,0.19990539592239714,0.20068158209323883,0.021797234192490578,0.10861601730029888,0.03517707273979314,-0.0020071677137630944,-0.20071677137630944,0.30839355153745335,0,0,False,NOT_AVAILABLE_BOOLEAN_COSTMAP_VETO,1790648282295499367,1790648282295499367,18.763704,1.332137966528535,27
28,0.2800000000000001,1790648282354203388,20.641427993774414,2.2986996173858643,0.0018970235250890255,0.10835719853639603,20.642534255981445,2.298701763153076,0.002061443403363228,0.11291304975748062,0.26673133025188484,0.26673133025188484,0.0020190707676603914,0,0,2185,8,1.399225237207191,0,7,0.19987487883975155,0.19988931960102727,0.19990539592239714,0.20416894555091858,0.021165138110518456,0.10366482548757637,0.03357478186369111,-0.0016022908761020305,-0.16022908761020305,0.3083225621391767,0,0,False,NOT_AVAILABLE_BOOLEAN_COSTMAP_VETO,1790648282354203388,1790648282354203388,19.422636,1.4221890596672893,28
29,0.2900000000000001,1790648282413998675,20.642534255981445,2.298701763153076,0.002061443403363228,0.11291304975748062,20.643686294555664,2.298704147338867,0.002231819787994027,0.1173979714512825,0.2667337831619348,0.2667337831619348,0.0021878464884608206,0,0,2185,8,1.399225237207191,0,7,0.19987487883975155,0.19988931960102727,0.19990539592239714,0.20723313093185425,0.020702118054032326,0.0998977236938042,0.03235556691885249,-0.0012192149448386203,-0.12192149448386203,0.30824884454157714,0,0,False,NOT_AVAILABLE_BOOLEAN_COSTMAP_VETO,1790648282413998675,1790648282413998675,18.925373,1.428334042429924,29
30,0.3000000000000001,1790648282473215704,20.643686294555664,2.298704147338867,0.0022318197879940267,0.1173979714512825,20.644882202148438,2.2987067699432373,0.0022905278019607067,0.12179409712553024,0.26673647710754733,0.26673647710754733,0.0022448822563507775,0,0,2185,8,1.399225237207191,0,7,0.19987487883975155,0.19988931960102727,0.19990539592239714,0.20985060930252075,0.02034945599734783,0.09697115517073408,0.03140832227609029,-0.0009472446427621975,-0.09472446427621975,0.3082216429890822,0,0,False,NOT_AVAILABLE_BOOLEAN_COSTMAP_VETO,1790648282473215704,1790648282473215704,18.674581,1.441934029571712,30
31,0.3100000000000001,1790648282532215221,20.644882202148438,2.2987067699432373,0.0022905278019607067,0.12179409712553024,20.646121978759766,2.2987096309661865,0.002352098934352398,0.1260930448770523,0.2667394120887222,0.2667394120887222,0.002304708332903971,0,0,2185,8,1.399225237207191,0,7,0.19987487883975155,0.19988931960102727,0.19990539592239714,0.21220308542251587,0.01995234750211239,0.09402477566424366,0.03045460844188034,-0.000953713834209953,-0.0953713834209953,0.30819300488418494,0,0,False,NOT_AVAILABLE_BOOLEAN_COSTMAP_VETO,1790648282532215221,1790648282532215221,18.901116,1.7021350795403123,31
32,0.3200000000000001,1790648282591618336,20.646121978759766,2.2987096309661865,0.002352098934352398,0.1260930448770523,20.647403717041016,2.298712730407715,0.0024150684475898743,0.13028880953788757,0.26674258799167666,0.26674258799167666,0.0023658613790815686,0,0,2185,8,1.399225237207191,0,7,0.19987487883975155,0.19988931960102727,0.19990539592239714,0.21433214843273163,0.019639478996396065,0.09163104620565092,0.029679741065838715,-0.0007748673760416235,-0.07748673760416235,0.30816354350532355,0,0,False,NOT_AVAILABLE_BOOLEAN_COSTMAP_VETO,1790648282591618336,1790648282591618336,19.519376,1.8029060447588563,32
33,0.3300000000000001,1790648282651351541,20.647403717041016,2.298712730407715,0.0024150684475898743,0.13028880953788757,20.648727416992188,2.2987160682678223,0.0024807665031403303,0.13437944650650024,0.26674600481641186,0.26674600481641186,0.002429670335900802,0,0,2185,8,1.399225237207191,0,7,0.19987487883975155,0.19988931960102727,0.19990539592239714,0.21631686389446259,0.01938166283071041,0.08959848290037342,0.029021757735036492,-0.0006579833308022233,-0.06579833308022233,0.30813270204426385,0,0,False,NOT_AVAILABLE_BOOLEAN_COSTMAP_VETO,1790648282651351541,1790648282651351541,19.681205,1.8749079899862409,33
34,0.34000000000000014,1790648282711844195,20.648727416992188,2.2987160682678223,0.0024807665031403303,0.13437944650650024,20.65009117126465,2.2987194061279297,0.0025477944873273373,0.13836684823036194,0.2667494240305669,0.2667494240305669,0.0024947379845978723,0,0,2185,8,1.399225237207191,0,7,0.19987487883975155,0.19988931960102727,0.19990539592239714,0.2182365208864212,0.01914777234196663,0.08773862534186877,0.028419660834754005,-0.0006020969002824873,-0.06020969002824873,0.30810130448955036,0,0,False,NOT_AVAILABLE_BOOLEAN_COSTMAP_VETO,1790648282711844195,1790648282711844195,20.094946,1.610292005352676,34
35,0.35000000000000014,1790648282772552183,20.65009117126465,2.2987194061279297,0.0025477944873273373,0.13836684823036194,20.6514949798584,2.298722982406616,0.0026174162048846483,0.1422559767961502,0.2667530840527205,0.2667530840527205,0.0025623268473773386,0,0,2185,8,1.399225237207191,0,7,0.19987487883975155,0.19988931960102727,0.19990539592239714,0.22015705704689026,0.018841732293367386,0.08558314026406326,0.02772183385146572,-0.0006978269832882862,-0.06978269832882862,0.3080685834196701,0,0,False,NOT_AVAILABLE_BOOLEAN_COSTMAP_VETO,1790648282772552183,1790648282772552183,19.488207,1.6169799491763115,35
36,0.36000000000000015,1790648282832316685,20.6514949798584,2.298722982406616,0.0026174162048846483,0.1422559767961502,20.652936935424805,2.298726797103882,0.002688302891328931,0.14605118334293365,0.2667569847690904,0.2667569847690904,0.0026844041629883186,0,0,2185,8,1.399225237207191,0,7,0.19987487883975155,0.19988931960102727,0.19990539592239714,0.22207111120224,0.018386512994766235,0.08279560945692595,0.026819345431443466,-0.000902488420022253,-0.0902488420022253,0.30803509513703115,0,0,False,NOT_AVAILABLE_BOOLEAN_COSTMAP_VETO,1790648282832316685,1790648282832316685,19.515696,1.6328520141541958,36
37,0.37000000000000016,1790648282892249065,20.652936935424805,2.298726797103882,0.0026883028913289313,0.14605118334293365,20.654415130615234,2.2987308502197266,0.0027616594452410936,0.14975640177726746,0.2667609970284419,0.2667609970284419,0.002756759421381094,0,0,2185,8,1.399225237207191,0,7,0.19987487883975155,0.19988931960102727,0.19990539592239714,0.22397370636463165,0.017878156155347824,0.07982256687864062,0.025856747766514396,-0.0009625976649290692,-0.09625976649290692,0.30800033532367815,0,0,False,NOT_AVAILABLE_BOOLEAN_COSTMAP_VETO,1790648282892249065,1790648282892249065,18.645044,1.2843930162489414,37
38,0.38000000000000017,1790648282950527952,20.654415130615234,2.2987308502197266,0.0027616594452410936,0.14975640177726746,20.65593147277832,2.2987351417541504,0.0028362213633954525,0.15337394177913666,0.2667651909051439,0.2667651909051439,0.002830317437506835,0,0,2185,8,1.399225237207191,0,7,0.19987487883975155,0.19988931960102727,0.19990539592239714,0.22583512961864471,0.017379693686962128,0.0769574411045361,0.02492904552130799,-0.0009277022452064063,-0.09277022452064063,0.30796483335465447,0,0,False,NOT_AVAILABLE_BOOLEAN_COSTMAP_VETO,1790648282950527952,1790648282950527952,18.566769,1.3968440471217036,38
39,0.3900000000000002,1790648283009148033,20.65593147277832,2.2987351417541504,0.0028362213633954525,0.15337394177913666,20.657482147216797,2.2987396717071533,0.002913136500865221,0.1569029837846756,0.2667696209893062,0.2667696209893062,0.0029062067836678196,0,0,2185,8,1.399225237207191,0,7,0.19987487883975155,0.19988931960102727,0.19990539592239714,0.22759157419204712,0.016928646713495255,0.07438169349455119,0.02409500466951955,-0.0008340408517884396,-0.08340408517884396,0.30792810881591065,0,0,False,NOT_AVAILABLE_BOOLEAN_COSTMAP_VETO,1790648283009148033,1790648283009148033,19.404525,1.4475020579993725,39
40,0.4000000000000002,1790648283068770515,20.657482147216797,2.2987396717071533,0.0029131365008652215,0.1569029837846756,20.659069061279297,2.2987444400787354,0.002991198794916272,0.16034215688705444,0.2667742871580896,0.2667742871580896,0.002983220277190668,0,0,2185,8,1.399225237207191,0,7,0.19987487883975155,0.19988931960102727,0.19990539592239714,0.2292303591966629,0.016524426639080048,0.07208655387964251,0.023351797902159847,-0.0007432067673597033,-0.07432067673597033,0.307890666592651,0,0,False,NOT_AVAILABLE_BOOLEAN_COSTMAP_VETO,1790648283068770515,1790648283068770515,19.374411,1.4274690765887499,40
41,0.4100000000000002,1790648283128488872,20.659069061279297,2.2987444400787354,0.002991198794916272,0.16034215688705444,20.660688400268555,2.2987494468688965,0.003071495797485113,0.16368944942951202,0.2667791896571731,0.2667791896571731,0.0030624481438157325,0,0,2185,8,1.399225237207191,0,7,0.19987487883975155,0.19988931960102727,0.19990539592239714,0.23073749244213104,0.016107266768813133,0.06980775685101473,0.022613857623452874,-0.0007379402787069736,-0.07379402787069736,0.307852051537347,0,0,False,NOT_AVAILABLE_BOOLEAN_COSTMAP_VETO,1790648283128488872,1790648283128488872,18.985982,1.7275430727750063,41
42,0.4200000000000002,1790648283187784751,20.660688400268555,2.2987494468688965,0.003071495797485113,0.16368944942951202,20.662342071533203,2.2987546920776367,0.0031528796534985304,0.16694369912147522,0.2667843283637175,0.2667843283637175,0.003142741433097118,0,0,2185,8,1.399225237207191,0,7,0.19987487883975155,0.19988931960102727,0.19990539592239714,0.23212787508964539,0.015706926584243774,0.06766497379161344,0.021919940108427252,-0.0006939175150256216,-0.06939175150256216,0.30781274414373855,0,0,False,NOT_AVAILABLE_BOOLEAN_COSTMAP_VETO,1790648283187784751,1790648283187784751,18.709814,1.6549649881199002,42
43,0.4300000000000002,1790648283246869391,20.662342071533203,2.2987546920776367,0.00315287965349853,0.16694369912147522,20.66402816772461,2.298759937286377,0.0032363757491111755,0.17010438442230225,0.2667894649819836,0.2667894649819836,0.0032251269652898706,0,0,2185,8,1.399225237207191,0,7,0.19987487883975155,0.19988931960102727,0.19990539592239714,0.23341453075408936,0.015353546477854252,0.06577802345146098,0.021308853794831304,-0.0006110863135959481,-0.06110863135959481,0.3077725537267641,0,0,False,NOT_AVAILABLE_BOOLEAN_COSTMAP_VETO,1790648283246869391,1790648283246869391,19.753111,1.4166530454531312,43
44,0.4400000000000002,1790648283306582436,20.66402816772461,2.298759937286377,0.0032363757491111755,0.17010438442230225,20.66574478149414,2.2987656593322754,0.0033208972308784723,0.17317232489585876,0.26679507647196876,0.26679507647196876,0.003308519328867554,0,0,2185,8,1.399225237207191,0,7,0.19987487883975155,0.19988931960102727,0.19990539592239714,0.23462475836277008,0.015017634257674217,0.06400703132298759,0.020735305902433075,-0.0005735478923982289,-0.05735478923982289,0.3077314583833372,0,0,False,NOT_AVAILABLE_BOOLEAN_COSTMAP_VETO,1790648283306582436,1790648283306582436,18.810041,1.30356103181839,44
45,0.45000000000000023,1790648283364857194,20.66574478149414,2.2987656593322754,0.0033208972308784723,0.17317232489585876,20.667491912841797,2.298771619796753,0.0034074089489877224,0.1761484444141388,0.26680092441509395,0.26680092441509395,0.0033938835700384473,0,0,2185,8,1.399225237207191,0,7,0.19987487883975155,0.19988931960102727,0.19990539592239714,0.2357615977525711,0.014698388054966927,0.062344284205236446,0.02019680146993481,-0.000538504432498265,-0.053850443249826505,0.3076892927877452,0,0,False,NOT_AVAILABLE_BOOLEAN_COSTMAP_VETO,1790648283364857194,1790648283364857194,20.898844,1.4048449229449034,45
46,0.46000000000000024,1790648283426309623,20.667491912841797,2.298771619796753,0.003407408948987722,0.1761484444141388,20.669267654418945,2.2987778186798096,0.003494886215776205,0.17903730273246765,0.26680700893419995,0.26680700893419995,0.0034801964605666313,0,0,2185,8,1.399225237207191,0,7,0.19987487883975155,0.19988931960102727,0.19990539592239714,0.23690244555473328,0.01452762819826603,0.06132325128281382,0.019866119530831054,-0.0003306819391037559,-0.03306819391037559,0.30764648582885296,0,0,False,NOT_AVAILABLE_BOOLEAN_COSTMAP_VETO,1790648283426309623,1790648283426309623,20.671477,1.7888570437207818,46
47,0.47000000000000025,1790648283487689120,20.669267654418945,2.2987778186798096,0.003494886215776205,0.17903730273246765,20.671072006225586,2.2987842559814453,0.003584237303584814,0.1818384975194931,0.26681333002928576,0.26681333002928576,0.0035683664887620203,0,0,2185,8,1.399225237207191,0,7,0.19987487883975155,0.19988931960102727,0.19990539592239714,0.23794779181480408,0.01437249407172203,0.0604018804381602,0.0195677114176237,-0.0002984081132073532,-0.029840811320735322,0.307602657462888,0,0,False,NOT_AVAILABLE_BOOLEAN_COSTMAP_VETO,1790648283487689120,1790648283487689120,19.292425,1.698325970210135,47
48,0.48000000000000026,1790648283547624988,20.671072006225586,2.2987842559814453,0.003584237303584814,0.1818384975194931,20.672903060913086,2.29879093170166,0.0036744961980730295,0.18455202877521515,0.2668198878231921,0.2668198878231921,0.003657429115705657,0,0,2185,8,1.399225237207191,0,7,0.19987487883975155,0.19988931960102727,0.19990539592239714,0.23890553414821625,0.014276509173214436,0.059757967617264714,0.019359162687919394,-0.00020854872970430677,-0.020854872970430677,0.3075582119970958,0,0,False,NOT_AVAILABLE_BOOLEAN_COSTMAP_VETO,1790648283547624988,1790648283547624988,20.025344,1.3275939272716641,48
49,0.49000000000000027,1790648283607697628,20.672903060913086,2.29879093170166,0.0036744961980730295,0.18455202877521515,20.674760818481445,2.298797845840454,0.0037665136624127626,0.18717922270298004,0.26682668231591816,0.26682668231591816,0.0037482353424622694,0,0,2185,8,1.399225237207191,0,7,0.19987487883975155,0.19988931960102727,0.19990539592239714,0.23980307579040527,0.014231590554118156,0.05934698922109311,0.019226055243277272,-0.0001331074446421221,-0.01331074446421221,0.30751279347549615,0,0,False,NOT_AVAILABLE_BOOLEAN_COSTMAP_VETO,1790648283607697628,1790648283607697628,20.64194,1.4415180776268244,49
50,0.5000000000000002,1790648283668329390,20.674760818481445,2.298797845840454,0.003766513662412763,0.18717922270298004,20.676645278930664,2.298804998397827,0.0038593821227550507,0.18972113728523254,0.26683371350746476,0.26683371350746476,0.003839877844177053,0,0,2185,8,1.399225237207191,0,7,0.19987487883975155,0.19988931960102727,0.19990539592239714,0.24063703417778015,0.014234216883778572,0.059152228718304764,0.019162976086322184,-6.307915695508842e-05,-0.006307915695508842,0.3074667817231728,0,0,False,NOT_AVAILABLE_BOOLEAN_COSTMAP_VETO,1790648283668329390,1790648283668329390,19.349738,1.3518829364329576,50
51,0.5100000000000002,1790648283727795771,20.676645278930664,2.298804998397827,0.0038593821227550507,0.18972113728523254,20.67855453491211,2.2988123893737793,0.0039538973942399025,0.19217979907989502,0.26684098152067104,0.26684098152067104,0.00393315393174376,0,0,2185,8,1.399225237207191,0,7,0.19987487883975155,0.19988931960102727,0.19990539592239714,0.24142806231975555,0.01424499973654747,0.05900308191050677,0.019114670219102764,-4.830586721941976e-05,-0.004830586721941976,0.30741984379763626,0,0,False,NOT_AVAILABLE_BOOLEAN_COSTMAP_VETO,1790648283727795771,1790648283727795771,20.696918,1.3996290508657694,51
52,0.5200000000000002,1790648283788472398,20.67855453491211,2.2988123893737793,0.0039538973942399025,0.19217979907989502,20.68048858642578,2.2988202571868896,0.004049202427268028,0.19451981782913208,0.26684872477411603,0.26684872477411603,0.004027206829856578,0,0,2185,8,1.399225237207191,0,7,0.19987487883975155,0.19988931960102727,0.19990539592239714,0.24139146506786346,0.014938165433704853,0.061883569203680086,0.020047590242058884,0.0009329200229561199,0.09329200229561199,0.3073720999377018,0,0,False,NOT_AVAILABLE_BOOLEAN_COSTMAP_VETO,1790648283788472398,1790648283788472398,43.59765,1.4719510218128562,52
53,0.5300000000000002,1790648283872342055,20.68048858642578,2.2988202571868896,0.004049202427268027,0.19451981782913208,20.682445526123047,2.298828125,0.0041460138745605946,0.1967541128396988,0.2668564665534825,0.2668564665534825,0.0041227547015774135,0,0,2185,8,1.399225237207191,0,7,0.19987487883975155,0.19988931960102727,0.19990539592239714,0.24150818586349487,0.015441027469933033,0.06393583478226532,0.02071224812881189,0.0006646578867530069,0.06646578867530069,0.3073237271794855,0,0,False,NOT_AVAILABLE_BOOLEAN_COSTMAP_VETO,1790648283872342055,1790648283872342055,46.391275,1.5377459349110723,53
54,0.5400000000000003,1790648283960833139,20.682445526123047,2.298828125,0.0041460138745605946,0.1967541128396988,20.684423446655273,2.2988364696502686,0.004243543371558189,0.19888299703598022,0.26686468381876705,0.26686468381876705,0.004219010690717173,0,0,2185,8,1.399225237207191,0,7,0.19987487883975155,0.19988931960102727,0.19990539592239714,0.2415255308151245,0.015826981514692307,0.06552922774365852,0.02122828044405332,0.0005160323152414298,0.05160323152414298,0.3072745785783135,0,0,False,NOT_AVAILABLE_BOOLEAN_COSTMAP_VETO,1790648283960833139,1790648283960833139,43.363786,1.4607179909944534,54
55,0.5500000000000003,1790648284046098777,20.684423446655273,2.2988364696502686,0.004243543371558189,0.19888299703598022,20.68642234802246,2.298845052719116,0.004342442844063044,0.20091484487056732,0.26687313815139196,0.26687313815139196,0.004316627011059282,0,0,2185,8,1.399225237207191,0,7,0.19987487883975155,0.19988931960102727,0.19990539592239714,0.24161377549171448,0.016348788514733315,0.06766496852864233,0.021919938404043805,0.0006916579599904847,0.06916579599904847,0.3072246198492287,0,0,False,NOT_AVAILABLE_BOOLEAN_COSTMAP_VETO,1790648284046098777,1790648284046098777,41.220933,1.6665180446580052,55
56,0.5600000000000003,1790648284131739402,20.68642234802246,2.298845052719116,0.004342442844063044,0.20091484487056732,20.688440322875977,2.298853874206543,0.004441996570676565,0.20285619795322418,0.26688182967419616,0.26688182967419616,0.004414889458532301,0,0,2185,8,1.399225237207191,0,7,0.19987487883975155,0.19988931960102727,0.19990539592239714,0.24174238741397858,0.016987405717372894,0.07027069559084949,0.022763772574817143,0.0008438341707733381,0.08438341707733381,0.3071741504672662,0,0,False,NOT_AVAILABLE_BOOLEAN_COSTMAP_VETO,1790648284131739402,1790648284131739402,43.989374,1.3993729371577501,56
57,0.5700000000000003,1790648284219554113,20.688440322875977,2.298853874206543,0.004441996570676565,0.20285619795322418,20.69047737121582,2.298862934112549,0.004542802460491657,0.2047176957130432,0.2668907583871801,0.2668907583871801,0.004514396240563379,0,0,2185,8,1.399225237207191,0,7,0.19987487883975155,0.19988931960102727,0.19990539592239714,0.24200452864170074,0.017626231536269188,0.07283430452810107,0.023593935650094357,0.0008301630752772134,0.08301630752772134,0.30712292034276184,0,0,False,NOT_AVAILABLE_BOOLEAN_COSTMAP_VETO,1790648284219554113,1790648284219554113,40.968029,1.7340710619464517,57
58,0.5800000000000003,1790648284305485051,20.69047737121582,2.298862934112549,0.004542802460491657,0.2047176957130432,20.692533493041992,2.298872470855713,0.004644209984689951,0.20651115477085114,0.2669001627089224,0.2669001627089224,0.004614497138042406,0,0,2185,8,1.399225237207191,0,7,0.19987487883975155,0.19988931960102727,0.19990539592239714,0.24243491888046265,0.018153268843889236,0.07487893628409226,0.024256017191676835,0.0006620815415824786,0.06620815415824786,0.30707096323578903,0,0,False,NOT_AVAILABLE_BOOLEAN_COSTMAP_VETO,1790648284305485051,1790648284305485051,41.887867,1.7317989841103554,58
59,0.5900000000000003,1790648284393868996,20.692533493041992,2.298872470855713,0.004644209984689951,0.20651115477085114,20.69460678100586,2.298882246017456,0.0047467793338000774,0.2082452028989792,0.2669098043436842,0.2669098043436842,0.0047157538668578525,0,0,2185,8,1.399225237207191,0,7,0.19987487883975155,0.19988931960102727,0.19990539592239714,0.242979034781456,0.018520891666412354,0.076224237548193,0.024691633769667574,0.0004356165779907384,0.04356165779907384,0.3070182832691379,0,0,False,NOT_AVAILABLE_BOOLEAN_COSTMAP_VETO,1790648284393868996,1790648284393868996,41.780439,1.7679600277915597,59
60,0.6000000000000003,1790648284481878881,20.69460678100586,2.298882246017456,0.0047467793338000774,0.2082452028989792,20.696697235107422,2.2988922595977783,0.004849910270422697,0.20992456376552582,0.2669196832914661,0.2669196832914661,0.004817566511184701,0,0,2185,8,1.399225237207191,0,7,0.19987487883975155,0.19988931960102727,0.19990539592239714,0.24356310069561005,0.018717920407652855,0.07685039463775485,0.024894383985701887,0.0002027502160343135,0.02027502160343135,0.30696513156251876,0,0,False,NOT_AVAILABLE_BOOLEAN_COSTMAP_VETO,1790648284481878881,1790648284481878881,41.469357,1.6657490050420165,60
61,0.6100000000000003,1790648284569433168,20.696697235107422,2.2988922595977783,0.004849910270422697,0.20992456376552582,20.69880485534668,2.2989025115966797,0.004954130854457617,0.21155384182929993,0.266929799552267,0.266929799552267,0.0049204634573611905,0,0,2185,8,1.399225237207191,0,7,0.19987487883975155,0.19988931960102727,0.19990539592239714,0.24418902397155762,0.018629323691129684,0.07629058582624734,0.024713117496892967,-0.0001812664888089198,-0.01812664888089198,0.30691128727522815,0,0,False,NOT_AVAILABLE_BOOLEAN_COSTMAP_VETO,1790648284569433168,1790648284569433168,44.022367,1.5606579836457968,61
62,0.6200000000000003,1790648284659215237,20.69880485534668,2.2989025115966797,0.004954130854457617,0.21155384182929993,20.700927734375,2.2989132404327393,0.005058879964053631,0.2131350338459015,0.26694039166750627,0.26694039166750627,0.005023885115624349,0,0,2185,8,1.399225237207191,0,7,0.19987487883975155,0.19988931960102727,0.19990539592239714,0.24480696022510529,0.018454959616065025,0.07538576353832134,0.024420131971220314,-0.0002929855256726538,-0.02929855256726538,0.30685674672718805,0,0,False,NOT_AVAILABLE_BOOLEAN_COSTMAP_VETO,1790648284659215237,1790648284659215237,43.732054,1.5079519944265485,62
63,0.6300000000000003,1790648284748635472,20.700927734375,2.2989132404327393,0.005058879964053631,0.2131350338459015,20.703065872192383,2.298924207687378,0.005164653994143009,0.21466666460037231,0.2669512212186048,0.2669512212186048,0.00512832821291509,0,0,2185,8,1.399225237207191,0,7,0.19987487883975155,0.19988931960102727,0.19990539592239714,0.24534596502780914,0.018305005505681038,0.07460895272358047,0.02416859378888647,-0.000251538182333845,-0.0251538182333845,0.3068015407550934,0,0,False,NOT_AVAILABLE_BOOLEAN_COSTMAP_VETO,1790648284748635472,1790648284748635472,43.782487,1.677140942774713,63
64,0.6400000000000003,1790648284838114876,20.703065872192383,2.298924207687378,0.005164653994143009,0.21466666460037231,20.705219268798828,2.2989354133605957,0.00527092395350337,0.21614646911621094,0.2669622882055631,0.2669622882055631,0.00523326410579017,0,0,2185,8,1.399225237207191,0,7,0.19987487883975155,0.19988931960102727,0.19990539592239714,0.24578766524791718,0.018251027911901474,0.07425526375984864,0.02405406517249883,-0.000114528616387638,-0.0114528616387638,0.3067458906398281,0,0,False,NOT_AVAILABLE_BOOLEAN_COSTMAP_VETO,1790648284838114876,1790648284838114876,45.983741,1.5778100350871682,64
65,0.6500000000000004,1790648284930735596,20.705219268798828,2.2989354133605957,0.00527092395350337,0.21614646911621094,20.707387924194336,2.2989468574523926,0.005378150846809149,0.2175721377134323,0.2669735926283804,0.2669735926283804,0.005339154153901848,0,0,2185,8,1.399225237207191,0,7,0.19987487883975155,0.19988931960102727,0.19990539592239714,0.24612894654273987,0.018305888399481773,0.07437519502121213,0.024092900386206113,3.883521370728199e-05,0.003883521370728199,0.3066896036144013,0,0,False,NOT_AVAILABLE_BOOLEAN_COSTMAP_VETO,1790648284930735596,1790648284930735596,44.04256,1.5403369907289743,65
66,0.6600000000000004,1790648285020593988,20.707387924194336,2.2989468574523926,0.005378150846809149,0.2175721377134323,20.709569931030273,2.2989587783813477,0.005485838279128075,0.21894478797912598,0.26698537302847625,0.26698537302847625,0.005445503492952142,0,0,2185,8,1.399225237207191,0,7,0.19987487883975155,0.19988931960102727,0.19990539592239714,0.24643954634666443,0.0184505432844162,0.07486843551668439,0.024252616944091514,0.0001597165578854018,0.01597165578854018,0.30663264889029945,0,0,False,NOT_AVAILABLE_BOOLEAN_COSTMAP_VETO,1790648285020593988,1790648285020593988,44.180292,1.557842013426125,66
67,0.6700000000000004,1790648285112499454,20.709569931030273,2.2989587783813477,0.005485838279128075,0.21894478797912598,20.71176528930664,2.298970937728882,0.0055944123305380344,0.22026528418064117,0.2669973909872712,0.2669973909872712,0.005552738559352122,0,0,2185,8,1.399225237207191,0,7,0.19987487883975155,0.19988931960102727,0.19990539592239714,0.2467155009508133,0.018777746707201004,0.07611093196347095,0.02465494510429276,0.00040232816020124504,0.040232816020124504,0.3065750867369898,0,0,False,NOT_AVAILABLE_BOOLEAN_COSTMAP_VETO,1790648285112499454,1790648285112499454,43.942012,1.5503530157729983,67
68,0.6800000000000004,1790648285202338229,20.71176528930664,2.298970937728882,0.0055944123305380344,0.22026528418064117,20.713973999023438,2.298983573913574,0.005703412927687168,0.2215350866317749,0.26700988492334404,0.26700988492334404,0.0056603996480513175,0,0,2185,8,1.399225237207191,0,7,0.19987487883975155,0.19988931960102727,0.19990539592239714,0.24696974456310272,0.01921776495873928,0.07781424802757161,0.025206476553907464,0.000551531449614704,0.055153144961470404,0.3065168711590755,0,0,False,NOT_AVAILABLE_BOOLEAN_COSTMAP_VETO,1790648285202338229,1790648285202338229,43.79948,1.578098046593368,68
69,0.6900000000000004,1790648285294252719,20.713973999023438,2.298983573913574,0.005703412927687168,0.2215350866317749,20.716196060180664,2.2989962100982666,0.005813233088701963,0.2227548360824585,0.2670223779995378,0.2670223779995378,0.0057688801490831665,0,0,2185,8,1.399225237207191,0,7,0.19987487883975155,0.19988931960102727,0.19990539592239714,0.247187077999115,0.019642263650894165,0.07946314916576865,0.025740373916503655,0.0005338973625961911,0.05338973625961911,0.3064583146815389,0,0,False,NOT_AVAILABLE_BOOLEAN_COSTMAP_VETO,1790648285294252719,1790648285294252719,43.795799,1.5773950144648552,69
70,0.7000000000000004,1790648285386011012,20.716196060180664,2.2989962100982666,0.005813233088701963,0.2227548360824585,20.718429565429688,2.299009323120117,0.005923446733504534,0.22392421960830688,0.2670353471758493,0.2670353471758493,0.005877755501866755,0,0,2185,8,1.399225237207191,0,7,0.19987487883975155,0.19988931960102727,0.19990539592239714,0.2473476529121399,0.02009555511176586,0.08124417141287361,0.02631703424842762,0.0005766603319239637,0.05766603319239637,0.3063991186592669,0,0,False,NOT_AVAILABLE_BOOLEAN_COSTMAP_VETO,1790648285386011012,1790648285386011012,44.242758,1.5749629819765687,70
71,0.7100000000000004,1790648285478223463,20.718429565429688,2.299009323120117,0.005923446733504533,0.22392421960830688,20.720674514770508,2.299022674560547,0.006034414283931255,0.22504489123821259,0.26704855403370037,0.26704855403370037,0.005987386507993353,0,0,2185,8,1.399225237207191,0,7,0.19987487883975155,0.19988931960102727,0.19990539592239714,0.24749256670475006,0.02055879682302475,0.08306834058394437,0.026907646563586726,0.0005906123151591079,0.05906123151591079,0.3063393708388504,0,0,False,NOT_AVAILABLE_BOOLEAN_COSTMAP_VETO,1790648285478223463,1790648285478223463,44.046816,1.6854300629347563,71
72,0.7200000000000004,1790648285570064991,20.720674514770508,2.299022674560547,0.0060344142839312545,0.22504489123821259,20.722930908203125,2.2990365028381348,0.006145743187516928,0.22611838579177856,0.2670622369916689,0.2670622369916689,0.006097380988958179,0,0,2185,8,1.399225237207191,0,7,0.19987487883975155,0.19988931960102727,0.19990539592239714,0.247621089220047,0.02100500836968422,0.08482721902179441,0.02747710188473887,0.000569455321152143,0.056945532115214303,0.3062789969593693,0,0,False,NOT_AVAILABLE_BOOLEAN_COSTMAP_VETO,1790648285570064991,1790648285570064991,44.081697,1.8230670830234885,72
73,0.7300000000000004,1790648285662697423,20.722930908203125,2.2990365028381348,0.006145743187516927,0.22611838579177856,20.725196838378906,2.2990505695343018,0.006257763598114252,0.22714516520500183,0.26707615775401683,0.26707615775401683,0.00620807060698203,0,0,2185,8,1.399225237207191,0,7,0.19987487883975155,0.19988931960102727,0.19990539592239714,0.24771204590797424,0.021423423662781715,0.08648519123991484,0.028013871446659896,0.0005367695619210265,0.05367695619210265,0.30621809743215395,0,0,False,NOT_AVAILABLE_BOOLEAN_COSTMAP_VETO,1790648285662697423,1790648285662697423,43.86185,1.8070979276672006,73
74,0.7400000000000004,1790648285754718029,20.725196838378906,2.2990505695343018,0.006257763598114252,0.22714516520500183,20.72747230529785,2.299064874649048,0.006370114628225565,0.22812515497207642,0.26709031632074415,0.26709031632074415,0.006319094840680606,0,0,2185,8,1.399225237207191,0,7,0.19987487883975155,0.19988931960102727,0.19990539592239714,0.24775488674640656,0.021836642175912857,0.08813808866770849,0.028548981969812443,0.0005351105231525474,0.05351105231525474,0.3061568231613376,0,0,False,NOT_AVAILABLE_BOOLEAN_COSTMAP_VETO,1790648285754718029,1790648285754718029,43.851162,1.9914560252800584,74
75,0.7500000000000004,1790648285847626918,20.72747230529785,2.299064874649048,0.006370114628225565,0.22812515497207642,20.72975730895996,2.299079418182373,0.006483095232397318,0.22905786335468292,0.2671047126918501,0.2671047126918501,0.006430753023161984,0,0,2185,8,1.399225237207191,0,7,0.19987487883975155,0.19988931960102727,0.19990539592239714,0.24774040281772614,0.022247010841965675,0.08979968785444259,0.02908689312488496,0.0005379111550725159,0.05379111550725159,0.306095049191817,0,0,False,NOT_AVAILABLE_BOOLEAN_COSTMAP_VETO,1790648285847626918,1790648285847626918,44.067936,1.686069997958839,75
76,0.7600000000000005,1790648285940300344,20.72975730895996,2.299079418182373,0.006483095232397317,0.22905786335468292,20.732051849365234,2.2990944385528564,0.00659637525677681,0.22994330525398254,0.26711958528591434,0.26711958528591434,0.006542715396781418,0,0,2185,8,1.399225237207191,0,7,0.19987487883975155,0.19988931960102727,0.19990539592239714,0.24767909944057465,0.022656181827187538,0.0914739349358116,0.029628881765214214,0.0005419886403292551,0.05419886403292551,0.30603267514690174,0,0,False,NOT_AVAILABLE_BOOLEAN_COSTMAP_VETO,1790648285940300344,1790648285940300344,44.475149,1.5702910022810102,76
77,0.7700000000000005,1790648286031191858,20.732051849365234,2.2990944385528564,0.00659637525677681,0.22994330525398254,20.734355926513672,2.299109697341919,0.006710223387926817,0.2307834029197693,0.2671346956843571,0.2671346956843571,0.006655251024585418,0,0,2185,8,1.399225237207191,0,7,0.19987487883975155,0.19988931960102727,0.19990539592239714,0.24761082231998444,0.023029856383800507,0.09300827874978464,0.030125565522707735,0.0004966837574935205,0.04966837574935205,0.30596982715081084,0,0,False,NOT_AVAILABLE_BOOLEAN_COSTMAP_VETO,1790648286031191858,1790648286031191858,41.509647,1.5741619281470776,77
78,0.7800000000000005,1790648286120873092,20.734355926513672,2.299109697341919,0.006710223387926818,0.2307834029197693,20.73666763305664,2.2991254329681396,0.006824341136962175,0.23157930374145508,0.26715028242859795,0.26715028242859795,0.006768062897180016,0,0,2185,8,1.399225237207191,0,7,0.19987487883975155,0.19988931960102727,0.19990539592239714,0.2475215643644333,0.02333589643239975,0.09427823588752704,0.030536653206570317,0.0004110876838625821,0.04110876838625821,0.30590639157729055,0,0,False,NOT_AVAILABLE_BOOLEAN_COSTMAP_VETO,1790648286120873092,1790648286120873092,44.491854,1.7001499654725194,78
79,0.7900000000000005,1790648286211244397,20.73666763305664,2.2991254329681396,0.006824341136962175,0.23157930374145508,20.73898696899414,2.2991414070129395,0.006938969250768423,0.2323334515094757,0.267166107100058,0.267166107100058,0.006881392145195786,0,0,2185,8,1.399225237207191,0,7,0.19987487883975155,0.19988931960102727,0.19990539592239714,0.24743947386741638,0.023562155663967133,0.09522391595688674,0.030842765051547393,0.0003061118449770757,0.03061118449770757,0.30584250623618,0,0,False,NOT_AVAILABLE_BOOLEAN_COSTMAP_VETO,1790648286211244397,1790648286211244397,43.967742,1.8046970944851637,79
80,0.8000000000000005,1790648286300959424,20.73898696899414,2.2991414070129395,0.006938969250768422,0.2323334515094757,20.741313934326172,2.2991576194763184,0.0070538390427827835,0.23304800689220428,0.267182169698737,0.267182169698737,0.006994970461033034,0,0,2185,8,1.399225237207191,0,7,0.19987487883975155,0.19988931960102727,0.19990539592239714,0.24736076593399048,0.023746663704514503,0.09600012198721694,0.03109401469115561,0.0002512496396082191,0.02512496396082191,0.3057782834509554,0,0,False,NOT_AVAILABLE_BOOLEAN_COSTMAP_VETO,1790648286300959424,1790648286300959424,43.863098,1.8027130281552672,80
81,0.8100000000000005,1790648286390751190,20.741313934326172,2.2991576194763184,0.0070538390427827835,0.23304800689220428,20.743648529052734,2.2991740703582764,0.007169167045503855,0.23372529447078705,0.2671984702246347,0.2671984702246347,0.007109014772281874,0,0,2185,8,1.399225237207191,0,7,0.19987487883975155,0.19988931960102727,0.19990539592239714,0.24729162454605103,0.02389577403664589,0.0966299367417354,0.03129787614680203,0.00020386145564641953,0.020386145564641953,0.30571363273977753,0,0,False,NOT_AVAILABLE_BOOLEAN_COSTMAP_VETO,1790648286390751190,1790648286390751190,43.95414,1.5165290096774697,81
82,0.8200000000000005,1790648286480587278,20.743648529052734,2.2991740703582764,0.007169167045503856,0.23372529447078705,20.745988845825195,2.2991909980773926,0.007284712512046099,0.23436720669269562,0.26721524721917,0.26721524721917,0.007223285752669728,0,0,2185,8,1.399225237207191,0,7,0.19987487883975155,0.19988931960102727,0.19990539592239714,0.2472250759601593,0.023974968120455742,0.09697627972139583,0.03140998099304586,0.00011210484624382677,0.011210484624382677,0.30564841631935263,0,0,False,NOT_AVAILABLE_BOOLEAN_COSTMAP_VETO,1790648286480587278,1790648286480587278,43.99331,1.570418942719698,82
83,0.8300000000000005,1790648286570074298,20.745988845825195,2.2991909980773926,0.007284712512046099,0.23436720669269562,20.748334884643555,2.299208164215088,0.007400669157505035,0.23497454822063446,0.2672322622637645,0.2672322622637645,0.007337977492637648,0,0,2185,8,1.399225237207191,0,7,0.19987487883975155,0.19988931960102727,0.19990539592239714,0.24713990092277527,0.023999124765396118,0.09710744673679875,0.03145243713507989,4.2456142034033584e-05,0.004245614203403358,0.3055827916680564,0,0,False,NOT_AVAILABLE_BOOLEAN_COSTMAP_VETO,1790648286570074298,1790648286570074298,44.147619,1.5229290584102273,83
84,0.8400000000000005,1790648286659475843,20.748334884643555,2.299208164215088,0.007400669157505035,0.23497454822063446,20.750686645507812,2.2992258071899414,0.007516819983720779,0.23554758727550507,0.26724975377699645,0.26724975377699645,0.007452873368545276,0,0,2185,8,1.399225237207191,0,7,0.19987487883975155,0.19988931960102727,0.19990539592239714,0.2470259964466095,0.02402912825345993,0.09727368211893204,0.031506244043737315,5.38069086574236e-05,0.00538069086574236,0.3055166110678213,0,0,False,NOT_AVAILABLE_BOOLEAN_COSTMAP_VETO,1790648286659475843,1790648286659475843,44.053472,1.5793779166415334,84
85,0.8500000000000005,1790648286751042354,20.750686645507812,2.2992258071899414,0.007516819983720779,0.23554758727550507,20.75304412841797,2.299243688583374,0.007633337285369635,0.23608744144439697,0.2672674833402872,0.2672674833402872,0.007568146053934299,0,0,2185,8,1.399225237207191,0,7,0.19987487883975155,0.19988931960102727,0.19990539592239714,0.2469010353088379,0.02408437617123127,0.09754667954755701,0.03159460719287693,8.836314913961835e-05,0.008836314913961835,0.3054500409533835,0,0,False,NOT_AVAILABLE_BOOLEAN_COSTMAP_VETO,1790648286751042354,1790648286751042354,44.276167,1.5850430354475975,85
86,0.8600000000000005,1790648286843101105,20.75304412841797,2.299243688583374,0.007633337285369635,0.23608744144439697,20.755407333374023,2.2992618083953857,0.007750027347356081,0.23659507930278778,0.26728545095363687,0.26728545095363687,0.007683602212108287,0,0,2185,8,1.399225237207191,0,7,0.19987487883975155,0.19988931960102727,0.19990539592239714,0.2467634230852127,0.02415907196700573,0.09790378032915796,0.03171019196717055,0.00011558477429361724,0.011558477429361724,0.30538316228676504,0,0,False,NOT_AVAILABLE_BOOLEAN_COSTMAP_VETO,1790648286843101105,1790648286843101105,44.041024,1.61313998978585,86
87,0.8700000000000006,1790648286935011690,20.755407333374023,2.2992618083953857,0.007750027347356081,0.23659507930278778,20.757776260375977,2.2992801666259766,0.00786705780774355,0.23712113499641418,0.26730365661704564,0.26730365661704564,0.007799409878493702,1,0,2185,8,1.399208076747525,1,8,0.19987487883975155,0.1998868681067893,0.19989585931119827,0.24765817821025848,0.023688048124313354,0.09564815624300732,0.030980087606467335,-0.0007301043607032161,-0.07301043607032161,0.3053159050347804,0,0,False,NOT_AVAILABLE_BOOLEAN_COSTMAP_VETO,1790648286935011690,1790648286935011690,21.480335,1.5816179802641273,87
88,0.8800000000000006,1790648287004280304,20.757776260375977,2.2992801666259766,0.00786705780774355,0.23712113499641418,20.760150909423828,2.2992990016937256,0.007984262891113758,0.2376561313867569,0.26732233874909195,0.26732233874909195,0.007915403660109899,1,0,2185,8,1.399208076747525,1,8,0.19987487883975155,0.1998868681067893,0.19989585931119827,0.24837243556976318,0.023403961211442947,0.09422930188591404,0.03052081336201698,-0.0004592742444503549,-0.04592742444503549,0.3052481000593918,0,0,False,NOT_AVAILABLE_BOOLEAN_COSTMAP_VETO,1790648287004280304,1790648287004280304,22.282505,2.078082994557917,88
89,0.8900000000000006,1790648287071181067,20.760150909423828,2.2992990016937256,0.007984262891113758,0.2376561313867569,20.762529373168945,2.2993180751800537,0.008101822808384895,0.23820026218891144,0.2673412590540374,0.2673412590540374,0.008031765130315005,1,0,2185,8,1.399208076747525,1,8,0.19987487883975155,0.1998868681067893,0.19989585931119827,0.24909953773021698,0.022964075207710266,0.0921883493520615,0.029860147305318534,-0.0006606660566984453,-0.06606660566984453,0.3051799104993275,0,0,False,NOT_AVAILABLE_BOOLEAN_COSTMAP_VETO,1790648287071181067,1790648287071181067,22.467343,1.990688033401966,89
90,0.9000000000000006,1790648287138107014,20.762529373168945,2.2993180751800537,0.008101822808384895,0.23820026218891144,20.76491355895996,2.29933762550354,0.008219562470912933,0.23874376714229584,0.2673606558276198,0.2673606558276198,0.008148318611063132,1,0,2185,8,1.399208076747525,1,8,0.19987487883975155,0.1998868681067893,0.19989585931119827,0.24963045120239258,0.02214980684220791,0.08873038820191667,0.02874072959794933,-0.001119417707369206,-0.11194177073692059,0.30511117110229796,0,0,False,NOT_AVAILABLE_BOOLEAN_COSTMAP_VETO,1790648287138107014,1790648287138107014,23.26852,1.9549420103430748,90
91,0.9100000000000006,1790648287205774809,20.76491355895996,2.29933762550354,0.008219562470912933,0.23874376714229584,20.767303466796875,2.2993574142456055,0.008337656036019325,0.23927605152130127,0.2673802906512615,0.2673802906512615,0.008265238669074026,1,0,2185,8,1.399208076747525,1,8,0.19987487883975155,0.1998868681067893,0.19989585931119827,0.24993795156478882,0.02108999527990818,0.08438092393680054,0.02733261084835576,-0.0014081187495935676,-0.14081187495935676,0.3050420475426964,0,0,False,NOT_AVAILABLE_BOOLEAN_COSTMAP_VETO,1790648287205774809,1790648287205774809,23.449549,1.8185860244557261,91
92,0.9200000000000006,1790648287273166243,20.767303466796875,2.2993574142456055,0.008337656036019325,0.23927605152130127,20.769699096679688,2.299377679824829,0.008455920964479446,0.23978495597839355,0.2674004019435407,0.2674004019435407,0.008382343174313966,1,0,2185,8,1.399208076747525,1,8,0.19987487883975155,0.1998868681067893,0.19989585931119827,0.24997860193252563,0.019956951960921288,0.07983464107183094,0.02586065718981845,-0.0014719536585373096,-0.14719536585373094,0.30497237767438107,0,0,False,NOT_AVAILABLE_BOOLEAN_COSTMAP_VETO,1790648287273166243,1790648287273166243,22.491375,1.514128060080111,92
93,0.9300000000000006,1790648287338980090,20.769699096679688,2.299377679824829,0.008455920964479446,0.23978495597839355,20.772098541259766,2.299398183822632,0.008574509993195534,0.24026066064834595,0.2674207514087185,0.2674207514087185,0.008499786178749247,1,0,2185,8,1.399208076747525,1,8,0.19987487883975155,0.1998868681067893,0.19989585931119827,0.24978920817375183,0.018864110112190247,0.07552011654189836,0.02446363634425745,-0.001397020845561002,-0.1397020845561002,0.30490233612524537,0,0,False,NOT_AVAILABLE_BOOLEAN_COSTMAP_VETO,1790648287338980090,1790648287338980090,22.47291,1.9966720137745142,93
94,0.9400000000000006,1790648287404608748,20.772098541259766,2.299398183822632,0.008574509993195534,0.24026066064834595,20.774503707885742,2.2994189262390137,0.008693248964846134,0.24069544672966003,0.2674413389239552,0.2674413389239552,0.008617393011117969,1,0,2185,8,1.399208076747525,1,8,0.19987487883975155,0.1998868681067893,0.19989585931119827,0.24940432608127594,0.017909321933984756,0.07180838526493107,0.023261720219428673,-0.0012019161248287766,-0.12019161248287766,0.30483199565855407,0,0,False,NOT_AVAILABLE_BOOLEAN_COSTMAP_VETO,1790648287404608748,1790648287404608748,22.261223,1.9472310086712241,94
95,0.9500000000000006,1790648287469461797,20.774503707885742,2.2994189262390137,0.008693248964846134,0.24069544672966003,20.776912689208984,2.2994399070739746,0.008812258951365948,0.24108275771141052,0.267462164612091,0.267462164612091,0.008735286053022762,1,0,2185,8,1.399208076747525,1,8,0.19987487883975155,0.1998868681067893,0.19989585931119827,0.24884071946144104,0.01727205514907837,0.06941008363285475,0.022485077005323765,-0.0007766432141049079,-0.07766432141049079,0.30476130571383314,0,0,False,NOT_AVAILABLE_BOOLEAN_COSTMAP_VETO,1790648287469461797,1790648287469461797,22.063489,1.4621270820498466,95
96,0.9600000000000006,1790648287532880784,20.776912689208984,2.2994399070739746,0.008812258951365948,0.24108275771141052,20.779325485229492,2.2994613647460938,0.008931388147175312,0.24142290651798248,0.2674834668917042,0.2674834668917042,0.008853313879537694,1,0,2185,8,1.399208076747525,1,8,0.19987487883975155,0.1998868681067893,0.19989585931119827,0.24823638796806335,0.016978178173303604,0.06839520310571034,0.02215641951425039,-0.00032865749107337597,-0.0328657491073376,0.30469009129122,0,0,False,NOT_AVAILABLE_BOOLEAN_COSTMAP_VETO,1790648287532880784,1790648287532880784,21.195941,1.4278539456427097,96
97,0.9700000000000006,1790648287595730121,20.779325485229492,2.2994613647460938,0.008931388147175312,0.24142290651798248,20.781740188598633,2.299483060836792,0.00905072782188654,0.24172072112560272,0.26750500746705613,0.26750500746705613,0.008971568995056245,1,0,2185,8,1.399208076747525,1,8,0.19987487883975155,0.1998868681067893,0.19989585931119827,0.2476862370967865,0.017076728865504265,0.06894500504213046,0.022334467203468433,0.00017804768921804437,0.017804768921804437,0.3046185526983171,0,0,False,NOT_AVAILABLE_BOOLEAN_COSTMAP_VETO,1790648287595730121,1790648287595730121,20.868091,1.4289729297161102,97
98,0.9800000000000006,1790648287658122355,20.781740188598633,2.299483060836792,0.00905072782188654,0.24172072112560272,20.78415870666504,2.2995052337646484,0.009170160628855228,0.2419862449169159,0.26752702463388534,0.26752702463388534,0.009089933564653041,1,0,2185,8,1.399208076747525,1,8,0.19987487883975155,0.1998868681067893,0.19989585931119827,0.2473047524690628,0.017492027953267097,0.07073065834210082,0.022912722788643605,0.000578255585175172,0.057825558517517195,0.30454650053560756,0,0,False,NOT_AVAILABLE_BOOLEAN_COSTMAP_VETO,1790648287658122355,1790648287658122355,20.792024,1.5133600682020187,98
99,0.9900000000000007,1790648287720791366,20.78415870666504,2.2995052337646484,0.009170160628855228,0.2419862449169159,20.786579132080078,2.299527645111084,0.009289760142564774,0.24222810566425323,0.26754928009645335,0.26754928009645335,0.009208482382228933,1,0,2185,8,1.399208076747525,1,8,0.19987487883975155,0.1998868681067893,0.19989585931119827,0.24707256257534027,0.01802477240562439,0.07295335515099158,0.02363248654855918,0.0007197637599155732,0.07197637599155732,0.30447414250222476,0,0,False,NOT_AVAILABLE_BOOLEAN_COSTMAP_VETO,1790648287720791366,1790648287720791366,20.572017,1.4232770772650838,99
100,1.0000000000000007,1790648287783068621,20.786579132080078,2.299527645111084,0.009289760142564774,0.24222810566425323,20.789003372192383,2.2995502948760986,0.009409436956048012,0.24245485663414001,0.26757177373192,0.26757177373192,0.009327125577716089,1,0,2185,8,1.399208076747525,1,8,0.19987487883975155,0.1998868681067893,0.19989585931119827,0.24699674546718597,0.018557552248239517,0.07513278044671616,0.02433821415625233,0.0007057276076931525,0.07057276076931525,0.3044015159433197,0,0,False,NOT_AVAILABLE_BOOLEAN_COSTMAP_VETO,1790648287783068621,1790648287783068621,20.83993,1.4469579327851534,100
101,1.0100000000000007,1790648287845172558,20.789003372192383,2.2995502948760986,0.009409436956048012,0.24245485663414001,20.79142951965332,2.2995731830596924,0.009529259987175465,0.24267302453517914,0.26759450566312576,0.26759450566312576,0.009445933271460483,1,0,2185,8,1.399208076747525,1,8,0.19987487883975155,0.1998868681067893,0.19989585931119827,0.24704299867153168,0.0189575906842947,0.07673802045084754,0.024857997275441485,0.0005197831191891544,0.05197831191891544,0.30432859208574364,0,0,False,NOT_AVAILABLE_BOOLEAN_COSTMAP_VETO,1790648287845172558,1790648287845172558,20.766519,1.7255910206586123,101
102,1.0200000000000007,1790648287907803360,20.79142951965332,2.2995731830596924,0.009529259987175465,0.24267302453517914,20.79385757446289,2.2995965480804443,0.009649153798818588,0.24288637936115265,0.26761771430864884,0.26761771430864884,0.009564830374002575,1,0,2185,8,1.399208076747525,1,8,0.19987487883975155,0.1998868681067893,0.19989585931119827,0.24716007709503174,0.01919974386692047,0.07768141235664962,0.02516346508950578,0.0003054678140642954,0.030546781406429538,0.3042551640185797,0,0,False,NOT_AVAILABLE_BOOLEAN_COSTMAP_VETO,1790648287907803360,1790648287907803360,19.644404,1.4690069947391748,102
103,1.0300000000000007,1790648287969416945,20.79385757446289,2.2995965480804443,0.009649153798818588,0.24288637936115265,20.796287536621094,2.2996201515197754,0.009769187308847904,0.24309596419334412,0.26764116124991016,0.26764116124991016,0.009683886160401833,1,0,2185,8,1.399208076747525,1,8,0.19987487883975155,0.1998868681067893,0.19989585931119827,0.24729417264461517,0.01935865916311741,0.07828190594259417,0.025357900888046743,0.00019443579854096227,0.019443579854096227,0.30418144138942854,0,0,False,NOT_AVAILABLE_BOOLEAN_COSTMAP_VETO,1790648287969416945,1790648287969416945,21.266343,1.7874810146167874,103
104,1.0400000000000007,1790648288031633014,20.796287536621094,2.2996201515197754,0.009769187308847904,0.24309596419334412,20.79871940612793,2.2996439933776855,0.009889288805425167,0.2433011680841446,0.2676648464869106,0.2676648464869106,0.009803029277515751,1,0,2185,8,1.399208076747525,1,8,0.19987487883975155,0.1998868681067893,0.19989585931119827,0.24741150438785553,0.01945752277970314,0.07864437358256585,0.025475264553356455,0.00011736366530971237,0.011736366530971237,0.30410745414749546,0,0,False,NOT_AVAILABLE_BOOLEAN_COSTMAP_VETO,1790648288031633014,1790648288031633014,21.750263,1.8729560542851686,104
105,1.0500000000000007,1790648288094741879,20.79871940612793,2.2996439933776855,0.009889288805425167,0.2433011680841446,20.8011531829834,2.299668073654175,0.01000952534377575,0.24350520968437195,0.2676887700196497,0.2676887700196497,0.009922327144327614,1,0,2185,8,1.399208076747525,1,8,0.19987487883975155,0.1998868681067893,0.19989585931119827,0.24759213626384735,0.01941431500017643,0.07841248632988691,0.025400181688941686,-7.508286441476955e-05,-0.007508286441476955,0.30403317430183313,0,0,False,NOT_AVAILABLE_BOOLEAN_COSTMAP_VETO,1790648288094741879,1790648288094741879,22.111427,1.869083964265883,105
106,1.0600000000000007,1790648288158446475,20.8011531829834,2.299668073654175,0.01000952534377575,0.24350520968437195,20.8035888671875,2.2996926307678223,0.010129828937351704,0.2437097132205963,0.2677131702667057,0.2677131702667057,0.01004171212881566,1,0,2185,8,1.399208076747525,1,8,0.19987487883975155,0.1998868681067893,0.19989585931119827,0.2478058934211731,0.019327577203512192,0.07799482464552555,0.02526494612646479,-0.00013523556247689583,-0.013523556247689583,0.30395839182497636,0,0,False,NOT_AVAILABLE_BOOLEAN_COSTMAP_VETO,1790648288158446475,1790648288158446475,21.600018,1.9059490878134966,106
107,1.0700000000000007,1790648288222791636,20.8035888671875,2.2996926307678223,0.010129828937351702,0.2437097132205963,20.806026458740234,2.299717426300049,0.010250268504023552,0.2439166158437729,0.2677378088095011,0.2677378088095011,0.010161253522497304,1,0,2185,8,1.399208076747525,1,8,0.19987487883975155,0.1998868681067893,0.19989585931119827,0.24806107580661774,0.019214222207665443,0.07745762669611404,0.025091004304927715,-0.00017394182153707485,-0.017394182153707485,0.303883316369393,0,0,False,NOT_AVAILABLE_BOOLEAN_COSTMAP_VETO,1790648288222791636,1790648288222791636,20.089954,1.8107460346072912,107
108,1.0800000000000007,1790648288285403813,20.806026458740234,2.299717426300049,0.01025026850402355,0.2439166158437729,20.8084659576416,2.2997426986694336,0.010370776057243347,0.24412699043750763,0.26776292406661356,0.26776292406661356,0.010280883696455412,1,0,2185,8,1.399208076747525,1,8,0.19987487883975155,0.1998868681067893,0.19989585931119827,0.24834080040454865,0.019111720845103264,0.07695763569244424,0.024929108528617544,-0.0001618957763101711,-0.01618957763101711,0.3038077379051966,0,0,False,NOT_AVAILABLE_BOOLEAN_COSTMAP_VETO,1790648288285403813,1790648288285403813,21.745591,1.7886649584397674,108
109,1.0900000000000007,1790648288353015990,20.8084659576416,2.2997426986694336,0.010370776057243347,0.24412699043750763,20.8109073638916,2.2997682094573975,0.01049142424017191,0.244341641664505,0.2677882776194645,0.2677882776194645,0.010400675656883962,1,0,2185,8,1.399208076747525,1,8,0.19987487883975155,0.1998868681067893,0.19989585931119827,0.24864134192466736,0.0189985278993845,0.07640936841927365,0.024751579520632106,-0.0001775290079854379,-0.01775290079854379,0.30373186453242357,0,0,False,NOT_AVAILABLE_BOOLEAN_COSTMAP_VETO,1790648288353015990,1790648288353015990,32.503983,1.4692310942336917,109
110,1.1000000000000008,1790648288427408320,20.8109073638916,2.2997682094573975,0.01049142424017191,0.244341641664505,20.813352584838867,2.2997939586639404,0.010612143203616142,0.24456052482128143,0.26781386934521434,0.26781386934521434,0.010520559285139619,1,0,2185,8,1.399208076747525,1,8,0.19987487883975155,0.1998868681067893,0.19989585931119827,0.2489449679851532,0.018844421952962875,0.07569713943399224,0.024520957362215882,-0.00023062215841622435,-0.023062215841622435,0.30365572541502334,0,0,False,NOT_AVAILABLE_BOOLEAN_COSTMAP_VETO,1790648288427408320,1790648288427408320,32.146564,1.4605579199269414,110
111,1.1100000000000008,1790648288501355356,20.813352584838867,2.2997939586639404,0.010612143203616142,0.24456052482128143,20.815799713134766,2.2998199462890625,0.01073300838470459,0.2447841614484787,0.26783969936670277,0.26783969936670277,0.010640611066675909,1,0,2185,8,1.399208076747525,1,8,0.19987487883975155,0.1998868681067893,0.19989585931119827,0.24926379323005676,0.01865258812904358,0.07483071603515344,0.02424040301537702,-0.000280554346838862,-0.028055434683886202,0.3035792890711286,0,0,False,NOT_AVAILABLE_BOOLEAN_COSTMAP_VETO,1790648288501355356,1790648288501355356,23.462861,1.847226987592876,111
112,1.1200000000000008,1790648288567608289,20.815799713134766,2.2998199462890625,0.01073300838470459,0.2447841614484787,20.818248748779297,2.2998464107513428,0.010853948071599007,0.2450125366449356,0.267866006102509,0.267866006102509,0.010760759661014863,1,0,2185,8,1.399208076747525,1,8,0.19987487883975155,0.1998868681067893,0.19989585931119827,0.24958698451519012,0.01843162812292576,0.07384851481229379,0.02392235433368862,-0.00031804868168839803,-0.0318048681688398,0.30350234702127626,0,0,False,NOT_AVAILABLE_BOOLEAN_COSTMAP_VETO,1790648288567608289,1790648288567608289,22.211142,1.7909050220623612,112
113,1.1300000000000008,1790648288632814214,20.818248748779297,2.2998464107513428,0.010853948071599007,0.2450125366449356,20.82069969177246,2.299873113632202,0.010975039564073086,0.24524492025375366,0.2678925511340538,0.2678925511340538,0.01088108273506272,1,0,2185,8,1.399208076747525,1,8,0.19987487883975155,0.1998868681067893,0.19989585931119827,0.24989955127239227,0.018187453970313072,0.07277905813639744,0.023576045774149762,-0.0003463085595388597,-0.03463085595388597,0.30342510542780693,0,0,False,NOT_AVAILABLE_BOOLEAN_COSTMAP_VETO,1790648288632814214,1790648288632814214,22.38478,1.8542680190876126,113
114,1.1400000000000008,1790648288698192815,20.82069969177246,2.299873113632202,0.010975039564073086,0.24524492025375366,20.823152542114258,2.2999002933502197,0.011096207424998283,0.2454807162284851,0.267919572879916,0.267919572879916,0.01100150523222121,1,0,2185,8,1.399208076747525,1,8,0.19987487883975155,0.1998868681067893,0.19989585931119827,0.2502039074897766,0.017917679622769356,0.07161230934613391,0.023198225897635538,-0.0003778198765142238,-0.03778198765142238,0.3033473573636238,0,0,False,NOT_AVAILABLE_BOOLEAN_COSTMAP_VETO,1790648288698192815,1790648288698192815,22.165316,1.8340419046580791,114
115,1.1500000000000008,1790648288762915268,20.823152542114258,2.2999002933502197,0.011096207424998283,0.2454807162284851,20.82560920715332,2.2999277114868164,0.011217531748116016,0.24571934342384338,0.2679468327986764,0.2679468327986764,0.011122107067169207,1,0,2185,8,1.399208076747525,1,8,0.19987487883975155,0.1998868681067893,0.19989585931119827,0.25049930810928345,0.017633596435189247,0.07039379297405632,0.022803635427114013,-0.00039459047052152474,-0.039459047052152474,0.30326930782808653,0,0,False,NOT_AVAILABLE_BOOLEAN_COSTMAP_VETO,1790648288762915268,1790648288762915268,32.341706,1.5125919599086046,115
116,1.1600000000000008,1790648288838085607,20.82560920715332,2.2999277114868164,0.011217531748116016,0.24571934342384338,20.828067779541016,2.299955368041992,0.011338935233652592,0.24595941603183746,0.2679743310131766,0.2679743310131766,0.011242811910998629,1,0,2185,8,1.399208076747525,1,8,0.19987487883975155,0.1998868681067893,0.19989585931119827,0.25076818466186523,0.01734599843621254,0.06917144796339221,0.022407797997991353,-0.0003958374291226606,-0.03958374291226606,0.3031909890874382,0,0,False,NOT_AVAILABLE_BOOLEAN_COSTMAP_VETO,1790648288838085607,1790648288838085607,22.11293,1.449486007913947,116
117,1.1700000000000008,1790648288902455888,20.828067779541016,2.299955368041992,0.011338935233652592,0.24595941603183746,20.830528259277344,2.299983263015747,0.011460496112704277,0.24619948863983154,0.2680020675234142,0.2680020675234142,0.01136369836962059,1,0,2185,8,1.399208076747525,1,8,0.19987487883975155,0.1998868681067893,0.19989585931119827,0.25100812315940857,0.01706075482070446,0.06796893505263027,0.02201837603212737,-0.00038942196586398345,-0.038942196586398345,0.3031123685028409,0,0,False,NOT_AVAILABLE_BOOLEAN_COSTMAP_VETO,1790648288902455888,1790648288902455888,18.288777,1.454925979487598,117
118,1.1800000000000008,1790648288965087778,20.830528259277344,2.299983263015747,0.011460496112704279,0.24619948863983154,20.832990646362305,2.30001163482666,0.011582136154174805,0.2464381605386734,0.2680302807479702,0.2680302807479702,0.011484688598707216,1,0,2185,8,1.399208076747525,1,8,0.19987487883975155,0.1998868681067893,0.19989585931119827,0.2512187659740448,0.016774334013462067,0.06677181916893558,0.021630695205718843,-0.0003876808264085263,-0.03876808264085263,0.30303324030776596,0,0,False,NOT_AVAILABLE_BOOLEAN_COSTMAP_VETO,1790648288965087778,1790648288965087778,18.964926,1.6358920838683844,118
119,1.1900000000000008,1790648289026635953,20.832990646362305,2.30001163482666,0.011582136154174806,0.2464381605386734,20.83545684814453,2.3000402450561523,0.011703932657837868,0.24667388200759888,0.26805873214542486,0.26805873214542486,0.01160585980893547,1,0,2185,8,1.399208076747525,1,8,0.19987487883975155,0.1998868681067893,0.19989585931119827,0.25139540433883667,0.016491463407874107,0.06559970120076866,0.021251103544998318,-0.00037959166072052547,-0.03795916607205255,0.30295381067346544,0,0,False,NOT_AVAILABLE_BOOLEAN_COSTMAP_VETO,1790648289026635953,1790648289026635953,18.705174,1.4354059239849448,119
120,1.2000000000000008,1790648289086259747,20.83545684814453,2.3000402450561523,0.011703932657837868,0.24667388200759888,20.83792495727539,2.3000693321228027,0.01182580552995205,0.246905118227005,0.268087660257196,0.268087660257196,0.011727132794339568,1,0,2185,8,1.399208076747525,1,8,0.19987487883975155,0.1998868681067893,0.19989585931119827,0.2515367865562439,0.016224397346377373,0.06450109174289535,0.020895312131078054,-0.0003557914139202638,-0.03557914139202638,0.3028738746076051,0,0,False,NOT_AVAILABLE_BOOLEAN_COSTMAP_VETO,1790648289086259747,1790648289086259747,18.53,1.417228952050209,120
121,1.2100000000000009,1790648289145416358,20.83792495727539,2.3000693321228027,0.01182580552995205,0.246905118227005,20.840394973754883,2.3000986576080322,0.011947829276323318,0.24713042378425598,0.2681168266647067,0.2681168266647067,0.01184858246144227,1,0,2185,8,1.399208076747525,1,8,0.19987487883975155,0.1998868681067893,0.19989585931119827,0.2516433894634247,0.01597733609378338,0.06349197619636107,0.020568499205263196,-0.00032681292581485805,-0.032681292581485805,0.3027936394498291,0,0,False,NOT_AVAILABLE_BOOLEAN_COSTMAP_VETO,1790648289145416358,1790648289145416358,18.940317,1.41876598354429,121
122,1.2200000000000009,1790648289205089465,20.840394973754883,2.3000986576080322,0.011947829276323317,0.24713042378425598,20.842866897583008,2.30012845993042,0.012069925665855408,0.24734874069690704,0.26814646978653417,0.26814646978653417,0.011970130958883107,1,0,2185,8,1.399208076747525,1,8,0.19987487883975155,0.1998868681067893,0.19989585931119827,0.25172188878059387,0.015735305845737457,0.0625106776449333,0.0202506908976013,-0.00031780830766189525,-0.031780830766189525,0.30271289942746077,0,0,False,NOT_AVAILABLE_BOOLEAN_COSTMAP_VETO,1790648289205089465,1790648289205089465,18.421708,1.347946934401989,122
123,1.2300000000000009,1790648289263788110,20.842866897583008,2.30012845993042,0.01206992566585541,0.24734874069690704,20.845340728759766,2.3001585006713867,0.012192163616418839,0.24755950272083282,0.2681763512041008,0.2681763512041008,0.012091847598922456,1,0,2185,8,1.399208076747525,1,8,0.19987487883975155,0.1998868681067893,0.19989585931119827,0.25178128480911255,0.01549637783318758,0.06154698052691298,0.019938579096818263,-0.00031211180078303744,-0.031211180078303744,0.30263186421382365,0,0,False,NOT_AVAILABLE_BOOLEAN_COSTMAP_VETO,1790648289263788110,1790648289263788110,18.440461,1.9952959846705198,123
124,1.2400000000000009,1790648289323685128,20.845340728759766,2.3001585006713867,0.012192163616418837,0.24755950272083282,20.847816467285156,2.3001887798309326,0.012314469553530216,0.2477625012397766,0.2682064709174063,0.2682064709174063,0.012213659198599736,1,0,2185,8,1.399208076747525,1,8,0.19987487883975155,0.1998868681067893,0.19989585931119827,0.25182852149009705,0.01526170875877142,0.06060357527601008,0.019633035442801178,-0.0003055436540170854,-0.03055436540170854,0.3025505645089079,0,0,False,NOT_AVAILABLE_BOOLEAN_COSTMAP_VETO,1790648289323685128,1790648289323685128,19.16538,1.456239027902484,124
125,1.2500000000000009,1790648289383904749,20.847816467285156,2.3001887798309326,0.012314469553530216,0.2477625012397766,20.85029411315918,2.3002192974090576,0.012436906807124615,0.24795767664909363,0.2682368289264502,0.2682368289264502,0.012335629477532084,1,0,2185,8,1.399208076747525,1,8,0.19987487883975155,0.1998868681067893,0.19989585931119827,0.25186723470687866,0.015034135431051254,0.05969071542214642,0.019337381132785075,-0.00029565431001610243,-0.029565431001610243,0.3024689739006711,0,0,False,NOT_AVAILABLE_BOOLEAN_COSTMAP_VETO,1790648289383904749,1790648289383904749,19.435725,1.457583042792976,125
126,1.260000000000001,1790648289444007278,20.85029411315918,2.3002192974090576,0.012436906807124615,0.24795767664909363,20.852773666381836,2.300250291824341,0.012559406459331512,0.2481452077627182,0.2682676636498115,0.2682676636498115,0.012457689916337333,1,0,2185,8,1.399208076747525,1,8,0.19987487883975155,0.1998868681067893,0.19989585931119827,0.25190165638923645,0.01481280941516161,0.05880393812207798,0.01905017112399872,-0.0002872100087863566,-0.02872100087863566,0.30238688272489717,0,0,False,NOT_AVAILABLE_BOOLEAN_COSTMAP_VETO,1790648289444007278,1790648289444007278,19.561649,1.4433430042117834,126
127,1.270000000000001,1790648289504229043,20.852773666381836,2.300250291824341,0.012559406459331512,0.2481452077627182,20.855255126953125,2.300281524658203,0.012682028114795685,0.24832578003406525,0.26829867475975705,0.26829867475975705,0.012579899118855487,1,0,2185,8,1.399208076747525,1,8,0.19987487883975155,0.1998868681067893,0.19989585931119827,0.25194260478019714,0.014598197303712368,0.05794255130627194,0.018771181591754157,-0.00027898953224456124,-0.027898953224456124,0.30230450454397956,0,0,False,NOT_AVAILABLE_BOOLEAN_COSTMAP_VETO,1790648289504229043,1790648289504229043,19.486511,1.3739640126004815,127
128,1.280000000000001,1790648289564382902,20.855255126953125,2.300281524658203,0.012682028114795685,0.24832578003406525,20.857738494873047,2.3003132343292236,0.012804707512259483,0.24849994480609894,0.2683301474499564,0.2683301474499564,0.012702195461131272,1,0,2185,8,1.399208076747525,1,8,0.19987487883975155,0.1998868681067893,0.19989585931119827,0.2519885003566742,0.014404517598450184,0.05716339268681498,0.018518821950046574,-0.0002523596417075835,-0.02523596417075835,0.3022216277484679,0,0,False,NOT_AVAILABLE_BOOLEAN_COSTMAP_VETO,1790648289564382902,1790648289564382902,19.528688,1.3368430081754923,128
129,1.290000000000001,1790648289624076970,20.857738494873047,2.3003132343292236,0.012804707512259483,0.24849994480609894,20.8602237701416,2.3003451824188232,0.01292750146239996,0.24867185950279236,0.268361858376721,0.268361858376721,0.01282463399670819,1,0,2185,8,1.399208076747525,1,8,0.19987487883975155,0.1998868681067893,0.19989585931119827,0.25211527943611145,0.014413733966648579,0.05717120358149957,0.018521351811999417,2.5298619528435484e-06,0.00025298619528435484,0.30213846706797626,0,0,False,NOT_AVAILABLE_BOOLEAN_COSTMAP_VETO,1790648289624076970,1790648289624076970,18.973759,1.3755960389971733,129
130,1.300000000000001,1790648289683940515,20.8602237701416,2.3003451824188232,0.01292750146239996,0.24867185950279236,20.86271095275879,2.300377607345581,0.013050351291894913,0.2488410323858261,0.26839404595862876,0.26839404595862876,0.012947155720790526,1,0,2185,8,1.399208076747525,1,8,0.19987487883975155,0.1998868681067893,0.19989585931119827,0.2522296905517578,0.014453276060521603,0.05730204096474429,0.018563728550608064,4.2376738608646686e-05,0.004237673860864669,0.3020548085598775,0,0,False,NOT_AVAILABLE_BOOLEAN_COSTMAP_VETO,1790648289683940515,1790648289683940515,19.589042,1.3235310325399041,130
131,1.310000000000001,1790648289743577941,20.86271095275879,2.300377607345581,0.013050351291894913,0.2488410323858261,20.86520004272461,2.300410270690918,0.013173311948776245,0.2490079402923584,0.26842647177710166,0.26842647177710166,0.013069815248154093,1,0,2185,8,1.399208076747525,1,8,0.19987487883975155,0.1998868681067893,0.19989585931119827,0.25235119462013245,0.014524216763675213,0.05755556967161858,0.018645843421946574,8.211487133850948e-05,0.008211487133850948,0.3019708677325818,0,0,False,NOT_AVAILABLE_BOOLEAN_COSTMAP_VETO,1790648289743577941,1790648289743577941,19.209126,1.4611990191042423,131
132,1.320000000000001,1790648289803314123,20.86520004272461,2.300410270690918,0.013173311948776245,0.2490079402923584,20.867691040039062,2.300443172454834,0.013296326622366905,0.24917271733283997,0.2684591358321395,0.2684591358321395,0.013192555433191977,1,0,2185,8,1.399208076747525,1,8,0.19987487883975155,0.1998868681067893,0.19989585931119827,0.2524734139442444,0.014564394019544125,0.057686842317427094,0.018688360940055368,4.251751810879431e-05,0.004251751810879431,0.3018866682829155,0,0,False,NOT_AVAILABLE_BOOLEAN_COSTMAP_VETO,1790648289803314123,1790648289803314123,21.230951,1.335403067059815,132
133,1.330000000000001,1790648289864558992,20.867691040039062,2.300443172454834,0.013296326622366905,0.24917271733283997,20.87018394470215,2.300476312637329,0.01341944932937622,0.24933555722236633,0.26849203812374295,0.26849203812374295,0.013315429955715885,1,0,2185,8,1.399208076747525,1,8,0.19987487883975155,0.1998868681067893,0.19989585931119827,0.2525973320007324,0.014573357068002224,0.05769402611093283,0.01869068767623689,2.326736181522404e-06,0.0002326736181522404,0.3018021876910317,0,0,False,NOT_AVAILABLE_BOOLEAN_COSTMAP_VETO,1790648289864558992,1790648289864558992,19.958302,1.3242339482530951,133
134,1.340000000000001,1790648289924363848,20.87018394470215,2.300476312637329,0.01341944932937622,0.24933555722236633,20.872678756713867,2.3005099296569824,0.01354262512177229,0.2494964599609375,0.26852541707048955,0.26852541707048955,0.013438383529158493,1,0,2185,8,1.399208076747525,1,8,0.19987487883975155,0.1998868681067893,0.19989585931119827,0.25271928310394287,0.014549516141414642,0.05757184795206331,0.018651115750849847,-3.957192538704343e-05,-0.003957192538704343,0.3017172104562415,0,0,False,NOT_AVAILABLE_BOOLEAN_COSTMAP_VETO,1790648289924363848,1790648289924363848,20.294377,1.3979009818285704,134
135,1.350000000000001,1790648289985290019,20.872678756713867,2.3005099296569824,0.01354262512177229,0.2494964599609375,20.875173568725586,2.300543785095215,0.013665907084941864,0.24965564906597137,0.2685590344358143,0.2685590344358143,0.013561469039246266,1,0,2185,8,1.399208076747525,1,8,0.19987487883975155,0.1998868681067893,0.19989585931119827,0.25284436345100403,0.014500290155410767,0.05734867867924855,0.018578833959167124,-7.228179168272328e-05,-0.007228179168272328,0.3016319528675823,0,0,False,NOT_AVAILABLE_BOOLEAN_COSTMAP_VETO,1790648289985290019,1790648289985290019,20.508079,1.5956670977175236,135
136,1.360000000000001,1790648290046535369,20.875173568725586,2.300543785095215,0.013665907084941864,0.24965564906597137,20.877670288085938,2.3005781173706055,0.013789241202175617,0.24981333315372467,0.2685931284562821,0.2685931284562821,0.013684631947758596,1,0,2185,8,1.399208076747525,1,8,0.19987487883975155,0.1998868681067893,0.19989585931119827,0.2529718279838562,0.014444426633417606,0.057098953462673324,0.018497950792689843,-8.088316647728022e-05,-0.008088316647728022,0.30154619903390517,0,0,False,NOT_AVAILABLE_BOOLEAN_COSTMAP_VETO,1790648290046535369,1790648290046535369,19.786201,1.6878939932212234,136
137,1.370000000000001,1790648290107092601,20.877670288085938,2.3005781173706055,0.013789241202175617,0.24981333315372467,20.880168914794922,2.300612688064575,0.013912678696215153,0.2499694526195526,0.26862746071331517,0.26862746071331517,0.013807923134724565,1,0,2185,8,1.399208076747525,1,8,0.19987487883975155,0.1998868681067893,0.19989585931119827,0.25309669971466064,0.014400474727153778,0.05689712565746123,0.018432580877813087,-6.536991487675683e-05,-0.0065369914876756835,0.3014601660227553,0,0,False,NOT_AVAILABLE_BOOLEAN_COSTMAP_VETO,1790648290107092601,1790648290107092601,19.789112,1.675317995250225,137
138,1.380000000000001,1790648290167821198,20.880168914794922,2.300612688064575,0.013912678696215153,0.2499694526195526,20.88266944885254,2.300647735595703,0.01403616089373827,0.2500881850719452,0.2686622696254914,0.2686622696254914,0.013931283581823273,1,0,2185,8,1.399208076747525,1,8,0.19987487883975155,0.1998868681067893,0.19989585931119827,0.2524661719799042,0.015103639103472233,0.05982440730584077,0.019380681071431677,0.0009481001936185902,0.09481001936185902,0.30137363988204297,0,0,False,NOT_AVAILABLE_BOOLEAN_COSTMAP_VETO,1790648290167821198,1790648290167821198,46.96867,1.6399560263380408,138
139,1.390000000000001,1790648290255872524,20.88266944885254,2.300647735595703,0.01403616089373827,0.2500881850719452,20.885169982910156,2.30068302154541,0.014159712009131908,0.25017857551574707,0.26869731695624577,0.26869731695624577,0.014054737222108926,1,0,2185,8,1.399208076747525,1,8,0.19987487883975155,0.1998868681067893,0.19989585931119827,0.2519892156124115,0.015793539583683014,0.06267545833380148,0.020304057891756558,0.000923376820324881,0.0923376820324881,0.3012868489396123,0,0,False,NOT_AVAILABLE_BOOLEAN_COSTMAP_VETO,1790648290255872524,1790648290255872524,45.788632,1.707670046016574,139
140,1.400000000000001,1790648290344751621,20.885169982910156,2.30068302154541,0.01415971200913191,0.25017857551574707,20.887672424316406,2.3007185459136963,0.014283288270235062,0.2502405643463135,0.2687326025235649,0.2687326025235649,0.014178239833487094,1,0,2185,8,1.399208076747525,1,8,0.19987487883975155,0.1998868681067893,0.19989585931119827,0.25148215889930725,0.016304228454828262,0.0648325452834864,0.02100265595543656,0.0006985980636800004,0.06985980636800004,0.3011998114463174,0,0,False,NOT_AVAILABLE_BOOLEAN_COSTMAP_VETO,1790648290344751621,1790648290344751621,43.936957,1.4877279754728079,140
141,1.410000000000001,1790648290432740866,20.887672424316406,2.3007185459136963,0.014283288270235062,0.2502405643463135,20.890174865722656,2.3007543087005615,0.014406898058950901,0.2502793073654175,0.2687681265094627,0.2687681265094627,0.01430179947784449,1,0,2185,8,1.399208076747525,1,8,0.19987487883975155,0.1998868681067893,0.19989585931119827,0.2510553300380707,0.01697404682636261,0.06761078055498213,0.021902389928283323,0.0008997339728467647,0.08997339728467647,0.30111252391059756,0,0,False,NOT_AVAILABLE_BOOLEAN_COSTMAP_VETO,1790648290432740866,1790648290432740866,43.989214,1.4568779151886702,141
142,1.420000000000001,1790648290520138667,20.890174865722656,2.3007543087005615,0.014406898058950901,0.2502793073654175,20.892677307128906,2.300790548324585,0.014530517160892487,0.2502997815608978,0.2688041273325163,0.2688041273325163,0.014425391537308041,1,0,2185,8,1.399208076747525,1,8,0.19987487883975155,0.1998868681067893,0.19989585931119827,0.25071004033088684,0.017744192853569984,0.07077575684703818,0.0229273270295454,0.0010249371012620787,0.10249371012620787,0.3010247580092626,0,0,False,NOT_AVAILABLE_BOOLEAN_COSTMAP_VETO,1790648290520138667,1790648290520138667,44.292039,1.4846869744360447,142
143,1.430000000000001,1790648290608495123,20.892677307128906,2.300790548324585,0.014530517160892487,0.2502997815608978,20.895179748535156,2.3008270263671875,0.014654146507382393,0.2503093481063843,0.2688403665741477,0.2688403665741477,0.014549016539570303,1,0,2185,8,1.399208076747525,1,8,0.19987487883975155,0.1998868681067893,0.19989585931119827,0.25050079822540283,0.018516452983021736,0.07391774043913611,0.0239447705915016,0.0010174435619561967,0.10174435619561967,0.30093675177404683,0,0,False,NOT_AVAILABLE_BOOLEAN_COSTMAP_VETO,1790648290608495123,1790648290608495123,43.910396,1.501712016761303,143
144,1.440000000000001,1790648290698604180,20.895179748535156,2.3008270263671875,0.014654146507382393,0.2503093481063843,20.897682189941406,2.3008639812469482,0.014777777716517448,0.2503141164779663,0.2688770826529352,0.2688770826529352,0.014672665699183352,1,0,2185,8,1.399208076747525,1,8,0.19987487883975155,0.1998868681067893,0.19989585931119827,0.2504098415374756,0.019192732870578766,0.0766452818017795,0.024827968493751008,0.0008831979022494094,0.08831979022494094,0.30084827028104727,0,0,False,NOT_AVAILABLE_BOOLEAN_COSTMAP_VETO,1790648290698604180,1790648290698604180,43.852186,1.8383619608357549,144
145,1.450000000000001,1790648290788554895,20.897682189941406,2.3008639812469482,0.014777777716517448,0.2503141164779663,20.900184631347656,2.300901174545288,0.014901412650942802,0.2503199875354767,0.2689140371503006,0.2689140371503006,0.014796340475117908,1,0,2185,8,1.399208076747525,1,8,0.19987487883975155,0.1998868681067893,0.19989585931119827,0.2504373788833618,0.019677788019180298,0.07857368619220771,0.025452376685933188,0.0006244081921821798,0.06244081921821798,0.30075955117348413,0,0,False,NOT_AVAILABLE_BOOLEAN_COSTMAP_VETO,1790648290788554895,1790648290788554895,44.702773,1.6778139397501945,145
146,1.460000000000001,1790648290880088156,20.900184631347656,2.300901174545288,0.014901412650942802,0.2503199875354767,20.902687072753906,2.300938606262207,0.01502505037933588,0.25033038854599,0.2689512300662445,0.2689512300662445,0.014920039532620777,1,0,2185,8,1.399208076747525,1,8,0.19987487883975155,0.1998868681067893,0.19989585931119827,0.25053882598876953,0.019937755540013313,0.07957950414003707,0.025778047919007285,0.0003256712330740978,0.03256712330740978,0.3006705948404657,0,0,False,NOT_AVAILABLE_BOOLEAN_COSTMAP_VETO,1790648290880088156,1790648290880088156,44.60325,1.4147970359772444,146
147,1.470000000000001,1790648290970378434,20.902687072753906,2.300938606262207,0.015025050379335879,0.25033038854599,20.905189514160156,2.300976276397705,0.015148697420954704,0.25034743547439575,0.26898866140076605,0.26898866140076605,0.01504376898731552,1,0,2185,8,1.399208076747525,1,8,0.19987487883975155,0.1998868681067893,0.19989585931119827,0.25068894028663635,0.019870491698384285,0.0792635354222826,0.025675741798105424,-0.00010230612090186136,-0.010230612090186136,0.30058139856630034,0,0,False,NOT_AVAILABLE_BOOLEAN_COSTMAP_VETO,1790648290970378434,1790648290970378434,43.366346,1.816474017687142,147
148,1.480000000000001,1790648291060794764,20.905189514160156,2.300976276397705,0.015148697420954703,0.25034743547439575,20.907691955566406,2.3010144233703613,0.01527235098183155,0.2503708302974701,0.2690265695724436,0.2690265695724436,0.015167525641654134,1,0,2185,8,1.399208076747525,1,8,0.19987487883975155,0.1998868681067893,0.19989585931119827,0.2508392333984375,0.019629864022135735,0.07825675336423672,0.025349756690129212,-0.00032598510797621216,-0.032598510797621216,0.30049172509795125,0,0,False,NOT_AVAILABLE_BOOLEAN_COSTMAP_VETO,1790648291060794764,1790648291060794764,43.754615,1.4510860200971365,148
149,1.490000000000001,1790648291148642884,20.907691955566406,2.3010144233703613,0.01527235098183155,0.2503708302974701,20.91019630432129,2.3010528087615967,0.01539602130651474,0.2503986954689026,0.26906471598068654,0.26906471598068654,0.015291319438430762,1,0,2185,8,1.399208076747525,1,8,0.19987487883975155,0.1998868681067893,0.19989585931119827,0.2509571611881256,0.019352322444319725,0.07711404748403493,0.02497975439760395,-0.0003700022925252622,-0.03700022925252622,0.3004018085865427,0,0,False,NOT_AVAILABLE_BOOLEAN_COSTMAP_VETO,1790648291148642884,1790648291148642884,44.938749,1.508431974798441,149
150,1.500000000000001,1790648291237150609,20.91019630432129,2.3010528087615967,0.015396021306514742,0.2503986954689026,20.912700653076172,2.3010916709899902,0.015519700944423676,0.2504274249076843,0.2691033392260853,0.2691033392260853,0.015415142451134844,1,0,2185,8,1.399208076747525,1,8,0.19987487883975155,0.1998868681067893,0.19989585931119827,0.2510029971599579,0.01916554942727089,0.07635585887070968,0.02473425303870719,-0.0002455013588967582,-0.02455013588967582,0.3003114137195501,0,0,False,NOT_AVAILABLE_BOOLEAN_COSTMAP_VETO,1790648291237150609,1790648291237150609,44.771543,1.8280899384990335,150
151,1.5100000000000011,1790648291329438615,20.912700653076172,2.3010916709899902,0.015519700944423677,0.2504274249076843,20.915205001831055,2.301130533218384,0.015643399208784103,0.25045400857925415,0.2691419624714842,0.2691419624714842,0.015539003589234657,1,0,2185,8,1.399208076747525,1,8,0.19987487883975155,0.1998868681067893,0.19989585931119827,0.25098639726638794,0.01911219023168087,0.07614831098354656,0.02466704854292676,-6.720449578043186e-05,-0.006720449578043186,0.30022101345525004,0,0,False,NOT_AVAILABLE_BOOLEAN_COSTMAP_VETO,1790648291329438615,1790648291329438615,44.295208,1.9288300536572933,151
152,1.5200000000000011,1790648291421528791,20.915205001831055,2.301130533218384,0.015643399208784103,0.25045400857925415,20.917709350585938,2.3011698722839355,0.015767104923725128,0.2504773736000061,0.2691810625540392,0.2691810625540392,0.015662891272463675,1,0,2185,8,1.399208076747525,1,8,0.19987487883975155,0.1998868681067893,0.19989585931119827,0.2509456276893616,0.019185684621334076,0.07645355210206527,0.02476588626031333,9.883771738657121e-05,0.009883771738657121,0.3001301356143708,0,0,False,NOT_AVAILABLE_BOOLEAN_COSTMAP_VETO,1790648291421528791,1790648291421528791,45.17482,1.5781300608068705,152
153,1.5300000000000011,1790648291515364590,20.917709350585938,2.3011698722839355,0.015767104923725125,0.2504773736000061,20.92021369934082,2.3012094497680664,0.015890825539827347,0.2504960894584656,0.26922040105517214,0.26922040105517214,0.015786812546221718,1,0,2185,8,1.399208076747525,1,8,0.19987487883975155,0.1998868681067893,0.19989585931119827,0.2508711516857147,0.01938764564692974,0.07728128769153224,0.02503390634723237,0.0002680200869190387,0.02680200869190387,0.30003901551283024,0,0,False,NOT_AVAILABLE_BOOLEAN_COSTMAP_VETO,1790648291515364590,1790648291515364590,44.718614,1.7898810328915715,153
154,1.5400000000000011,1790648291602488687,20.92021369934082,2.3012094497680664,0.015890825539827347,0.2504960894584656,20.922718048095703,2.3012495040893555,0.016014549881219864,0.2505101263523102,0.2692602163934611,0.2692602163934611,0.015910755830456313,1,0,2185,8,1.399208076747525,1,8,0.19987487883975155,0.1998868681067893,0.19989585931119827,0.2507913112640381,0.019738610833883286,0.07870532170511316,0.025494998922195772,0.00046109257496340303,0.0461092574963403,0.299947419389295,0,0,False,NOT_AVAILABLE_BOOLEAN_COSTMAP_VETO,1790648291602488687,1790648291602488687,43.790168,1.8582359189167619,154
155,1.5500000000000012,1790648291695484556,20.922718048095703,2.3012495040893555,0.016014549881219864,0.2505101263523102,20.925222396850586,2.3012897968292236,0.016138281673192978,0.2505168616771698,0.2693002701503281,0.2693002701503281,0.016034724445954662,1,0,2185,8,1.399208076747525,1,8,0.19987487883975155,0.1998868681067893,0.19989585931119827,0.2506517469882965,0.020142382010817528,0.08036003041206818,0.026030768768514966,0.0005357698463191937,0.05357698463191937,0.2998555841115517,0,0,False,NOT_AVAILABLE_BOOLEAN_COSTMAP_VETO,1790648291695484556,1790648291695484556,35.116259,1.527760992757976,155
156,1.5600000000000012,1790648291772514282,20.925222396850586,2.3012897968292236,0.016138281673192978,0.2505168616771698,20.92772674560547,2.301330327987671,0.016262013465166092,0.25051143765449524,0.2693405623257731,0.2693405623257731,0.016158710537633514,1,0,2185,8,1.399208076747525,1,8,0.19987487883975155,0.1998868681067893,0.19989585931119827,0.25048837065696716,0.02055608108639717,0.08206401372041268,0.02658247736662302,0.0005517085981080541,0.05517085981080541,0.29976351278426633,0,0,False,NOT_AVAILABLE_BOOLEAN_COSTMAP_VETO,1790648291772514282,1790648291772514282,44.006558,1.4091969933360815,156
157,1.5700000000000012,1790648291862027159,20.92772674560547,2.301330327987671,0.016262013465166092,0.25051143765449524,20.93023109436035,2.3013710975646973,0.01638573221862316,0.2504746615886688,0.2693810929197961,0.2693810929197961,0.016282700662473726,1,0,2185,8,1.399208076747525,1,8,0.19987487883975155,0.1998868681067893,0.19989585931119827,0.2503180205821991,0.02096708118915558,0.083761772885506,0.027132154640796408,0.0005496772741733873,0.05496772741733873,0.2996712108390149,0,0,False,NOT_AVAILABLE_BOOLEAN_COSTMAP_VETO,1790648291862027159,1790648291862027159,41.683605,1.6241800040006638,157
158,1.5800000000000012,1790648291949524452,20.93023109436035,2.3013710975646973,0.016385732218623158,0.2504746615886688,20.932735443115234,2.301412343978882,0.016509434208273888,0.2504129111766815,0.26942210035097514,0.26942210035097514,0.016406690690681902,1,0,2185,8,1.399208076747525,1,8,0.19987487883975155,0.1998868681067893,0.19989585931119827,0.25015002489089966,0.02139223739504814,0.08551763048745706,0.02770062497874037,0.0005684703379439625,0.05684703379439625,0.29957844140883977,0,0,False,NOT_AVAILABLE_BOOLEAN_COSTMAP_VETO,1790648291949524452,1790648291949524452,41.889819,1.5704180113971233,158
159,1.5900000000000012,1790648292037272376,20.932735443115234,2.301412343978882,0.016509434208273888,0.2504129111766815,20.935237884521484,2.3014538288116455,0.016633089631795883,0.25033000111579895,0.26946334638274494,0.26946334638274494,0.016530650177787543,1,0,2185,8,1.399208076747525,1,8,0.19987487883975155,0.1998868681067893,0.19989585931119827,0.24997706711292267,0.021780576556921005,0.08713029882489988,0.02822272109177068,0.0005220961130303105,0.05220961130303105,0.2994854553242285,0,0,False,NOT_AVAILABLE_BOOLEAN_COSTMAP_VETO,1790648292037272376,1790648292037272376,41.686965,1.5724659897387028,159
160,1.6000000000000012,1790648292124791878,20.935237884521484,2.3014538288116455,0.016633089631795883,0.25033000111579895,20.937740325927734,2.3014955520629883,0.016756713390350342,0.25022783875465393,0.2695048308330927,0.2695048308330927,0.016654593834275033,1,0,2185,8,1.399208076747525,1,8,0.19987487883975155,0.1998868681067893,0.19989585931119827,0.2497929334640503,0.022133048623800278,0.08860558350016584,0.028700326220405796,0.00047760512863511545,0.047760512863511545,0.29939224637753775,0,0,False,NOT_AVAILABLE_BOOLEAN_COSTMAP_VETO,1790648292124791878,1790648292124791878,43.98355,1.5190569683909416,160
161,1.6100000000000012,1790648292214656830,20.937740325927734,2.3014955520629883,0.016756713390350342,0.25022783875465393,20.94024085998535,2.30153751373291,0.01688026264309883,0.2501056492328644,0.2695465538840316,0.2695465538840316,0.016778478153948395,1,0,2185,8,1.399208076747525,1,8,0.19987487883975155,0.1998868681067893,0.19989585931119827,0.24958541989326477,0.022461898624897003,0.08999683809456031,0.0291507156566278,0.0004503894362220054,0.04503894362220054,0.29929883240846306,0,0,False,NOT_AVAILABLE_BOOLEAN_COSTMAP_VETO,1790648292214656830,1790648292214656830,44.072865,1.536466064862907,161
162,1.6200000000000012,1790648292304466485,20.94024085998535,2.30153751373291,0.01688026264309883,0.2501056492328644,20.94274139404297,2.3015799522399902,0.017003769055008888,0.24996469914913177,0.26958875377212616,0.26958875377212616,0.01690233463867763,1,0,2185,8,1.399208076747525,1,8,0.19987487883975155,0.1998868681067893,0.19989585931119827,0.24936456978321075,0.02274530567228794,0.09121306082921865,0.0295444325222482,0.0003937168656203971,0.03937168656203971,0.29920496180891004,0,0,False,NOT_AVAILABLE_BOOLEAN_COSTMAP_VETO,1790648292304466485,1790648292304466485,44.043424,1.5314400661736727,162
163,1.6300000000000012,1790648292396266091,20.94274139404297,2.3015799522399902,0.017003769055008888,0.24996469914913177,20.945240020751953,2.3016226291656494,0.017127176746726036,0.2498059868812561,0.2696311922608117,0.2696311922608117,0.017026106719759238,1,0,2185,8,1.399208076747525,1,8,0.19987487883975155,0.1998868681067893,0.19989585931119827,0.2491302341222763,0.023029258474707603,0.09243863377659954,0.02994116698004523,0.0003967344577970322,0.03967344577970322,0.29911089626415793,0,0,False,NOT_AVAILABLE_BOOLEAN_COSTMAP_VETO,1790648292396266091,1790648292396266091,45.29684,1.5478249406442046,163
164,1.6400000000000012,1790648292490104803,20.945240020751953,2.3016226291656494,0.01712717674672604,0.2498059868812561,20.947736740112305,2.3016655445098877,0.017250530421733856,0.24963489174842834,0.26967386935008825,0.26967386935008825,0.017149838670114548,1,0,2185,8,1.399208076747525,1,8,0.19987487883975155,0.1998868681067893,0.19989585931119827,0.2489064633846283,0.023303546011447906,0.09362370785622219,0.03032478244479241,0.0003836154647471786,0.03836154647471786,0.2990166171554735,0,0,False,NOT_AVAILABLE_BOOLEAN_COSTMAP_VETO,1790648292490104803,1790648292490104803,44.340874,1.5432810178026557,164
165,1.6500000000000012,1790648292582458667,20.947736740112305,2.3016655445098877,0.01725053042173386,0.24963489174842834,20.950231552124023,2.301708698272705,0.017373768612742424,0.24945597350597382,0.26971678503995555,0.26971678503995555,0.017273468583952845,1,0,2185,8,1.399208076747525,1,8,0.19987487883975155,0.1998868681067893,0.19989585931119827,0.24869419634342194,0.023533962666988373,0.09463012411632764,0.03065055831440214,0.0003257758696097318,0.03257758696097318,0.2989221500733989,0,0,False,NOT_AVAILABLE_BOOLEAN_COSTMAP_VETO,1790648292582458667,1790648292582458667,44.086625,1.5597619349136949,165
166,1.6600000000000013,1790648292674816435,20.950231552124023,2.301708698272705,0.017373768612742424,0.24945597350597382,20.95272445678711,2.3017523288726807,0.017496947199106216,0.24927499890327454,0.2697601777489917,0.2697601777489917,0.01739705191548868,1,0,2185,8,1.399208076747525,1,8,0.19987487883975155,0.1998868681067893,0.19989585931119827,0.24850447475910187,0.02372129261493683,0.09545619908024613,0.03091795303886718,0.00026739472446503723,0.026739472446503723,0.2988272333283361,0,0,False,NOT_AVAILABLE_BOOLEAN_COSTMAP_VETO,1790648292674816435,1790648292674816435,43.971229,1.7768569523468614,166
167,1.6700000000000013,1790648292767252862,20.95272445678711,2.3017523288726807,0.01749694719910622,0.24927499890327454,20.955215454101562,2.3017959594726562,0.017620006576180458,0.2490917444229126,0.26980357064004057,0.26980357064004057,0.01752052862806508,1,0,2185,8,1.399208076747525,1,8,0.19987487883975155,0.1998868681067893,0.19989585931119827,0.24831153452396393,0.023897545412182808,0.09624017449691413,0.031171716342827775,0.0002537633039605969,0.025376330396059688,0.29873236856984303,0,0,False,NOT_AVAILABLE_BOOLEAN_COSTMAP_VETO,1790648292767252862,1790648292767252862,45.522416,1.58715492580086,167
168,1.6800000000000013,1790648292860933232,20.955215454101562,2.3017959594726562,0.017620006576180455,0.2490917444229126,20.957706451416016,2.30184006690979,0.017743036150932312,0.24909448623657227,0.2698474403682455,0.2698474403682455,0.0176439880340733,2,0,2185,8,1.3992157377206045,2,9,0.19988250732649382,0.19988796253151492,0.19989585931119827,0.2491493672132492,0.023393455892801285,0.09389329844365454,0.030412049264545805,-0.0007596670782819698,-0.07596670782819698,0.29863704173384614,0,0,False,NOT_AVAILABLE_BOOLEAN_COSTMAP_VETO,1790648292860933232,1790648292860933232,21.562929,1.6973339952528477,168
169,1.6900000000000013,1790648292929871116,20.957706451416016,2.30184006690979,0.017743036150932312,0.24909448623657227,20.96019744873047,2.301884412765503,0.01786607690155506,0.24912723898887634,0.26989154851502833,0.26989154851502833,0.017767470718531353,2,0,2185,8,1.3992157377206045,2,9,0.19988250732649382,0.19988796253151492,0.19989585931119827,0.24978326261043549,0.022846302017569542,0.09146450318090715,0.029625828558238834,-0.0007862207063069719,-0.07862207063069719,0.29854147417921534,0,0,False,NOT_AVAILABLE_BOOLEAN_COSTMAP_VETO,1790648292929871116,1790648292929871116,22.627027,2.1995260613039136,169
170,1.7000000000000013,1790648292998267542,20.96019744873047,2.301884412765503,0.01786607690155506,0.24912723898887634,20.962688446044922,2.301929235458374,0.017989134415984154,0.24918897449970245,0.2699361334989672,0.2699361334989672,0.017890981864693956,2,0,2185,8,1.3992157377206045,2,9,0.19988250732649382,0.19988796253151492,0.19989585931119827,0.25042545795440674,0.02220880798995495,0.08868430618582858,0.028725811348038796,-0.0009000172102000374,-0.09000172102000374,0.29844542516269906,0,0,False,NOT_AVAILABLE_BOOLEAN_COSTMAP_VETO,1790648292998267542,1790648292998267542,24.168229,1.753944088704884,170
171,1.7100000000000013,1790648293066144399,20.962688446044922,2.301929235458374,0.017989134415984154,0.24918897449970245,20.965179443359375,2.301974058151245,0.018112238496541977,0.2492692768573761,0.2699807184829062,0.2699807184829062,0.01801455088360182,2,0,2185,8,1.3992157377206045,2,9,0.19988250732649382,0.19988796253151492,0.19989585931119827,0.2508776783943176,0.02134062349796295,0.08506385914661077,0.027553715252048014,-0.0011720960959907822,-0.11720960959907822,0.2983493591179524,0,0,False,NOT_AVAILABLE_BOOLEAN_COSTMAP_VETO,1790648293066144399,1790648293066144399,25.473326,1.511313021183014,171
172,1.7200000000000013,1790648293134663710,20.965179443359375,2.301974058151245,0.018112238496541977,0.2492692768573761,20.96767234802246,2.3020193576812744,0.01823537051677704,0.24935726821422577,0.27002578012198847,0.27002578012198847,0.018138159112795815,2,0,2185,8,1.3992157377206045,2,9,0.19988250732649382,0.19988796253151492,0.19989585931119827,0.2511198818683624,0.020275482907891273,0.08074025344803135,0.026153877180601734,-0.00139983807144628,-0.139983807144628,0.2982528069641865,0,0,False,NOT_AVAILABLE_BOOLEAN_COSTMAP_VETO,1790648293134663710,1790648293134663710,27.256616,1.9425590289756656,172
173,1.7300000000000013,1790648293203282831,20.96767234802246,2.3020193576812744,0.01823537051677704,0.24935726821422577,20.970165252685547,2.302064895629883,0.018358558416366577,0.24944017827510834,0.2700710801796483,0.2700710801796483,0.01826183374596413,2,0,2185,8,1.3992157377206045,2,9,0.19988250732649382,0.19988796253151492,0.19989585931119827,0.25110095739364624,0.019112136214971542,0.07611335461779943,0.024655729567238095,-0.0014981476133636394,-0.14981476133636393,0.29815599549352106,0,0,False,NOT_AVAILABLE_BOOLEAN_COSTMAP_VETO,1790648293203282831,1790648293203282831,29.269031,1.3330669607967138,173
174,1.7400000000000013,1790648293272402448,20.970165252685547,2.302064895629883,0.018358558416366577,0.24944017827510834,20.972660064697266,2.3021109104156494,0.018481770530343056,0.24950523674488068,0.27011685689245196,0.27011685689245196,0.01838554310005769,2,0,2185,8,1.3992157377206045,2,9,0.19988250732649382,0.19988796253151492,0.19989585931119827,0.25080838799476624,0.017965275794267654,0.07162948551243249,0.023203787980446186,-0.0014519415867919085,-0.14519415867919083,0.2980586994701177,0,0,False,NOT_AVAILABLE_BOOLEAN_COSTMAP_VETO,1790648293272402448,1790648293272402448,29.326058,2.091138972900808,174
175,1.7500000000000013,1790648293344840604,20.972660064697266,2.3021109104156494,0.018481770530343056,0.24950523674488068,20.975154876708984,2.302157163619995,0.01860501617193222,0.24954070150852203,0.2701628720238333,0.2701628720238333,0.01850929572309834,2,0,2185,8,1.3992157377206045,2,9,0.19988250732649382,0.19988796253151492,0.19989585931119827,0.2502509653568268,0.017028270289301872,0.06804477363362685,0.022042935808428497,-0.0011608521720176887,-0.11608521720176887,0.2979611534388031,0,0,False,NOT_AVAILABLE_BOOLEAN_COSTMAP_VETO,1790648293344840604,1790648293344840604,29.272904,2.1957820281386375,175
176,1.7600000000000013,1790648293417099905,20.975154876708984,2.302157163619995,0.01860501617193222,0.24954070150852203,20.977649688720703,2.302203893661499,0.018728267401456833,0.24954095482826233,0.270209363992371,0.270209363992371,0.01863306327172154,2,0,2185,8,1.3992157377206045,2,9,0.19988250732649382,0.19988796253151492,0.19989585931119827,0.24954599142074585,0.016416240483522415,0.0657844287141599,0.02131092815766858,-0.000732007650759918,-0.0732007650759918,0.29786313061094133,0,0,False,NOT_AVAILABLE_BOOLEAN_COSTMAP_VETO,1790648293417099905,1790648293417099905,31.64642,2.175718080252409,176
177,1.7700000000000014,1790648293491621039,20.977649688720703,2.302203893661499,0.018728267401456833,0.24954095482826233,20.980144500732422,2.302250623703003,0.018851475790143013,0.24941368401050568,0.27025585596090823,0.27025585596090823,0.018756796919130014,2,0,2185,8,1.3992157377206045,2,9,0.19988250732649382,0.19988796253151492,0.19989585931119827,0.248871847987175,0.016280192881822586,0.06541596815185599,0.021191600842007195,-0.00011932731566138485,-0.011932731566138485,0.2977651279777335,0,0,False,NOT_AVAILABLE_BOOLEAN_COSTMAP_VETO,1790648293491621039,1790648293491621039,32.533936,1.5620340127497911,177
178,1.7800000000000014,1790648293566248225,20.980144500732422,2.302250623703003,0.018851475790143013,0.24941368401050568,20.982637405395508,2.302297830581665,0.018974628299474716,0.24920155107975006,0.2703028249486147,0.2703028249486147,0.018880482816996835,2,0,2185,8,1.3992157377206045,2,9,0.19988250732649382,0.19988796253151492,0.19989585931119827,0.24829836189746857,0.016509348526597023,0.06648996151418161,0.021539415867233805,0.0003478150252266103,0.03478150252266103,0.29766667412587305,0,0,False,NOT_AVAILABLE_BOOLEAN_COSTMAP_VETO,1790648293566248225,1790648293566248225,31.746007,1.8936929991468787,178
179,1.7900000000000014,1790648293641821712,20.982637405395508,2.302297830581665,0.018974628299474716,0.24920155107975006,20.98512840270996,2.3023452758789062,0.01909763179719448,0.24895617365837097,0.2703500325369118,0.2703500325369118,0.019004027412988567,2,0,2185,8,1.3992157377206045,2,9,0.19988250732649382,0.19988796253151492,0.19989585931119827,0.2479114532470703,0.016956636682152748,0.06839795604462713,0.02215731102864794,0.0006178951614141358,0.06178951614141358,0.29756804622358074,0,0,False,NOT_AVAILABLE_BOOLEAN_COSTMAP_VETO,1790648293641821712,1790648293641821712,31.768823,1.6718620900064707,179
180,1.8000000000000014,1790648293718204026,20.98512840270996,2.3023452758789062,0.01909763179719448,0.24895617365837097,20.98761558532715,2.3023929595947266,0.01922055520117283,0.24871879816055298,0.2703974789078126,0.2703974789078126,0.019127498784943242,2,0,2185,8,1.3992157377206045,2,9,0.19988250732649382,0.19988796253151492,0.19989585931119827,0.24770815670490265,0.01746271550655365,0.07049713557619004,0.022837100996311956,0.000679789967664015,0.0679789967664015,0.2974692155878344,0,0,False,NOT_AVAILABLE_BOOLEAN_COSTMAP_VETO,1790648293718204026,1790648293718204026,31.746038,1.4707669615745544,180
181,1.8100000000000014,1790648293794118740,20.98761558532715,2.3023929595947266,0.01922055520117283,0.24871879816055298,20.990100860595703,2.302440881729126,0.019343335181474686,0.24852073192596436,0.27044516387930384,0.27044516387930384,0.019250833603430273,2,0,2185,8,1.3992157377206045,2,9,0.19988250732649382,0.19988796253151492,0.19989585931119827,0.24767746031284332,0.017876431345939636,0.07217625424356248,0.02338084495503897,0.0005437439587270138,0.054374395872701375,0.29737020856378854,0,0,False,NOT_AVAILABLE_BOOLEAN_COSTMAP_VETO,1790648293794118740,1790648293794118740,31.672436,2.351882983930409,181
182,1.8200000000000014,1790648293870812552,20.990100860595703,2.302440881729126,0.019343335181474686,0.24852073192596436,20.992584228515625,2.3024890422821045,0.019466057419776917,0.24837207794189453,0.27049308745138656,0.27049308745138656,0.019374117136407687,2,0,2185,8,1.3992157377206045,2,9,0.19988250732649382,0.19988796253151492,0.19989585931119827,0.24773916602134705,0.01817348413169384,0.07335733151748754,0.02376330139926818,0.0003824564442292122,0.03824564442292122,0.29727098949697756,0,0,False,NOT_AVAILABLE_BOOLEAN_COSTMAP_VETO,1790648293870812552,1790648293870812552,34.565489,1.7058460507541895,182
183,1.8300000000000014,1790648293949196145,20.992584228515625,2.3024890422821045,0.019466057419776917,0.24837207794189453,20.995067596435547,2.302537441253662,0.019588695839047432,0.2482673078775406,0.2705412494420469,0.2705412494420469,0.01949732333617371,2,0,2185,8,1.3992157377206045,2,9,0.19988250732649382,0.19988796253151492,0.19989585931119827,0.24782121181488037,0.018347611650824547,0.07403567885274487,0.02398296069779487,0.00021965929852669,0.021965929852669,0.29717156923343796,0,0,False,NOT_AVAILABLE_BOOLEAN_COSTMAP_VETO,1790648293949196145,1790648293949196145,34.80588,1.4936149818822742,183
184,1.8400000000000014,1790648294028280817,20.995067596435547,2.302537441253662,0.019588695839047435,0.2482673078775406,20.997549057006836,2.302586317062378,0.01971130631864071,0.2481948733329773,0.27058988845187637,0.27058988845187637,0.019620507246117302,2,0,2185,8,1.3992157377206045,2,9,0.19988250732649382,0.19988796253151492,0.19989585931119827,0.24788644909858704,0.018438998609781265,0.07438485918384301,0.024096029757459808,0.00011306905966493655,0.011306905966493655,0.29707168610464424,0,0,False,NOT_AVAILABLE_BOOLEAN_COSTMAP_VETO,1790648294028280817,1790648294028280817,37.850234,1.442605978809297,184
185,1.8500000000000014,1790648294115071848,20.997549057006836,2.302586317062378,0.01971130631864071,0.2481948733329773,21.000030517578125,2.302635431289673,0.01983388140797615,0.24815873801708221,0.27063876588028346,0.27063876588028346,0.019743661452178873,2,0,2185,8,1.3992157377206045,2,9,0.19988250732649382,0.19988796253151492,0.19989585931119827,0.24800486862659454,0.01839088462293148,0.07415533704953788,0.024021707622404635,-7.432213505517357e-05,-0.007432213505517357,0.29697158162764853,0,0,False,NOT_AVAILABLE_BOOLEAN_COSTMAP_VETO,1790648294115071848,1790648294115071848,22.880507,1.5030880458652973,185
186,1.8600000000000014,1790648294184328301,21.000030517578125,2.302635431289673,0.01983388140797615,0.24815873801708221,21.002511978149414,2.302684783935547,0.019956449046730995,0.2481589913368225,0.27068788172726854,0.27068788172726854,0.019866813507074532,2,0,2185,8,1.3992157377206045,2,9,0.19988250732649382,0.19988796253151492,0.19989585931119827,0.2481641322374344,0.01827717386186123,0.07364953870277392,0.023857922861759064,-0.000163784760645571,-0.0163784760645571,0.29687124417930394,0,0,False,NOT_AVAILABLE_BOOLEAN_COSTMAP_VETO,1790648294184328301,1790648294184328301,24.049345,1.4767509419471025,186
187,1.8700000000000014,1790648294252248104,21.002511978149414,2.302684783935547,0.019956449046730995,0.2481589913368225,21.004993438720703,2.302734375,0.02007902041077614,0.24816803634166718,0.27073723599283195,0.27073723599283195,0.01998997418438231,2,0,2185,8,1.3992157377206045,2,9,0.19988250732649382,0.19988796253151492,0.19989585931119827,0.24834910035133362,0.018162650987505913,0.07313354854844104,0.0236908365284689,-0.00016708633329016315,-0.016708633329016315,0.2967706691114131,0,0,False,NOT_AVAILABLE_BOOLEAN_COSTMAP_VETO,1790648294252248104,1790648294252248104,31.769303,1.6714449739083648,187
188,1.8800000000000014,1790648294327936252,21.004993438720703,2.302734375,0.02007902041077614,0.24816803634166718,21.007474899291992,2.3027844429016113,0.02020159736275673,0.24818681180477142,0.2707870670955511,0.2707870670955511,0.020113144959844842,2,0,2185,8,1.3992157377206045,2,9,0.19988250732649382,0.19988796253151492,0.19989585931119827,0.2485627681016922,0.018069976940751076,0.07269784239511796,0.023549746481015568,-0.0001410900474533329,-0.01410900474533329,0.2966696172316558,0,0,False,NOT_AVAILABLE_BOOLEAN_COSTMAP_VETO,1790648294327936252,1790648294327936252,31.815225,1.479152007959783,188
189,1.8900000000000015,1790648294403663920,21.007474899291992,2.3027844429016113,0.02020159736275673,0.24818681180477142,21.00995635986328,2.3028347492218018,0.020324189215898514,0.24821607768535614,0.2708371366168488,0.2708371366168488,0.020236334750967533,2,0,2185,8,1.3992157377206045,2,9,0.19988250732649382,0.19988796253151492,0.19989585931119827,0.2488022744655609,0.017986156046390533,0.07229096311529165,0.023417990283764917,-0.00013175619725065008,-0.013175619725065008,0.2965683230862745,0,0,False,NOT_AVAILABLE_BOOLEAN_COSTMAP_VETO,1790648294403663920,1790648294403663920,33.515119,2.241223002783954,189
190,1.9000000000000015,1790648294482820530,21.00995635986328,2.3028347492218018,0.020324189215898514,0.24821607768535614,21.01243782043457,2.3028852939605713,0.020446792244911194,0.24825645983219147,0.27088744455672426,0.27088744455672426,0.02035953943667801,2,0,2185,8,1.3992157377206045,2,9,0.19988250732649382,0.19988796253151492,0.19989585931119827,0.24906529486179352,0.01788940466940403,0.07182616381511872,0.02326747735256508,-0.00015051293119983794,-0.015051293119983794,0.29646678822619216,0,0,False,NOT_AVAILABLE_BOOLEAN_COSTMAP_VETO,1790648294482820530,1790648294482820530,33.614963,1.3385069323703647,190
191,1.9100000000000015,1790648294559824400,21.01243782043457,2.3028852939605713,0.020446792244911197,0.24825645983219147,21.01491928100586,2.30293607711792,0.02056942693889141,0.24830827116966248,0.27093799091517745,0.27093799091517745,0.020482779114800564,2,0,2185,8,1.3992157377206045,2,9,0.19988250732649382,0.19988796253151492,0.19989585931119827,0.24934612214565277,0.01775328814983368,0.07119937537854827,0.023064506865586847,-0.00020297048697823228,-0.020297048697823228,0.29636500413207195,0,0,False,NOT_AVAILABLE_BOOLEAN_COSTMAP_VETO,1790648294559824400,1790648294559824400,34.708181,1.5226730611175299,191
192,1.9200000000000015,1790648294640734730,21.01491928100586,2.30293607711792,0.02056942693889141,0.24830827116966248,21.01740264892578,2.3029873371124268,0.02069208025932312,0.24837160110473633,0.27098901392877395,0.27098901392877395,0.020606040824643124,2,0,2185,8,1.3992157377206045,2,9,0.19988250732649382,0.19988796253151492,0.19989585931119827,0.24963998794555664,0.017577435821294785,0.07041113872000428,0.022809252526144186,-0.0002552543394426614,-0.025525433944266138,0.296262737809968,0,0,False,NOT_AVAILABLE_BOOLEAN_COSTMAP_VETO,1790648294640734730,1790648294640734730,34.654259,1.9326700130477548,192
193,1.9300000000000015,1790648294721780393,21.01740264892578,2.3029873371124268,0.02069208025932312,0.24837160110473633,21.019886016845703,2.3030388355255127,0.02081477828323841,0.24844542145729065,0.2710402753609486,0.2710402753609486,0.020729349782018236,2,0,2185,8,1.3992157377206045,2,9,0.19988250732649382,0.19988796253151492,0.19989585931119827,0.2499241679906845,0.017379818484187126,0.06954036747992666,0.022527267593844522,-0.00028198493229966357,-0.028198493229966357,0.29616021683671717,0,0,False,NOT_AVAILABLE_BOOLEAN_COSTMAP_VETO,1790648294721780393,1790648294721780393,34.768727,2.3280431050807238,193
194,1.9400000000000015,1790648294804378585,21.019886016845703,2.3030388355255127,0.02081477828323841,0.24844542145729065,21.022371292114258,2.303090810775757,0.02093750238418579,0.24852919578552246,0.2710920134482665,0.2710920134482665,0.02085268743610147,2,0,2185,8,1.3992157377206045,2,9,0.19988250732649382,0.19988796253151492,0.19989585931119827,0.2502073645591736,0.017160532996058464,0.068585243389189,0.02221796226039652,-0.00030930533344800115,-0.030930533344800115,0.296057210542145,0,0,False,NOT_AVAILABLE_BOOLEAN_COSTMAP_VETO,1790648294804378585,1790648294804378585,35.183268,1.878587994724512,194
195,1.9500000000000015,1790648294886107725,21.022371292114258,2.303090810775757,0.02093750238418579,0.24852919578552246,21.024856567382812,2.30314302444458,0.021060284227132797,0.24862203001976013,0.2711439899541629,0.2711439899541629,0.02097608458514788,2,0,2185,8,1.3992157377206045,2,9,0.19988250732649382,0.19988796253151492,0.19989585931119827,0.25048142671585083,0.016922246664762497,0.0675588880446585,0.02188558481299008,-0.00033237744740644004,-0.033237744740644004,0.29595394418111426,0,0,False,NOT_AVAILABLE_BOOLEAN_COSTMAP_VETO,1790648294886107725,1790648294886107725,35.159876,1.5231838915497065,195
196,1.9600000000000015,1790648294967126507,21.024856567382812,2.30314302444458,0.021060284227132797,0.24862203001976013,21.027341842651367,2.3031954765319824,0.02118309773504734,0.24872229993343353,0.2711962048786363,0.2711962048786363,0.021099514770654082,2,0,2185,8,1.3992157377206045,2,9,0.19988250732649382,0.19988796253151492,0.19989585931119827,0.25073060393333435,0.01666950061917305,0.06648370943821931,0.021537391134191966,-0.00034819367879811505,-0.034819367879811505,0.29585042859980576,0,0,False,NOT_AVAILABLE_BOOLEAN_COSTMAP_VETO,1790648294967126507,1790648294967126507,34.94422,1.4760150806978345,196
197,1.9700000000000015,1790648295047959171,21.027341842651367,2.3031954765319824,0.02118309773504734,0.24872229993343353,21.029829025268555,2.303248167037964,0.021305980160832405,0.24882863461971283,0.2712486580396755,0.2712486580396755,0.021223015309057125,2,0,2185,8,1.3992157377206045,2,9,0.19988250732649382,0.19988796253151492,0.19989585931119827,0.2509586215019226,0.0164046473801136,0.06536793708036814,0.021176045757346513,-0.0003613453768454532,-0.03613453768454532,0.2957466483128554,0,0,False,NOT_AVAILABLE_BOOLEAN_COSTMAP_VETO,1790648295047959171,1790648295047959171,34.659636,2.304170047864318,197
198,1.9800000000000015,1790648295129351628,21.029829025268555,2.303248167037964,0.021305980160832405,0.24882863461971283,21.032318115234375,2.3033013343811035,0.021428897976875305,0.24893958866596222,0.27130158785585834,0.27130158785585834,0.021346552282890396,2,0,2185,8,1.3992157377206045,2,9,0.19988250732649382,0.19988796253151492,0.19989585931119827,0.2511621117591858,0.01611999422311783,0.06418163197550146,0.020791852128263708,-0.00038419362908280463,-0.03841936290828046,0.29564237884496175,0,0,False,NOT_AVAILABLE_BOOLEAN_COSTMAP_VETO,1790648295129351628,1790648295129351628,34.984223,1.489198999479413,198
199,1.9900000000000015,1790648295210257222,21.032318115234375,2.3033013343811035,0.021428897976875305,0.24893958866596222,21.034807205200195,2.3033547401428223,0.021551890298724174,0.24905356764793396,0.2713547560906183,0.2713547560906183,0.02147016394305279,2,0,2185,8,1.3992157377206045,2,9,0.19988250732649382,0.19988796253151492,0.19989585931119827,0.2513364851474762,0.015829142183065414,0.06297988202459893,0.020402650313412332,-0.0003892018148513761,-0.03892018148513761,0.2955378423566712,0,0,False,NOT_AVAILABLE_BOOLEAN_COSTMAP_VETO,1790648295210257222,1790648295210257222,34.885595,1.3913409784436226,199
200,2.0000000000000013,1790648295290946682,21.034807205200195,2.3033547401428223,0.021551890298724174,0.24905356764793396,21.03729820251465,2.303408622741699,0.02167491987347603,0.24916870892047882,0.2714084009805218,0.2714084009805218,0.021593813112157356,2,0,2185,8,1.3992157377206045,2,9,0.19988250732649382,0.19988796253151492,0.19989585931119827,0.25147512555122375,0.01554867159575224,0.061829859162691146,0.020030195175763762,-0.00037245513764857033,-0.03724551376485703,0.29543281592029985,0,0,False,NOT_AVAILABLE_BOOLEAN_COSTMAP_VETO,1790648295290946682,1790648295290946682,34.791096,1.3748600613325834,200
201,2.010000000000001,1790648295371476104,21.03729820251465,2.303408622741699,0.02167491987347603,0.24916870892047882,21.0397891998291,2.3034627437591553,0.021798025816679,0.24928341805934906,0.2714622842890035,0.2714622842890035,0.021717538020769034,2,0,2185,8,1.3992157377206045,2,9,0.19988250732649382,0.19988796253151492,0.19989585931119827,0.2515811026096344,0.015278679318726063,0.06073063183300064,0.019674185868221433,-0.0003560093075423293,-0.03560093075423293,0.2953275216980195,0,0,False,NOT_AVAILABLE_BOOLEAN_COSTMAP_VETO,1790648295371476104,1790648295371476104,34.80636,1.4713120181113482,201
202,2.020000000000001,1790648295451953396,21.0397891998291,2.3034627437591553,0.021798025816679,0.24928341805934906,21.042282104492188,2.3035173416137695,0.021921169012784958,0.24939654767513275,0.2715166442526286,0.2715166442526286,0.021841299640293244,2,0,2185,8,1.3992157377206045,2,9,0.19988250732649382,0.19988796253151492,0.19989585931119827,0.25166258215904236,0.015016256831586361,0.059668214093490414,0.019330093427075815,-0.00034409244114561727,-0.03440924411456173,0.2952217375350396,0,0,False,NOT_AVAILABLE_BOOLEAN_COSTMAP_VETO,1790648295451953396,1790648295451953396,38.142948,1.4875039923936129,202
203,2.0300000000000007,1790648295535953905,21.042282104492188,2.3035173416137695,0.021921169012784958,0.24939654767513275,21.044776916503906,2.303572177886963,0.022044384852051735,0.24950723350048065,0.27157124245281805,0.27157124245281805,0.021965132963797096,2,0,2185,8,1.3992157377206045,2,9,0.19988250732649382,0.19988796253151492,0.19989585931119827,0.2517244815826416,0.014764358289539814,0.05865285011896091,0.01900123632856412,-0.0003288570985116937,-0.03288570985116937,0.29511568714341657,0,0,False,NOT_AVAILABLE_BOOLEAN_COSTMAP_VETO,1790648295535953905,1790648295535953905,34.740982,1.4782550279051065,203
204,2.0400000000000005,1790648295616458270,21.044776916503906,2.303572177886963,0.022044384852051735,0.24950723350048065,21.047271728515625,2.3036274909973145,0.022167637944221497,0.24961477518081665,0.2716263174901641,0.2716263174901641,0.022089001710623002,2,0,2185,8,1.3992157377206045,2,9,0.19988250732649382,0.19988796253151492,0.19989585931119827,0.25176897644996643,0.014532424509525299,0.05772126778460848,0.01869951089401501,-0.0003017254345491112,-0.03017254345491112,0.2950091468183446,0,0,False,NOT_AVAILABLE_BOOLEAN_COSTMAP_VETO,1790648295616458270,1790648295616458270,34.53928,1.3995959889143705,204
205,2.0500000000000003,1790648295696553951,21.047271728515625,2.3036274909973145,0.022167637944221497,0.24961477518081665,21.049768447875977,2.303683042526245,0.02229095995426178,0.24971862137317657,0.27168163076407525,0.27168163076407525,0.022212937626155504,2,0,2185,8,1.3992157377206045,2,9,0.19988250732649382,0.19988796253151492,0.19989585931119827,0.2517988681793213,0.014318890869617462,0.05686638297126939,0.018422623629500402,-0.0002768872645146081,-0.02768872645146081,0.29490234182147795,0,0,False,NOT_AVAILABLE_BOOLEAN_COSTMAP_VETO,1790648295696553951,1790648295696553951,34.489198,1.5132010448724031,205
206,2.06,1790648295776512315,21.049768447875977,2.303683042526245,0.02229095995426178,0.24971862137317657,21.052265167236328,2.303738832473755,0.02241431549191475,0.24981851875782013,0.2717371824565645,0.2717371824565645,0.022336904444826722,2,0,2185,8,1.3992157377206045,2,9,0.19988250732649382,0.19988796253151492,0.19989585931119827,0.2518194317817688,0.014112214557826519,0.056041007073895775,0.018155291279208053,-0.0002673323502923493,-0.026733235029234928,0.29479528686500805,0,0,False,NOT_AVAILABLE_BOOLEAN_COSTMAP_VETO,1790648295776512315,1790648295776512315,35.408907,1.4564309967681766,206
207,2.07,1790648295857899140,21.052265167236328,2.303738832473755,0.02241431549191475,0.24981851875782013,21.054763793945312,2.3037948608398438,0.02253773622214794,0.24991440773010254,0.27179303649302156,0.27179303649302156,0.022460931316421018,2,0,2185,8,1.3992157377206045,2,9,0.19988250732649382,0.19988796253151492,0.19989585931119827,0.25183504819869995,0.013913292437791824,0.05524764141174711,0.01789832432965225,-0.0002569669495558029,-0.025696694955580288,0.294687968793027,0,0,False,NOT_AVAILABLE_BOOLEAN_COSTMAP_VETO,1790648295857899140,1790648295857899140,34.74879,1.5142889460548759,207
208,2.0799999999999996,1790648295938724092,21.054763793945312,2.3037948608398438,0.02253773622214794,0.24991440773010254,21.057262420654297,2.303851366043091,0.02266118675470352,0.25000643730163574,0.2718494016212549,0.2718494016212549,0.02258498745603621,2,0,2185,8,1.3992157377206045,2,9,0.19988250732649382,0.19988796253151492,0.19989585931119827,0.2518496811389923,0.013722634874284267,0.05448740221636786,0.017652084649357025,-0.0002462396802952252,-0.02462396802952252,0.2945801638975631,0,0,False,NOT_AVAILABLE_BOOLEAN_COSTMAP_VETO,1790648295938724092,1790648295938724092,35.778488,1.4140289276838303,208
209,2.0899999999999994,1790648296020462160,21.057262420654297,2.303851366043091,0.02266118675470352,0.25000643730163574,21.059762954711914,2.303908109664917,0.022784698754549026,0.2500993609428406,0.27190600506113966,0.27190600506113966,0.02270910240509716,2,0,2185,8,1.3992157377206045,2,9,0.19988250732649382,0.19988796253151492,0.19989585931119827,0.2519608438014984,0.01371082291007042,0.05441648274869319,0.017629113891601857,-2.297075775516827e-05,-0.002297075775516827,0.2944720974423071,0,0,False,NOT_AVAILABLE_BOOLEAN_COSTMAP_VETO,1790648296020462160,1790648296020462160,34.700821,1.4874390326440334,209
210,2.099999999999999,1790648296100890011,21.059762954711914,2.303908109664917,0.022784698754549026,0.2500993609428406,21.06226348876953,2.3039653301239014,0.02290824055671692,0.25019246339797974,0.27196308533818203,0.27196308533818203,0.02283324406663878,2,0,2185,8,1.3992157377206045,2,9,0.19988250732649382,0.19988796253151492,0.19989585931119827,0.2520575523376465,0.013739358633756638,0.054508815571421274,0.017659020413938555,2.9906522336697883e-05,0.0029906522336697883,0.29436354416984106,0,0,False,NOT_AVAILABLE_BOOLEAN_COSTMAP_VETO,1790648296100890011,1790648296100890011,23.519247,1.481135026551783,210
211,2.109999999999999,1790648296170145121,21.06226348876953,2.3039653301239014,0.02290824055671692,0.25019246339797974,21.06476593017578,2.304022789001465,0.023031843826174736,0.250285804271698,0.27202040392687554,0.27202040392687554,0.022957444591742426,2,0,2185,8,1.3992157377206045,2,9,0.19988250732649382,0.19988796253151492,0.19989585931119827,0.25215521454811096,0.01380557008087635,0.054750285872998516,0.01773723228868228,7.821187474372701e-05,0.007821187474372701,0.2942547293450916,0,0,False,NOT_AVAILABLE_BOOLEAN_COSTMAP_VETO,1790648296170145121,1790648296170145121,34.408747,1.334122964181006,211
212,2.1199999999999988,1790648296247926263,21.06476593017578,2.304022789001465,0.023031843826174736,0.250285804271698,21.06726837158203,2.3040807247161865,0.02315547876060009,0.2503795027732849,0.2720781993527267,0.2720781993527267,0.023081673751164544,2,0,2185,8,1.3992157377206045,2,9,0.19988250732649382,0.19988796253151492,0.19989585931119827,0.2522561550140381,0.013848661445081234,0.054899201346784006,0.017785465683006055,4.823339432377324e-05,0.004823339432377324,0.29414542693555895,0,0,False,NOT_AVAILABLE_BOOLEAN_COSTMAP_VETO,1790648296247926263,1790648296247926263,32.303497,1.3444270007312298,212
213,2.1299999999999986,1790648296323720110,21.06726837158203,2.3040807247161865,0.023155478760600093,0.2503795027732849,21.069772720336914,2.3041388988494873,0.02327917516231537,0.25047412514686584,0.272136233090229,0.272136233090229,0.02320596182800916,2,0,2185,8,1.3992157377206045,2,9,0.19988250732649382,0.19988796253151492,0.19989585931119827,0.25236934423446655,0.013859831728041172,0.05491884036107231,0.01779182671035311,6.361027347055043e-06,0.0006361027347055043,0.29403586298133727,0,0,False,NOT_AVAILABLE_BOOLEAN_COSTMAP_VETO,1790648296323720110,1790648296323720110,31.759031,1.7173669766634703,213
214,2.1399999999999983,1790648296401720139,21.069772720336914,2.3041388988494873,0.02327917516231537,0.25047412514686584,21.072277069091797,2.304197311401367,0.023402903228998184,0.25056973099708557,0.27219450524631,0.27219450524631,0.023330278598463483,2,0,2185,8,1.3992157377206045,2,9,0.19988250732649382,0.19988796253151492,0.19989585931119827,0.2524847090244293,0.013846381567418575,0.0548404757694806,0.017766444607593225,-2.538210275988481e-05,-0.002538210275988481,0.293926049867349,0,0,False,NOT_AVAILABLE_BOOLEAN_COSTMAP_VETO,1790648296401720139,1790648296401720139,34.912796,2.2507599787786603,214
215,2.149999999999998,1790648296484288858,21.072277069091797,2.304197311401367,0.023402903228998184,0.25056973099708557,21.074783325195312,2.304255962371826,0.023526694625616074,0.25066623091697693,0.27225301571404253,0.27225301571404253,0.023454656204010327,2,0,2185,8,1.3992157377206045,2,9,0.19988250732649382,0.19988796253151492,0.19989585931119827,0.25259944796562195,0.013813985511660576,0.054687314730555624,0.01771683604934663,-4.960855824659438e-05,-0.004960855824659438,0.29381597444253077,0,0,False,NOT_AVAILABLE_BOOLEAN_COSTMAP_VETO,1790648296484288858,1790648296484288858,34.674101,1.4239170122891665,215
216,2.159999999999998,1790648296564261687,21.074783325195312,2.304255962371826,0.023526694625616074,0.25066623091697693,21.077289581298828,2.3043150901794434,0.0236505176872015,0.25076383352279663,0.2723120030189321,0.2723120030189321,0.023579062562286257,2,0,2185,8,1.3992157377206045,2,9,0.19988250732649382,0.19988796253151492,0.19989585931119827,0.25271910429000854,0.01376096811145544,0.054451633761981054,0.017640499278472284,-7.633677087434676e-05,-0.007633677087434676,0.2937054114458874,0,0,False,NOT_AVAILABLE_BOOLEAN_COSTMAP_VETO,1790648296564261687,1790648296564261687,34.736183,1.5451050130650401,216
217,2.1699999999999977,1790648296644801669,21.077289581298828,2.3043150901794434,0.0236505176872015,0.25076383352279663,21.079797744750977,2.3043744564056396,0.02377440594136715,0.25086259841918945,0.2723712286354732,0.2723712286354732,0.02370353167365158,2,0,2185,8,1.3992157377206045,2,9,0.19988250732649382,0.19988796253151492,0.19989585931119827,0.25284117460250854,0.01371106505393982,0.05422797562736756,0.017568056498314,-7.244278015828415e-05,-0.007244278015828415,0.29359458537250277,0,0,False,NOT_AVAILABLE_BOOLEAN_COSTMAP_VETO,1790648296644801669,1790648296644801669,34.388363,1.568978070281446,217
218,2.1799999999999975,1790648296725387349,21.079797744750977,2.3043744564056396,0.02377440594136715,0.25086259841918945,21.082305908203125,2.304434299468994,0.023898320272564888,0.2509269714355469,0.2724309310891717,0.2724309310891717,0.023828024009442395,2,0,2185,8,1.3992157377206045,2,9,0.19988250732649382,0.19988796253151492,0.19989585931119827,0.2522166073322296,0.014430060051381588,0.05721296549030868,0.018534878025962365,0.0009668215276483656,0.09668215276483656,0.29348327405481206,0,0,False,NOT_AVAILABLE_BOOLEAN_COSTMAP_VETO,1790648296725387349,1790648296725387349,57.283719,1.549778040498495,218
219,2.1899999999999973,1790648296828876353,21.082305908203125,2.304434299468994,0.023898320272564888,0.2509269714355469,21.084814071655273,2.3044943809509277,0.024022268131375313,0.25096553564071655,0.272490871961449,0.272490871961449,0.02395254705175276,2,0,2185,8,1.3992157377206045,2,9,0.19988250732649382,0.19988796253151492,0.19989585931119827,0.25173816084861755,0.015151177532970905,0.06018625655282374,0.01949787592991728,0.0009629979039549146,0.09629979039549146,0.2933717128193091,0,0,False,NOT_AVAILABLE_BOOLEAN_COSTMAP_VETO,1790648296828876353,1790648296828876353,49.220037,1.5408169711008668,219
220,2.199999999999997,1790648296923634550,21.084814071655273,2.3044943809509277,0.024022268131375313,0.25096553564071655,21.087322235107422,2.3045549392700195,0.024146225303411484,0.2509780824184418,0.27255128967088377,0.27255128967088377,0.024077076619840376,2,0,2185,8,1.3992157377206045,2,9,0.19988250732649382,0.19988796253151492,0.19989585931119827,0.2512292265892029,0.015689371153712273,0.06245042173921399,0.020231175981504187,0.0007333000515869076,0.07333000515869076,0.29325967330652086,0,0,False,NOT_AVAILABLE_BOOLEAN_COSTMAP_VETO,1790648296923634550,1790648296923634550,45.999295,1.5122079057618976,220
221,2.209999999999997,1790648297016051008,21.087322235107422,2.3045549392700195,0.024146225303411484,0.2509780824184418,21.08983039855957,2.3046157360076904,0.024270175024867058,0.2509438991546631,0.2726119457988972,0.2726119457988972,0.024201595979818524,2,0,2185,8,1.3992157377206045,2,9,0.19988250732649382,0.19988796253151492,0.19989585931119827,0.2507982850074768,0.01638287678360939,0.06532292189765565,0.02116146737291109,0.0009302913914069032,0.09302913914069032,0.29314740089812136,0,0,False,NOT_AVAILABLE_BOOLEAN_COSTMAP_VETO,1790648297016051008,1790648297016051008,44.488462,1.5767860459163785,221
222,2.2199999999999966,1790648297108726930,21.08983039855957,2.3046157360076904,0.024270175024867058,0.2509438991546631,21.09233856201172,2.3046767711639404,0.02439410425722599,0.25084999203681946,0.27267284034548944,0.27267284034548944,0.024326092127333165,2,0,2185,8,1.3992157377206045,2,9,0.19988250732649382,0.19988796253151492,0.19989585931119827,0.25045016407966614,0.01717163622379303,0.06856308634052591,0.02221078691867136,0.0010493195457602703,0.10493195457602703,0.2930349010089081,0,0,False,NOT_AVAILABLE_BOOLEAN_COSTMAP_VETO,1790648297108726930,1790648297108726930,44.057088,1.5961789758875966,222
223,2.2299999999999964,1790648297201011320,21.09233856201172,2.3046767711639404,0.02439410425722599,0.25084999203681946,21.094844818115234,2.3047380447387695,0.024517962709069252,0.2507331669330597,0.272733973417588,0.272733973417588,0.024450514373234977,2,0,2185,8,1.3992157377206045,2,9,0.19988250732649382,0.19988796253151492,0.19989585931119827,0.25023573637008667,0.017976483330130577,0.07183819382034315,0.023271372964154328,0.0010605860454829669,0.10605860454829669,0.29292219452176543,0,0,False,NOT_AVAILABLE_BOOLEAN_COSTMAP_VETO,1790648297201011320,1790648297201011320,44.255943,1.4808150008320808,223
224,2.239999999999996,1790648297292805518,21.094844818115234,2.3047380447387695,0.024517962709069252,0.2507331669330597,21.09735107421875,2.304799795150757,0.02464178390800953,0.25062018632888794,0.27279558332684356,0.27279558332684356,0.024574896709924854,2,0,2185,8,1.3992157377206045,2,9,0.19988250732649382,0.19988796253151492,0.19989585931119827,0.25013914704322815,0.01866925321519375,0.07463547163998042,0.024177180898152174,0.0009058079339978459,0.09058079339978459,0.2928090290932001,0,0,False,NOT_AVAILABLE_BOOLEAN_COSTMAP_VETO,1790648297292805518,1790648297292805518,43.874714,1.5653300797566772,224
225,2.249999999999996,1790648297384533090,21.09735107421875,2.304799795150757,0.024641783908009533,0.25062018632888794,21.099855422973633,2.304861545562744,0.024765539914369583,0.2505328059196472,0.2728571933430267,0.2728571933430267,0.024699210806018,2,0,2185,8,1.3992157377206045,2,9,0.19988250732649382,0.19988796253151492,0.19989585931119827,0.2501608431339264,0.019173696637153625,0.07664547495504231,0.024828031036838904,0.0006508501386867302,0.06508501386867302,0.29269589315970695,0,0,False,NOT_AVAILABLE_BOOLEAN_COSTMAP_VETO,1790648297384533090,1790648297384533090,43.912444,1.5972029650583863,225
226,2.259999999999996,1790648297476306520,21.099855422973633,2.304861545562744,0.024765539914369583,0.2505328059196472,21.102359771728516,2.3049237728118896,0.024889273568987846,0.25048351287841797,0.2729192801963674,0.2729192801963674,0.024823499961923456,2,0,2185,8,1.3992157377206045,2,9,0.19988250732649382,0.19988796253151492,0.19989585931119827,0.2502736747264862,0.019422318786382675,0.07760432177938222,0.02513850353911185,0.0003104725022729446,0.03104725022729446,0.2925822920941236,0,0,False,NOT_AVAILABLE_BOOLEAN_COSTMAP_VETO,1790648297476306520,1790648297476306520,43.885851,1.6136509366333485,226
227,2.2699999999999956,1790648297568017068,21.102359771728516,2.3049237728118896,0.024889273568987846,0.25048351287841797,21.1048641204834,2.3049862384796143,0.025012986734509468,0.25047165155410767,0.2729816054682868,0.2729816054682868,0.024947766072186628,2,0,2185,8,1.3992157377206045,2,9,0.19988250732649382,0.19988796253151492,0.19989585931119827,0.2504211664199829,0.019378401339054108,0.07738324046680012,0.025066918321968015,-7.158521714383317e-05,-0.007158521714383317,0.2924684635411922,0,0,False,NOT_AVAILABLE_BOOLEAN_COSTMAP_VETO,1790648297568017068,1790648297568017068,44.028031,1.796793076209724,227
228,2.2799999999999954,1790648297659920357,21.1048641204834,2.3049862384796143,0.025012986734509468,0.25047165155410767,21.10736846923828,2.305049180984497,0.02513669803738594,0.250476598739624,0.273044407577364,0.273044407577364,0.02507202779413742,2,0,2185,8,1.3992157377206045,2,9,0.19988250732649382,0.19988796253151492,0.19989585931119827,0.25057563185691833,0.01915644481778145,0.07644975162117922,0.024764655659565343,-0.00030226266240267197,-0.030226266240267197,0.2923541613491853,0,0,False,NOT_AVAILABLE_BOOLEAN_COSTMAP_VETO,1790648297659920357,1790648297659920357,43.994238,1.6056200256571174,228
229,2.289999999999995,1790648297752017093,21.10736846923828,2.305049180984497,0.02513669803738594,0.250476598739624,21.109872817993164,2.30511212348938,0.02526041492819786,0.2504867613315582,0.2731072096864408,0.2731072096864408,0.025196292612304827,2,0,2185,8,1.3992157377206045,2,9,0.19988250732649382,0.19988796253151492,0.19989585931119827,0.2506902515888214,0.018894853070378304,0.07537131161114861,0.024415452338056778,-0.0003492033215085656,-0.03492033215085656,0.2922398592629915,0,0,False,NOT_AVAILABLE_BOOLEAN_COSTMAP_VETO,1790648297752017093,1790648297752017093,43.894587,1.5217449981719255,229
230,2.299999999999995,1790648297844037730,21.109872817993164,2.30511212348938,0.02526041492819786,0.2504867613315582,21.112377166748047,2.305175542831421,0.02538413554430008,0.2504986524581909,0.2731704886326751,0.2731704886326751,0.025320558694917228,2,0,2185,8,1.3992157377206045,2,9,0.19988250732649382,0.19988796253151492,0.19989585931119827,0.250736802816391,0.018718000501394272,0.07465198682899793,0.024182528691505105,-0.00023292364655167277,-0.023292364655167277,0.2921250812197675,0,0,False,NOT_AVAILABLE_BOOLEAN_COSTMAP_VETO,1790648297844037730,1790648297844037730,44.181893,1.586803002282977,230
231,2.3099999999999947,1790648297936360554,21.112377166748047,2.305175542831421,0.02538413554430008,0.2504986524581909,21.11488151550293,2.305239200592041,0.025507863610982895,0.250509113073349,0.27323400599748815,0.27323400599748815,0.025444829799165625,2,0,2185,8,1.3992157377206045,2,9,0.19988250732649382,0.19988796253151492,0.19989585931119827,0.25071874260902405,0.018665429204702377,0.07444768193421275,0.024116372502646782,-6.615618885832258e-05,-0.006615618885832258,0.29201006409277025,0,0,False,NOT_AVAILABLE_BOOLEAN_COSTMAP_VETO,1790648297936360554,1790648297936360554,43.568369,1.6043389914557338,231
232,2.3199999999999945,1790648298027699025,21.11488151550293,2.305239200592041,0.02550786361098289,0.250509113073349,21.117385864257812,2.3053033351898193,0.02563159354031086,0.2505170404911041,0.2732980001994585,0.2732980001994585,0.025569100367006214,2,0,2185,8,1.3992157377206045,2,9,0.19988250732649382,0.19988796253151492,0.19989585931119827,0.2506755292415619,0.018742145970463753,0.07476655590264258,0.024219627334489822,0.00010325483184303944,0.010325483184303944,0.2918945717840275,0,0,False,NOT_AVAILABLE_BOOLEAN_COSTMAP_VETO,1790648298027699025,1790648298027699025,44.003551,1.635508961044252,232
233,2.3299999999999943,1790648298120440454,21.117385864257812,2.3053033351898193,0.02563159354031086,0.2505170404911041,21.119890213012695,2.3053677082061768,0.025755327194929123,0.2505207359790802,0.27336223282000766,0.27336223282000766,0.025693372297009187,2,0,2185,8,1.3992157377206045,2,9,0.19988250732649382,0.19988796253151492,0.19989585931119827,0.25059497356414795,0.018934575840830803,0.07555848216558056,0.024476059364785058,0.00025643203029523595,0.025643203029523595,0.2917788419399227,0,0,False,NOT_AVAILABLE_BOOLEAN_COSTMAP_VETO,1790648298120440454,1790648298120440454,44.122466,1.5552500262856483,233
234,2.339999999999994,1790648298212766317,21.119890213012695,2.3053677082061768,0.025755327194929123,0.2505207359790802,21.122394561767578,2.3054323196411133,0.025879062712192535,0.25051799416542053,0.2734267038591356,0.2734267038591356,0.025817643756412156,2,0,2185,8,1.3992157377206045,2,9,0.19988250732649382,0.19988796253151492,0.19989585931119827,0.25050637125968933,0.019279874861240387,0.07696361080275184,0.024931043261405578,0.00045498389662051997,0.045498389662052,0.2916628753345158,0,0,False,NOT_AVAILABLE_BOOLEAN_COSTMAP_VETO,1790648298212766317,1790648298212766317,44.04624,1.5668660635128617,234
235,2.349999999999994,1790648298304533730,21.122394561767578,2.3054323196411133,0.025879062712192535,0.25051799416542053,21.12489891052246,2.305497169494629,0.026002787053585052,0.25048795342445374,0.27349141331684224,0.27349141331684224,0.025941901738599782,2,0,2185,8,1.3992157377206045,2,9,0.19988250732649382,0.19988796253151492,0.19989585931119827,0.2503601014614105,0.019681701436638832,0.0786135703003479,0.025465290763064603,0.0005342475016590249,0.05342475016590249,0.29154667737982204,0,0,False,NOT_AVAILABLE_BOOLEAN_COSTMAP_VETO,1790648298304533730,1790648298304533730,44.066017,1.6040829941630363,235
236,2.3599999999999937,1790648298396257782,21.12489891052246,2.305497169494629,0.026002787053585052,0.25048795342445374,21.127403259277344,2.3055624961853027,0.026126496493816376,0.25043153762817383,0.27355659961170625,0.27355659961170625,0.02606614254919526,2,0,2185,8,1.3992157377206045,2,9,0.19988250732649382,0.19988796253151492,0.19989585931119827,0.25019127130508423,0.020102133974432945,0.08034706354691457,0.026026570349883912,0.0005612795868193098,0.056127958681930976,0.2914300112033505,0,0,False,NOT_AVAILABLE_BOOLEAN_COSTMAP_VETO,1790648298396257782,1790648298396257782,43.949213,1.5940670855343342,236
237,2.3699999999999934,1790648298488098670,21.127403259277344,2.3055624961853027,0.026126496493816376,0.25043153762817383,21.129905700683594,2.3056280612945557,0.026250161230564117,0.25035303831100464,0.2736220244320767,0.2736220244320767,0.026190336017958504,2,0,2185,8,1.3992157377206045,2,9,0.19988250732649382,0.19988796253151492,0.19989585931119827,0.25001874566078186,0.0205246489495039,0.08209244028986187,0.026591681066212673,0.0005651107163287608,0.05651107163287608,0.29131312759068945,0,0,False,NOT_AVAILABLE_BOOLEAN_COSTMAP_VETO,1790648298488098670,1790648298488098670,43.957789,1.5892030205577612,237
238,2.3799999999999932,1790648298579699582,21.129905700683594,2.3056280612945557,0.026250161230564117,0.25035303831100464,21.132408142089844,2.3056938648223877,0.02637379802763462,0.2502569854259491,0.27368768767102564,0.27368768767102564,0.02631449934570984,2,0,2185,8,1.3992157377206045,2,9,0.19988250732649382,0.19988796253151492,0.19989585931119827,0.24984809756278992,0.020957494154572487,0.08388094349730084,0.027170737461733284,0.0005790563955206107,0.05790563955206107,0.2911960195838221,0,0,False,NOT_AVAILABLE_BOOLEAN_COSTMAP_VETO,1790648298579699582,1790648298579699582,44.067585,1.61912408657372,238
239,2.389999999999993,1790648298671516213,21.132408142089844,2.3056938648223877,0.026373798027634624,0.2502569854259491,21.13490867614746,2.305759906768799,0.026497365906834602,0.25014498829841614,0.27375358943548095,0.27375358943548095,0.026438591182709636,2,0,2185,8,1.3992157377206045,2,9,0.19988250732649382,0.19988796253151492,0.19989585931119827,0.249668151140213,0.021352285519242287,0.0855226644717327,0.027702254738377327,0.0005315172766440432,0.05315172766440432,0.29107870418503995,0,0,False,NOT_AVAILABLE_BOOLEAN_COSTMAP_VETO,1790648298671516213,1790648298671516213,43.829881,1.7869370058178902,239
240,2.399999999999993,1790648298763039874,21.13490867614746,2.305759906768799,0.026497365906834602,0.25014498829841614,21.137409210205078,2.305826425552368,0.02662089467048645,0.2500167191028595,0.2738199680370935,0.2738199680370935,0.026562641770699003,2,0,2185,8,1.3992157377206045,2,9,0.19988250732649382,0.19988796253151492,0.19989585931119827,0.24947065114974976,0.02171892672777176,0.08706004745517956,0.02819997775856016,0.0004977230201828331,0.04977230201828331,0.2909609306071383,0,0,False,NOT_AVAILABLE_BOOLEAN_COSTMAP_VETO,1790648298763039874,1790648298763039874,43.627155,1.5537140425294638,240
241,2.4099999999999926,1790648298854860281,21.137409210205078,2.305826425552368,0.02662089467048645,0.2500167191028595,21.139907836914062,2.3058929443359375,0.026744332164525986,0.2498708814382553,0.27388634674563334,0.27388634674563334,0.026686598591093347,2,0,2185,8,1.3992157377206045,2,9,0.19988250732649382,0.19988796253151492,0.19989585931119827,0.24924995005130768,0.022055579349398613,0.08848779847241096,0.028662195255720637,0.00046221749716047686,0.046221749716047686,0.2908431973240814,0,0,False,NOT_AVAILABLE_BOOLEAN_COSTMAP_VETO,1790648298854860281,1790648298854860281,44.159684,1.609810977242887,241
242,2.4199999999999924,1790648298944748307,21.139907836914062,2.3058929443359375,0.026744332164525986,0.2498708814382553,21.142404556274414,2.305959939956665,0.026867719367146492,0.24970899522304535,0.2739532023982585,0.2739532023982585,0.02681050265467544,2,0,2185,8,1.3992157377206045,2,9,0.19988250732649382,0.19988796253151492,0.19989585931119827,0.24901975691318512,0.022347161546349525,0.08974051626811418,0.029067737735743573,0.0004055424800229364,0.04055424800229364,0.2907250104933731,0,0,False,NOT_AVAILABLE_BOOLEAN_COSTMAP_VETO,1790648298944748307,1790648298944748307,42.320457,1.5580649487674236,242
243,2.429999999999992,1790648299035443654,21.142404556274414,2.305959939956665,0.026867719367146492,0.24970899522304535,21.144899368286133,2.3060271739959717,0.026990994811058044,0.24953222274780273,0.2740202965763894,0.2740202965763894,0.02693429253624613,2,0,2185,8,1.3992157377206045,2,9,0.19988250732649382,0.19988796253151492,0.19989585931119827,0.24877960979938507,0.022635560482740402,0.09098639756286149,0.029471057549188957,0.0004033198134453832,0.04033198134453832,0.2906066340313102,0,0,False,NOT_AVAILABLE_BOOLEAN_COSTMAP_VETO,1790648299035443654,1790648299035443654,40.878587,1.61269202362746,243
244,2.439999999999992,1790648299124172378,21.144899368286133,2.3060271739959717,0.026990994811058044,0.24953222274780273,21.14739227294922,2.3060946464538574,0.02711421065032482,0.2493462711572647,0.2740876292800268,0.2740876292800268,0.02705802042025951,2,0,2185,8,1.3992157377206045,2,9,0.19988250732649382,0.19988796253151492,0.19989585931119827,0.24855458736419678,0.022909654304385185,0.09217152074049881,0.029854699694418348,0.000383642145229391,0.0383642145229391,0.29048804629683217,0,0,False,NOT_AVAILABLE_BOOLEAN_COSTMAP_VETO,1790648299124172378,1790648299124172378,43.900059,1.5844979789108038,244
245,2.4499999999999917,1790648299216221400,21.14739227294922,2.3060946464538574,0.02711421065032482,0.2493462711572647,21.149883270263672,2.3061623573303223,0.02723730355501175,0.24915575981140137,0.2741552005091701,0.2741552005091701,0.02718162301472349,2,0,2185,8,1.3992157377206045,2,9,0.19988250732649382,0.19988796253151492,0.19989585931119827,0.24834460020065308,0.023146500810980797,0.09320315719479827,0.030188648732973465,0.0003339490385551175,0.03339490385551175,0.2903692735573464,0,0,False,NOT_AVAILABLE_BOOLEAN_COSTMAP_VETO,1790648299216221400,1790648299216221400,43.977565,1.6248199390247464,245
246,2.4599999999999915,1790648299308171924,21.149883270263672,2.3061623573303223,0.02723730355501175,0.24915575981140137,21.152372360229492,2.306230306625366,0.027360333129763603,0.24896612763404846,0.2742230102638196,0.2742230102638196,0.027305159963945336,2,0,2185,8,1.3992157377206045,2,9,0.19988250732649382,0.19988796253151492,0.19989585931119827,0.2481587529182434,0.02334161289036274,0.09405919644532022,0.030465750430762915,0.00027710169778944957,0.027710169778944957,0.2902502910827233,0,0,False,NOT_AVAILABLE_BOOLEAN_COSTMAP_VETO,1790648299308171924,1790648299308171924,44.12797,1.4890399761497974,246
247,2.4699999999999913,1790648299399824613,21.152372360229492,2.306230306625366,0.027360333129763603,0.24896612763404846,21.15485954284668,2.3062984943389893,0.02748323790729046,0.24877573549747467,0.2742910585439751,0.2742910585439751,0.027428569828758853,2,0,2185,8,1.3992157377206045,2,9,0.19988250732649382,0.19988796253151492,0.19989585931119827,0.24796508252620697,0.023517366498708725,0.0948414440417159,0.030718961524402556,0.0002532110936396409,0.02532110936396409,0.29013112436508964,0,0,False,NOT_AVAILABLE_BOOLEAN_COSTMAP_VETO,1790648299399824613,1790648299399824613,44.129762,1.576593960635364,247
248,2.479999999999991,1790648299491732511,21.15485954284668,2.3062984943389893,0.02748323790729046,0.24877573549747467,21.157346725463867,2.3063671588897705,0.027606111019849777,0.24877645075321198,0.2743595836612883,0.2743595836612883,0.027551946170369934,3,0,2185,8,1.3992272994985782,3,10,0.19988250732649382,0.1998896142140826,0.19989597676492465,0.24879090487957,0.022988010197877884,0.09239891711075807,0.029928310307915696,-0.0007906512164868595,-0.07906512164868595,0.2900114963522153,0,0,False,NOT_AVAILABLE_BOOLEAN_COSTMAP_VETO,1790648299491732511,1790648299491732511,21.46491,1.939773908816278,248
249,2.489999999999991,1790648299561098696,21.157346725463867,2.3063671588897705,0.027606111019849777,0.24877645075321198,21.159833908081055,2.3064358234405518,0.02772899530827999,0.24880698323249817,0.2744281087786014,0.2744281087786014,0.02767533185519966,3,0,2185,8,1.3992272994985782,3,10,0.19988250732649382,0.1998896142140826,0.19989597676492465,0.2494186908006668,0.022415686398744583,0.0898717186221581,0.029110211338341546,-0.0008180989695741499,-0.08180989695741499,0.2898918661125462,0,0,False,NOT_AVAILABLE_BOOLEAN_COSTMAP_VETO,1790648299561098696,1790648299561098696,21.265704,1.9432619446888566,249
250,2.4999999999999907,1790648299626378319,21.159833908081055,2.3064358234405518,0.02772899530827999,0.24880698323249817,21.162321090698242,2.306504964828491,0.0278518944978714,0.24886634945869446,0.274497110733072,0.274497110733072,0.02779873064167493,3,0,2185,8,1.3992272994985782,3,10,0.19988250732649382,0.1998896142140826,0.19989597676492465,0.25005537271499634,0.021747304126620293,0.08696995345669715,0.02817081048629171,-0.0009394008520498369,-0.09394008520498369,0.2897717552654144,0,0,False,NOT_AVAILABLE_BOOLEAN_COSTMAP_VETO,1790648299626378319,1790648299626378319,22.146884,1.6090429853647947,250
251,2.5099999999999905,1790648299691907582,21.162321090698242,2.306504964828491,0.0278518944978714,0.24886634945869446,21.16480827331543,2.3065743446350098,0.027974838390946388,0.24894417822360992,0.2745663511061214,0.2745663511061214,0.027922172365229425,3,0,2185,8,1.3992272994985782,3,10,0.19988250732649382,0.1998896142140826,0.19989597676492465,0.2505031228065491,0.020856745541095734,0.08325942330548249,0.026969512448344026,-0.0012012980379476831,-0.12012980379476831,0.28965138987213174,0,0,False,NOT_AVAILABLE_BOOLEAN_COSTMAP_VETO,1790648299691907582,1790648299691907582,22.109987,1.8716119229793549,251
252,2.5199999999999902,1790648299756725590,21.16480827331543,2.3065743446350098,0.027974838390946385,0.24894417822360992,21.16729736328125,2.3066442012786865,0.028097808361053467,0.24902944266796112,0.27463606820940045,0.27463606820940045,0.02804563880544375,3,0,2185,8,1.3992272994985782,3,10,0.19988250732649382,0.1998896142140826,0.19989597676492465,0.2507372200489044,0.019770700484514236,0.07885028190333333,0.025541935448438323,-0.0014275769999057032,-0.1427576999905703,0.2895305392414766,0,0,False,NOT_AVAILABLE_BOOLEAN_COSTMAP_VETO,1790648299756725590,1790648299756725590,20.941725,1.6046589007601142,252
253,2.52999999999999,1790648299819696659,21.16729736328125,2.3066442012786865,0.028097808361053467,0.24902944266796112,21.16978645324707,2.3067142963409424,0.028220834210515022,0.2491098791360855,0.2747060237312584,0.2747060237312584,0.028169159420357026,3,0,2185,8,1.3992272994985782,3,10,0.19988250732649382,0.1998896142140826,0.19989597676492465,0.25072091817855835,0.01859118603169918,0.0741509171502751,0.02402027640118744,-0.0015216590472508819,-0.15216590472508817,0.28940942943659403,0,0,False,NOT_AVAILABLE_BOOLEAN_COSTMAP_VETO,1790648299819696659,1790648299819696659,20.628275,1.3482030481100082,253
254,2.53999999999999,1790648299881935416,21.16978645324707,2.3067142963409424,0.02822083421051502,0.2491098791360855,21.172277450561523,2.3067848682403564,0.02834388241171837,0.24917280673980713,0.2747764559833469,0.2747764559833469,0.028292701084062344,3,0,2185,8,1.3992272994985782,3,10,0.19988250732649382,0.1998896142140826,0.19989597676492465,0.2504333257675171,0.017422569915652275,0.06956969429789883,0.022536764659653076,-0.001483511741534365,-0.1483511741534365,0.28928783594477164,0,0,False,NOT_AVAILABLE_BOOLEAN_COSTMAP_VETO,1790648299881935416,1790648299881935416,20.263272,1.7382310470566154,254
255,2.5499999999999896,1790648299944637356,21.172277450561523,2.3067848682403564,0.02834388241171837,0.24917280673980713,21.174768447875977,2.3068556785583496,0.02846696227788925,0.24920663237571716,0.27484712665401334,0.27484712665401334,0.028416272766356165,3,0,2185,8,1.3992272994985782,3,10,0.19988250732649382,0.1998896142140826,0.19989597676492465,0.24988417327404022,0.016466975212097168,0.06589843204690818,0.021347848435764285,-0.0011889162238887911,-0.11889162238887911,0.2891659933252512,0,0,False,NOT_AVAILABLE_BOOLEAN_COSTMAP_VETO,1790648299944637356,1790648299944637356,19.039713,1.7715770518407226,255
256,2.5599999999999894,1790648300004025655,21.174768447875977,2.3068556785583496,0.028466962277889255,0.24920663237571716,21.17725944519043,2.306926727294922,0.028590047731995583,0.2492026686668396,0.274918035743259,0.274918035743259,0.028539848419748992,3,0,2185,8,1.3992272994985782,3,10,0.19988250732649382,0.1998896142140826,0.19989597676492465,0.24918577075004578,0.015834134072065353,0.06354349216813153,0.020585183313963615,-0.0007626651218006694,-0.07626651218006694,0.2890439123921606,0,0,False,NOT_AVAILABLE_BOOLEAN_COSTMAP_VETO,1790648300004025655,1790648300004025655,19.573618,1.352587016299367,256
257,2.569999999999989,1790648300063280861,21.17725944519043,2.306926727294922,0.028590047731995583,0.2492026686668396,21.179750442504883,2.3069980144500732,0.028713088482618332,0.24906986951828003,0.27498918325108324,0.27498918325108324,0.028663377782390143,3,0,2185,8,1.3992272994985782,3,10,0.19988250732649382,0.1998896142140826,0.19989597676492465,0.24850448966026306,0.015650318935513496,0.06297801281944425,0.020402044943001095,-0.00018313837096252047,-0.018313837096252047,0.2889216139963355,0,0,False,NOT_AVAILABLE_BOOLEAN_COSTMAP_VETO,1790648300063280861,1790648300063280861,19.283368,1.7378790071234107,257
258,2.579999999999989,1790648300123131862,21.179750442504883,2.3069980144500732,0.028713088482618332,0.24906986951828003,21.182239532470703,2.307069778442383,0.028836071491241455,0.24885299801826477,0.2750608077029922,0.2750608077029922,0.028786847477880517,3,0,2185,8,1.3992272994985782,3,10,0.19988250732649382,0.1998896142140826,0.19989597676492465,0.24792960286140442,0.01584392599761486,0.06390493839685535,0.020702241991697446,0.0003001970486963511,0.030019704869635108,0.2887988651225603,0,0,False,NOT_AVAILABLE_BOOLEAN_COSTMAP_VETO,1790648300123131862,1790648300123131862,19.313993,1.685494091361761,258
259,2.5899999999999888,1790648300182900141,21.182239532470703,2.307069778442383,0.028836071491241455,0.24885299801826477,21.18472671508789,2.3071415424346924,0.028958899900317192,0.24860233068466187,0.2751324322618292,0.2751324322618292,0.02891016068169794,3,0,2185,8,1.3992272994985782,3,10,0.19988250732649382,0.1998896142140826,0.19989597676492465,0.24753506481647491,0.01626449264585972,0.06570581286299128,0.021285468174370378,0.0005832261826729315,0.05832261826729315,0.28867618275658485,0,0,False,NOT_AVAILABLE_BOOLEAN_COSTMAP_VETO,1790648300182900141,1790648300182900141,19.287433,1.7156070098280907,259
260,2.5999999999999885,1790648300242281303,21.18472671508789,2.3071415424346924,0.028958899900317192,0.24860233068466187,21.187210083007812,2.30721378326416,0.029081648215651512,0.24835877120494843,0.2752045338716778,0.2752045338716778,0.029033391567326206,3,0,2185,8,1.3992272994985782,3,10,0.19988250732649382,0.1998896142140826,0.19989597676492465,0.24732176959514618,0.016738872975111008,0.0676805483096443,0.021924983827509556,0.0006395156531391784,0.06395156531391784,0.28855305916880497,0,0,False,NOT_AVAILABLE_BOOLEAN_COSTMAP_VETO,1790648300242281303,1790648300242281303,18.696117,1.299241092056036,260
261,2.6099999999999883,1790648300300602047,21.187210083007812,2.30721378326416,0.02908164821565151,0.24835877120494843,21.1896915435791,2.307286024093628,0.029204247519373894,0.24815398454666138,0.2752766355884542,0.2752766355884542,0.02915647161887458,3,0,2185,8,1.3992272994985782,3,10,0.19988250732649382,0.1998896142140826,0.19989597676492465,0.24728207290172577,0.01713564246892929,0.06929593507467602,0.0224481115369993,0.000523127709489743,0.052312770948974296,0.2884299997588597,0,0,False,NOT_AVAILABLE_BOOLEAN_COSTMAP_VETO,1790648300300602047,1790648300300602047,18.841179,1.7714810092002153,261
262,2.619999999999988,1790648300359667583,21.1896915435791,2.307286024093628,0.029204247519373894,0.24815398454666138,21.192171096801758,2.307358741760254,0.0293267872184515,0.2479984164237976,0.27534921424931547,0.27534921424931547,0.029279490281266085,3,0,2185,8,1.3992272994985782,3,10,0.19988250732649382,0.1998896142140826,0.19989597676492465,0.24733607470989227,0.0174197219312191,0.07042936195882951,0.022815153783463486,0.0003670422464641873,0.03670422464641873,0.28830649062416985,0,0,False,NOT_AVAILABLE_BOOLEAN_COSTMAP_VETO,1790648300359667583,1790648300359667583,18.887996,1.3950839638710022,262
263,2.629999999999988,1790648300418698078,21.192171096801758,2.307358741760254,0.0293267872184515,0.2479984164237976,21.19464874267578,2.30743145942688,0.029449239373207092,0.24788729846477509,0.27542179301710396,0.27542179301710396,0.029402419645420785,3,0,2185,8,1.3992272994985782,3,10,0.19988250732649382,0.1998896142140826,0.19989597676492465,0.24741420149803162,0.01758968085050583,0.07109406308936461,0.02303040380535233,0.00021525002188884507,0.021525002188884507,0.28818302017903735,0,0,False,NOT_AVAILABLE_BOOLEAN_COSTMAP_VETO,1790648300418698078,1790648300418698078,19.350282,1.6281800344586372,263
264,2.6399999999999877,1790648300478614137,21.19464874267578,2.30743145942688,0.029449239373207092,0.24788729846477509,21.197126388549805,2.307504653930664,0.029571661725640297,0.24781018495559692,0.2754948486220497,0.2754948486220497,0.029525317857364453,3,0,2185,8,1.3992272994985782,3,10,0.19988250732649382,0.1998896142140826,0.19989597676492465,0.24748186767101288,0.0176736768335104,0.07141402721675227,0.023134016959029013,0.00010361315367668142,0.010361315367668142,0.28805908765126914,0,0,False,NOT_AVAILABLE_BOOLEAN_COSTMAP_VETO,1790648300478614137,1790648300478614137,18.971678,1.6592210158705711,264
265,2.6499999999999875,1790648300538186729,21.197126388549805,2.307504653930664,0.029571661725640297,0.24781018495559692,21.199604034423828,2.3075780868530273,0.029694044962525368,0.24776770174503326,0.27556814264557467,0.27556814264557467,0.029648175632964957,3,0,2185,8,1.3992272994985782,3,10,0.19988250732649382,0.1998896142140826,0.19989597676492465,0.24758683145046234,0.01763775572180748,0.07123866652551138,0.02307723042249513,-5.6786536533882936e-05,-0.005678653653388294,0.28793493531804754,0,0,False,NOT_AVAILABLE_BOOLEAN_COSTMAP_VETO,1790648300538186729,1790648300538186729,18.845851,1.416750019416213,265
266,2.6599999999999873,1790648300596997377,21.199604034423828,2.3075780868530273,0.029694044962525368,0.24776770174503326,21.20207977294922,2.3076517581939697,0.029816418886184692,0.24776257574558258,0.2756416751946055,0.2756416751946055,0.02977102244104035,3,0,2185,8,1.3992272994985782,3,10,0.19988250732649382,0.1998896142140826,0.19989597676492465,0.2477407455444336,0.017509782686829567,0.07067784771677413,0.022895621120730444,-0.0001816093017646854,-0.01816093017646854,0.2878105508277004,0,0,False,NOT_AVAILABLE_BOOLEAN_COSTMAP_VETO,1790648300596997377,1790648300596997377,19.177061,1.4126849127933383,266
267,2.669999999999987,1790648300656055617,21.20207977294922,2.3076517581939697,0.029816418886184692,0.24776257574558258,21.20455551147461,2.307725667953491,0.029938794672489166,0.24777007102966309,0.2757154461622152,0.2757154461622152,0.02989386985643705,3,0,2185,8,1.3992272994985782,3,10,0.19988250732649382,0.1998896142140826,0.19989597676492465,0.24792033433914185,0.01739385351538658,0.07015904347560581,0.022727616002139392,-0.0001680051185910525,-0.01680051185910525,0.28768592954935873,0,0,False,NOT_AVAILABLE_BOOLEAN_COSTMAP_VETO,1790648300656055617,1790648300656055617,18.539312,1.6114440513774753,267
268,2.679999999999987,1790648300714747381,21.20455551147461,2.307725667953491,0.029938794672489163,0.24777007102966309,21.20703125,2.307800054550171,0.03006117418408394,0.24778708815574646,0.2757896939669825,0.2757896939669825,0.030016719767299804,3,0,2185,8,1.3992272994985782,3,10,0.19988250732649382,0.1998896142140826,0.19989597676492465,0.24812805652618408,0.01731601543724537,0.06978660809128641,0.022607008927764866,-0.00012060707437452564,-0.012060707437452564,0.28756083229350365,0,0,False,NOT_AVAILABLE_BOOLEAN_COSTMAP_VETO,1790648300714747381,1790648300714747381,19.07005,1.7766010714694858,268
269,2.6899999999999866,1790648300774953242,21.20703125,2.307800054550171,0.03006117418408394,0.24778708815574646,21.209508895874023,2.3078746795654297,0.030183568596839905,0.2478143274784088,0.2758641800834006,0.2758641800834006,0.030139583747230247,3,0,2185,8,1.3992272994985782,3,10,0.19988250732649382,0.1998896142140826,0.19989597676492465,0.24835994839668274,0.017215939238667488,0.06931850062704166,0.022455419091122707,-0.00015158983664215891,-0.015158983664215891,0.2874354928490523,0,0,False,NOT_AVAILABLE_BOOLEAN_COSTMAP_VETO,1790648300774953242,1790648300774953242,19.036929,1.7220389563590288,269
270,2.6999999999999864,1790648300834986649,21.209508895874023,2.3078746795654297,0.030183568596839905,0.2478143274784088,21.211986541748047,2.3079497814178467,0.030305972322821617,0.2478523999452591,0.2759391430369766,0.2759391430369766,0.030262455873972804,3,0,2185,8,1.3992272994985782,3,10,0.19988250732649382,0.1998896142140826,0.19989597676492465,0.24861496686935425,0.017121974378824234,0.06886944335825822,0.0223099974148031,-0.0001454216763196077,-0.01454216763196077,0.28730967511427447,0,0,False,NOT_AVAILABLE_BOOLEAN_COSTMAP_VETO,1790648300834986649,1790648300834986649,19.511599,1.77944905590266,270
271,2.709999999999986,1790648300895225886,21.211986541748047,2.3079497814178467,0.030305972322821614,0.2478523999452591,21.21446418762207,2.3080248832702637,0.030428405851125717,0.2479020059108734,0.27601410599055265,0.27601410599055265,0.030385356667514518,3,0,2185,8,1.3992272994985782,3,10,0.19988250732649382,0.1998896142140826,0.19989597676492465,0.24889574944972992,0.016987551003694534,0.06825167179934324,0.02210993814861438,-0.00020005926618871933,-0.020005926618871933,0.2871838474389358,0,0,False,NOT_AVAILABLE_BOOLEAN_COSTMAP_VETO,1790648300895225886,1790648300895225886,20.122819,1.4531019842252135,271
272,2.719999999999986,1790648300955702379,21.21446418762207,2.3080248832702637,0.03042840585112572,0.2479020059108734,21.216941833496094,2.308100461959839,0.03055085800588131,0.24796339869499207,0.276089545781286,0.276089545781286,0.03050827498637787,3,0,2185,8,1.3992272994985782,3,10,0.19988250732649382,0.1998896142140826,0.19989597676492465,0.24919314682483673,0.016811851412057877,0.06746514350924462,0.02185522610916233,-0.00025471203945204995,-0.025471203945204995,0.2870575376183783,0,0,False,NOT_AVAILABLE_BOOLEAN_COSTMAP_VETO,1790648300955702379,1790648300955702379,19.762616,1.418061088770628,272
273,2.7299999999999858,1790648301015710250,21.216941833496094,2.308100461959839,0.03055085800588131,0.24796339869499207,21.21942138671875,2.308176279067993,0.030673353001475334,0.24803593754768372,0.2761652238836707,0.2761652238836707,0.030631235425264247,3,0,2185,8,1.3992272994985782,3,10,0.19988250732649382,0.1998896142140826,0.19989597676492465,0.24948883056640625,0.01660340651869774,0.06654969876207914,0.02155876174925396,-0.0002964643599083702,-0.029646435990837022,0.28693097404189344,0,0,False,NOT_AVAILABLE_BOOLEAN_COSTMAP_VETO,1790648301015710250,1790648301015710250,19.13546,1.923997886478901,273
274,2.7399999999999856,1790648301075919150,21.21942138671875,2.308176279067993,0.03067335300147533,0.24803593754768372,21.221900939941406,2.3082525730133057,0.030795874074101448,0.24811868369579315,0.2762413788232125,0.2762413788232125,0.030754220896754614,3,0,2185,8,1.3992272994985782,3,10,0.19988250732649382,0.1998896142140826,0.19989597676492465,0.24977625906467438,0.016380049288272858,0.06557888787993892,0.0212443630730607,-0.00031439867619326156,-0.031439867619326156,0.2868039252385041,0,0,False,NOT_AVAILABLE_BOOLEAN_COSTMAP_VETO,1790648301075919150,1790648301075919150,19.718678,1.4179020654410124,274
275,2.7499999999999853,1790648301136331353,21.221900939941406,2.3082525730133057,0.030795874074101448,0.24811868369579315,21.224380493164062,2.3083291053771973,0.030918452888727188,0.2482101321220398,0.276317772181333,0.276317772181333,0.030877263096778407,3,0,2185,8,1.3992272994985782,3,10,0.19988250732649382,0.1998896142140826,0.19989597676492465,0.25004181265830994,0.016135087236762047,0.064529556337888,0.020904530631979636,-0.0003398324410810623,-0.03398324410810623,0.2866766165126872,0,0,False,NOT_AVAILABLE_BOOLEAN_COSTMAP_VETO,1790648301136331353,1790648301136331353,18.328746,1.4366849791258574,275
276,2.759999999999985,1790648301196048654,21.224380493164062,2.3083291053771973,0.03091845288872719,0.2482101321220398,21.22686195373535,2.308406114578247,0.031041063368320465,0.2483087182044983,0.27639464226968413,0.27639464226968413,0.031000336333406153,3,0,2185,8,1.3992272994985782,3,10,0.19988250732649382,0.1998896142140826,0.19989597676492465,0.25028350949287415,0.01588056981563568,0.06345032418561247,0.020555009658576776,-0.0003495209734028608,-0.03495209734028608,0.28654882025127354,0,0,False,NOT_AVAILABLE_BOOLEAN_COSTMAP_VETO,1790648301196048654,1790648301196048654,17.980799,1.30173796787858,276
277,2.769999999999985,1790648301253759491,21.22686195373535,2.308406114578247,0.031041063368320465,0.2483087182044983,21.22934341430664,2.308483362197876,0.031163740903139114,0.2484131008386612,0.2764717507766139,0.2764717507766139,0.0311234756792107,3,0,2185,8,1.3992272994985782,3,10,0.19988250732649382,0.1998896142140826,0.19989597676492465,0.2505038380622864,0.015617267228662968,0.0623434249529535,0.020196523185739567,-0.0003584864728372085,-0.03584864728372085,0.28642076021736357,0,0,False,NOT_AVAILABLE_BOOLEAN_COSTMAP_VETO,1790648301253759491,1790648301253759491,19.030657,1.2999780010432005,277
278,2.7799999999999847,1790648301312476760,21.22934341430664,2.308483362197876,0.031163740903139114,0.2484131008386612,21.231826782226562,2.308561086654663,0.03128645196557045,0.24852195382118225,0.27654933601377335,0.27654933601377335,0.03124664797646659,3,0,2185,8,1.3992272994985782,3,10,0.19988250732649382,0.1998896142140826,0.19989597676492465,0.25070247054100037,0.015341981314122677,0.06119597178685808,0.01982489721358161,-0.00037162597215795873,-0.03716259721579587,0.28629221188308857,0,0,False,NOT_AVAILABLE_BOOLEAN_COSTMAP_VETO,1790648301312476760,1790648301312476760,18.856346,1.8074809340760112,278
279,2.7899999999999845,1790648301371353426,21.231826782226562,2.308561086654663,0.03128645196557045,0.24852195382118225,21.234312057495117,2.3086390495300293,0.031409237533807755,0.24863392114639282,0.27662715956258405,0.27662715956258405,0.03136989424278225,3,0,2185,8,1.3992272994985782,3,10,0.19988250732649382,0.1998896142140826,0.19989597676492465,0.25087660551071167,0.015059536322951317,0.06002766297118254,0.0194465110902182,-0.0003783861233634077,-0.03783861233634077,0.2861633966988448,0,0,False,NOT_AVAILABLE_BOOLEAN_COSTMAP_VETO,1790648301371353426,1790648301371353426,18.779033,1.3196580111980438,279
280,2.7999999999999843,1790648301430339280,21.234312057495117,2.3086390495300293,0.031409237533807755,0.24863392114639282,21.236797332763672,2.3087172508239746,0.031532060354948044,0.24874722957611084,0.27670522152997346,0.27670522152997346,0.03149317690298892,3,0,2185,8,1.3992272994985782,3,10,0.19988250732649382,0.1998896142140826,0.19989597676492465,0.2510167062282562,0.01477687619626522,0.0588680985353549,0.019070951546439428,-0.000375559543778773,-0.0375559543778773,0.28603433009720564,0,0,False,NOT_AVAILABLE_BOOLEAN_COSTMAP_VETO,1790648301430339280,1790648301430339280,18.902685,1.6255879309028387,280
281,2.809999999999984,1790648301490234026,21.236797332763672,2.3087172508239746,0.031532060354948044,0.24874722957611084,21.23928451538086,2.308795690536499,0.0316549576818943,0.24886026978492737,0.27678352180901467,0.27678352180901467,0.031616533588493034,3,0,2185,8,1.3992272994985782,3,10,0.19988250732649382,0.1998896142140826,0.19989597676492465,0.25112444162368774,0.014499655924737453,0.057738927485462846,0.018705230635981444,-0.00036572091045798324,-0.036572091045798324,0.28590499665450125,0,0,False,NOT_AVAILABLE_BOOLEAN_COSTMAP_VETO,1790648301490234026,1790648301490234026,20.335914,1.4185409527271986,281
282,2.819999999999984,1790648301550897501,21.23928451538086,2.308795690536499,0.0316549576818943,0.24886026978492737,21.241771697998047,2.3088746070861816,0.031777892261743546,0.24897176027297974,0.27686229892521275,0.27686229892521275,0.031739926722150535,3,0,2185,8,1.3992272994985782,3,10,0.19988250732649382,0.1998896142140826,0.19989597676492465,0.2512050271034241,0.014235430397093296,0.05666857292323375,0.018358554847789924,-0.00034667578819152015,-0.034667578819152015,0.28577517338325825,0,0,False,NOT_AVAILABLE_BOOLEAN_COSTMAP_VETO,1790648301550897501,1790648301550897501,25.849435,1.4028609730303288,282
283,2.8299999999999836,1790648301617109762,21.241771697998047,2.3088746070861816,0.031777892261743546,0.24897176027297974,21.244260787963867,2.3089537620544434,0.03190089762210846,0.2490808069705963,0.2769413143530627,0.2769413143530627,0.031863390219301735,3,0,2185,8,1.3992272994985782,3,10,0.19988250732649382,0.1998896142140826,0.19989597676492465,0.25126516819000244,0.013981512747704983,0.055644452625174055,0.01802684968441544,-0.00033170516337448566,-0.033170516337448566,0.28564508482238543,0,0,False,NOT_AVAILABLE_BOOLEAN_COSTMAP_VETO,1790648301617109762,1790648301617109762,29.302025,1.7360229976475239,283
284,2.8399999999999834,1790648301687011644,21.244260787963867,2.3089537620544434,0.03190089762210846,0.2490808069705963,21.24675178527832,2.3090333938598633,0.03202394023537636,0.249186709523201,0.2770208065111425,0.2770208065111425,0.03198689057848414,3,0,2185,8,1.3992272994985782,3,10,0.19988250732649382,0.1998896142140826,0.19989597676492465,0.2513081133365631,0.01374636497348547,0.05469924862742382,0.017720701418126927,-0.0003061482662885112,-0.03061482662885112,0.28551450644027526,0,0,False,NOT_AVAILABLE_BOOLEAN_COSTMAP_VETO,1790648301687011644,1790648301687011644,29.197189,2.1313970210030675,284
285,2.849999999999983,1790648301760237921,21.24675178527832,2.3090333938598633,0.03202394023537636,0.249186709523201,21.249242782592773,2.3091132640838623,0.03214704990386963,0.24928899109363556,0.2771005370878006,0.2771005370878006,0.03211045728664663,3,0,2185,8,1.3992272994985782,3,10,0.19988250732649382,0.1998896142140826,0.19989597676492465,0.2513377070426941,0.013533267192542553,0.05384495367519085,0.01744399541361438,-0.00027670600451254815,-0.027670600451254815,0.28538366431954304,0,0,False,NOT_AVAILABLE_BOOLEAN_COSTMAP_VETO,1790648301760237921,1790648301760237921,19.370251,1.5971389366313815,285
286,2.859999999999983,1790648301823248991,21.249242782592773,2.3091132640838623,0.03214704990386963,0.24928899109363556,21.25173568725586,2.3091936111450195,0.032270193099975586,0.24938730895519257,0.2771807443946891,0.2771807443946891,0.03223405719215844,3,0,2185,8,1.3992272994985782,3,10,0.19988250732649382,0.1998896142140826,0.19989597676492465,0.2513567805290222,0.013334506191313267,0.05305011531118666,0.01718654498895299,-0.00025745042466138873,-0.025745042466138873,0.28525233392703403,0,0,False,NOT_AVAILABLE_BOOLEAN_COSTMAP_VETO,1790648301823248991,1790648301823248991,17.69231,1.4604621101170778,286
287,2.869999999999983,1790648301882539142,21.25173568725586,2.3091936111450195,0.03227019309997558,0.24938730895519257,21.254228591918945,2.309274196624756,0.03239339962601662,0.24948164820671082,0.27726123586791473,0.27726123586791473,0.03235771784168229,3,0,2185,8,1.3992272994985782,3,10,0.19988250732649382,0.1998896142140826,0.19989597676492465,0.25137126445770264,0.013143723830580711,0.05228809211321909,0.016939721350845934,-0.00024682363810705696,-0.024682363810705696,0.2851207413463321,0,0,False,NOT_AVAILABLE_BOOLEAN_COSTMAP_VETO,1790648301882539142,1790648301882539142,17.852091,1.478287042118609,287
288,2.8799999999999826,1790648301942011187,21.254228591918945,2.309274196624756,0.03239339962601662,0.24948164820671082,21.256723403930664,2.3093552589416504,0.032516635954380035,0.24957209825515747,0.2773422535504145,0.2773422535504145,0.03248140993441595,3,0,2185,8,1.3992272994985782,3,10,0.19988250732649382,0.1998896142140826,0.19989597676492465,0.25138384103775024,0.01295794453471899,0.05154644976871484,0.016699497204434584,-0.000240224146411349,-0.0240224146411349,0.2849886620427335,0,0,False,NOT_AVAILABLE_BOOLEAN_COSTMAP_VETO,1790648301942011187,1790648301942011187,17.326538,1.4089728938415647,288
289,2.8899999999999824,1790648302001316187,21.256723403930664,2.3093552589416504,0.032516635954380035,0.24957209825515747,21.259218215942383,2.309436559677124,0.03263993188738823,0.24965891242027283,0.2774235096514925,0.2774235096514925,0.03260516096061039,3,0,2185,8,1.3992272994985782,3,10,0.19988250732649382,0.1998896142140826,0.19989597676492465,0.251397967338562,0.012774384580552578,0.050813396447828445,0.01646205322015079,-0.00023744398428379374,-0.023744398428379374,0.2848563221007902,0,0,False,NOT_AVAILABLE_BOOLEAN_COSTMAP_VETO,1790648302001316187,1790648302001316187,17.349642,1.4480460667982697,289
290,2.899999999999982,1790648302059899948,21.259218215942383,2.309436559677124,0.03263993188738823,0.24965891242027283,21.2617130279541,2.309518337249756,0.03276325762271881,0.2497471570968628,0.2775052425897292,0.2775052425897292,0.03272894109205193,3,0,2185,8,1.3992272994985782,3,10,0.19988250732649382,0.1998896142140826,0.19989597676492465,0.2515147030353546,0.012770263478159904,0.05077342725512484,0.016449106708083635,-1.294651206715583e-05,-0.001294651206715583,0.28472349544224923,0,0,False,NOT_AVAILABLE_BOOLEAN_COSTMAP_VETO,1790648302059899948,1790648302059899948,17.431949,1.3752119848504663,290
291,2.909999999999982,1790648302118692163,21.2617130279541,2.309518337249756,0.03276325762271881,0.2497471570968628,21.264209747314453,2.309600353240967,0.03288663923740387,0.24983638525009155,0.27758721391242097,0.27758721391242097,0.03285277672606446,3,0,2185,8,1.3992272994985782,3,10,0.19988250732649382,0.1998896142140826,0.19989597676492465,0.25162366032600403,0.01279481127858162,0.05084899910447468,0.01647358535295015,2.4478644866515742e-05,0.002447864486651574,0.28459040969477795,0,0,False,NOT_AVAILABLE_BOOLEAN_COSTMAP_VETO,1790648302118692163,1790648302118692163,18.105923,1.3733240775763988,291
292,2.9199999999999817,1790648302177104974,21.264209747314453,2.309600353240967,0.03288663923740388,0.24983638525009155,21.266706466674805,2.309682607650757,0.033010050654411316,0.24992655217647552,0.27766942365369135,0.27766942365369135,0.032976641411580854,3,0,2185,8,1.3992272994985782,3,10,0.19988250732649382,0.1998896142140826,0.19989597676492465,0.2517325282096863,0.012869512662291527,0.05112375724273335,0.016562582702600744,8.899734965059358e-05,0.008899734965059358,0.2844570756554467,0,0,False,NOT_AVAILABLE_BOOLEAN_COSTMAP_VETO,1790648302177104974,1790648302177104974,17.178789,1.414253027178347,292
293,2.9299999999999815,1790648302234561179,21.266706466674805,2.309682607650757,0.033010050654411316,0.24992655217647552,21.26920509338379,2.309765100479126,0.03313352167606354,0.25001776218414307,0.27775187177941696,0.27775187177941696,0.03310056527044436,3,0,2185,8,1.3992272994985782,3,10,0.19988250732649382,0.1998896142140826,0.19989597676492465,0.2518448531627655,0.012919705361127853,0.05130025568867966,0.016619752459245053,5.716975664430898e-05,0.005716975664430898,0.28432348099261534,0,0,False,NOT_AVAILABLE_BOOLEAN_COSTMAP_VETO,1790648302234561179,1790648302234561179,18.321097,1.4285260112956166,293
294,2.9399999999999813,1790648302293618875,21.26920509338379,2.309765100479126,0.03313352167606354,0.25001776218414307,21.271703720092773,2.3098480701446533,0.03325702250003815,0.25011053681373596,0.27783479674230027,0.27783479674230027,0.03322451812766003,3,0,2185,8,1.3992272994985782,3,10,0.19988250732649382,0.1998896142140826,0.19989597676492465,0.2519688308238983,0.012943390756845474,0.05136901542354516,0.016642024452073058,2.2271992828004628e-05,0.0022271992828004628,0.2841893996256621,0,0,False,NOT_AVAILABLE_BOOLEAN_COSTMAP_VETO,1790648302293618875,1790648302293618875,17.142116,1.4339659828692675,294
295,2.949999999999981,1790648302351265838,21.271703720092773,2.3098480701446533,0.033257022500038154,0.25011053681373596,21.27420425415039,2.3099312782287598,0.03338058665394783,0.25020503997802734,0.2779179600896389,0.2779179600896389,0.03334853382797931,3,0,2185,8,1.3992272994985782,3,10,0.19988250732649382,0.1998896142140826,0.19989597676492465,0.2520982325077057,0.012935126200318336,0.0513098646969806,0.016622864917903737,-1.915953416932112e-05,-0.0019159534169321119,0.2840550561010959,0,0,False,NOT_AVAILABLE_BOOLEAN_COSTMAP_VETO,1790648302351265838,1790648302351265838,27.179685,1.5214239247143269,295
296,2.959999999999981,1790648302420224490,21.27420425415039,2.3099312782287598,0.03338058665394783,0.25020503997802734,21.276704788208008,2.3100149631500244,0.0335041806101799,0.25030121207237244,0.2780016002741356,0.2780016002741356,0.033472578473295655,3,0,2185,8,1.3992272994985782,3,10,0.19988250732649382,0.1998896142140826,0.19989597676492465,0.25222739577293396,0.012904820963740349,0.05116343894442707,0.016575436044648794,-4.7428873254942716e-05,-0.004742887325494272,0.28392022587888394,0,0,False,NOT_AVAILABLE_BOOLEAN_COSTMAP_VETO,1790648302420224490,1790648302420224490,29.521424,1.3921399367973208,296
297,2.9699999999999807,1790648302492301738,21.276704788208008,2.3100149631500244,0.0335041806101799,0.25030121207237244,21.279207229614258,2.310098886489868,0.033627837896347046,0.25039878487586975,0.27808547884308704,0.27808547884308704,0.03359668590716103,3,0,2185,8,1.3992272994985782,3,10,0.19988250732649382,0.1998896142140826,0.19989597676492465,0.2523534297943115,0.0128641277551651,0.05097663132872973,0.016514926944149206,-6.0509100499588075e-05,-0.0060509100499588075,0.2837851335068808,0,0,False,NOT_AVAILABLE_BOOLEAN_COSTMAP_VETO,1790648302492301738,1790648302492301738,17.366284,1.4646219788119197,297
298,2.9799999999999804,1790648302549851321,21.279207229614258,2.310098886489868,0.033627837896347046,0.25039878487586975,21.281709671020508,2.31018328666687,0.03375152871012688,0.25049757957458496,0.2781698342491968,0.2781698342491968,0.03372082595586967,3,0,2185,8,1.3992272994985782,3,10,0.19988250732649382,0.1998896142140826,0.19989597676492465,0.2524762749671936,0.012822126969695091,0.05078547269980587,0.01645300837603288,-6.19185681163259e-05,-0.00619185681163259,0.28364955290231614,0,0,False,NOT_AVAILABLE_BOOLEAN_COSTMAP_VETO,1790648302549851321,1790648302549851321,26.873179,1.998752006329596,298
299,2.9899999999999802,1790648302618891320,21.281709671020508,2.31018328666687,0.03375152871012688,0.25049757957458496,21.28421401977539,2.310267925262451,0.033875275403261185,0.250562459230423,0.27825442803976125,0.27825442803976125,0.03384502128749922,3,0,2185,8,1.3992272994985782,3,10,0.19988250732649382,0.1998896142140826,0.19989597676492465,0.25186172127723694,0.013572964817285538,0.05389054259001545,0.017458761724015164,0.0010057533479822835,0.10057533479822835,0.2835137132386009,0,0,False,NOT_AVAILABLE_BOOLEAN_COSTMAP_VETO,1790648302618891320,1790648302618891320,37.925916,2.2223429987207055,299
300,2.99999999999998,1790648302699489961,21.28421401977539,2.310267925262451,0.033875275403261185,0.250562459230423,21.286718368530273,2.3103530406951904,0.033999036997556686,0.25060179829597473,0.27833949866748425,0.27833949866748425,0.03396923055459533,3,0,2185,8,1.3992272994985782,3,10,0.19988250732649382,0.1998896142140826,0.19989597676492465,0.2513894736766815,0.014327162876725197,0.056991896546757286,0.018463276197154696,0.0010045144731395325,0.10045144731395325,0.28337739305508575,0,0,False,NOT_AVAILABLE_BOOLEAN_COSTMAP_VETO,1790648302699489961,1790648302699489961,45.404011,1.4406859409064054,300
301,3.00999999999998,1790648302786645131,21.286718368530273,2.3103530406951904,0.033999036997556686,0.25060179829597473,21.289222717285156,2.310438394546509,0.03412281721830368,0.25061526894569397,0.27842480771378597,0.27842480771378597,0.03409345745479664,3,0,2185,8,1.3992272994985782,3,10,0.19988250732649382,0.1998896142140826,0.19989597676492465,0.25088489055633545,0.014894786290824413,0.05936900487628143,0.01923318567822799,0.000769909481073295,0.0769909481073295,0.28324082923085275,0,0,False,NOT_AVAILABLE_BOOLEAN_COSTMAP_VETO,1790648302786645131,1790648302786645131,43.980062,1.5161450719460845,301
302,3.0199999999999796,1790648302875161240,21.289222717285156,2.310438394546509,0.03412281721830368,0.25061526894569397,21.29172706604004,2.3105239868164062,0.034246593713760376,0.25058287382125854,0.2785103551786667,0.2785103551786667,0.03421767961120592,3,0,2185,8,1.3992272994985782,3,10,0.19988250732649382,0.1998896142140826,0.19989597676492465,0.2504449486732483,0.015616070479154587,0.06235330583380476,0.02019972328525424,0.0009665376070262487,0.09665376070262487,0.2831040310144292,0,0,False,NOT_AVAILABLE_BOOLEAN_COSTMAP_VETO,1790648302875161240,1790648302875161240,40.754807,1.4190529473125935,302
303,3.0299999999999794,1790648302958368476,21.29172706604004,2.3105239868164062,0.03424659371376038,0.25058287382125854,21.294231414794922,2.310609817504883,0.03437032923102379,0.2504865825176239,0.2785961410621265,0.2785961410621265,0.03434185974409987,3,0,2185,8,1.3992272994985782,3,10,0.19988250732649382,0.1998896142140826,0.19989597676492465,0.250076562166214,0.016437780112028122,0.06573099042005669,0.021293622006061295,0.0010938987208070558,0.10938987208070558,0.28296701381666106,0,0,False,NOT_AVAILABLE_BOOLEAN_COSTMAP_VETO,1790648302958368476,1790648302958368476,44.365546,1.522863982245326,303
304,3.039999999999979,1790648303046923915,21.294231414794922,2.310609817504883,0.03437032923102379,0.2504865825176239,21.296733856201172,2.3106961250305176,0.034494027495384216,0.2503644526004791,0.2786824038168687,0.2786824038168687,0.03446600121446153,3,0,2185,8,1.3992272994985782,3,10,0.19988250732649382,0.1998896142140826,0.19989597676492465,0.24984446167945862,0.017270106822252274,0.06912343265951276,0.02239224884410505,0.0010986268380437543,0.10986268380437543,0.2828295376763312,0,0,False,NOT_AVAILABLE_BOOLEAN_COSTMAP_VETO,1790648303046923915,1790648303046923915,35.7966,2.197765978053212,304
305,3.049999999999979,1790648303128796996,21.296733856201172,2.3106961250305176,0.034494027495384216,0.2503644526004791,21.299236297607422,2.3107824325561523,0.034617647528648376,0.2502457797527313,0.27876866657161126,0.27876866657161126,0.03459006335811399,3,0,2185,8,1.3992272994985782,3,10,0.19988250732649382,0.1998896142140826,0.19989597676492465,0.24974054098129272,0.01800592988729477,0.07209854602118258,0.02335568123728858,0.000963432393183531,0.0963432393183531,0.2826920963788064,0,0,False,NOT_AVAILABLE_BOOLEAN_COSTMAP_VETO,1790648303128796996,1790648303128796996,38.91462,1.619187998585403,305
306,3.0599999999999787,1790648303213395348,21.299236297607422,2.3107824325561523,0.034617647528648376,0.2502457797527313,21.30173683166504,2.3108692169189453,0.03474123030900955,0.25015363097190857,0.2788554061976357,0.2788554061976357,0.03471408679071164,3,0,2185,8,1.3992272994985782,3,10,0.19988250732649382,0.1998896142140826,0.19989597676492465,0.24976131319999695,0.018530365079641342,0.0741922952046745,0.024033675152794857,0.0006779939155062767,0.06779939155062767,0.28255419613415106,0,0,False,NOT_AVAILABLE_BOOLEAN_COSTMAP_VETO,1790648303213395348,1790648303213395348,41.733558,1.9837759900838137,306
307,3.0699999999999785,1790648303301450483,21.30173683166504,2.3108692169189453,0.03474123030900955,0.25015363097190857,21.304237365722656,2.3109562397003174,0.034864768385887146,0.2501012682914734,0.278942384242239,0.278942384242239,0.034838064370833255,3,0,2185,8,1.3992272994985782,3,10,0.19988250732649382,0.1998896142140826,0.19989597676492465,0.24987834692001343,0.01880238763988018,0.07524616627105694,0.024374929373686807,0.00034125422089194973,0.03412542208919497,0.2824160784409397,0,0,False,NOT_AVAILABLE_BOOLEAN_COSTMAP_VETO,1790648303301450483,1790648303301450483,38.652755,1.5036650002002716,307
308,3.0799999999999783,1790648303385573396,21.304237365722656,2.3109562397003174,0.034864768385887146,0.2501012682914734,21.30673599243164,2.3110437393188477,0.034988295286893845,0.2500889003276825,0.2790298391581249,0.2790298391581249,0.0349620292686863,3,0,2185,8,1.3992272994985782,3,10,0.19988250732649382,0.1998896142140826,0.19989597676492465,0.25003620982170105,0.01878759078681469,0.07513947999856493,0.024340383525406146,-3.45458482806614e-05,-0.00345458482806614,0.28227749101278893,0,0,False,NOT_AVAILABLE_BOOLEAN_COSTMAP_VETO,1790648303385573396,1790648303385573396,42.001535,2.144292928278446,308
309,3.089999999999978,1790648303473458381,21.30673599243164,2.3110437393188477,0.034988295286893845,0.2500889003276825,21.309234619140625,2.311131238937378,0.035111818462610245,0.25009453296661377,0.2791172940740104,0.2791172940740104,0.03508598924317852,3,0,2185,8,1.3992272994985782,3,10,0.19988250732649382,0.1998896142140826,0.19989597676492465,0.2502070963382721,0.018597226589918137,0.07432733468428598,0.024077402630683357,-0.0002629808947227884,-0.026298089472278838,0.28213890760580423,0,0,False,NOT_AVAILABLE_BOOLEAN_COSTMAP_VETO,1790648303473458381,1790648303473458381,43.773815,1.4079490210860968,309
310,3.099999999999978,1790648303557393384,21.309234619140625,2.311131238937378,0.03511181846261025,0.25009453296661377,21.31173324584961,2.3112192153930664,0.03523534536361694,0.25010597705841064,0.2792052258270545,0.2792052258270545,0.035209951718667476,3,0,2185,8,1.3992272994985782,3,10,0.19988250732649382,0.1998896142140826,0.19989597676492465,0.2503352165222168,0.0183585062623024,0.07333569170709593,0.023756294058030845,-0.0003211085726525127,-0.03211085726525127,0.28199984830237107,0,0,False,NOT_AVAILABLE_BOOLEAN_COSTMAP_VETO,1790648303557393384,1790648303557393384,42.98579,1.4676310820505023,310
311,3.1099999999999777,1790648303643598476,21.31173324584961,2.3112192153930664,0.03523534536361694,0.25010597705841064,21.314231872558594,2.311307430267334,0.03535887971520424,0.250119686126709,0.27929339599867775,0.27929339599867775,0.035333920393410434,3,0,2185,8,1.3992272994985782,3,10,0.19988250732649382,0.1998896142140826,0.19989597676492465,0.2503940165042877,0.018199438229203224,0.07268319939622671,0.023545004779520415,-0.00021128927851042992,-0.021128927851042992,0.28186054998164306,0,0,False,NOT_AVAILABLE_BOOLEAN_COSTMAP_VETO,1790648303643598476,1790648303643598476,42.671156,2.2108539706096053,311
312,3.1199999999999775,1790648303733044311,21.314231872558594,2.311307430267334,0.03535887971520424,0.250119686126709,21.31673240661621,2.3113961219787598,0.03548241779208183,0.25013235211372375,0.2793820429733347,0.2793820429733347,0.03545789184808834,3,0,2185,8,1.3992272994985782,3,10,0.19988250732649382,0.1998896142140826,0.19989597676492465,0.25038620829582214,0.01815933920443058,0.07252531730092732,0.02349387927188527,-5.112550763514481e-05,-0.005112550763514481,0.2817207757666253,0,0,False,NOT_AVAILABLE_BOOLEAN_COSTMAP_VETO,1790648303733044311,1790648303733044311,37.690773,1.581266988068819,312
313,3.1299999999999772,1790648303824319581,21.31673240661621,2.3113961219787598,0.03548241779208183,0.25013235211372375,21.319232940673828,2.3114850521087646,0.035605963319540024,0.25014275312423706,0.2794709283665704,0.2794709283665704,0.035581869447565584,3,0,2185,8,1.3992272994985782,3,10,0.19988250732649382,0.1998896142140826,0.19989597676492465,0.25035083293914795,0.01824987307190895,0.07289719334125361,0.023614300275099222,0.00012042100321395244,0.012042100321395244,0.2815807625366206,0,0,False,NOT_AVAILABLE_BOOLEAN_COSTMAP_VETO,1790648303824319581,1790648303824319581,44.742806,1.6886299708858132,313
314,3.139999999999977,1790648303915702726,21.319232940673828,2.3114850521087646,0.035605963319540024,0.25014275312423706,21.321733474731445,2.3115742206573486,0.03572951257228851,0.250148743391037,0.2795600521783855,0.2795600521783855,0.0357058494418796,3,0,2185,8,1.3992272994985782,3,10,0.19988250732649382,0.1998896142140826,0.19989597676492465,0.2502690255641937,0.018432319164276123,0.07365002170253887,0.023858079264623945,0.00024377898952472263,0.024377898952472263,0.28144051183306357,0,0,False,NOT_AVAILABLE_BOOLEAN_COSTMAP_VETO,1790648303915702726,1790648303915702726,44.172196,1.5885310713201761,314
315,3.149999999999977,1790648304009766501,21.321733474731445,2.3115742206573486,0.03572951257228852,0.250148743391037,21.324234008789062,2.3116636276245117,0.0358530655503273,0.25015005469322205,0.2796494144087797,0.2796494144087797,0.03582983180314159,3,0,2185,8,1.3992272994985782,3,10,0.19988250732649382,0.1998896142140826,0.19989597676492465,0.25017625093460083,0.018775714561343193,0.0750499477516409,0.02431139223973404,0.0004533129751100942,0.04533129751100942,0.2813000236569591,0,0,False,NOT_AVAILABLE_BOOLEAN_COSTMAP_VETO,1790648304009766501,1790648304009766501,42.346986,2.1731900051236153,315
316,3.1599999999999766,1790648304101069067,21.324234008789062,2.3116636276245117,0.0358530655503273,0.25015005469322205,21.32673454284668,2.311753511428833,0.03597661480307579,0.2501268684864044,0.27973925347633205,0.27973925347633205,0.035953809055291774,3,0,2185,8,1.3992272994985782,3,10,0.19988250732649382,0.1998896142140826,0.19989597676492465,0.2500280737876892,0.019188856706023216,0.07674680852965893,0.024860842853710513,0.0005494506139764738,0.05494506139764738,0.28115906267084306,0,0,False,NOT_AVAILABLE_BOOLEAN_COSTMAP_VETO,1790648304101069067,1790648304101069067,36.670868,1.5778109664097428,316
317,3.1699999999999764,1790648304186422164,21.32673454284668,2.311753511428833,0.03597661480307579,0.2501268684864044,21.329233169555664,2.3118436336517334,0.03610013797879219,0.2500765323638916,0.27982933099658774,0.27982933099658774,0.036077758495760115,3,0,2185,8,1.3992272994985782,3,10,0.19988250732649382,0.1998896142140826,0.19989597676492465,0.24986228346824646,0.019631003960967064,0.0785672959058739,0.02545030757405035,0.0005894647203398377,0.058946472033983774,0.2810178765337323,0,0,False,NOT_AVAILABLE_BOOLEAN_COSTMAP_VETO,1790648304186422164,1790648304186422164,36.044352,1.6529490239918232,317
318,3.179999999999976,1790648304268454162,21.329233169555664,2.3118436336517334,0.03610013797879219,0.2500765323638916,21.33173179626465,2.311933994293213,0.0362236425280571,0.2500029504299164,0.27991964693542226,0.27991964693542226,0.03620168787401523,3,0,2185,8,1.3992272994985782,3,10,0.19988250732649382,0.1998896142140826,0.19989597676492465,0.24968966841697693,0.020071543753147125,0.08038596022174227,0.02603916433359924,0.0005888567595488878,0.05888567595488878,0.28087646216501944,0,0,False,NOT_AVAILABLE_BOOLEAN_COSTMAP_VETO,1790648304268454162,1790648304268454162,42.792952,1.534865004941821,318
319,3.189999999999976,1790648304357249385,21.33173179626465,2.311933994293213,0.0362236425280571,0.2500029504299164,21.334230422973633,2.3120245933532715,0.03634709119796753,0.24991081655025482,0.28001020129283577,0.28001020129283577,0.036325559915675765,3,0,2185,8,1.3992272994985782,3,10,0.19988250732649382,0.1998896142140826,0.19989597676492465,0.24951857328414917,0.020509891211986542,0.08219785381920283,0.026625810873535872,0.0005866465399366333,0.05866465399366333,0.28073483496266255,0,0,False,NOT_AVAILABLE_BOOLEAN_COSTMAP_VETO,1790648304357249385,1790648304357249385,42.519567,1.5672179870307446,319
320,3.1999999999999758,1790648304446159459,21.334230422973633,2.3120245933532715,0.03634709119796753,0.24991081655025482,21.336727142333984,2.3121156692504883,0.036470506340265274,0.24979999661445618,0.2801012325215315,0.2801012325215315,0.036449396619556484,3,0,2185,8,1.3992272994985782,3,10,0.19988250732649382,0.1998896142140826,0.19989597676492465,0.24932818114757538,0.020911309868097305,0.08387062293499854,0.02716739606723933,0.0005415851937034567,0.05415851937034567,0.28059274726695155,0,0,False,NOT_AVAILABLE_BOOLEAN_COSTMAP_VETO,1790648304446159459,1790648304446159459,42.274856,1.6263880534097552,320
321,3.2099999999999755,1790648304537429448,21.336727142333984,2.3121156692504883,0.03647050634026527,0.24979999661445618,21.339221954345703,2.312206745147705,0.03659384325146675,0.24966926872730255,0.28019226378435164,0.28019226378435164,0.03657315326102939,3,0,2185,8,1.3992272994985782,3,10,0.19988250732649382,0.1998896142140826,0.19989597676492465,0.24911265075206757,0.021283311769366264,0.08543649511621448,0.027674357265509434,0.0005069611982701054,0.05069611982701054,0.2804506943899618,0,0,False,NOT_AVAILABLE_BOOLEAN_COSTMAP_VETO,1790648304537429448,1790648304537429448,42.010142,1.6000829637050629,321
322,3.2199999999999753,1790648304625913813,21.339221954345703,2.312206745147705,0.03659384325146675,0.24966926872730255,21.341716766357422,2.31229829788208,0.03671713173389435,0.24951821565628052,0.28028377188433,0.28028377188433,0.03669685994097671,3,0,2185,8,1.3992272994985782,3,10,0.19988250732649382,0.1998896142140826,0.19989597676492465,0.24887511134147644,0.02162325009703636,0.08688393942039284,0.028142964027164336,0.0004686067616549022,0.04686067616549022,0.28030818717374223,0,0,False,NOT_AVAILABLE_BOOLEAN_COSTMAP_VETO,1790648304625913813,1790648304625913813,43.879867,1.4277889858931303,322
323,3.229999999999975,1790648304714772909,21.341716766357422,2.31229829788208,0.03671713173389434,0.24951821565628052,21.344209671020508,2.312389850616455,0.03684031590819359,0.24934981763362885,0.2803752800184323,0.2803752800184323,0.03682046043396525,3,0,2185,8,1.3992272994985782,3,10,0.19988250732649382,0.1998896142140826,0.19989597676492465,0.24863287806510925,0.021921535953879356,0.08816829103405538,0.02855875956027401,0.0004157955331096745,0.04157955331096745,0.2801657255462577,0,0,False,NOT_AVAILABLE_BOOLEAN_COSTMAP_VETO,1790648304714772909,1790648304714772909,44.125795,1.4037250075489283,323
324,3.239999999999975,1790648304803956880,21.344209671020508,2.312389850616455,0.03684031590819359,0.24934981763362885,21.34670066833496,2.3124818801879883,0.03696344420313835,0.2491668313741684,0.2804672650238171,0.2804672650238171,0.03694400314788382,3,0,2185,8,1.3992272994985782,3,10,0.19988250732649382,0.1998896142140826,0.19989597676492465,0.24838770925998688,0.022214878350496292,0.0894363026925943,0.028969255513167234,0.00041049595289322297,0.041049595289322297,0.2800228126519066,0,0,False,NOT_AVAILABLE_BOOLEAN_COSTMAP_VETO,1790648304803956880,1790648304803956880,44.646739,1.4977760147303343,324
325,3.2499999999999747,1790648304895864554,21.34670066833496,2.3124818801879883,0.03696344420313835,0.2491668313741684,21.34918975830078,2.3125739097595215,0.037086449563503265,0.24897606670856476,0.28055925006332555,0.28055925006332555,0.03706742100209137,3,0,2185,8,1.3992272994985782,3,10,0.19988250732649382,0.1998896142140826,0.19989597676492465,0.2481638789176941,0.02248971350491047,0.09062444382717517,0.02935388596182756,0.00038463044866032456,0.038463044866032456,0.27987995303409735,0,0,False,NOT_AVAILABLE_BOOLEAN_COSTMAP_VETO,1790648304895864554,1790648304895864554,44.372427,1.479600090533495,325
326,3.2599999999999745,1790648304987336118,21.34918975830078,2.3125739097595215,0.03708644956350327,0.24897606670856476,21.35167694091797,2.312666416168213,0.037209391593933105,0.24878285825252533,0.2806517119741165,0.2806517119741165,0.03719077358058742,3,0,2185,8,1.3992272994985782,3,10,0.19988250732649382,0.1998896142140826,0.19989597676492465,0.24796025454998016,0.022727452218532562,0.0916576419062818,0.029688350482261185,0.00033446452043362634,0.033446452043362634,0.279736645220135,0,0,False,NOT_AVAILABLE_BOOLEAN_COSTMAP_VETO,1790648304987336118,1790648304987336118,44.227013,1.575283007696271,326
327,3.2699999999999743,1790648305079432982,21.35167694091797,2.312666416168213,0.037209391593933105,0.24878285825252533,21.354162216186523,2.3127589225769043,0.0373322069644928,0.2485920786857605,0.2807441739190316,0.2807441739190316,0.037313997532883114,3,0,2185,8,1.3992272994985782,3,10,0.19988250732649382,0.1998896142140826,0.19989597676492465,0.24777980148792267,0.022932706400752068,0.0925527676712981,0.029978113179898132,0.0002897626976369472,0.028976269763694718,0.2795933922110538,0,0,False,NOT_AVAILABLE_BOOLEAN_COSTMAP_VETO,1790648305079432982,1790648305079432982,44.61669,1.56449805945158,327
328,3.279999999999974,1790648305171735613,21.354162216186523,2.3127589225769043,0.0373322069644928,0.2485920786857605,21.356645584106445,2.312851905822754,0.037454988807439804,0.2485913336277008,0.2808371127352292,0.2808371127352292,0.037437185967728936,4,0,2185,8,1.3992219059315953,4,11,0.19988250732649382,0.19988884370451362,0.19989597676492465,0.2485881745815277,0.02245810255408287,0.09034260214464644,0.02926264767301681,-0.0007154655068813201,-0.07154655068813201,0.27944967868392573,0,0,False,NOT_AVAILABLE_BOOLEAN_COSTMAP_VETO,1790648305171735613,1790648305171735613,21.483119,2.0671699894592166,328
329,3.289999999999974,1790648305242266251,21.356645584106445,2.312851905822754,0.037454988807439804,0.2485913336277008,21.359128952026367,2.3129451274871826,0.037577781826257706,0.24861997365951538,0.2809302899700056,0.2809302899700056,0.0375603838790588,4,0,2185,8,1.3992219059315953,4,11,0.19988250732649382,0.19988884370451362,0.19989597676492465,0.2491937130689621,0.0219025406986475,0.08789363274420238,0.028469842608919303,-0.0007928050640975091,-0.07928050640975091,0.2793057245870984,0,0,False,NOT_AVAILABLE_BOOLEAN_COSTMAP_VETO,1790648305242266251,1790648305242266251,22.609523,1.4306380180642009,329
330,3.2999999999999736,1790648305310297930,21.359128952026367,2.3129451274871826,0.037577781826257706,0.24861997365951538,21.361614227294922,2.3130388259887695,0.0377005860209465,0.24867653846740723,0.28102394400781644,0.28102394400781644,0.03768359154904477,4,0,2185,8,1.3992219059315953,4,11,0.19988250732649382,0.19988884370451362,0.19989597676492465,0.24980957806110382,0.021221624687314034,0.08495120504195876,0.027517242989493405,-0.0009525996194258979,-0.09525996194258979,0.2791612915034311,0,0,False,NOT_AVAILABLE_BOOLEAN_COSTMAP_VETO,1790648305310297930,1790648305310297930,23.978974,1.3185699936002493,330
331,3.3099999999999734,1790648305377625682,21.361614227294922,2.3130388259887695,0.0377005860209465,0.24867653846740723,21.364099502563477,2.3131327629089355,0.03782343491911888,0.24875041842460632,0.2811178364642059,0.2811178364642059,0.037806842165887034,4,0,2185,8,1.3992219059315953,4,11,0.19988250732649382,0.19988884370451362,0.19989597676492465,0.2502303421497345,0.020314810797572136,0.08118444239434411,0.02629769543655775,-0.0012195475529356535,-0.12195475529356535,0.2790166040025583,0,0,False,NOT_AVAILABLE_BOOLEAN_COSTMAP_VETO,1790648305377625682,1790648305377625682,25.650644,1.3539959909394383,331
332,3.319999999999973,1790648305446654129,21.364099502563477,2.3131327629089355,0.03782343491911888,0.24875041842460632,21.36658477783203,2.3132269382476807,0.03794630989432335,0.24883192777633667,0.2812119673391741,0.2812119673391741,0.03793011707734939,4,0,2185,8,1.3992219059315953,4,11,0.19988250732649382,0.19988884370451362,0.19989597676492465,0.2504645586013794,0.019184822216629982,0.07659695377166359,0.024812319856134094,-0.0014853755804236576,-0.14853755804236576,0.27887166978222594,0,0,False,NOT_AVAILABLE_BOOLEAN_COSTMAP_VETO,1790648305446654129,1790648305446654129,27.399116,2.1473329979926348,332
333,3.329999999999973,1790648305518595020,21.36658477783203,2.3132269382476807,0.03794630989432335,0.24883192777633667,21.36907196044922,2.313321352005005,0.038069237023591995,0.24890850484371185,0.2813063365985979,0.2813063365985979,0.038053442642966395,4,0,2185,8,1.3992219059315953,4,11,0.19988250732649382,0.19988884370451362,0.19989597676492465,0.2504425048828125,0.01793600060045719,0.07161723849092563,0.023199822081182188,-0.0016124977749519057,-0.16124977749519057,0.27872647807330314,0,0,False,NOT_AVAILABLE_BOOLEAN_COSTMAP_VETO,1790648305518595020,1790648305518595020,27.724534,1.3592439936473966,333
334,3.3399999999999728,1790648305590161084,21.36907196044922,2.313321352005005,0.038069237023591995,0.24890850484371185,21.371559143066406,2.3134162425994873,0.03819218650460243,0.24896804988384247,0.28140118269517933,0.28140118269517933,0.03817678872496133,4,0,2185,8,1.3992219059315953,4,11,0.19988250732649382,0.19988884370451362,0.19989597676492465,0.2501606345176697,0.01673043519258499,0.06687876861538447,0.021665330589888468,-0.00153449149129372,-0.153449149129372,0.2785808027707814,0,0,False,NOT_AVAILABLE_BOOLEAN_COSTMAP_VETO,1790648305590161084,1790648305590161084,29.387852,1.346154953353107,334
335,3.3499999999999726,1790648305662793390,21.371559143066406,2.3134162425994873,0.03819218650460243,0.24896804988384247,21.374046325683594,2.313511371612549,0.03831516578793526,0.2489987164735794,0.2814962672103401,0.2814962672103401,0.038300162746574884,4,0,2185,8,1.3992219059315953,4,11,0.19988250732649382,0.19988884370451362,0.19989597676492465,0.24961312115192413,0.01574341580271721,0.06307126696731283,0.020432246693511586,-0.0012330838963768818,-0.12330838963768818,0.2784348792180957,0,0,False,NOT_AVAILABLE_BOOLEAN_COSTMAP_VETO,1790648305662793390,1790648305662793390,29.520655,1.427886076271534,335
336,3.3599999999999723,1790648305735530339,21.374046325683594,2.313511371612549,0.03831516578793526,0.2489987164735794,21.37653350830078,2.3136069774627686,0.03843814507126808,0.24898353219032288,0.2815918285626591,0.2815918285626591,0.03842353488404582,4,0,2185,8,1.3992219059315953,4,11,0.19988250732649382,0.19988884370451362,0.19989597676492465,0.24891884624958038,0.015109926462173462,0.06070221957811655,0.01966498385874661,-0.0007672628347649771,-0.07672628347649771,0.27828848130768663,0,0,False,NOT_AVAILABLE_BOOLEAN_COSTMAP_VETO,1790648305735530339,1790648305735530339,31.607954,1.4043329283595085,336
337,3.369999999999972,1790648305810791145,21.37653350830078,2.3136069774627686,0.03843814507126808,0.24898353219032288,21.37902069091797,2.3137028217315674,0.038561075925827026,0.24884361028671265,0.28168762833355687,0.28168762833355687,0.03854685667684876,4,0,2185,8,1.3992219059315953,4,11,0.19988250732649382,0.19988884370451362,0.19989597676492465,0.248247891664505,0.014922498725354671,0.06011128080604892,0.019473593010372967,-0.0001913908483736418,-0.01913908483736418,0.27814186745915775,0,0,False,NOT_AVAILABLE_BOOLEAN_COSTMAP_VETO,1790648305810791145,1790648305810791145,31.715638,2.1969350054860115,337
338,3.379999999999972,1790648305886793062,21.37902069091797,2.3137028217315674,0.038561075925827026,0.24884361028671265,21.381505966186523,2.3137989044189453,0.038683947175741196,0.24862262606620789,0.281783666557158,0.281783666557158,0.03867011662964037,4,0,2185,8,1.3992219059315953,4,11,0.19988250732649382,0.19988884370451362,0.19989597676492465,0.24768178164958954,0.015106210485100746,0.060990398181455345,0.01975831745207434,0.0002847244417013735,0.028472444170137348,0.2779950422855643,0,0,False,NOT_AVAILABLE_BOOLEAN_COSTMAP_VETO,1790648305886793062,1790648305886793062,31.933725,2.0331849809736013,338
339,3.3899999999999717,1790648305962858182,21.381505966186523,2.3137989044189453,0.03868394717574119,0.24862262606620789,21.383989334106445,2.3138952255249023,0.03880666196346283,0.2483699470758438,0.281879943233462,0.281879943233462,0.03879321786209333,4,0,2185,8,1.3992219059315953,4,11,0.19988250732649382,0.19988884370451362,0.19989597676492465,0.2472940981388092,0.015496818348765373,0.06266554060690449,0.02030084587256659,0.0005425284204922491,0.05425284204922491,0.2778480457806746,0,0,False,NOT_AVAILABLE_BOOLEAN_COSTMAP_VETO,1790648305962858182,1790648305962858182,32.260359,1.4884310076013207,339
340,3.3999999999999715,1790648306040975847,21.383989334106445,2.3138952255249023,0.03880666196346283,0.2483699470758438,21.386470794677734,2.3139917850494385,0.0389292947947979,0.24812756478786469,0.2819764583624696,0.2819764583624696,0.03891623486025653,4,0,2185,8,1.3992219059315953,4,11,0.19988250732649382,0.19988884370451362,0.19989597676492465,0.24709559977054596,0.015953199937939644,0.06456286535557029,0.02091531803581152,0.0006144721632449293,0.06144721632449293,0.27770084717067717,0,0,False,NOT_AVAILABLE_BOOLEAN_COSTMAP_VETO,1790648306040975847,1790648306040975847,31.926365,2.096387092024088,340
341,3.4099999999999713,1790648306119913666,21.386470794677734,2.3139917850494385,0.0389292947947979,0.24812756478786469,21.388948440551758,2.3140883445739746,0.03905177861452103,0.24792292714118958,0.28207297355972566,0.28207297355972566,0.03903910025439217,4,0,2185,8,1.3992219059315953,4,11,0.19988250732649382,0.19988884370451362,0.19989597676492465,0.2470516711473465,0.016333788633346558,0.06611486802534018,0.021417941634388923,0.0005026235985774036,0.05026235985774036,0.27755371255722244,0,0,False,NOT_AVAILABLE_BOOLEAN_COSTMAP_VETO,1790648306119913666,1790648306119913666,29.333865,1.7334949225187302,341
342,3.419999999999971,1790648306195842877,21.388948440551758,2.3140883445739746,0.03905177861452103,0.24792292714118958,21.39142417907715,2.314185380935669,0.03917420282959938,0.24776524305343628,0.28216996562826374,0.28216996562826374,0.039161903725606795,4,0,2185,8,1.3992219059315953,4,11,0.19988250732649382,0.19988884370451362,0.19989597676492465,0.24709388613700867,0.01660017855465412,0.06718166448460668,0.021763422585131056,0.00034548095074213303,0.0345480950742133,0.27740612818036875,0,0,False,NOT_AVAILABLE_BOOLEAN_COSTMAP_VETO,1790648306195842877,1790648306195842877,31.999487,1.4941919362172484,342
343,3.429999999999971,1790648306273212359,21.39142417907715,2.314185380935669,0.03917420282959938,0.24776524305343628,21.39389991760254,2.3142824172973633,0.03929653763771057,0.24764926731586456,0.2822669576968019,0.2822669576968019,0.039284615739612505,4,0,2185,8,1.3992219059315953,4,11,0.19988250732649382,0.19988884370451362,0.19989597676492465,0.24715548753738403,0.016745369881391525,0.06775236936165,0.02194824265227134,0.00018482006714028512,0.018482006714028512,0.2772585831786875,0,0,False,NOT_AVAILABLE_BOOLEAN_COSTMAP_VETO,1790648306273212359,1790648306273212359,34.730134,1.3871480477973819,343
344,3.4399999999999706,1790648306353133121,21.39389991760254,2.3142824172973633,0.03929653763771057,0.24764926731586456,21.396373748779297,2.314379930496216,0.039418838918209076,0.24756614863872528,0.28236442663662187,0.28236442663662187,0.03940729186445724,4,0,2185,8,1.3992219059315953,4,11,0.19988250732649382,0.19988884370451362,0.19989597676492465,0.2472122609615326,0.01681048981845379,0.06800022682155552,0.022028509648540705,8.02669962693646e-05,0.00802669962693646,0.2771105776410369,0,0,False,NOT_AVAILABLE_BOOLEAN_COSTMAP_VETO,1790648306353133121,1790648306353133121,34.598834,1.4134850353002548,344
345,3.4499999999999704,1790648306432855190,21.396373748779297,2.314379930496216,0.039418838918209076,0.24756614863872528,21.398847579956055,2.3144776821136475,0.0395410992205143,0.2475147694349289,0.2824621339950214,0.2824621339950214,0.03952992491452356,4,0,2185,8,1.3992219059315953,4,11,0.19988250732649382,0.19988884370451362,0.19989597676492465,0.2472960352897644,0.016754627227783203,0.06775129737988435,0.021947895497463617,-8.061415107708803e-05,-0.008061415107708803,0.2769623530604927,0,0,False,NOT_AVAILABLE_BOOLEAN_COSTMAP_VETO,1790648306432855190,1790648306432855190,34.588978,1.4258689479902387,345
346,3.45999999999997,1790648306512640396,21.398847579956055,2.3144776821136475,0.0395410992205143,0.2475147694349289,21.401321411132812,2.314575672149658,0.039663348346948624,0.24749836325645447,0.282560079772,0.282560079772,0.039652544666684,4,0,2185,8,1.3992219059315953,4,11,0.19988250732649382,0.19988884370451362,0.19989597676492465,0.2474285066127777,0.01661066524684429,0.06713319121648242,0.0217477246785016,-0.00020017081896201577,-0.020017081896201577,0.27681389713288523,0,0,False,NOT_AVAILABLE_BOOLEAN_COSTMAP_VETO,1790648306512640396,1790648306512640396,34.878843,1.3729080092161894,346
347,3.46999999999997,1790648306592713036,21.401321411132812,2.314575672149658,0.039663348346948624,0.24749836325645447,21.40379524230957,2.314673900604248,0.03978559374809265,0.24750278890132904,0.2826582639675576,0.2826582639675576,0.03977515854606839,4,0,2185,8,1.3992219059315953,4,11,0.19988250732649382,0.19988884370451362,0.19989597676492465,0.24759146571159363,0.01647995226085186,0.06656106749676298,0.021562443507260474,-0.00018528117124112786,-0.018528117124112786,0.27666520678283096,0,0,False,NOT_AVAILABLE_BOOLEAN_COSTMAP_VETO,1790648306592713036,1790648306592713036,34.675253,1.3735799584537745,347
348,3.47999999999997,1790648306672650439,21.40379524230957,2.314673900604248,0.03978559374809265,0.24750278890132904,21.406269073486328,2.314772605895996,0.03990783914923668,0.24751639366149902,0.2827569250002734,0.2827569250002734,0.03989777025251673,4,0,2185,8,1.3992219059315953,4,11,0.19988250732649382,0.19988884370451362,0.19989597676492465,0.24778896570205688,0.016392532736063004,0.06615521675720418,0.02143100862382237,-0.00013143488343810364,-0.013143488343810364,0.27651604205462305,0,0,False,NOT_AVAILABLE_BOOLEAN_COSTMAP_VETO,1790648306672650439,1790648306672650439,34.513135,1.3581239618360996,348
349,3.4899999999999696,1790648306752356347,21.406269073486328,2.314772605895996,0.03990783914923668,0.24751639366149902,21.408742904663086,2.3148715496063232,0.0400300994515419,0.2475401908159256,0.2828558244515678,0.2828558244515678,0.0400203946617399,4,0,2185,8,1.3992219059315953,4,11,0.19988250732649382,0.19988884370451362,0.19989597676492465,0.248016819357872,0.016285713762044907,0.06566374733862582,0.021271845114604313,-0.00015916350921805697,-0.015916350921805697,0.27636663521726773,0,0,False,NOT_AVAILABLE_BOOLEAN_COSTMAP_VETO,1790648306752356347,1790648306752356347,34.504591,1.4355659950524569,349
350,3.4999999999999694,1790648306832283990,21.408742904663086,2.3148715496063232,0.04003009945154191,0.2475401908159256,21.411216735839844,2.3149707317352295,0.04015236720442772,0.24757464230060577,0.28295496232144174,0.28295496232144174,0.04014302429770744,4,0,2185,8,1.3992219059315953,4,11,0.19988250732649382,0.19988884370451362,0.19989597676492465,0.24826472997665405,0.016190936788916588,0.06521641954714681,0.021126976036268525,-0.0001448690783357881,-0.01448690783357881,0.27621698934743283,0,0,False,NOT_AVAILABLE_BOOLEAN_COSTMAP_VETO,1790648306832283990,1790648306832283990,34.556305,1.4664470218122005,350
351,3.509999999999969,1790648306912652031,21.411216735839844,2.3149707317352295,0.04015236720442772,0.24757464230060577,21.4136905670166,2.315070152282715,0.04027466103434563,0.24762065708637238,0.28305433860989493,0.28305433860989493,0.04026567776277057,4,0,2185,8,1.3992219059315953,4,11,0.19988250732649382,0.19988884370451362,0.19989597676492465,0.24854236841201782,0.016055770218372345,0.06459973130921527,0.020927257377413917,-0.0001997186588546078,-0.01997186588546078,0.2760670967591638,0,0,False,NOT_AVAILABLE_BOOLEAN_COSTMAP_VETO,1790648306912652031,1790648306912652031,34.575089,1.5292010502889752,351
352,3.519999999999969,1790648306992675869,21.4136905670166,2.315070152282715,0.04027466103434563,0.24762065708637238,21.41616439819336,2.3151700496673584,0.04039697349071503,0.24767829477787018,0.2831541917355058,0.2831541917355058,0.040388347576847394,4,0,2185,8,1.3992219059315953,4,11,0.19988250732649382,0.19988884370451362,0.19989597676492465,0.2488328516483307,0.0158842746168375,0.06383511868154111,0.020679630087191925,-0.00024762729022199254,-0.024762729022199254,0.2759167221109255,0,0,False,NOT_AVAILABLE_BOOLEAN_COSTMAP_VETO,1790648306992675869,1790648306992675869,34.721398,1.548722037114203,352
353,3.5299999999999687,1790648307072983908,21.41616439819336,2.3151700496673584,0.04039697349071503,0.24767829477787018,21.41864013671875,2.315270185470581,0.04051932692527771,0.24774691462516785,0.2832542832455718,0.2832542832455718,0.04051105634355201,4,0,2185,8,1.3992219059315953,4,11,0.19988250732649382,0.19988884370451362,0.19989597676492465,0.24912129342556,0.01567496918141842,0.06292103322794548,0.02038359123177425,-0.00029603885541767613,-0.029603885541767613,0.2757660945994897,0,0,False,NOT_AVAILABLE_BOOLEAN_COSTMAP_VETO,1790648307072983908,1790648307072983908,34.582642,1.5066720079630613,353
354,3.5399999999999685,1790648307153208329,21.41864013671875,2.315270185470581,0.0405193269252777,0.24774691462516785,21.42111587524414,2.315370798110962,0.04064170643687248,0.24782522022724152,0.28335485159279544,0.28335485159279544,0.040633788855389597,4,0,2185,8,1.3992219059315953,4,11,0.19988250732649382,0.19988884370451362,0.19989597676492465,0.2493937462568283,0.015454532578587532,0.061968404623395375,0.0200750658573269,-0.0003085253744473486,-0.03085253744473486,0.2756149819583375,0,0,False,NOT_AVAILABLE_BOOLEAN_COSTMAP_VETO,1790648307153208329,1790648307153208329,34.641012,1.474543008953333,354
355,3.5499999999999683,1790648307233455150,21.42111587524414,2.315370798110962,0.04064170643687248,0.24782522022724152,21.42359161376953,2.315471649169922,0.04076413810253143,0.2479119747877121,0.2834556583585985,0.2834556583585985,0.04075657116919862,4,0,2185,8,1.3992219059315953,4,11,0.19988250732649382,0.19988884370451362,0.19989597676492465,0.2496498078107834,0.01521770004183054,0.060956185687771336,0.019747236928557958,-0.00032782892876894246,-0.032782892876894246,0.2754636118484652,0,0,False,NOT_AVAILABLE_BOOLEAN_COSTMAP_VETO,1790648307233455150,1790648307233455150,34.76908,1.3850040268152952,355
356,3.559999999999968,1790648307313664466,21.42359161376953,2.315471649169922,0.04076413810253143,0.2479119747877121,21.426069259643555,2.31557297706604,0.04088659957051277,0.24800585210323334,0.2835569419274355,0.2835569419274355,0.04087938117154444,4,0,2185,8,1.3992219059315953,4,11,0.19988250732649382,0.19988884370451362,0.19989597676492465,0.2498863786458969,0.014973378740251064,0.05992074806714129,0.019411883736211045,-0.00033535319234691274,-0.033535319234691274,0.2753117550775445,0,0,False,NOT_AVAILABLE_BOOLEAN_COSTMAP_VETO,1790648307313664466,1790648307313664466,34.523791,1.3837559381499887,356
357,3.569999999999968,1790648307393646031,21.426069259643555,2.31557297706604,0.04088659957051277,0.24800585210323334,21.428546905517578,2.3156745433807373,0.041009124368429184,0.24810536205768585,0.2836584639148517,0.2836584639148517,0.04100225209433184,4,0,2185,8,1.3992219059315953,4,11,0.19988250732649382,0.19988884370451362,0.19989597676492465,0.2500985562801361,0.01471917424350977,0.05885349544770175,0.019066221866220534,-0.00034566186999051077,-0.03456618699905108,0.2751596362338941,0,0,False,NOT_AVAILABLE_BOOLEAN_COSTMAP_VETO,1790648307393646031,1790648307393646031,34.59669,1.3913399307057261,357
358,3.5799999999999677,1790648307473893524,21.428546905517578,2.3156745433807373,0.04100912436842919,0.24810536205768585,21.431026458740234,2.3157765865325928,0.04113168269395828,0.24820931255817413,0.2837604627053018,0.2837604627053018,0.04112515437499198,4,0,2185,8,1.3992219059315953,4,11,0.19988250732649382,0.19988884370451362,0.19989597676492465,0.2502914369106293,0.01444699615240097,0.05772069684333432,0.01869932597371802,-0.00036689589250251536,-0.036689589250251536,0.2750070291987778,0,0,False,NOT_AVAILABLE_BOOLEAN_COSTMAP_VETO,1790648307473893524,1790648307473893524,34.633491,1.387116964906454,358
359,3.5899999999999674,1790648307554089656,21.431026458740234,2.3157765865325928,0.04113168269395828,0.24820931255817413,21.433507919311523,2.3158788681030273,0.04125431180000305,0.2483161985874176,0.283862699880207,0.283862699880207,0.04124812523254917,4,0,2185,8,1.3992219059315953,4,11,0.19988250732649382,0.19988884370451362,0.19989597676492465,0.25045716762542725,0.014170274138450623,0.056577634702166174,0.018329100777567338,-0.00037022519615068084,-0.037022519615068084,0.2748541570252702,0,0,False,NOT_AVAILABLE_BOOLEAN_COSTMAP_VETO,1790648307554089656,1790648307554089656,34.49483,1.4522389974445105,359
360,3.5999999999999672,1790648307634081013,21.433507919311523,2.3158788681030273,0.04125431180000305,0.2483161985874176,21.435989379882812,2.315981388092041,0.04137697443366051,0.24842433631420135,0.2839651754736913,0.2839651754736913,0.041371127123788654,4,0,2185,8,1.3992219059315953,4,11,0.19988250732649382,0.19988884370451362,0.19989597676492465,0.2505902647972107,0.01388409174978733,0.05540555121334416,0.01794947067025316,-0.00037963010731417723,-0.03796301073141772,0.2747010350859755,0,0,False,NOT_AVAILABLE_BOOLEAN_COSTMAP_VETO,1790648307634081013,1790648307634081013,34.549841,1.351179089397192,360
361,3.609999999999967,1790648307714020368,21.435989379882812,2.315981388092041,0.04137697443366051,0.24842433631420135,21.438472747802734,2.316084384918213,0.04149970784783363,0.2485322207212448,0.28406812787020896,0.28406812787020896,0.041494197532910615,4,0,2185,8,1.3992219059315953,4,11,0.19988250732649382,0.19988884370451362,0.19989597676492465,0.25069329142570496,0.01360282301902771,0.054260817837078104,0.017578694088445625,-0.0003707765818075359,-0.03707765818075359,0.2745474095983253,0,0,False,NOT_AVAILABLE_BOOLEAN_COSTMAP_VETO,1790648307714020368,1790648307714020368,34.532784,1.4710230752825737,361
362,3.619999999999967,1790648307794175474,21.438472747802734,2.316084384918213,0.04149970784783363,0.2485322207212448,21.440956115722656,2.316187620162964,0.041622478514909744,0.2486386001110077,0.2841713186853062,0.2841713186853062,0.041617302645711174,4,0,2185,8,1.3992219059315953,4,11,0.19988250732649382,0.19988884370451362,0.19989597676492465,0.25076931715011597,0.013334372080862522,0.053173858079616165,0.017226625776994322,-0.00035206831145130277,-0.03520683114513028,0.27439353281539675,0,0,False,NOT_AVAILABLE_BOOLEAN_COSTMAP_VETO,1790648307794175474,1790648307794175474,34.474318,1.494544092565775,362
363,3.6299999999999666,1790648307874382070,21.440956115722656,2.316187620162964,0.041622478514909744,0.2486386001110077,21.44344139099121,2.316291093826294,0.041745319962501526,0.2487424612045288,0.2842747478848587,0.2842747478848587,0.04174047621957788,4,0,2185,8,1.3992219059315953,4,11,0.19988250732649382,0.19988884370451362,0.19989597676492465,0.2508227825164795,0.013080292381346226,0.05214953861093869,0.016894842862539165,-0.00033178291445515665,-0.033178291445515665,0.27423939091147326,0,0,False,NOT_AVAILABLE_BOOLEAN_COSTMAP_VETO,1790648307874382070,1790648307874382070,34.490894,2.3083939449861646,363
364,3.6399999999999664,1790648307956109163,21.44344139099121,2.316291093826294,0.041745319962501526,0.2487424612045288,21.445926666259766,2.3163950443267822,0.041868194937705994,0.24884310364723206,0.2843786539215684,0.2843786539215684,0.041863680713838836,4,0,2185,8,1.3992219059315953,4,11,0.19988250732649382,0.19988884370451362,0.19989597676492465,0.2508590519428253,0.012843571603298187,0.05119835821681028,0.016586746778641356,-0.0003080960838978096,-0.03080960838978096,0.2740847608375702,0,0,False,NOT_AVAILABLE_BOOLEAN_COSTMAP_VETO,1790648307956109163,1790648307956109163,34.52728,1.4351500431075692,364
365,3.649999999999966,1790648308036095816,21.445926666259766,2.3163950443267822,0.041868194937705994,0.24884310364723206,21.448413848876953,2.3164992332458496,0.041991133242845535,0.24894005060195923,0.2844827983427334,0.2844827983427334,0.04198694615896725,4,0,2185,8,1.3992219059315953,4,11,0.19988250732649382,0.19988884370451362,0.19989597676492465,0.25088194012641907,0.012630008161067963,0.050342436584728735,0.01630950319086117,-0.00027724358778018557,-0.027724358778018557,0.27392986872406827,0,0,False,NOT_AVAILABLE_BOOLEAN_COSTMAP_VETO,1790648308036095816,1790648308036095816,34.566513,1.4086849987506866,365
366,3.659999999999966,1790648308116081477,21.448413848876953,2.3164992332458496,0.041991133242845535,0.24894005060195923,21.45090103149414,2.316603899002075,0.042114101350307465,0.24903300404548645,0.2845874196010569,0.2845874196010569,0.042110238745965756,4,0,2185,8,1.3992219059315953,4,11,0.19988250732649382,0.19988884370451362,0.19989597676492465,0.2508949637413025,0.012434113770723343,0.04955904090424128,0.016055749455716646,-0.00025375373514452404,-0.025375373514452404,0.2737744899837195,0,0,False,NOT_AVAILABLE_BOOLEAN_COSTMAP_VETO,1790648308116081477,1790648308116081477,34.67826,1.4867670834064484,366
367,3.6699999999999657,1790648308196262088,21.45090103149414,2.316603899002075,0.04211410135030746,0.24903300404548645,21.45339012145996,2.31670880317688,0.04223712906241417,0.24912191927433014,0.28469228961673576,0.28469228961673576,0.04223358766480434,4,0,2185,8,1.3992219059315953,4,11,0.19988250732649382,0.19988884370451362,0.19989597676492465,0.25090286135673523,0.012250375002622604,0.048825170571510326,0.01581803585483815,-0.00023771360087849677,-0.023771360087849677,0.27361885074789577,0,0,False,NOT_AVAILABLE_BOOLEAN_COSTMAP_VETO,1790648308196262088,1790648308196262088,34.520592,2.0042879041284323,367
368,3.6799999999999655,1790648308277096128,21.45339012145996,2.31670880317688,0.04223712906241417,0.24912191927433014,21.45587921142578,2.3168141841888428,0.04236018657684326,0.24920691549777985,0.28479768250424004,0.28479768250424004,0.04235696450004145,4,0,2185,8,1.3992219059315953,4,11,0.19988250732649382,0.19988884370451362,0.19989597676492465,0.2509094476699829,0.012076526880264282,0.04813101695615839,0.015593185556504591,-0.0002248502983335579,-0.02248502983335579,0.2734627248916139,0,0,False,NOT_AVAILABLE_BOOLEAN_COSTMAP_VETO,1790648308277096128,1790648308277096128,34.45979,1.4238539151847363,368
369,3.6899999999999653,1790648308357196096,21.45587921142578,2.3168141841888428,0.04236018657684326,0.24920691549777985,21.458370208740234,2.3169198036193848,0.04248329997062683,0.24928820133209229,0.2849033138194237,0.2849033138194237,0.0424803946780985,4,0,2185,8,1.3992219059315953,4,11,0.19988250732649382,0.19988884370451362,0.19989597676492465,0.2509164810180664,0.011908911168575287,0.04746165385492484,0.01537636390998152,-0.0002168216465230719,-0.02168216465230719,0.27330634008353555,0,0,False,NOT_AVAILABLE_BOOLEAN_COSTMAP_VETO,1790648308357196096,1790648308357196096,34.539504,1.479855040088296,369
370,3.699999999999965,1790648308437722255,21.458370208740234,2.3169198036193848,0.04248329997062683,0.24928820133209229,21.460861206054688,2.317025899887085,0.04260643944144249,0.24937111139297485,0.28500942197176515,0.28500942197176515,0.042603848094614705,4,0,2185,8,1.3992219059315953,4,11,0.19988250732649382,0.19988884370451362,0.19989597676492465,0.2510319948196411,0.011925606988370419,0.04750632283720888,0.015390833235461239,1.4469325479719158e-05,0.0014469325479719158,0.27314947019724184,0,0,False,NOT_AVAILABLE_BOOLEAN_COSTMAP_VETO,1790648308437722255,1790648308437722255,34.463854,1.4793750597164035,370
371,3.709999999999965,1790648308517609352,21.460861206054688,2.317025899887085,0.04260643944144249,0.24937111139297485,21.46335220336914,2.3171322345733643,0.042729634791612625,0.24945513904094696,0.28511576854268555,0.28511576854268555,0.042727354495669,4,0,2185,8,1.3992219059315953,4,11,0.19988250732649382,0.19988884370451362,0.19989597676492465,0.25113821029663086,0.011957544833421707,0.047613403071153935,0.015425518995140617,3.468575967937801e-05,0.003468575967937801,0.27299234136631484,0,0,False,NOT_AVAILABLE_BOOLEAN_COSTMAP_VETO,1790648308517609352,1790648308517609352,34.72095,1.3723319862037897,371
372,3.7199999999999647,1790648308597979665,21.46335220336914,2.3171322345733643,0.042729634791612625,0.24945513904094696,21.465845108032227,2.3172390460968018,0.04285285621881485,0.24954093992710114,0.2852225919598648,0.2852225919598648,0.04285088425731809,4,0,2185,8,1.3992219059315953,4,11,0.19988250732649382,0.19988884370451362,0.19989597676492465,0.2512596845626831,0.012012416496872902,0.047808770108823805,0.015488802792908943,6.328379776832614e-05,0.006328379776832614,0.2728347274631224,0,0,False,NOT_AVAILABLE_BOOLEAN_COSTMAP_VETO,1790648308597979665,1790648308597979665,34.498798,1.4317899476736784,372
373,3.7299999999999645,1790648308678012912,21.465845108032227,2.3172390460968018,0.04285285621881485,0.24954093992710114,21.468338012695312,2.3173460960388184,0.04297613725066185,0.24962790310382843,0.2853296537956225,0.2853296537956225,0.042974470611298,4,0,2185,8,1.3992219059315953,4,11,0.19988250732649382,0.19988884370451362,0.19989597676492465,0.2513698637485504,0.012068990617990494,0.0480128780674493,0.015554917839944837,6.611504703589455e-05,0.006611504703589455,0.27267685308670114,0,0,False,NOT_AVAILABLE_BOOLEAN_COSTMAP_VETO,1790648308678012912,1790648308678012912,34.471086,1.3992449967190623,373
374,3.7399999999999642,1790648308757967980,21.468338012695312,2.3173460960388184,0.04297613725066185,0.24962790310382843,21.47083282470703,2.317453622817993,0.04309944435954094,0.24971632659435272,0.28543719247763893,0.28543719247763893,0.043098080203836986,4,0,2185,8,1.3992219059315953,4,11,0.19988250732649382,0.19988884370451362,0.19989597676492465,0.2514873445034027,0.012090766802430153,0.048077038732525806,0.015575700859329326,2.078301938448872e-05,0.002078301938448872,0.27251849364412734,0,0,False,NOT_AVAILABLE_BOOLEAN_COSTMAP_VETO,1790648308757967980,1790648308757967980,34.443437,1.3849399983882904,374
375,3.749999999999964,1790648308837810564,21.47083282470703,2.317453622817993,0.04309944435954094,0.24971632659435272,21.47332763671875,2.317561388015747,0.043222811073064804,0.24980652332305908,0.2855449695782342,0.2855449695782342,0.043221746270993844,4,0,2185,8,1.3992219059315953,4,11,0.19988250732649382,0.19988884370451362,0.19989597676492465,0.2516132891178131,0.01209118589758873,0.04805463948260405,0.015568445262045039,-7.2555972842874156e-06,-0.0007255597284287416,0.2723598737358112,0,0,False,NOT_AVAILABLE_BOOLEAN_COSTMAP_VETO,1790648308837810564,1790648308837810564,34.45931,2.269639982841909,375
376,3.759999999999964,1790648308919486679,21.47332763671875,2.317561388015747,0.043222811073064804,0.24980652332305908,21.4758243560791,2.317669630050659,0.043346207588911057,0.24989864230155945,0.28565322352508776,0.28565322352508776,0.04334543917955358,4,0,2185,8,1.3992219059315953,4,11,0.19988250732649382,0.19988884370451362,0.19989597676492465,0.2517438530921936,0.012071407400071621,0.04795115055163167,0.015534922957253495,-3.3522304791543805e-05,-0.0033522304791543805,0.2722007672319237,0,0,False,NOT_AVAILABLE_BOOLEAN_COSTMAP_VETO,1790648308919486679,1790648308919486679,34.404588,2.1604530047625303,376
377,3.7699999999999636,1790648309000985796,21.4758243560791,2.317669630050659,0.043346207588911057,0.24989864230155945,21.478321075439453,2.3177781105041504,0.04346966743469238,0.24999254941940308,0.2857617158905204,0.2857617158905204,0.043469192170003,4,0,2185,8,1.3992219059315953,4,11,0.19988250732649382,0.19988884370451362,0.19989597676492465,0.2518734633922577,0.012037483043968678,0.04779178751840952,0.015483301753073029,-5.1621204180465896e-05,-0.00516212041804659,0.2720413987344827,0,0,False,NOT_AVAILABLE_BOOLEAN_COSTMAP_VETO,1790648309000985796,1790648309000985796,34.607986,1.497486955486238,377
378,3.7799999999999634,1790648309081311116,21.478321075439453,2.3177781105041504,0.04346966743469239,0.24999254941940308,21.480819702148438,2.3178870677948,0.0435931570827961,0.25008806586265564,0.2858706851022113,0.2858706851022113,0.04359297187796729,4,0,2185,8,1.3992219059315953,4,11,0.19988250732649382,0.19988884370451362,0.19989597676492465,0.252001017332077,0.011997155845165253,0.047607569097055956,0.015423629237210652,-5.967251586237732e-05,-0.005967251586237732,0.2718815436480588,0,0,False,NOT_AVAILABLE_BOOLEAN_COSTMAP_VETO,1790648309081311116,1790648309081311116,34.52952,1.5920499572530389,378
379,3.789999999999963,1790648309161893884,21.480819702148438,2.3178870677948,0.043593157082796104,0.25008806586265564,21.483318328857422,2.3179962635040283,0.043716710060834885,0.25018495321273804,0.28597989273248137,0.28597989273248137,0.043716811548969225,4,0,2185,8,1.3992219059315953,4,11,0.19988250732649382,0.19988884370451362,0.19989597676492465,0.2521253526210785,0.011959184892475605,0.047433488017562336,0.015367240334846339,-5.638890236431271e-05,-0.005638890236431271,0.27172142657604964,0,0,False,NOT_AVAILABLE_BOOLEAN_COSTMAP_VETO,1790648309161893884,1790648309161893884,34.422509,1.5279530780389905,379
380,3.799999999999963,1790648309242431307,21.483318328857422,2.3179962635040283,0.043716710060834885,0.25018495321273804,21.48581886291504,2.318105936050415,0.04384028911590576,0.2502484619617462,0.2860895772090096,0.2860895772090096,0.04384067408878778,4,0,2185,8,1.3992219059315953,4,11,0.19988250732649382,0.19988884370451362,0.19989597676492465,0.2515208423137665,0.012751596048474312,0.05069796972358652,0.01642466507248244,0.0010574247376361028,0.10574247376361028,0.2715608244568887,0,0,False,NOT_AVAILABLE_BOOLEAN_COSTMAP_VETO,1790648309242431307,1790648309242431307,65.360681,1.504112035036087,380
381,3.8099999999999627,1790648309352874421,21.48581886291504,2.318105936050415,0.043840289115905755,0.2502484619617462,21.488319396972656,2.3182156085968018,0.043963901698589325,0.2502870261669159,0.28619926168553755,0.28619926168553755,0.04396456667055704,4,0,2185,8,1.3992219059315953,4,11,0.19988250732649382,0.19988884370451362,0.19989597676492465,0.25105926394462585,0.013535118661820889,0.05391204629997729,0.017465726801749962,0.0010410617292675207,0.10410617292675207,0.27140021105980655,0,0,False,NOT_AVAILABLE_BOOLEAN_COSTMAP_VETO,1790648309352874421,1790648309352874421,49.113378,1.4187009073793888,381
382,3.8199999999999625,1790648309449268799,21.488319396972656,2.3182156085968018,0.043963901698589325,0.2502870261669159,21.490819931030273,2.3183257579803467,0.044087521731853485,0.2502996325492859,0.2863094229992241,0.2863094229992241,0.044088463160280256,4,0,2185,8,1.3992219059315953,4,11,0.19988250732649382,0.19988884370451362,0.19989597676492465,0.2505519986152649,0.014147716574370861,0.05646618926435062,0.01829300456129308,0.0008272777595431172,0.08272777595431172,0.2712391202960511,0,0,False,NOT_AVAILABLE_BOOLEAN_COSTMAP_VETO,1790648309449268799,1790648309449268799,46.224102,1.444270950742066,382
383,3.8299999999999623,1790648309542751147,21.490819931030273,2.3183257579803467,0.044087521731853485,0.2502996325492859,21.49332046508789,2.3184361457824707,0.04421113431453705,0.25026175379753113,0.28641982273148964,0.28641982273148964,0.04421234860008427,4,0,2185,8,1.3992219059315953,4,11,0.19988250732649382,0.19988884370451362,0.19989597676492465,0.2501004934310913,0.014905384741723537,0.05959758230477194,0.01930721726727846,0.0010142127059853817,0.10142127059853817,0.27107779672545645,0,0,False,NOT_AVAILABLE_BOOLEAN_COSTMAP_VETO,1790648309542751147,1790648309542751147,46.178692,1.3826679205521941,383
384,3.839999999999962,1790648309636416605,21.49332046508789,2.3184361457824707,0.04421113431453705,0.25026175379753113,21.495820999145508,2.318547010421753,0.04433472454547882,0.2501598298549652,0.28653069930091346,0.28653069930091346,0.04433620803108429,4,0,2185,8,1.3992219059315953,4,11,0.19988250732649382,0.19988884370451362,0.19989597676492465,0.24972592294216156,0.015767693519592285,0.06313999497458742,0.020454505262715215,0.0011472879954367542,0.11472879954367542,0.2709160080694712,0,0,False,NOT_AVAILABLE_BOOLEAN_COSTMAP_VETO,1790648309636416605,1790648309636416605,44.048321,1.5266089467331767,384
385,3.849999999999962,1790648309728201107,21.495820999145508,2.318547010421753,0.04433472454547882,0.2501598298549652,21.498319625854492,2.318657875061035,0.044458240270614624,0.2500308156013489,0.2866415758612372,0.2866415758612372,0.044459989041377934,4,0,2185,8,1.3992219059315953,4,11,0.19988250732649382,0.19988884370451362,0.19989597676492465,0.2494814693927765,0.016634704545140266,0.06667711467961199,0.02160002528536174,0.0011455200226465241,0.11455200226465241,0.27075425265255965,0,0,False,NOT_AVAILABLE_BOOLEAN_COSTMAP_VETO,1790648309728201107,1790648309728201107,43.921244,1.7292069969698787,385
386,3.8599999999999617,1790648309819901863,21.498319625854492,2.318657875061035,0.044458240270614624,0.2500308156013489,21.500816345214844,2.3187692165374756,0.044581711292266846,0.2499048262834549,0.28675292924961904,0.28675292924961904,0.04458372138598987,4,0,2185,8,1.3992219059315953,4,11,0.19988250732649382,0.19988884370451362,0.19989597676492465,0.24936844408512115,0.01738714426755905,0.06972471730073435,0.022586966549228125,0.0009869412638663852,0.09869412638663852,0.27059204135555265,0,0,False,NOT_AVAILABLE_BOOLEAN_COSTMAP_VETO,1790648309819901863,1790648309819901863,43.908475,1.515281037427485,386
387,3.8699999999999615,1790648309911454805,21.500816345214844,2.3187692165374756,0.044581711292266846,0.2499048262834549,21.503313064575195,2.318880558013916,0.0447051078081131,0.2498055100440979,0.28686428263800084,0.28686428263800084,0.04470737540914049,4,0,2185,8,1.3992219059315953,4,11,0.19988250732649382,0.19988884370451362,0.19989597676492465,0.24938268959522247,0.01792178861796856,0.0718646055468314,0.02327992572835241,0.0006929591791242848,0.06929591791242848,0.27042986329120805,0,0,False,NOT_AVAILABLE_BOOLEAN_COSTMAP_VETO,1790648309911454805,1790648309911454805,43.965757,1.5616820892319083,387
388,3.8799999999999613,1790648310003591575,21.503313064575195,2.318880558013916,0.04470510780811309,0.2498055100440979,21.505807876586914,2.3189923763275146,0.04482847824692726,0.24974647164344788,0.2869761128544408,0.2869761128544408,0.04483099929033285,4,0,2185,8,1.3992219059315953,4,11,0.19988250732649382,0.19988884370451362,0.19989597676492465,0.24949511885643005,0.018199635669589043,0.07294585863245635,0.023630059032673432,0.00035013330432102224,0.035013330432102224,0.27026722166847356,0,0,False,NOT_AVAILABLE_BOOLEAN_COSTMAP_VETO,1790648310003591575,1790648310003591575,44.107842,1.697462983429432,388
389,3.889999999999961,1790648310095747832,21.505807876586914,2.3189923763275146,0.04482847824692726,0.24974647164344788,21.508302688598633,2.3191044330596924,0.044951826333999634,0.2497294396162033,0.28708818148945986,0.28708818148945986,0.04495459689677217,4,0,2185,8,1.3992219059315953,4,11,0.19988250732649382,0.19988884370451362,0.19989597676492465,0.24965693056583405,0.018196169286966324,0.07288469519242138,0.02361025313215906,-1.9805900514372615e-05,-0.0019805900514372615,0.27010435337055155,0,0,False,NOT_AVAILABLE_BOOLEAN_COSTMAP_VETO,1790648310095747832,1790648310095747832,44.042272,1.599123002961278,389
390,3.899999999999961,1790648310188286023,21.508302688598633,2.3191044330596924,0.044951826333999634,0.2497294396162033,21.51079750061035,2.3192169666290283,0.04507517069578171,0.24973443150520325,0.2872007269616371,0.2872007269616371,0.045078186798789055,4,0,2185,8,1.3992219059315953,4,11,0.19988250732649382,0.19988884370451362,0.19989597676492465,0.24983443319797516,0.01802201382815838,0.07213582850638237,0.02336775417105172,-0.00024249896110734026,-0.024249896110734026,0.269941012305918,0,0,False,NOT_AVAILABLE_BOOLEAN_COSTMAP_VETO,1790648310188286023,1790648310188286023,43.719445,1.4985440066084266,390
391,3.9099999999999606,1790648310279597070,21.51079750061035,2.3192169666290283,0.045075170695781715,0.24973443150520325,21.51329231262207,2.3193295001983643,0.04519852250814438,0.24974551796913147,0.2873132724338144,0.2873132724338144,0.04520178011476306,4,0,2185,8,1.3992219059315953,4,11,0.19988250732649382,0.19988884370451362,0.19989597676492465,0.24996763467788696,0.017795301973819733,0.07119042429933417,0.023061608258251015,-0.0003061459128007038,-0.03061459128007038,0.2697776707091008,0,0,False,NOT_AVAILABLE_BOOLEAN_COSTMAP_VETO,1790648310279597070,1790648310279597070,44.1729,1.5900030266493559,391
392,3.9199999999999604,1790648310371193022,21.51329231262207,2.3193295001983643,0.045198522508144386,0.24974551796913147,21.51578712463379,2.3194425106048584,0.04532187804579735,0.24975907802581787,0.28742629474314985,0.28742629474314985,0.04532537306373108,4,0,2185,8,1.3992219059315953,4,11,0.19988250732649382,0.19988884370451362,0.19989597676492465,0.2500307559967041,0.01764276996254921,0.07056239898255467,0.022858235303687434,-0.00020337295456358123,-0.020337295456358123,0.269613853278489,0,0,False,NOT_AVAILABLE_BOOLEAN_COSTMAP_VETO,1790648310371193022,1790648310371193022,44.195301,1.602067961357534,392
393,3.92999999999996,1790648310463156217,21.51578712463379,2.3194425106048584,0.04532187804579735,0.24975907802581787,21.518281936645508,2.3195557594299316,0.045445241034030914,0.2497720569372177,0.2875395554710644,0.2875395554710644,0.045448969313521825,4,0,2185,8,1.3992219059315953,4,11,0.19988250732649382,0.19988884370451362,0.19989597676492465,0.2500319480895996,0.017624611034989357,0.07048943612867237,0.022834607675975706,-2.3627627711728105e-05,-0.0023627627711728105,0.26944979689942733,0,0,False,NOT_AVAILABLE_BOOLEAN_COSTMAP_VETO,1790648310463156217,1790648310463156217,43.85673,1.459310995414853,393
394,3.93999999999996,1790648310554653286,21.518281936645508,2.3195557594299316,0.045445241034030914,0.2497720569372177,21.520776748657227,2.319669485092163,0.04556860774755478,0.24978306889533997,0.2876532930361372,0.2876532930361372,0.04557256508229335,4,0,2185,8,1.3992219059315953,4,11,0.19988250732649382,0.19988884370451362,0.19989597676492465,0.25000378489494324,0.017711687833070755,0.07084567875847789,0.022949969810455793,0.00011536213448008759,0.011536213448008759,0.2692852646887311,0,0,False,NOT_AVAILABLE_BOOLEAN_COSTMAP_VETO,1790648310554653286,1790648310554653286,50.747094,1.598451053723693,394
395,3.9499999999999598,1790648310653447100,21.520776748657227,2.319669485092163,0.04556860774755478,0.24978306889533997,21.523271560668945,2.3197834491729736,0.04569198191165924,0.24978971481323242,0.287767269019789,0.287767269019789,0.045696164040033516,4,0,2185,8,1.3992219059315953,4,11,0.19988250732649382,0.19988884370451362,0.19989597676492465,0.24992269277572632,0.01789729669690132,0.0716113310805348,0.02319790911012191,0.0002479392996661174,0.02479392996661174,0.26912049353189776,0,0,False,NOT_AVAILABLE_BOOLEAN_COSTMAP_VETO,1790648310653447100,1790648310653447100,43.929436,1.5573609853163362,395
396,3.9599999999999596,1790648310744802565,21.523271560668945,2.3197834491729736,0.04569198191165924,0.24978971481323242,21.525766372680664,2.3198976516723633,0.0458153560757637,0.24979154765605927,0.28788148342201997,0.28788148342201997,0.045819758678315115,4,0,2185,8,1.3992219059315953,4,11,0.19988250732649382,0.19988884370451362,0.19989597676492465,0.24982817471027374,0.018241839483380318,0.07301754297542869,0.023653271780696643,0.000455362670574732,0.0455362670574732,0.2689554864981775,0,0,False,NOT_AVAILABLE_BOOLEAN_COSTMAP_VETO,1790648310744802565,1790648310744802565,44.137347,1.528720953501761,396
397,3.9699999999999593,1790648310836368980,21.525766372680664,2.3198976516723633,0.045815356075763695,0.24979154765605927,21.528261184692383,2.320012092590332,0.04593872278928757,0.24977067112922668,0.28799593624283004,0.28799593624283004,0.045943341490806144,4,0,2185,8,1.3992219059315953,4,11,0.19988250732649382,0.19988884370451362,0.19989597676492465,0.24968180060386658,0.018671492114663124,0.07478114972539163,0.02422435295942883,0.0005710811787321864,0.057108117873218636,0.2687902466562037,0,0,False,NOT_AVAILABLE_BOOLEAN_COSTMAP_VETO,1790648310836368980,1790648310836368980,44.253703,1.5031200600787997,397
398,3.979999999999959,1790648310927975524,21.528261184692383,2.320012092590332,0.04593872278928757,0.24977067112922668,21.5307559967041,2.320127010345459,0.046062078326940536,0.24972113966941833,0.28811086590079826,0.28811086590079826,0.04606690869483465,4,0,2185,8,1.3992219059315953,4,11,0.19988250732649382,0.19988884370451362,0.19989597676492465,0.2495102733373642,0.019109388813376427,0.07658758317954514,0.024809285652837024,0.0005849326934081953,0.058493269340819526,0.2686245371215647,0,0,False,NOT_AVAILABLE_BOOLEAN_COSTMAP_VETO,1790648310927975524,1790648310927975524,43.811033,1.4937759842723608,398
399,3.989999999999959,1790648311019006722,21.5307559967041,2.320127010345459,0.046062078326940536,0.24972113966941833,21.53325080871582,2.320242166519165,0.04618539288640022,0.2496478259563446,0.2882260339773461,0.2882260339773461,0.04619043043191118,4,0,2185,8,1.3992219059315953,4,11,0.19988250732649382,0.19988884370451362,0.19989597676492465,0.2493356615304947,0.019559212028980255,0.07844530505151222,0.025410808093098366,0.0006015224402613414,0.060152244026134144,0.268458608583139,0,0,False,NOT_AVAILABLE_BOOLEAN_COSTMAP_VETO,1790648311019006722,1790648311019006722,44.335657,1.441549975425005,399
400,3.9999999999999587,1790648311110319401,21.53325080871582,2.320242166519165,0.04618539288640022,0.2496478259563446,21.535743713378906,2.32035756111145,0.04630868136882782,0.24955366551876068,0.2883414404633724,0.2883414404633724,0.04631392139359347,4,0,2185,8,1.3992219059315953,4,11,0.19988250732649382,0.19988884370451362,0.19989597676492465,0.2491527795791626,0.019997524097561836,0.08026209513431529,0.025999059208473202,0.0005882511153748361,0.05882511153748361,0.26829245490436254,0,0,False,NOT_AVAILABLE_BOOLEAN_COSTMAP_VETO,1790648311110319401,1790648311110319401,44.568945,1.5398890245705843,400
401,4.009999999999959,1790648311203210595,21.535743713378906,2.32035756111145,0.04630868136882782,0.24955366551876068,21.538236618041992,2.3204731941223145,0.046431899070739746,0.2494371384382248,0.2884570853679779,0.2884570853679779,0.04643733697992314,4,0,2185,8,1.3992219059315953,4,11,0.19988250732649382,0.19988884370451362,0.19989597676492465,0.24894097447395325,0.020401932299137115,0.08195489851459457,0.02654714898253789,0.000548089774064689,0.054808977406468895,0.2681260944878782,0,0,False,NOT_AVAILABLE_BOOLEAN_COSTMAP_VETO,1790648311203210595,1790648311203210595,44.02656,1.5630259877070785,401
402,4.019999999999959,1790648311289077660,21.538236618041992,2.3204731941223145,0.046431899070739746,0.2494371384382248,21.540727615356445,2.320589065551758,0.04655507579445839,0.24929730594158173,0.2885729686820624,0.2885729686820624,0.04656070679049984,4,0,2185,8,1.3992219059315953,4,11,0.19988250732649382,0.19988884370451362,0.19989597676492465,0.24870197474956512,0.02078258991241455,0.08356423359059352,0.02706819890261993,0.0005210499200820375,0.052104992008203746,0.26795951506170396,0,0,False,NOT_AVAILABLE_BOOLEAN_COSTMAP_VETO,1790648311289077660,1790648311289077660,42.364426,1.7690169624984264,402
403,4.0299999999999585,1790648311380064440,21.540727615356445,2.320589065551758,0.04655507579445839,0.24929730594158173,21.543216705322266,2.3207051753997803,0.046678151935338974,0.24913515150547028,0.28868909040562635,0.28868909040562635,0.046683971175808914,4,0,2185,8,1.3992219059315953,4,11,0.19988250732649382,0.19988884370451362,0.19989597676492465,0.24844476580619812,0.021128930151462555,0.08504477879781293,0.02754753791024236,0.0004793390076224327,0.04793390076224327,0.26779274115959834,0,0,False,NOT_AVAILABLE_BOOLEAN_COSTMAP_VETO,1790648311380064440,1790648311380064440,40.42926,1.6961820656433702,403
404,4.039999999999958,1790648311466883504,21.543216705322266,2.3207051753997803,0.046678151935338974,0.24913515150547028,21.545703887939453,2.320821523666382,0.04680117219686508,0.2489553689956665,0.2888054505386689,0.2888054505386689,0.04680717479328633,4,0,2185,8,1.3992219059315953,4,11,0.19988250732649382,0.19988884370451362,0.19989597676492465,0.24818989634513855,0.021437954157590866,0.08637722354248763,0.02797891732399409,0.0004313794137517299,0.04313794137517299,0.26762575437539143,0,0,False,NOT_AVAILABLE_BOOLEAN_COSTMAP_VETO,1790648311466883504,1790648311466883504,43.79964,1.6870299587026238,404
405,4.049999999999958,1790648311557362140,21.545703887939453,2.320821523666382,0.04680117219686508,0.2489553689956665,21.548189163208008,2.3209381103515625,0.04692406952381134,0.2487625777721405,0.28892204908119085,0.28892204908119085,0.046930250542640994,4,0,2185,8,1.3992219059315953,4,11,0.19988250732649382,0.19988884370451362,0.19989597676492465,0.2479417324066162,0.021742234006524086,0.08769090138834532,0.028404210752422686,0.0004252934284285949,0.04252934284285949,0.2674585823060986,0,0,False,NOT_AVAILABLE_BOOLEAN_COSTMAP_VETO,1790648311557362140,1790648311557362140,43.826809,1.7998969415202737,405
406,4.059999999999958,1790648311647893098,21.548189163208008,2.3209381103515625,0.04692406952381135,0.2487625777721405,21.55067253112793,2.3210549354553223,0.047046903520822525,0.24856415390968323,0.28903888603319144,0.28903888603319144,0.04705325798370108,4,0,2185,8,1.3992219059315953,4,11,0.19988250732649382,0.19988884370451362,0.19989597676492465,0.24771933257579803,0.022023240104317665,0.08890400226465536,0.028796934011243145,0.0003927232588204592,0.03927232588204592,0.26729120041305093,0,0,False,NOT_AVAILABLE_BOOLEAN_COSTMAP_VETO,1790648311647893098,1790648311647893098,44.524815,1.5117599396035075,406
407,4.069999999999958,1790648311738153071,21.55067253112793,2.3210549354553223,0.047046903520822525,0.24856415390968323,21.55315399169922,2.321171998977661,0.047169607132673264,0.24836580455303192,0.2891559613946715,0.2891559613946715,0.04717613001729681,4,0,2185,8,1.3992219059315953,4,11,0.19988250732649382,0.19988884370451362,0.19989597676492465,0.24752134084701538,0.022260775789618492,0.08993477375907206,0.02913062388309859,0.0003336898718554436,0.03336898718554436,0.26712363629004593,0,0,False,NOT_AVAILABLE_BOOLEAN_COSTMAP_VETO,1790648311738153071,1790648311738153071,44.404683,1.5973950503394008,407
408,4.079999999999957,1790648311830820386,21.55315399169922,2.321171998977661,0.047169607132673264,0.24836580455303192,21.555635452270508,2.321289300918579,0.047292277216911316,0.24835821986198425,0.28927327517473056,0.28927327517473056,0.047298963579930575,5,0,2185,8,1.3992150307001954,5,12,0.19988135414099223,0.19988786152859933,0.19989597676492465,0.24832594394683838,0.021809251978993416,0.08782510450725334,0.02844765743763486,-0.0006829664454637285,-0.06829664454637285,0.26695585006953965,0,0,False,NOT_AVAILABLE_BOOLEAN_COSTMAP_VETO,1790648311830820386,1790648311830820386,21.740567,2.072387025691569,408
409,4.089999999999957,1790648311903336368,21.555635452270508,2.321289300918579,0.04729227721691131,0.24835821986198425,21.558116912841797,2.321406841278076,0.04741495102643967,0.24838431179523468,0.2893908273733688,0.2893908273733688,0.04742179586883388,5,0,2185,8,1.3992150307001954,5,12,0.19988135414099223,0.19988786152859933,0.19989597676492465,0.24890699982643127,0.02128678560256958,0.08552104045853816,0.027701728961789945,-0.0007459284758449154,-0.07459284758449154,0.2667878264201213,0,0,False,NOT_AVAILABLE_BOOLEAN_COSTMAP_VETO,1790648311903336368,1790648311903336368,22.52584,1.9214700441807508,409
410,4.099999999999957,1790648311970307341,21.558116912841797,2.321406841278076,0.04741495102643967,0.24838431179523468,21.560598373413086,2.3215248584747314,0.04753763973712921,0.2484375685453415,0.2895088564091653,0.2895088564091653,0.04754463800420572,5,0,2185,8,1.3992150307001954,5,12,0.19988135414099223,0.19988786152859933,0.19989597676492465,0.2495042234659195,0.02062816731631756,0.0826766257892032,0.02678082240531175,-0.000920906556478196,-0.0920906556478196,0.2666193223254007,0,0,False,NOT_AVAILABLE_BOOLEAN_COSTMAP_VETO,1790648311970307341,1790648311970307341,23.259559,1.505680033005774,410
411,4.109999999999957,1790648312037685431,21.560598373413086,2.3215248584747314,0.04753763973712921,0.2484375685453415,21.563079833984375,2.321643114089966,0.04766036942601204,0.2485073208808899,0.2896271238635404,0.2896271238635404,0.047667516007407595,5,0,2185,8,1.3992150307001954,5,12,0.19988135414099223,0.19988786152859933,0.19989597676492465,0.24990446865558624,0.019700514152646065,0.07883218038728612,0.025536074381728602,-0.0012447480235831462,-0.12447480235831462,0.26645056547563833,0,0,False,NOT_AVAILABLE_BOOLEAN_COSTMAP_VETO,1790648312037685431,1790648312037685431,22.687797,1.3950529973953962,411
412,4.119999999999957,1790648312104354122,21.563079833984375,2.321643114089966,0.04766036942601204,0.2485073208808899,21.565563201904297,2.3217618465423584,0.04778312146663666,0.24858498573303223,0.2897458681641743,0.2897458681641743,0.047790411304510005,5,0,2185,8,1.3992150307001954,5,12,0.19988135414099223,0.19988786152859933,0.19989597676492465,0.2501407861709595,0.01853683963418007,0.07410562634720037,0.024005610640835486,-0.001530463740893117,-0.15304637408931168,0.2662813251194482,0,0,False,NOT_AVAILABLE_BOOLEAN_COSTMAP_VETO,1790648312104354122,1790648312104354122,23.723574,1.4265740755945444,412
413,4.129999999999956,1790648312169688531,21.565563201904297,2.3217618465423584,0.04778312146663666,0.24858498573303223,21.56804656982422,2.32188081741333,0.047905925661325455,0.24865774810314178,0.2898648508833871,0.2898648508833871,0.047913353525376845,5,0,2185,8,1.3992150307001954,5,12,0.19988135414099223,0.19988786152859933,0.19989597676492465,0.25011536478996277,0.017229437828063965,0.06888596325352736,0.022315347196568597,-0.001690263444266888,-0.1690263444266888,0.26611182741592393,0,0,False,NOT_AVAILABLE_BOOLEAN_COSTMAP_VETO,1790648312169688531,1790648312169688531,23.425677,1.9704309524968266,413
414,4.139999999999956,1790648312236181632,21.56804656982422,2.32188081741333,0.047905925661325455,0.24865774810314178,21.57052993774414,2.322000026702881,0.048028748482465744,0.2487131506204605,0.2899840720211792,0.2899840720211792,0.04803630908763079,5,0,2185,8,1.3992150307001954,5,12,0.19988135414099223,0.19988786152859933,0.19989597676492465,0.24982281029224396,0.015991242602467537,0.06401033830241883,0.02073637690313311,-0.0015789702934354867,-0.15789702934354866,0.2659420861626926,0,0,False,NOT_AVAILABLE_BOOLEAN_COSTMAP_VETO,1790648312236181632,1790648312236181632,20.947326,1.3414500281214714,414
415,4.149999999999956,1790648312298884341,21.57052993774414,2.322000026702881,0.048028748482465744,0.2487131506204605,21.573015213012695,2.3221194744110107,0.04815160110592842,0.24873974919319153,0.2901035315866498,0.2901035315866498,0.0481592892058087,5,0,2185,8,1.3992150307001954,5,12,0.19988135414099223,0.19988786152859933,0.19989597676492465,0.24927255511283875,0.014976974576711655,0.060082725793587644,0.019464344692710828,-0.001272032210422283,-0.1272032210422283,0.26577209676401886,0,0,False,NOT_AVAILABLE_BOOLEAN_COSTMAP_VETO,1790648312298884341,1790648312298884341,22.319657,1.4143820153549314,415
416,4.159999999999956,1790648312362654187,21.573015213012695,2.3221194744110107,0.048151601105928414,0.24873974919319153,21.57550048828125,2.322239398956299,0.0482744500041008,0.24871093034744263,0.29022346798927917,0.29022346798927917,0.04828226019368387,5,0,2185,8,1.3992150307001954,5,12,0.19988135414099223,0.19988786152859933,0.19989597676492465,0.24858823418617249,0.014349693432450294,0.05772474903902143,0.018700638426063038,-0.0007637062666477901,-0.076370626664779,0.2656016345961875,0,0,False,NOT_AVAILABLE_BOOLEAN_COSTMAP_VETO,1790648312362654187,1790648312362654187,21.255623,1.4332609716802835,416
417,4.1699999999999555,1790648312425286877,21.57550048828125,2.322239398956299,0.04827445000410079,0.24871093034744263,21.577983856201172,2.322359561920166,0.0483972430229187,0.24856208264827728,0.29034364280138714,0.29034364280138714,0.04840516975366915,5,0,2185,8,1.3992150307001954,5,12,0.19988135414099223,0.19988786152859933,0.19989597676492465,0.24792838096618652,0.014156430028378963,0.057098868524897414,0.01849792328226594,-0.00020271514379709837,-0.020271514379709837,0.2654309595318513,0,0,False,NOT_AVAILABLE_BOOLEAN_COSTMAP_VETO,1790648312425286877,1790648312425286877,20.59893,1.7822650261223316,417
418,4.179999999999955,1790648312488182072,21.577983856201172,2.322359561920166,0.04839724302291871,0.24856208264827728,21.58046531677246,2.3224799633026123,0.04851997271180153,0.24833686649799347,0.29046405602297454,0.29046405602297454,0.048528010391564624,5,0,2185,8,1.3992150307001954,5,12,0.19988135414099223,0.19988786152859933,0.19989597676492465,0.24737800657749176,0.014326008036732674,0.05791140544357575,0.01876109388564145,0.00026317060337550935,0.026317060337550935,0.26526007463295026,0,0,False,NOT_AVAILABLE_BOOLEAN_COSTMAP_VETO,1790648312488182072,1790648312488182072,19.822778,1.3733879895880818,418
419,4.189999999999955,1790648312550297498,21.58046531677246,2.3224799633026123,0.04851997271180153,0.24833686649799347,21.582944869995117,2.3226003646850586,0.04864254593849182,0.24808256328105927,0.2905844692354619,0.2905844692354619,0.04865068893220803,5,0,2185,8,1.3992150307001954,5,12,0.19988135414099223,0.19988786152859933,0.19989597676492465,0.2469998300075531,0.014682281762361526,0.059442477194873174,0.019256981893792262,0.0004958880081508132,0.049588800815081324,0.26508925662095856,0,0,False,NOT_AVAILABLE_BOOLEAN_COSTMAP_VETO,1790648312550297498,1790648312550297498,20.030176,1.413708901964128,419
420,4.199999999999955,1790648312612221653,21.582944869995117,2.3226003646850586,0.04864254593849182,0.24808256328105927,21.585420608520508,2.322721242904663,0.04876503720879555,0.24784062802791595,0.29070535926690727,0.29070535926690727,0.048773279764461996,5,0,2185,8,1.3992150307001954,5,12,0.19988135414099223,0.19988786152859933,0.19989597676492465,0.24681054055690765,0.015096230432391167,0.06116525817061041,0.019814949910533806,0.0005579680167415446,0.05579680167415446,0.2649179980064897,0,0,False,NOT_AVAILABLE_BOOLEAN_COSTMAP_VETO,1790648312612221653,1790648312612221653,21.111043,1.3993410393595695,420
421,4.209999999999955,1790648312675193810,21.585420608520508,2.322721242904663,0.04876503720879555,0.24784062802791595,21.587894439697266,2.3228421211242676,0.048887379467487335,0.24763593077659607,0.29082624928925255,0.29082624928925255,0.04889571587367936,5,0,2185,8,1.3992150307001954,5,12,0.19988135414099223,0.19988786152859933,0.19989597676492465,0.2467644065618515,0.015447107143700123,0.06259860309241279,0.020279167045156407,0.00046421713462260067,0.04642171346226007,0.26474680319998994,0,0,False,NOT_AVAILABLE_BOOLEAN_COSTMAP_VETO,1790648312675193810,1790648312675193810,22.074914,1.8658200278878212,421
422,4.2199999999999545,1790648312740443256,21.587894439697266,2.3228421211242676,0.048887379467487335,0.24763593077659607,21.59036636352539,2.322963237762451,0.04900966212153435,0.24747781455516815,0.2909473777210773,0.2909473777210773,0.049018086624779134,5,0,2185,8,1.3992150307001954,5,12,0.19988135414099223,0.19988786152859933,0.19989597676492465,0.24680458009243011,0.01567929796874523,0.06352920177929121,0.02058055518925916,0.0003013881441027537,0.03013881441027537,0.264575397006139,0,0,False,NOT_AVAILABLE_BOOLEAN_COSTMAP_VETO,1790648312740443256,1790648312740443256,22.468142,1.5622889623045921,422
423,4.229999999999954,1790648312805631516,21.59036636352539,2.322963237762451,0.04900966212153435,0.24747781455516815,21.592838287353516,2.323084592819214,0.0491318553686142,0.24735978245735168,0.2910687445714808,0.2910687445714808,0.049140362235359,5,0,2185,8,1.3992150307001954,5,12,0.19988135414099223,0.19988786152859933,0.19989597676492465,0.24685721099376678,0.015791771933436394,0.06397128068434323,0.020723727672252557,0.00014317248299339572,0.014317248299339572,0.264403791677491,0,0,False,NOT_AVAILABLE_BOOLEAN_COSTMAP_VETO,1790648312805631516,1790648312805631516,19.858363,1.3094820315018296,423
424,4.239999999999954,1790648312867510006,21.592838287353516,2.323084592819214,0.049131855368614204,0.24735978245735168,21.595308303833008,2.3232061862945557,0.04925401508808136,0.2472713440656662,0.2911903498313633,0.2911903498313633,0.04926259847247083,5,0,2185,8,1.3992150307001954,5,12,0.19988135414099223,0.19988786152859933,0.19989597676492465,0.24689483642578125,0.015838582068681717,0.06415112724904205,0.020781972866907583,5.8245194655026644e-05,0.005824519465502664,0.2642319642313968,0,0,False,NOT_AVAILABLE_BOOLEAN_COSTMAP_VETO,1790648312867510006,1790648312867510006,21.39422,1.4052289770916104,424
425,4.249999999999954,1790648312930774940,21.595308303833008,2.3232061862945557,0.04925401508808136,0.2472713440656662,21.5977783203125,2.3233280181884766,0.04937612637877464,0.24721144139766693,0.2913121935098252,0.2913121935098252,0.04938478044566352,5,0,2185,8,1.3992150307001954,5,12,0.19988135414099223,0.19988786152859933,0.19989597676492465,0.24695639312267303,0.015764089301228523,0.06383349344350796,0.020679103735220538,-0.00010286913168704517,-0.010286913168704517,0.26405992079366375,0,0,False,NOT_AVAILABLE_BOOLEAN_COSTMAP_VETO,1790648312930774940,1790648312930774940,21.677013,1.3599160593003035,425
426,4.259999999999954,1790648312993679351,21.5977783203125,2.3233280181884766,0.04937612637877464,0.24721144139766693,21.60024642944336,2.3234503269195557,0.04949822276830673,0.24718326330184937,0.291434514016345,0.291434514016345,0.04950694158059221,5,0,2185,8,1.3992150307001954,5,12,0.19988135414099223,0.19988786152859933,0.19989597676492465,0.24706332385540009,0.015620114281773567,0.06322312044549204,0.020481426633760597,-0.0001976771014599414,-0.01976771014599414,0.2638874091581231,0,0,False,NOT_AVAILABLE_BOOLEAN_COSTMAP_VETO,1790648312993679351,1790648312993679351,21.098883,1.4978719409555197,426
427,4.269999999999953,1790648313057396780,21.60024642944336,2.3234503269195557,0.04949822276830673,0.24718326330184937,21.60271453857422,2.3235726356506348,0.049620307981967926,0.24718444049358368,0.2915568345228651,0.2915568345228651,0.049629085603929646,5,0,2185,8,1.3992150307001954,5,12,0.19988135414099223,0.19988786152859933,0.19989597676492465,0.24720807373523712,0.015483691357076168,0.06263424621664822,0.020290710666150576,-0.0001907159676100209,-0.01907159676100209,0.26371490463013386,0,0,False,NOT_AVAILABLE_BOOLEAN_COSTMAP_VETO,1790648313057396780,1790648313057396780,20.306601,1.4157580444589257,427
428,4.279999999999953,1790648313119568208,21.60271453857422,2.3235726356506348,0.049620307981967926,0.24718444049358368,21.605182647705078,2.323695421218872,0.04974239692091942,0.24719412624835968,0.29167963186654294,0.29167963186654294,0.049751227362314854,5,0,2185,8,1.3992150307001954,5,12,0.19988135414099223,0.19988786152859933,0.19989597676492465,0.24738824367523193,0.015387997031211853,0.062201812028760003,0.02015065926878611,-0.0001400513973644664,-0.01400513973644664,0.2635419242463867,0,0,False,NOT_AVAILABLE_BOOLEAN_COSTMAP_VETO,1790648313119568208,1790648313119568208,21.866107,1.3427629601210356,428
429,4.289999999999953,1790648313183267844,21.605182647705078,2.323695421218872,0.04974239692091942,0.24719412624835968,21.607650756835938,2.3238184452056885,0.049864497035741806,0.24721349775791168,0.29180266762880036,0.29180266762880036,0.04987337425155092,5,0,2185,8,1.3992150307001954,5,12,0.19988135414099223,0.19988786152859933,0.19989597676492465,0.24760162830352783,0.01529165543615818,0.06175910692078556,0.020007280634840537,-0.00014337863394557268,-0.014337863394557268,0.26336870336348744,0,0,False,NOT_AVAILABLE_BOOLEAN_COSTMAP_VETO,1790648313183267844,1790648313183267844,21.122435,1.3631479814648628,429
430,4.299999999999953,1790648313245799699,21.607650756835938,2.3238184452056885,0.049864497035741806,0.24721349775791168,21.61012077331543,2.323941946029663,0.04998660460114479,0.2472430318593979,0.29192618023731554,0.29192618023731554,0.04999552252039141,5,0,2185,8,1.3992150307001954,5,12,0.19988135414099223,0.19988786152859933,0.19989597676492465,0.2478344589471817,0.01518502738326788,0.06127084767701372,0.019849147456835376,-0.0001581331780051605,-0.01581331780051605,0.26319500509569566,0,0,False,NOT_AVAILABLE_BOOLEAN_COSTMAP_VETO,1790648313245799699,1790648313245799699,20.035136,1.6826449427753687,430
431,4.3099999999999525,1790648313307855827,21.61012077331543,2.323941946029663,0.04998660460114479,0.2472430318593979,21.612590789794922,2.324065685272217,0.050108734518289566,0.24728360772132874,0.29204993126441026,0.29204993126441026,0.05011768697715624,5,0,2185,8,1.3992150307001954,5,12,0.19988135414099223,0.19988786152859933,0.19989597676492465,0.24809622764587402,0.01504860632121563,0.060656328651218394,0.019650120943230157,-0.00019902651360521884,-0.019902651360521884,0.26302106173751144,0,0,False,NOT_AVAILABLE_BOOLEAN_COSTMAP_VETO,1790648313307855827,1790648313307855827,22.518192,1.4094850048422813,431
432,4.319999999999952,1790648313371918739,21.612590789794922,2.324065685272217,0.05010873451828957,0.24728360772132874,21.615060806274414,2.3241896629333496,0.050230879336595535,0.24733562767505646,0.2921739207100837,0.2921739207100837,0.05023986011602943,5,0,2185,8,1.3992150307001954,5,12,0.19988135414099223,0.19988786152859933,0.19989597676492465,0.248377725481987,0.014874329790472984,0.05988592480106156,0.019400605246573395,-0.0002495156966567623,-0.02495156966567623,0.2628468763535549,0,0,False,NOT_AVAILABLE_BOOLEAN_COSTMAP_VETO,1790648313371918739,1790648313371918739,21.884891,1.9681589910760522,432
433,4.329999999999952,1790648313436391584,21.615060806274414,2.3241896629333496,0.050230879336595535,0.24733562767505646,21.617530822753906,2.3243138790130615,0.05035306140780449,0.24739870429039001,0.29229814857433667,0.29229814857433667,0.0503620642338487,5,0,2185,8,1.3992150307001954,5,12,0.19988135414099223,0.19988786152859933,0.19989597676492465,0.2486620545387268,0.014667426235973835,0.058985381839550106,0.019108937490565244,-0.00029166775600815084,-0.029166775600815084,0.2626724397584896,0,0,False,NOT_AVAILABLE_BOOLEAN_COSTMAP_VETO,1790648313436391584,1790648313436391584,21.062914,1.39204494189471,433
434,4.339999999999952,1790648313499056755,21.617530822753906,2.3243138790130615,0.05035306140780449,0.24739870429039001,21.62000274658203,2.3244385719299316,0.050475265830755234,0.24747143685817719,0.2924228532848475,0.2924228532848475,0.05048428438419306,5,0,2185,8,1.3992150307001954,5,12,0.19988135414099223,0.19988786152859933,0.19989597676492465,0.24892841279506683,0.014442403800785542,0.058018301882941006,0.01879571612033515,-0.0003132213702300955,-0.03132213702300955,0.26249751966115625,0,0,False,NOT_AVAILABLE_BOOLEAN_COSTMAP_VETO,1790648313499056755,1790648313499056755,20.317834,1.4577750116586685,434
435,4.349999999999952,1790648313561684101,21.62000274658203,2.3244385719299316,0.050475265830755234,0.24747143685817719,21.622474670410156,2.324563503265381,0.05059752240777016,0.24755272269248962,0.29254779641393747,0.29254779641393747,0.050606550294962194,5,0,2185,8,1.3992150307001954,5,12,0.19988135414099223,0.19988786152859933,0.19989597676492465,0.24918077886104584,0.014211990870535374,0.05703486013445927,0.018477191651239247,-0.0003185244690959016,-0.03185244690959016,0.2623223422341529,0,0,False,NOT_AVAILABLE_BOOLEAN_COSTMAP_VETO,1790648313561684101,1790648313561684101,22.072962,1.457806909456849,435
436,4.3599999999999515,1790648313625455772,21.622474670410156,2.324563503265381,0.05059752240777016,0.24755272269248962,21.62494659423828,2.3246889114379883,0.05071980506181717,0.2476411610841751,0.292673216380186,0.292673216380186,0.05072883583409071,5,0,2185,8,1.3992150307001954,5,12,0.19988135414099223,0.19988786152859933,0.19989597676492465,0.24941249191761017,0.013977027498185635,0.05603980534705032,0.018154902048031853,-0.00032228960320739367,-0.03222896032073937,0.2621466797794462,0,0,False,NOT_AVAILABLE_BOOLEAN_COSTMAP_VETO,1790648313625455772,1790648313625455772,20.718646,1.3354349648579955,436
437,4.369999999999951,1790648313687601118,21.62494659423828,2.3246889114379883,0.05071980506181716,0.2476411610841751,21.62742042541504,2.324814558029175,0.05084214732050896,0.24773529171943665,0.2927988747741132,0.2927988747741132,0.05085117446881515,5,0,2185,8,1.3992150307001954,5,12,0.19988135414099223,0.19988786152859933,0.19989597676492465,0.24962066113948822,0.013727724552154541,0.054994344176035485,0.017816282192756175,-0.0003386198552756785,-0.03386198552756785,0.2619707569402407,0,0,False,NOT_AVAILABLE_BOOLEAN_COSTMAP_VETO,1790648313687601118,1790648313687601118,21.957405,1.307946047745645,437
438,4.379999999999951,1790648313750723296,21.62742042541504,2.324814558029175,0.05084214732050896,0.24773529171943665,21.629894256591797,2.3249406814575195,0.05096452310681343,0.24783380329608917,0.29292501000519877,0.29292501000519877,0.05097354006218291,5,0,2185,8,1.3992150307001954,5,12,0.19988135414099223,0.19988786152859933,0.19989597676492465,0.24980713427066803,0.01347329281270504,0.05393477993349309,0.017473090251372496,-0.000343191941383679,-0.0343191941383679,0.2617943460178906,0,0,False,NOT_AVAILABLE_BOOLEAN_COSTMAP_VETO,1790648313750723296,1790648313750723296,21.075714,1.52283301576972,438
439,4.389999999999951,1790648313813984999,21.629894256591797,2.3249406814575195,0.05096452310681343,0.24783380329608917,21.632369995117188,2.3250670433044434,0.05108696594834328,0.24793513119220734,0.2930513836639635,0.2930513836639635,0.051095966071164955,5,0,2185,8,1.3992150307001954,5,12,0.19988135414099223,0.19988786152859933,0.19989597676492465,0.2499649077653885,0.013202506117522717,0.05281743839785021,0.01711117983706002,-0.0003619104143124767,-0.03619104143124767,0.2616176716574558,0,0,False,NOT_AVAILABLE_BOOLEAN_COSTMAP_VETO,1790648313813984999,1790648313813984999,21.745975,1.329258899204433,439
440,4.399999999999951,1790648313877193451,21.632369995117188,2.3250670433044434,0.05108696594834328,0.24793513119220734,21.634845733642578,2.3251938819885254,0.05120944231748581,0.24803775548934937,0.29317823415988636,0.29317823415988636,0.051218418918161035,5,0,2185,8,1.3992150307001954,5,12,0.19988135414099223,0.19988786152859933,0.19989597676492465,0.2500932812690735,0.012920654378831387,0.051663340627412346,0.016737359258010603,-0.00037382057904941646,-0.037382057904941646,0.26144050922093703,0,0,False,NOT_AVAILABLE_BOOLEAN_COSTMAP_VETO,1790648313877193451,1790648313877193451,22.091586,1.43326201941818,440
441,4.40999999999995,1790648313940472690,21.634845733642578,2.3251938819885254,0.05120944231748581,0.24803775548934937,21.6373233795166,2.3253209590911865,0.051331985741853714,0.24814002215862274,0.2933053230834883,0.2933053230834883,0.0513409320496514,5,0,2185,8,1.3992150307001954,5,12,0.19988135414099223,0.19988786152859933,0.19989597676492465,0.25018858909606934,0.0126409363001585,0.05052563086841877,0.016368842294264066,-0.0003685169637465367,-0.03685169637465367,0.2612630833547908,0,0,False,NOT_AVAILABLE_BOOLEAN_COSTMAP_VETO,1790648313940472690,1790648313940472690,22.054145,1.3505399692803621,441
442,4.41999999999995,1790648314003883069,21.6373233795166,2.3253209590911865,0.051331985741853714,0.24814002215862274,21.639802932739258,2.325448513031006,0.051454562693834305,0.24824067950248718,0.2934328888533489,0.2934328888533489,0.05146347186669065,5,0,2185,8,1.3992150307001954,5,12,0.19988135414099223,0.19988786152859933,0.19989597676492465,0.2502569854259491,0.012371506541967392,0.04943520965423007,0.016015638446771275,-0.0003532038474927911,-0.03532038474927911,0.26108516941963317,0,0,False,NOT_AVAILABLE_BOOLEAN_COSTMAP_VETO,1790648314003883069,1790648314003883069,22.061249,1.420109998434782,442
443,4.42999999999995,1790648314067315209,21.639802932739258,2.325448513031006,0.051454562693834305,0.24824067950248718,21.642282485961914,2.3255763053894043,0.05157720297574997,0.24833866953849792,0.29356069304178795,0.29356069304178795,0.051586068137258856,5,0,2185,8,1.3992150307001954,5,12,0.19988135414099223,0.19988786152859933,0.19989597676492465,0.2503013610839844,0.012118280865252018,0.048414762160186316,0.01568509651904456,-0.00033054192772671506,-0.033054192772671506,0.260906993593714,0,0,False,NOT_AVAILABLE_BOOLEAN_COSTMAP_VETO,1790648314067315209,1790648314067315209,21.392812,1.5639220364391804,443
444,4.43999999999995,1790648314130340936,21.642282485961914,2.3255763053894043,0.05157720297574997,0.24833866953849792,21.644763946533203,2.325704574584961,0.05169987678527832,0.24843329191207886,0.2936889740764857,0.2936889740764857,0.05170869096109865,5,0,2185,8,1.3992150307001954,5,12,0.19988135414099223,0.19988786152859933,0.19989597676492465,0.25032874941825867,0.011883456259965897,0.04747140025898732,0.015379520998188305,-0.0003055755208562546,-0.03055755208562546,0.26072832970571297,0,0,False,NOT_AVAILABLE_BOOLEAN_COSTMAP_VETO,1790648314130340936,1790648314130340936,19.095555,1.3432749547064304,444
445,4.4499999999999496,1790648314190955961,21.644763946533203,2.325704574584961,0.05169987678527832,0.24843329191207886,21.647245407104492,2.3258330821990967,0.05182261019945145,0.24852415919303894,0.2938174935297625,0.2938174935297625,0.051831366390971745,5,0,2185,8,1.3992150307001954,5,12,0.19988135414099223,0.19988786152859933,0.19989597676492465,0.2503442168235779,0.011670507490634918,0.04661784337866026,0.015103032807918028,-0.00027648819027027705,-0.027648819027027705,0.2605494054653656,0,0,False,NOT_AVAILABLE_BOOLEAN_COSTMAP_VETO,1790648314190955961,1790648314190955961,21.999263,1.383469090797007,445
446,4.459999999999949,1790648314253913878,21.647245407104492,2.3258330821990967,0.05182261019945145,0.24852415919303894,21.64972686767578,2.3259620666503906,0.05194537341594696,0.24861103296279907,0.29394648982019705,0.29394648982019705,0.05195406456888518,5,0,2185,8,1.3992150307001954,5,12,0.19988135414099223,0.19988786152859933,0.19989597676492465,0.250351220369339,0.011476431041955948,0.04584132254288579,0.014851496491131903,-0.00025153631678612523,-0.025153631678612523,0.26036999469988514,0,0,False,NOT_AVAILABLE_BOOLEAN_COSTMAP_VETO,1790648314253913878,1790648314253913878,19.165508,1.2893850216642022,446
447,4.469999999999949,1790648314313243391,21.64972686767578,2.3259620666503906,0.05194537341594696,0.24861103296279907,21.652210235595703,2.3260912895202637,0.05206819251179695,0.24869398772716522,0.2940757245383111,0.2940757245383111,0.052076811458188654,5,0,2185,8,1.3992150307001954,5,12,0.19988135414099223,0.19988786152859933,0.19989597676492465,0.25035548210144043,0.01129103172570467,0.0450999979346556,0.014611359440095712,-0.00024013705103619054,-0.024013705103619054,0.2601903251198651,0,0,False,NOT_AVAILABLE_BOOLEAN_COSTMAP_VETO,1790648314313243391,1790648314313243391,19.607059,1.3308259658515453,447
448,4.479999999999949,1790648314372273662,21.652210235595703,2.3260912895202637,0.05206819251179695,0.24869398772716522,21.654693603515625,2.326220989227295,0.05219103768467903,0.24877315759658813,0.2942054182390635,0.2942054182390635,0.052199577153574594,5,0,2185,8,1.3992150307001954,5,12,0.19988135414099223,0.19988786152859933,0.19989597676492465,0.25035905838012695,0.011117018759250641,0.04440430009275466,0.014386000719959172,-0.00022535872013654083,-0.022535872013654083,0.2600101705510524,0,0,False,NOT_AVAILABLE_BOOLEAN_COSTMAP_VETO,1790648314372273662,1790648314372273662,22.068994,1.3912440044805408,448
449,4.489999999999949,1790648314434602598,21.654693603515625,2.326220989227295,0.05219103768467904,0.24877315759658813,21.65717887878418,2.3263509273529053,0.05231393501162529,0.2488487809896469,0.2943353445069906,0.2943353445069906,0.05232238778125042,5,0,2185,8,1.3992150307001954,5,12,0.19988135414099223,0.19988786152859933,0.19989597676492465,0.2503635883331299,0.010949806310236454,0.04373561819886849,0.014169391949453065,-0.0002166087705061069,-0.02166087705061069,0.25982975870489583,0,0,False,NOT_AVAILABLE_BOOLEAN_COSTMAP_VETO,1790648314434602598,1790648314434602598,29.116066,1.436174032278359,449
450,4.4999999999999485,1790648314508023473,21.65717887878418,2.3263509273529053,0.05231393501162529,0.2488487809896469,21.659664154052734,2.326481342315674,0.05243685469031334,0.24892117083072662,0.29446574761207583,0.29446574761207583,0.0524452134485931,5,0,2185,8,1.3992150307001954,5,12,0.19988135414099223,0.19988786152859933,0.19989597676492465,0.25037121772766113,0.010785766877233982,0.043079100605589955,0.01395672231516242,-0.0002126696342906447,-0.02126696342906447,0.2596488634056728,0,0,False,NOT_AVAILABLE_BOOLEAN_COSTMAP_VETO,1790648314508023473,1790648314508023473,22.533168,2.2633690387010574,450
451,4.509999999999948,1790648314573470526,21.659664154052734,2.326481342315674,0.05243685469031333,0.24892117083072662,21.66214942932129,2.3266119956970215,0.05255982279777527,0.24899625778198242,0.29459638913574016,0.29459638913574016,0.052568080169622,5,0,2185,8,1.3992150307001954,5,12,0.19988135414099223,0.19988786152859933,0.19989597676492465,0.2505004405975342,0.010810297913849354,0.04315480598781735,0.013981246072997625,2.4523757835204565e-05,0.0024523757835204565,0.25946771236569094,0,0,False,NOT_AVAILABLE_BOOLEAN_COSTMAP_VETO,1790648314573470526,1790648314573470526,26.536848,1.3856450095772743,451
452,4.519999999999948,1790648314642149489,21.66214942932129,2.3266119956970215,0.052559822797775275,0.24899625778198242,21.664636611938477,2.3267431259155273,0.05268281698226929,0.24907350540161133,0.2947275074874623,0.2947275074874623,0.05269096544315088,5,0,2185,8,1.3992150307001954,5,12,0.19988135414099223,0.19988786152859933,0.19989597676492465,0.2506208121776581,0.010859108529984951,0.04332883783924231,0.014037621326950547,5.637525395292206e-05,0.005637525395292206,0.25928607634835793,0,0,False,NOT_AVAILABLE_BOOLEAN_COSTMAP_VETO,1790648314642149489,1790648314642149489,30.983486,2.1658609621226788,452
453,4.529999999999948,1790648314716502586,21.664636611938477,2.3267431259155273,0.052682816982269294,0.24907350540161133,21.667123794555664,2.3268744945526123,0.052805863320827484,0.2491532564163208,0.2948588642577635,0.2948588642577635,0.05281389535799974,5,0,2185,8,1.3992150307001954,5,12,0.19988135414099223,0.19988786152859933,0.19989597676492465,0.2507508099079132,0.010944352485239506,0.04364632955426448,0.01414046822459425,0.00010284689764370261,0.010284689764370261,0.25910418306730926,0,0,False,NOT_AVAILABLE_BOOLEAN_COSTMAP_VETO,1790648314716502586,1790648314716502586,31.422573,2.1275560138747096,453
454,4.539999999999948,1790648314797917029,21.667123794555664,2.3268744945526123,0.052805863320827484,0.2491532564163208,21.669612884521484,2.3270063400268555,0.05292893573641777,0.24923542141914368,0.29499069785612236,0.29499069785612236,0.05293684367596363,5,0,2185,8,1.3992150307001954,5,12,0.19988135414099223,0.19988786152859933,0.19989597676492465,0.25088128447532654,0.011003948748111725,0.043861178290459255,0.014210065228523881,6.959700392963203e-05,0.006959700392963203,0.25892180481479715,0,0,False,NOT_AVAILABLE_BOOLEAN_COSTMAP_VETO,1790648314797917029,1790648314797917029,20.796057,1.516656018793583,454
455,4.549999999999947,1790648314860779454,21.669612884521484,2.3270063400268555,0.05292893573641777,0.24923542141914368,21.672101974487305,2.3271384239196777,0.053052064031362534,0.24932003021240234,0.29512276987306063,0.29512276987306063,0.053059840222339005,5,0,2185,8,1.3992150307001954,5,12,0.19988135414099223,0.19988786152859933,0.19989597676492465,0.2510148584842682,0.011036583222448826,0.04396784831420854,0.01424461932092626,3.455409240237829e-05,0.003455409240237829,0.25873916777608724,0,0,False,NOT_AVAILABLE_BOOLEAN_COSTMAP_VETO,1790648314860779454,1790648314860779454,17.32945,1.370636047795415,455
456,4.559999999999947,1790648314918951394,21.672101974487305,2.3271384239196777,0.053052064031362534,0.24932003021240234,21.674592971801758,2.327270746231079,0.053175222128629684,0.24940696358680725,0.2952550802994777,0.2952550802994777,0.05318285874694029,5,0,2185,8,1.3992150307001954,5,12,0.19988135414099223,0.19988786152859933,0.19989597676492465,0.2511482834815979,0.011038008145987988,0.04395016359646656,0.014238890634470647,-5.728686455612822e-06,-0.0005728686455612822,0.25855628266115954,0,0,False,NOT_AVAILABLE_BOOLEAN_COSTMAP_VETO,1790648314918951394,1790648314918951394,18.96659,1.443502027541399,456
457,4.569999999999947,1790648314978611445,21.674592971801758,2.327270746231079,0.05317522212862968,0.24940696358680725,21.67708396911621,2.3274035453796387,0.05329843610525131,0.24949604272842407,0.2953878675630532,0.2953878675630532,0.05330592536158418,5,0,2185,8,1.3992150307001954,5,12,0.19988135414099223,0.19988786152859933,0.19989597676492465,0.2512804865837097,0.011023592203855515,0.04386967071628619,0.014212816218813104,-2.6074415657542302e-05,-0.00260744156575423,0.2583729003489143,0,0,False,NOT_AVAILABLE_BOOLEAN_COSTMAP_VETO,1790648314978611445,1790648314978611445,17.177061,1.747512025758624,457
458,4.579999999999947,1790648315035959038,21.67708396911621,2.3274035453796387,0.05329843610525131,0.24949604272842407,21.679574966430664,2.3275365829467773,0.05342167988419533,0.2495870143175125,0.29552089324520736,0.29552089324520736,0.05342901392542432,5,0,2185,8,1.3992150307001954,5,12,0.19988135414099223,0.19988786152859933,0.19989597676492465,0.2514093518257141,0.01100077386945486,0.0437564227009383,0.014176131254237272,-3.668496457583277e-05,-0.003668496457583277,0.25818926996682573,0,0,False,NOT_AVAILABLE_BOOLEAN_COSTMAP_VETO,1790648315035959038,1790648315035959038,17.038305,1.5097439754754305,458
459,4.589999999999947,1790648315092672179,21.679574966430664,2.3275365829467773,0.05342167988419533,0.2495870143175125,21.68206787109375,2.327670097351074,0.05354498326778412,0.24967969954013824,0.2956543957554199,0.2956543957554199,0.053552154049282485,5,0,2185,8,1.3992150307001954,5,12,0.19988135414099223,0.19988786152859933,0.19989597676492465,0.2515363097190857,0.010975830256938934,0.04363517246952012,0.014136854051712817,-3.927720252445456e-05,-0.003927720252445456,0.2580051408657395,0,0,False,NOT_AVAILABLE_BOOLEAN_COSTMAP_VETO,1790648315092672179,1790648315092672179,22.062945,1.7191589577123523,459
460,4.599999999999946,1790648315155565486,21.68206787109375,2.327670097351074,0.05354498326778412,0.24967969954013824,21.684560775756836,2.32780385017395,0.053668320178985596,0.24977393448352814,0.29578813668421106,0.29578813668421106,0.05367531970884443,5,0,2185,8,1.3992150307001954,5,12,0.19988135414099223,0.19988786152859933,0.19989597676492465,0.251661479473114,0.010949509218335152,0.04350888042643384,0.014095943583181883,-4.091046853093444e-05,-0.004091046853093444,0.25782076217227495,0,0,False,NOT_AVAILABLE_BOOLEAN_COSTMAP_VETO,1790648315155565486,1790648315155565486,17.089762,1.4033729676157236,460
461,4.609999999999946,1790648315213652431,21.684560775756836,2.32780385017395,0.053668320178985596,0.24977393448352814,21.687055587768555,2.3279378414154053,0.05379170551896095,0.24983550608158112,0.2959221160224811,0.2959221160224811,0.053798525601012503,5,0,2185,8,1.3992150307001954,5,12,0.19988135414099223,0.19988786152859933,0.19989597676492465,0.25106891989707947,0.011788158677518368,0.04695188350015876,0.01521123694468825,0.001115293361506368,0.1115293361506368,0.25763612777333006,0,0,False,NOT_AVAILABLE_BOOLEAN_COSTMAP_VETO,1790648315213652431,1790648315213652431,56.882714,1.4292289270088077,461
462,4.619999999999946,1790648315311209341,21.687055587768555,2.3279378414154053,0.05379170551896095,0.24983550608158112,21.689550399780273,2.3280723094940186,0.0539151094853878,0.24987275898456573,0.29605657219790976,0.29605657219790976,0.053921741987700056,5,0,2185,8,1.3992150307001954,5,12,0.19988135414099223,0.19988786152859933,0.19989597676492465,0.2506190538406372,0.012616993859410286,0.05034331454875389,0.016309787575544295,0.0010985506308560447,0.10985506308560447,0.25745101148548794,0,0,False,NOT_AVAILABLE_BOOLEAN_COSTMAP_VETO,1790648315311209341,1790648315311209341,40.436845,1.3368109939619899,462
463,4.629999999999946,1790648315393234556,21.689550399780273,2.3280723094940186,0.0539151094853878,0.24987275898456573,21.692045211791992,2.328207015991211,0.054038528352975845,0.24988406896591187,0.2961912667919171,0.2961912667919171,0.054044965079848684,5,0,2185,8,1.3992150307001954,5,12,0.19988135414099223,0.19988786152859933,0.19989597676492465,0.2501107156276703,0.013262998312711716,0.0530285089122523,0.017179546582434035,0.00086975900688974,0.086975900688974,0.2572656532581134,0,0,False,NOT_AVAILABLE_BOOLEAN_COSTMAP_VETO,1790648315393234556,1790648315393234556,37.795896,1.484271022491157,463
464,4.6399999999999455,1790648315473421439,21.692045211791992,2.328207015991211,0.054038528352975845,0.24988406896591187,21.69454002380371,2.3283421993255615,0.05416194349527359,0.24983994662761688,0.2963264382230826,0.2963264382230826,0.054168176187239236,5,0,2185,8,1.3992150307001954,5,12,0.19988135414099223,0.19988786152859933,0.19989597676492465,0.24965210258960724,0.014077438041567802,0.05638822143112137,0.01826775142410544,0.001088204841671405,0.1088204841671405,0.25707982231814,0,0,False,NOT_AVAILABLE_BOOLEAN_COSTMAP_VETO,1790648315473421439,1790648315473421439,38.952125,1.3734839158132672,464
465,4.649999999999945,1790648315555548961,21.69454002380371,2.3283421993255615,0.05416194349527359,0.24983994662761688,21.69703483581543,2.328477621078491,0.054285306483507156,0.24973167479038239,0.29646184807282766,0.29646184807282766,0.05429132681692561,5,0,2185,8,1.3992150307001954,5,12,0.19988135414099223,0.19988786152859933,0.19989597676492465,0.24927069246768951,0.014986068941652775,0.060119658646173454,0.019476306401195364,0.0012085549770899234,0.12085549770899234,0.25689377695755206,0,0,False,NOT_AVAILABLE_BOOLEAN_COSTMAP_VETO,1790648315555548961,1790648315555548961,41.841594,1.6186441062018275,465
466,4.659999999999945,1790648315640925386,21.69703483581543,2.328477621078491,0.05428530648350716,0.24973167479038239,21.699527740478516,2.32861328125,0.05440862849354744,0.2495952844619751,0.2965974963502517,0.2965974963502517,0.05441442825363829,5,0,2185,8,1.3992150307001954,5,12,0.19988135414099223,0.19988786152859933,0.19989597676492465,0.24901460111141205,0.015889624133706093,0.06381000978571891,0.02067149828211201,0.0011951918809166469,0.11951918809166469,0.25670751258801755,0,0,False,NOT_AVAILABLE_BOOLEAN_COSTMAP_VETO,1790648315640925386,1790648315640925386,35.4059,1.4875039923936129,466
467,4.669999999999945,1790648315721589788,21.699527740478516,2.32861328125,0.05440862849354743,0.2495952844619751,21.70201873779297,2.328749179840088,0.05453186109662056,0.24946166574954987,0.29673338305535546,0.29673338305535546,0.05453743202430639,5,0,2185,8,1.3992150307001954,5,12,0.19988135414099223,0.19988786152859933,0.19989597676492465,0.24889276921749115,0.016657136380672455,0.0669249509860886,0.02168028665077509,0.0010087883686630793,0.10087883686630793,0.2565210490785527,0,0,False,NOT_AVAILABLE_BOOLEAN_COSTMAP_VETO,1790648315721589788,1790648315721589788,42.090721,1.5649140113964677,467
468,4.679999999999945,1790648315809650524,21.70201873779297,2.328749179840088,0.05453186109662056,0.24946166574954987,21.704509735107422,2.328885316848755,0.054655056446790695,0.24935464560985565,0.2968695081790379,0.2968695081790379,0.054660390053253405,5,0,2185,8,1.3992150307001954,5,12,0.19988135414099223,0.19988786152859933,0.19989597676492465,0.24889899790287018,0.017209172248840332,0.0691411873645068,0.022397998483875314,0.0007177118331002236,0.07177118331002236,0.2563343650260254,0,0,False,NOT_AVAILABLE_BOOLEAN_COSTMAP_VETO,1790648315809650524,1790648315809650524,34.859579,1.464430009946227,468
469,4.689999999999944,1790648315890030821,21.704509735107422,2.328885316848755,0.054655056446790695,0.24935464560985565,21.706998825073242,2.329021692276001,0.054778192192316055,0.24928835034370422,0.29700587173040016,0.29700587173040016,0.05478328011753408,5,0,2185,8,1.3992150307001954,5,12,0.19988135414099223,0.19988786152859933,0.19989597676492465,0.24900609254837036,0.01749783754348755,0.07027072054507473,0.02276378065579719,0.00036578217192187804,0.036578217192187804,0.2561474695990659,0,0,False,NOT_AVAILABLE_BOOLEAN_COSTMAP_VETO,1790648315890030821,1790648315890030821,41.498479,1.4597909757867455,469
470,4.699999999999944,1790648315972906463,21.706998825073242,2.329021692276001,0.054778192192316055,0.24928835034370422,21.709487915039062,2.329158306121826,0.05490131303668022,0.24926583468914032,0.297142473700341,0.297142473700341,0.05490614667856164,5,0,2185,8,1.3992150307001954,5,12,0.19988135414099223,0.19988786152859933,0.19989597676492465,0.2491699904203415,0.01751672476530075,0.07030029874685398,0.02277335902595545,9.578370158257882e-06,0.0009578370158257882,0.25596034445519517,0,0,False,NOT_AVAILABLE_BOOLEAN_COSTMAP_VETO,1790648315972906463,1790648315972906463,42.28804,1.5995069406926632,470
471,4.709999999999944,1790648316060627091,21.709487915039062,2.329158306121826,0.05490131303668023,0.24926583468914032,21.711977005004883,2.3292951583862305,0.05502443015575409,0.24927020072937012,0.2972793140888615,0.2972793140888615,0.05502900084887674,5,0,2185,8,1.3992150307001954,5,12,0.19988135414099223,0.19988786152859933,0.19989597676492465,0.24935773015022278,0.01736455410718918,0.06963711971843864,0.02255859939141044,-0.00021475963454500868,-0.021475963454500868,0.2557729850096028,0,0,False,NOT_AVAILABLE_BOOLEAN_COSTMAP_VETO,1790648316060627091,1790648316060627091,41.981822,1.5492970123887062,471
472,4.719999999999944,1790648316148599375,21.711977005004883,2.3292951583862305,0.05502443015575409,0.24927020072937012,21.714466094970703,2.329432487487793,0.055147551000118256,0.24928119778633118,0.2974166313145397,0.2974166313145397,0.05515185001521372,5,0,2185,8,1.3992150307001954,5,12,0.19988135414099223,0.19988786152859933,0.19989597676492465,0.24950161576271057,0.017161386087536812,0.06878266513455453,0.022281895244803847,-0.00027670414660659406,-0.027670414660659406,0.25558514978797237,0,0,False,NOT_AVAILABLE_BOOLEAN_COSTMAP_VETO,1790648316148599375,1790648316148599375,41.717782,1.5838270774111152,472
473,4.729999999999944,1790648316236034298,21.714466094970703,2.329432487487793,0.055147551000118256,0.24928119778633118,21.716955184936523,2.3295700550079346,0.05527067929506302,0.24929507076740265,0.29755418695879743,0.29755418695879743,0.055274697840549614,5,0,2185,8,1.3992150307001954,5,12,0.19988135414099223,0.19988786152859933,0.19989597676492465,0.2495729625225067,0.017022904008626938,0.06820812573834714,0.02209583611646953,-0.0001860591283343177,-0.01860591283343177,0.2553970756818275,0,0,False,NOT_AVAILABLE_BOOLEAN_COSTMAP_VETO,1790648316236034298,1790648316236034298,41.885435,1.6059390036389232,473
474,4.739999999999943,1790648316323835761,21.716955184936523,2.3295700550079346,0.05527067929506302,0.24929507076740265,21.719444274902344,2.3297080993652344,0.05539381131529808,0.24930909276008606,0.2976922194402129,0.2976922194402129,0.0553975405357634,5,0,2185,8,1.3992150307001954,5,12,0.19988135414099223,0.19988786152859933,0.19989597676492465,0.24959000945091248,0.017033275216817856,0.06824502012035796,0.022107784057889653,1.1947941420124147e-05,0.0011947941420124147,0.25520852580180237,0,0,False,NOT_AVAILABLE_BOOLEAN_COSTMAP_VETO,1790648316323835761,1790648316323835761,44.216229,1.511279959231615,474
475,4.749999999999943,1790648316414491139,21.719444274902344,2.3297080993652344,0.05539381131529808,0.24930909276008606,21.721933364868164,2.329846143722534,0.05551695078611374,0.24932149052619934,0.2978302519216288,0.2978302519216288,0.05552038176281604,5,0,2185,8,1.3992150307001954,5,12,0.19988135414099223,0.19988786152859933,0.19989597676492465,0.24956978857517242,0.01712130382657051,0.06860327095005507,0.022223800306530116,0.00011601624864046242,0.011601624864046242,0.2550199754581583,0,0,False,NOT_AVAILABLE_BOOLEAN_COSTMAP_VETO,1790648316414491139,1790648316414491139,44.319593,1.5397289535030723,475
476,4.759999999999943,1790648316504569347,21.721933364868164,2.329846143722534,0.05551695078611374,0.24932149052619934,21.724422454833984,2.329984664916992,0.055640093982219696,0.24932967126369476,0.2979687612402025,0.2979687612402025,0.055643217733087,5,0,2185,8,1.3992150307001954,5,12,0.19988135414099223,0.19988786152859933,0.19989597676492465,0.2494935840368271,0.01731395162642002,0.06939638024464932,0.02248063935144179,0.00025683904491167336,0.025683904491167336,0.2548309493427931,0,0,False,NOT_AVAILABLE_BOOLEAN_COSTMAP_VETO,1790648316504569347,1790648316504569347,44.063713,1.5716339694336057,476
477,4.769999999999943,1790648316597044399,21.724422454833984,2.329984664916992,0.0556400939822197,0.24932967126369476,21.726911544799805,2.3301234245300293,0.05576324090361595,0.2493332177400589,0.2981075089773558,0.2981075089773558,0.05576604838324606,5,0,2185,8,1.3992150307001954,5,12,0.19988135414099223,0.19988786152859933,0.19989597676492465,0.2494042068719864,0.01765800639986992,0.07080075601504741,0.022935422501500227,0.00045478315005843817,0.04547831500584382,0.25464168587528685,0,0,False,NOT_AVAILABLE_BOOLEAN_COSTMAP_VETO,1790648316597044399,1790648316597044399,44.471534,1.7778490437194705,477
478,4.7799999999999425,1790648316690214258,21.726911544799805,2.3301234245300293,0.05576324090361596,0.2493332177400589,21.729400634765625,2.3302626609802246,0.05588638782501221,0.24931809306144714,0.2982467335516667,0.2982467335516667,0.05588886992467268,5,0,2185,8,1.3992150307001954,5,12,0.19988135414099223,0.19988786152859933,0.19989597676492465,0.24925370514392853,0.0180971696972847,0.07260541899200539,0.023519817881563848,0.0005843953800636209,0.05843953800636209,0.2544519481657261,0,0,False,NOT_AVAILABLE_BOOLEAN_COSTMAP_VETO,1790648316690214258,1790648316690214258,44.133411,1.8371150363236666,478
479,4.789999999999942,1790648316783000296,21.729400634765625,2.3302626609802246,0.05588638782501221,0.24931809306144714,21.731889724731445,2.33040189743042,0.05600951611995697,0.24927443265914917,0.29838595812597823,0.29838595812597823,0.056011663666950984,5,0,2185,8,1.3992150307001954,5,12,0.19988135414099223,0.19988786152859933,0.19989597676492465,0.2490885704755783,0.01853247731924057,0.07440115491392076,0.02410130650836719,0.0005814886268033434,0.05814886268033434,0.2542622206899569,0,0,False,NOT_AVAILABLE_BOOLEAN_COSTMAP_VETO,1790648316783000296,1790648316783000296,44.215045,1.541872974485159,479
480,4.799999999999942,1790648316875689403,21.731889724731445,2.33040189743042,0.05600951611995697,0.24927443265914917,21.734378814697266,2.3305416107177734,0.05613262578845024,0.24920418858528137,0.29852565953744736,0.29852565953744736,0.05613442954800307,5,0,2185,8,1.3992150307001954,5,12,0.19988135414099223,0.19988786152859933,0.19989597676492465,0.24890507757663727,0.018973683938384056,0.07622859333812547,0.024693044185309244,0.0005917376769420529,0.05917376769420529,0.25407202661040945,0,0,False,NOT_AVAILABLE_BOOLEAN_COSTMAP_VETO,1790648316875689403,1790648316875689403,43.650899,1.5684979734942317,480
481,4.809999999999942,1790648316968190216,21.734378814697266,2.3305416107177734,0.056132625788450234,0.24920418858528137,21.736865997314453,2.330681562423706,0.056255679577589035,0.24911096692085266,0.2986655993765963,0.2986655993765963,0.056257130525547705,5,0,2185,8,1.3992150307001954,5,12,0.19988135414099223,0.19988786152859933,0.19989597676492465,0.24871408939361572,0.019412757828831673,0.07805250549400512,0.02528362278583603,0.0005905786005267859,0.05905786005267859,0.25388161961952455,0,0,False,NOT_AVAILABLE_BOOLEAN_COSTMAP_VETO,1790648316968190216,1790648316968190216,43.96227,1.486286986619234,481
482,4.819999999999942,1790648317054934461,21.736865997314453,2.330681562423706,0.056255679577589035,0.24911096692085266,21.73935317993164,2.3308217525482178,0.05637869983911514,0.2489909529685974,0.29880577763432437,0.29880577763432437,0.056379788627840544,5,0,2185,8,1.3992150307001954,5,12,0.19988135414099223,0.19988786152859933,0.19989597676492465,0.24847999215126038,0.01982966624200344,0.07980387503365775,0.02585069565586438,0.0005670728700283498,0.05670728700283498,0.25369099055044025,0,0,False,NOT_AVAILABLE_BOOLEAN_COSTMAP_VETO,1790648317054934461,1790648317054934461,44.329705,1.6036669258028269,482
483,4.8299999999999415,1790648317147689234,21.73935317993164,2.3308217525482178,0.05637869983911514,0.2489909529685974,21.741838455200195,2.3309621810913086,0.05650163069367409,0.2488439828157425,0.2989461943197314,0.2989461943197314,0.05650234819995337,5,0,2185,8,1.3992150307001954,5,12,0.19988135414099223,0.19988786152859933,0.19989597676492465,0.24821820855140686,0.020226221531629562,0.08148564784859706,0.0263952182782253,0.0005445226223609184,0.05445226223609184,0.253500162310855,0,0,False,NOT_AVAILABLE_BOOLEAN_COSTMAP_VETO,1790648317147689234,1790648317147689234,43.902267,1.5235049650073051,483
484,4.839999999999941,1790648317238062683,21.741838455200195,2.3309621810913086,0.05650163069367409,0.2488439828157425,21.744321823120117,2.3311028480529785,0.056624509394168854,0.24867263436317444,0.2990868494328182,0.2990868494328182,0.05662484645482957,5,0,2185,8,1.3992150307001954,5,12,0.19988135414099223,0.19988786152859933,0.19989597676492465,0.24794311821460724,0.020587217062711716,0.08303201641955815,0.026895886049576934,0.0005006677713516351,0.05006677713516351,0.25330911962396047,0,0,False,NOT_AVAILABLE_BOOLEAN_COSTMAP_VETO,1790648317238062683,1790648317238062683,43.913947,1.786328968591988,484
485,4.849999999999941,1790648317331269919,21.744321823120117,2.3311028480529785,0.05662450939416885,0.24867263436317444,21.746803283691406,2.3312435150146484,0.05674726888537407,0.24848368763923645,0.29922750455500524,0.29922750455500524,0.05674721629621837,5,0,2185,8,1.3992150307001954,5,12,0.19988135414099223,0.19988786152859933,0.19989597676492465,0.2476791888475418,0.02091197296977043,0.08443169192807207,0.02734904738474667,0.00045316133516973625,0.045316133516973625,0.2531181283938439,0,0,False,NOT_AVAILABLE_BOOLEAN_COSTMAP_VETO,1790648317331269919,1790648317331269919,44.374538,1.55761803034693,485
486,4.859999999999941,1790648317423976691,21.746803283691406,2.3312435150146484,0.05674726888537407,0.24848368763923645,21.749282836914062,2.3313846588134766,0.05686996504664421,0.24828305840492249,0.2993686365234508,0.2993686365234508,0.0568695135612054,5,0,2185,8,1.3992150307001954,5,12,0.19988135414099223,0.19988786152859933,0.19989597676492465,0.24742886424064636,0.02123182825744152,0.08580982789781429,0.027795224065909084,0.0004461766811624142,0.04461766811624142,0.2529266888710488,0,0,False,NOT_AVAILABLE_BOOLEAN_COSTMAP_VETO,1790648317423976691,1790648317423976691,50.406251,1.9140770891681314,486
487,4.869999999999941,1790648317523318554,21.749282836914062,2.3313846588134766,0.05686996504664421,0.24828305840492249,21.751760482788086,2.3315258026123047,0.05699252709746361,0.24807778000831604,0.2995097685009966,0.2995097685009966,0.05699166743023998,5,0,2185,8,1.3992150307001954,5,12,0.19988135414099223,0.19988786152859933,0.19989597676492465,0.2472037672996521,0.0215151384472847,0.08703402331730961,0.028191552639421493,0.00039632857351240905,0.039632857351240905,0.25273530690166995,0,0,False,NOT_AVAILABLE_BOOLEAN_COSTMAP_VETO,1790648317523318554,1790648317523318554,45.089537,1.5304489061236382,487
488,4.87999999999994,1790648317611094224,21.751760482788086,2.3315258026123047,0.05699252709746361,0.24807778000831604,21.754236221313477,2.331667184829712,0.05711502209305763,0.24787436425685883,0.29965113890622175,0.29965113890622175,0.05711374491833965,5,0,2185,8,1.3992150307001954,5,12,0.19988135414099223,0.19988786152859933,0.19989597676492465,0.24700827896595,0.02175368368625641,0.08806864197962833,0.02852649956255301,0.0003349469231315183,0.03349469231315183,0.252543716575609,0,0,False,NOT_AVAILABLE_BOOLEAN_COSTMAP_VETO,1790648317611094224,1790648317611094224,36.708694,1.408556941896677,488
489,4.88999999999994,1790648317690092494,21.754236221313477,2.331667184829712,0.05711502209305763,0.24787436425685883,21.756710052490234,2.3318088054656982,0.057237446308135986,0.24785830080509186,0.2997927477391263,0.2997927477391263,0.0572357422586518,6,0,2185,8,1.3992337069338197,6,13,0.19988135414099223,0.19989052956197423,0.1999011835601178,0.2477898746728897,0.021284842863678932,0.08589875955091911,0.02782401564334274,-0.0007024839192102707,-0.07024839192102707,0.2523519194161878,0,0,False,NOT_AVAILABLE_BOOLEAN_COSTMAP_VETO,1790648317690092494,1790648317690092494,18.661013,1.4906389405950904,489
490,4.89999999999994,1790648317750664446,21.756710052490234,2.3318088054656982,0.05723744630813599,0.24785830080509186,21.759183883666992,2.3319509029388428,0.05735987052321434,0.24788251519203186,0.2999348334091891,0.2999348334091891,0.05735772985263754,6,0,2185,8,1.3992337069338197,6,13,0.19988135414099223,0.19989052956197423,0.1999011835601178,0.2483675330877304,0.020723268389701843,0.08343791208161576,0.0270273006686771,-0.0007967149746656403,-0.07967149746656403,0.2521596479933998,0,0,False,NOT_AVAILABLE_BOOLEAN_COSTMAP_VETO,1790648317750664446,1790648317750664446,22.875164,1.669076969847083,490
491,4.90999999999994,1790648317815643995,21.759183883666992,2.3319509029388428,0.05735987052321434,0.24788251519203186,21.761659622192383,2.3320932388305664,0.05748232081532478,0.24793368577957153,0.30007715748873054,0.30007715748873054,0.05747973336831036,6,0,2185,8,1.3992337069338197,6,13,0.19988135414099223,0.19989052956197423,0.1999011835601178,0.24895866215229034,0.02002350240945816,0.08042902478809753,0.026053107789561054,-0.000974192879116046,-0.0974192879116046,0.2519671300400714,0,0,False,NOT_AVAILABLE_BOOLEAN_COSTMAP_VETO,1790648317815643995,1790648317815643995,20.198118,1.4300609473139048,491
492,4.9199999999999395,1790648317878463156,21.761659622192383,2.3320932388305664,0.05748232081532478,0.24793368577957153,21.764135360717773,2.332235813140869,0.05760478973388672,0.2480010688304901,0.3002197199868514,0.3002197199868514,0.05760174562280129,6,0,2185,8,1.3992337069338197,6,13,0.19988135414099223,0.19989052956197423,0.1999011835601178,0.249350905418396,0.019075291231274605,0.07649978731485815,0.024780857277485503,-0.0012722505120755512,-0.12722505120755512,0.2517743686117299,0,0,False,NOT_AVAILABLE_BOOLEAN_COSTMAP_VETO,1790648317878463156,1790648317878463156,20.261512,1.482031075283885,492
493,4.929999999999939,1790648317941177961,21.764135360717773,2.332235813140869,0.05760478973388672,0.2480010688304901,21.766611099243164,2.332378625869751,0.057727303355932236,0.24807561933994293,0.300362520903551,0.300362520903551,0.05772379263426375,6,0,2185,8,1.3992337069338197,6,13,0.19988135414099223,0.19989052956197423,0.1999011835601178,0.24956879019737244,0.017902730032801628,0.07173465086977897,0.023237843186839212,-0.0015430140906462914,-0.15430140906462914,0.2515813530248982,0,0,False,NOT_AVAILABLE_BOOLEAN_COSTMAP_VETO,1790648317941177961,1790648317941177961,20.728471,1.4156610704958439,493
494,4.939999999999939,1790648318004249609,21.766611099243164,2.332378625869751,0.057727303355932236,0.24807561933994293,21.769088745117188,2.332521915435791,0.05784984305500984,0.2481452226638794,0.3005057986483087,0.3005057986483087,0.05784585534057696,6,0,2185,8,1.3992337069338197,6,13,0.19988135414099223,0.19989052956197423,0.1999011835601178,0.24953946471214294,0.016585897654294968,0.06646603042700153,0.021531665790426,-0.001706177396413211,-0.1706177396413211,0.2513878524966164,0,0,False,NOT_AVAILABLE_BOOLEAN_COSTMAP_VETO,1790648318004249609,1790648318004249609,20.532848,1.8918690038844943,494
495,4.949999999999939,1790648318066692181,21.769088745117188,2.332521915435791,0.05784984305500984,0.2481452226638794,21.77156639099121,2.33266544342041,0.05797242373228073,0.24819780886173248,0.3006493148116455,0.3006493148116455,0.05796794893663959,6,0,2185,8,1.3992337069338197,6,13,0.19988135414099223,0.19989052956197423,0.1999011835601178,0.24925105273723602,0.015324261039495468,0.061481228950517296,0.019917284045049555,-0.0016143817453764461,-0.1614381745376446,0.2511940993425463,0,0,False,NOT_AVAILABLE_BOOLEAN_COSTMAP_VETO,1790648318066692181,1790648318066692181,20.84521,1.431694021448493,495
496,4.959999999999939,1790648318129853400,21.77156639099121,2.33266544342041,0.057972423732280724,0.24819780886173248,21.774044036865234,2.3328094482421875,0.058095015585422516,0.24822230637073517,0.3007933078121405,0.3007933078121405,0.05809004355766856,6,0,2185,8,1.3992337069338197,6,13,0.19988135414099223,0.19989052956197423,0.1999011835601178,0.24871304631233215,0.014303645119071007,0.057510634569240035,0.0186312895059219,-0.0012859945391276544,-0.12859945391276542,0.25099986735746443,0,0,False,NOT_AVAILABLE_BOOLEAN_COSTMAP_VETO,1790648318129853400,1790648318129853400,21.617523,1.4556950191035867,496
497,4.9699999999999385,1790648318193587630,21.774044036865234,2.3328094482421875,0.05809501558542251,0.24822230637073517,21.776521682739258,2.332953691482544,0.058217603713274,0.24818621575832367,0.3009375392312144,0.3009375392312144,0.05821212424197064,6,0,2185,8,1.3992337069338197,6,13,0.19988135414099223,0.19989052956197423,0.1999011835601178,0.2480325847864151,0.013635983690619469,0.054976581816303036,0.017810529014172925,-0.0008207604917489751,-0.08207604917489751,0.2508054010661029,0,0,False,NOT_AVAILABLE_BOOLEAN_COSTMAP_VETO,1790648318193587630,1790648318193587630,21.443438,1.4534549554809928,497
498,4.979999999999938,1790648318257498473,21.776521682739258,2.332953691482544,0.058217603713274,0.24818621575832367,21.77899932861328,2.3330981731414795,0.0583401583135128,0.24803060293197632,0.30108200906886756,0.30108200906886756,0.058334161120944916,6,0,2185,8,1.3992337069338197,6,13,0.19988135414099223,0.19989052956197423,0.1999011835601178,0.24736805260181427,0.01339090894907713,0.0541335423399736,0.017537469538963298,-0.0002730594752096277,-0.02730594752096277,0.2506107126777299,0,0,False,NOT_AVAILABLE_BOOLEAN_COSTMAP_VETO,1790648318257498473,1790648318257498473,29.913404,1.4723669737577438,498
499,4.989999999999938,1790648318329084185,21.77899932861328,2.3330981731414795,0.05834015831351281,0.24803060293197632,21.781475067138672,2.333242893218994,0.058462586253881454,0.24779760837554932,0.3012267173342002,0.3012267173342002,0.05845606141090487,6,0,2185,8,1.3992337069338197,6,13,0.19988135414099223,0.19989052956197423,0.1999011835601178,0.24680562317371368,0.013495472259819508,0.05468057042736317,0.0177146515808459,0.00017718204188260298,0.017718204188260298,0.25041584034136094,0,0,False,NOT_AVAILABLE_BOOLEAN_COSTMAP_VETO,1790648318329084185,1790648318329084185,29.492686,1.3701230054721236,499
500,4.999999999999938,1790648318400339295,21.781475067138672,2.333242893218994,0.058462586253881454,0.24779760837554932,21.783946990966797,2.333387851715088,0.05858493223786354,0.2475334107875824,0.30137166403631227,0.30137166403631227,0.05857787020012806,6,0,2185,8,1.3992337069338197,6,13,0.19988135414099223,0.19989052956197423,0.1999011835601178,0.24640853703022003,0.013795246370136738,0.05598526145400905,0.01813723564515403,0.0004225840643081284,0.04225840643081284,0.2502207657384951,0,0,False,NOT_AVAILABLE_BOOLEAN_COSTMAP_VETO,1790648318400339295,1790648318400339295,29.229511,1.3658039970323443,500
501,5.009999999999938,1790648318471340029,21.783946990966797,2.333387851715088,0.05858493223786354,0.2475334107875824,21.78641700744629,2.3335328102111816,0.0587071068584919,0.2472790777683258,0.3015166107475247,0.3015166107475247,0.05869949763440063,6,0,2185,8,1.3992337069338197,6,13,0.19988135414099223,0.19989052956197423,0.1999011835601178,0.2461962103843689,0.014157228171825409,0.0575038427672088,0.01862908972574891,0.0004918540805948814,0.04918540805948814,0.25002576390388026,0,0,False,NOT_AVAILABLE_BOOLEAN_COSTMAP_VETO,1790648318471340029,1790648318471340029,31.634835,1.3931639259681106,501
502,5.019999999999937,1790648318546385820,21.78641700744629,2.3335328102111816,0.058707106858491905,0.2472790777683258,21.78888511657715,2.3336780071258545,0.058829206973314285,0.24706386029720306,0.30166179588641695,0.30166179588641695,0.05882104053971782,6,0,2185,8,1.3992337069338197,6,13,0.19988135414099223,0.19989052956197423,0.1999011835601178,0.24614755809307098,0.014478642493486404,0.05882098772644284,0.01905569319073892,0.0004266034649900094,0.04266034649900094,0.24983055673858184,0,0,False,NOT_AVAILABLE_BOOLEAN_COSTMAP_VETO,1790648318546385820,1790648318546385820,31.83033,1.3889400288462639,502
503,5.029999999999937,1790648318621764582,21.78888511657715,2.3336780071258545,0.058829206973314285,0.24706386029720306,21.791351318359375,2.3338232040405273,0.058951180428266525,0.2468949556350708,0.3018069810344091,0.3018069810344091,0.05894244671822646,6,0,2185,8,1.3992337069338197,6,13,0.19988135414099223,0.19989052956197423,0.1999011835601178,0.24617579579353333,0.014687912538647652,0.059664324395913994,0.019328833635871793,0.0002731404451328731,0.02731404451328731,0.2496354040170436,0,0,False,NOT_AVAILABLE_BOOLEAN_COSTMAP_VETO,1790648318621764582,1790648318621764582,31.945757,2.225670963525772,503
504,5.039999999999937,1790648318698555453,21.791351318359375,2.3338232040405273,0.058951180428266525,0.2468949556350708,21.79381561279297,2.3339688777923584,0.059073105454444885,0.2467682957649231,0.30195264302865954,0.30195264302865954,0.05906379437024256,6,0,2185,8,1.3992337069338197,6,13,0.19988135414099223,0.19989052956197423,0.1999011835601178,0.24622905254364014,0.014787668362259865,0.06005655388548835,0.019455868205306988,0.000127034569435195,0.0127034569435195,0.24943979685676892,0,0,False,NOT_AVAILABLE_BOOLEAN_COSTMAP_VETO,1790648318698555453,1790648318698555453,32.092194,1.319209928624332,504
505,5.049999999999937,1790648318774189039,21.79381561279297,2.3339688777923584,0.059073105454444885,0.2467682957649231,21.79627799987793,2.3341145515441895,0.059194955974817276,0.24667178094387054,0.3020983050320109,0.3020983050320109,0.05918505737748303,6,0,2185,8,1.3992337069338197,6,13,0.19988135414099223,0.19989052956197423,0.1999011835601178,0.2462608814239502,0.014811279252171516,0.060144669208233574,0.019484406748570358,2.853854326336988e-05,0.002853854326336988,0.24924422277141883,0,0,False,NOT_AVAILABLE_BOOLEAN_COSTMAP_VETO,1790648318774189039,1790648318774189039,32.188133,2.132355934008956,505
506,5.0599999999999365,1790648318850787807,21.79627799987793,2.3341145515441895,0.059194955974817276,0.24667178094387054,21.79874038696289,2.3342607021331787,0.05931677669286728,0.24660147726535797,0.3022444438725197,0.3022444438725197,0.05930627994306992,6,0,2185,8,1.3992337069338197,6,13,0.19988135414099223,0.19989052956197423,0.1999011835601178,0.24630215764045715,0.014743887819349766,0.05986097710468437,0.01939252523362681,-9.188151494354813e-05,-0.009188151494354813,0.24904818661427724,0,0,False,NOT_AVAILABLE_BOOLEAN_COSTMAP_VETO,1790648318850787807,1790648318850787807,31.73167,1.3208419550210238,506
507,5.069999999999936,1790648318925996836,21.79874038696289,2.3342607021331787,0.059316776692867286,0.24660147726535797,21.80120277404785,2.334407091140747,0.059438563883304596,0.2465611845254898,0.3023908211316083,0.3023908211316083,0.059427458275870926,6,0,2185,8,1.3992337069338197,6,13,0.19988135414099223,0.19989052956197423,0.1999011835601178,0.24638965725898743,0.014594228006899357,0.05923230775697266,0.01918891215538149,-0.00020361307824531827,-0.020361307824531827,0.24885192832817288,0,0,False,NOT_AVAILABLE_BOOLEAN_COSTMAP_VETO,1790648318925996836,1790648318925996836,34.831897,1.4053569175302982,507
508,5.079999999999936,1790648319006163014,21.80120277404785,2.334407091140747,0.059438563883304596,0.2465611845254898,21.80366325378418,2.3345537185668945,0.059560343623161316,0.24655382335186005,0.302537436818376,0.302537436818376,0.05954861888110674,6,0,2185,8,1.3992337069338197,6,13,0.19988135414099223,0.19989052956197423,0.1999011835601178,0.24652251601219177,0.014444369822740555,0.058592497173873596,0.018981689026288075,-0.00020722312909341595,-0.020722312909341595,0.2486554372345588,0,0,False,NOT_AVAILABLE_BOOLEAN_COSTMAP_VETO,1790648319006163014,1790648319006163014,32.100514,1.3329070061445236,508
509,5.089999999999936,1790648319083841306,21.80366325378418,2.3345537185668945,0.059560343623161316,0.24655382335186005,21.806123733520508,2.334700584411621,0.059682123363018036,0.24656058847904205,0.30268429092372257,0.30268429092372257,0.059669768675299384,6,0,2185,8,1.3992337069338197,6,13,0.19988135414099223,0.19989052956197423,0.1999011835601178,0.24669596552848816,0.01431860402226448,0.05804150056361982,0.018803229836750215,-0.00017845918953785997,-0.017845918953785997,0.24845871028324157,0,0,False,NOT_AVAILABLE_BOOLEAN_COSTMAP_VETO,1790648319083841306,1790648319083841306,35.253991,1.4224459882825613,509
510,5.099999999999936,1790648319164602512,21.806123733520508,2.334700584411621,0.059682123363018036,0.24656058847904205,21.808584213256836,2.334847927093506,0.059803906828165054,0.24657687544822693,0.30283162186622775,0.30283162186622775,0.059790911324892004,6,0,2185,8,1.3992337069338197,6,13,0.19988135414099223,0.19989052956197423,0.1999011835601178,0.24690309166908264,0.014233127236366272,0.057646614062826465,0.018675331534034178,-0.00012789830271603755,-0.012789830271603755,0.2482615075312295,0,0,False,NOT_AVAILABLE_BOOLEAN_COSTMAP_VETO,1790648319164602512,1790648319164602512,35.170532,1.4491669135168195,510
511,5.1099999999999355,1790648319245455240,21.808584213256836,2.334847927093506,0.05980390682816505,0.24657687544822693,21.811046600341797,2.3349955081939697,0.05992570146918297,0.24660326540470123,0.3029791912182118,0.3029791912182118,0.05991205370652164,6,0,2185,8,1.3992337069338197,6,13,0.19988135414099223,0.19989052956197423,0.1999011835601178,0.24713174998760223,0.014136441051959991,0.057202043252917396,0.018531340436403483,-0.00014399109763069476,-0.014399109763069476,0.24806406434792477,0,0,False,NOT_AVAILABLE_BOOLEAN_COSTMAP_VETO,1790648319245455240,1790648319245455240,35.074433,2.2203909466043115,511
512,5.119999999999935,1790648319327749199,21.811046600341797,2.3349955081939697,0.05992570146918297,0.24660326540470123,21.813508987426758,2.3351433277130127,0.06004750728607178,0.2466401606798172,0.3031269989887744,0.3031269989887744,0.060033196262175625,6,0,2185,8,1.3992337069338197,6,13,0.19988135414099223,0.19989052956197423,0.1999011835601178,0.24737906455993652,0.013993406668305397,0.056566656896363955,0.018325545163052993,-0.00020579527335048975,-0.020579527335048975,0.2478663807347738,0,0,False,NOT_AVAILABLE_BOOLEAN_COSTMAP_VETO,1790648319327749199,1790648319327749199,34.769207,1.4036929933354259,512
513,5.129999999999935,1790648319408407074,21.813508987426758,2.3351433277130127,0.06004750728607178,0.2466401606798172,21.81597137451172,2.3352913856506348,0.060169342905282974,0.24668826162815094,0.30327504517791626,0.30327504517791626,0.0601543575445036,6,0,2185,8,1.3992337069338197,6,13,0.19988135414099223,0.19989052956197423,0.1999011835601178,0.24765165150165558,0.013820940628647804,0.05580798894270814,0.018079818183887146,-0.0002457269791658473,-0.02457269791658473,0.2476684490686309,0,0,False,NOT_AVAILABLE_BOOLEAN_COSTMAP_VETO,1790648319408407074,1790648319408407074,34.61061,1.519249053671956,513
514,5.139999999999935,1790648319488594117,21.81597137451172,2.3352913856506348,0.060169342905282974,0.24668826162815094,21.81843376159668,2.335439920425415,0.060291193425655365,0.24674780666828156,0.3034235682042168,0.3034235682042168,0.06027552259600899,6,0,2185,8,1.3992337069338197,6,13,0.19988135414099223,0.19989052956197423,0.1999011835601178,0.24794046580791473,0.013615475967526436,0.0549142953457007,0.017790354591430413,-0.0002894635924567332,-0.02894635924567332,0.24747003703289944,0,0,False,NOT_AVAILABLE_BOOLEAN_COSTMAP_VETO,1790648319488594117,1790648319488594117,34.821561,1.4770070556551218,514
515,5.149999999999935,1790648319569106899,21.81843376159668,2.335439920425415,0.06029119342565536,0.24674780666828156,21.82089614868164,2.3355886936187744,0.06041308864951134,0.24681773781776428,0.30357232964909603,0.30357232964909603,0.06039672115770056,6,0,2185,8,1.3992337069338197,6,13,0.19988135414099223,0.19989052956197423,0.1999011835601178,0.24821841716766357,0.01338967215269804,0.053943105050314404,0.01747578676565813,-0.0003145678257722821,-0.03145678257722821,0.24727137084975376,0,0,False,NOT_AVAILABLE_BOOLEAN_COSTMAP_VETO,1790648319569106899,1790648319569106899,34.746742,1.4650700613856316,515
516,5.159999999999934,1790648319649698051,21.82089614868164,2.3355886936187744,0.060413088649511344,0.24681773781776428,21.823360443115234,2.335737943649292,0.0605350062251091,0.24689631164073944,0.30372156792203336,0.30372156792203336,0.0605179302656329,6,0,2185,8,1.3992337069338197,6,13,0.19988135414099223,0.19989052956197423,0.1999011835601178,0.24847020208835602,0.013155026361346245,0.05294408042002685,0.01715219981073467,-0.00032358695492346046,-0.032358695492346046,0.2470722212522773,0,0,False,NOT_AVAILABLE_BOOLEAN_COSTMAP_VETO,1790648319649698051,1790648319649698051,34.583154,1.4964960282668471,516
517,5.169999999999934,1790648319730062028,21.823360443115234,2.335737943649292,0.0605350062251091,0.24689631164073944,21.825824737548828,2.3358874320983887,0.06065697968006134,0.2469819188117981,0.30387104461354936,0.30387104461354936,0.06063918391946732,6,0,2185,8,1.3992337069338197,6,13,0.19988135414099223,0.19989052956197423,0.1999011835601178,0.24869680404663086,0.012917600572109222,0.05194116032824918,0.01682734749131072,-0.00032485231942394957,-0.03248523194239496,0.2468728129397723,0,0,False,NOT_AVAILABLE_BOOLEAN_COSTMAP_VETO,1790648319730062028,1790648319730062028,34.566097,1.4387340052053332,517
518,5.179999999999934,1790648319810207311,21.825824737548828,2.3358874320983887,0.06065697968006134,0.2469819188117981,21.828290939331055,2.3360373973846436,0.06077898293733597,0.24707306921482086,0.30402099813312355,0.30402099813312355,0.060760455412240066,6,0,2185,8,1.3992337069338197,6,13,0.19988135414099223,0.19989052956197423,0.1999011835601178,0.24889889359474182,0.012671614065766335,0.05091068860433871,0.016493567320655576,-0.00033378017065514506,-0.033378017065514506,0.24667291816961762,0,0,False,NOT_AVAILABLE_BOOLEAN_COSTMAP_VETO,1790648319810207311,1790648319810207311,34.790905,2.263016998767853,518
519,5.189999999999934,1790648319892128009,21.828290939331055,2.3360373973846436,0.06077898293733597,0.24707306921482086,21.83075714111328,2.3361876010894775,0.06090104579925537,0.2471683770418167,0.304171190071277,0.304171190071277,0.06088177502990311,6,0,2185,8,1.3992337069338197,6,13,0.19988135414099223,0.19989052956197423,0.1999011835601178,0.24907736480236053,0.01242101565003395,0.04986810286791759,0.016155859559118326,-0.0003377077615372495,-0.03377077615372495,0.24647276316745453,0,0,False,NOT_AVAILABLE_BOOLEAN_COSTMAP_VETO,1790648319892128009,1790648319892128009,35.53784,1.4867029385641217,519
520,5.199999999999934,1790648319973515955,21.83075714111328,2.3361876010894775,0.06090104579925537,0.2471683770418167,21.83322525024414,2.3363382816314697,0.06102314218878746,0.24726635217666626,0.3043218588374877,0.3043218588374877,0.06100311605879183,6,0,2185,8,1.3992337069338197,6,13,0.19988135414099223,0.19989052956197423,0.1999011835601178,0.24922898411750793,0.012166856788098812,0.048817984919291374,0.015815708285912274,-0.0003401512732060519,-0.03401512732060519,0.24627212018979855,0,0,False,NOT_AVAILABLE_BOOLEAN_COSTMAP_VETO,1790648319973515955,1790648319973515955,34.902684,1.4409099239856005,520
521,5.209999999999933,1790648320054142757,21.83322525024414,2.3363382816314697,0.06102314218878745,0.24726635217666626,21.835693359375,2.336489200592041,0.06114530190825462,0.24736559391021729,0.30447276602227835,0.30447276602227835,0.06112450879655551,6,0,2185,8,1.3992337069338197,6,13,0.19988135414099223,0.19989052956197423,0.1999011835601178,0.24935336410999298,0.011892925016582012,0.04769506543066285,0.015451971293584263,-0.00036373699232801135,-0.036373699232801135,0.24607121546379512,0,0,False,NOT_AVAILABLE_BOOLEAN_COSTMAP_VETO,1790648320054142757,1790648320054142757,34.767288,2.1992699475958943,521
522,5.219999999999933,1790648320135602641,21.835693359375,2.336489200592041,0.06114530190825462,0.24736559391021729,21.838163375854492,2.3366405963897705,0.06126749515533447,0.2474648505449295,0.3046241500351264,0.3046241500351264,0.06124592278052665,6,0,2185,8,1.3992337069338197,6,13,0.19988135414099223,0.19989052956197423,0.1999011835601178,0.24945303797721863,0.01161661185324192,0.04656833184891022,0.015086994727262649,-0.0003649765663216141,-0.03649765663216141,0.2458698227693083,0,0,False,NOT_AVAILABLE_BOOLEAN_COSTMAP_VETO,1790648320135602641,1790648320135602641,34.713526,1.4421259984374046,522
523,5.229999999999933,1790648320216131039,21.838163375854492,2.3366405963897705,0.06126749515533447,0.2474648505449295,21.840633392333984,2.336792230606079,0.061389751732349396,0.24756275117397308,0.3047757724665536,0.3047757724665536,0.061367388337409956,6,0,2185,8,1.3992337069338197,6,13,0.19988135414099223,0.19989052956197423,0.1999011835601178,0.24952368438243866,0.01133902557194233,0.04544268252533211,0.014722365364690711,-0.00036462936257193775,-0.036462936257193775,0.24566816833475008,0,0,False,NOT_AVAILABLE_BOOLEAN_COSTMAP_VETO,1790648320216131039,1790648320216131039,35.184389,1.827001920901239,523
524,5.239999999999933,1790648320297350020,21.840633392333984,2.336792230606079,0.061389751732349396,0.24756275117397308,21.84310531616211,2.336944341659546,0.061512041836977005,0.2476581633090973,0.30492787172603886,0.30492787172603886,0.06148887497443356,6,0,2185,8,1.3992337069338197,6,13,0.19988135414099223,0.19989052956197423,0.1999011835601178,0.24956946074962616,0.01107592973858118,0.044380148537856594,0.014378177234640195,-0.000344188130050516,-0.0344188130050516,0.24546602593872952,0,0,False,NOT_AVAILABLE_BOOLEAN_COSTMAP_VETO,1790648320297350020,1790648320297350020,34.887227,1.48180709220469,524
525,5.2499999999999325,1790648320377874386,21.84310531616211,2.336944341659546,0.061512041836977005,0.2476581633090973,21.845577239990234,2.337096691131592,0.06163439154624939,0.24775034189224243,0.3050802094041034,0.3050802094041034,0.061610409322978565,6,0,2185,8,1.3992337069338197,6,13,0.19988135414099223,0.19989052956197423,0.1999011835601178,0.2495967447757721,0.010837229900062084,0.04341895528244098,0.014066813613336454,-0.00031136362130374136,-0.031136362130374136,0.24526362333489943,0,0,False,NOT_AVAILABLE_BOOLEAN_COSTMAP_VETO,1790648320377874386,1790648320377874386,34.806361,1.4257420552894473,525
526,5.259999999999932,1790648320458393120,21.845577239990234,2.337096691131592,0.06163439154624939,0.24775034189224243,21.848051071166992,2.337249517440796,0.06175677105784416,0.24783875048160553,0.30523302391022555,0.30523302391022555,0.0617319608655329,6,0,2185,8,1.3992337069338197,6,13,0.19988135414099223,0.19989052956197423,0.1999011835601178,0.24960976839065552,0.010617438703775406,0.04253615061714421,0.013780840353379165,-0.00028597325995728846,-0.028597325995728846,0.24506073430037273,0,0,False,NOT_AVAILABLE_BOOLEAN_COSTMAP_VETO,1790648320458393120,1790648320458393120,34.518096,1.4253580011427402,526
527,5.269999999999932,1790648320538913070,21.848051071166992,2.337249517440796,0.06175677105784416,0.24783875048160553,21.85052490234375,2.337402582168579,0.06187921017408371,0.24792329967021942,0.30538607683492686,0.30538607683492686,0.061853559970809435,6,0,2185,8,1.3992337069338197,6,13,0.19988135414099223,0.19989052956197423,0.1999011835601178,0.24961699545383453,0.010418173857033253,0.04173663671454632,0.013521846122333933,-0.0002589942310452318,-0.02589942310452318,0.24485758506586447,0,0,False,NOT_AVAILABLE_BOOLEAN_COSTMAP_VETO,1790648320538913070,1790648320538913070,34.577074,1.4329419936984777,527
528,5.279999999999932,1790648320619013615,21.85052490234375,2.337402582168579,0.06187921017408371,0.24792329967021942,21.85300064086914,2.3375561237335205,0.06200167536735535,0.24800412356853485,0.305539585304317,0.305539585304317,0.06197516505738765,6,0,2185,8,1.3992337069338197,6,13,0.19988135414099223,0.19989052956197423,0.1999011835601178,0.24962303042411804,0.010233119130134583,0.04099429092238871,0.01328136928238981,-0.00024047683994412282,-0.024047683994412282,0.2446539509309617,0,0,False,NOT_AVAILABLE_BOOLEAN_COSTMAP_VETO,1790648320619013615,1790648320619013615,34.840793,1.4202049933373928,528
529,5.289999999999932,1790648320699365176,21.85300064086914,2.3375561237335205,0.06200167536735535,0.24800412356853485,21.85547637939453,2.337709903717041,0.06212419271469116,0.2480815201997757,0.30569318221084957,0.30569318221084957,0.06209681733564709,6,0,2185,8,1.3992337069338197,6,13,0.19988135414099223,0.19989052956197423,0.1999011835601178,0.2496318370103836,0.010051261633634567,0.04026434189648846,0.013044906775267495,-0.00023646250712231615,-0.023646250712231615,0.24445005965106786,0,0,False,NOT_AVAILABLE_BOOLEAN_COSTMAP_VETO,1790648320699365176,1790648320699365176,34.794745,1.4205570332705975,529
530,5.299999999999931,1790648320780039467,21.85547637939453,2.337709903717041,0.06212419271469116,0.2480815201997757,21.857952117919922,2.3378641605377197,0.06224673613905907,0.248155876994133,0.3058472559545389,0.3058472559545389,0.06221848344006986,6,0,2185,8,1.3992337069338197,6,13,0.19988135414099223,0.19989052956197423,0.1999011835601178,0.24964529275894165,0.009874334558844566,0.03955345782697877,0.012814618841308698,-0.0002302879339587966,-0.02302879339587966,0.244245683476721,0,0,False,NOT_AVAILABLE_BOOLEAN_COSTMAP_VETO,1790648320780039467,1790648320780039467,34.520079,1.4535179361701012,530
531,5.309999999999931,1790648320860669020,21.857952117919922,2.3378641605377197,0.06224673613905907,0.248155876994133,21.860429763793945,2.3380186557769775,0.06236932799220085,0.24822752177715302,0.3060015679757615,0.3060015679757615,0.06234018496759086,6,0,2185,8,1.3992337069338197,6,13,0.19988135414099223,0.19989052956197423,0.1999011835601178,0.24966251850128174,0.009702734649181366,0.038863401312406266,0.01259107660669755,-0.0002235422346111484,-0.02235422346111484,0.24404105168793605,0,0,False,NOT_AVAILABLE_BOOLEAN_COSTMAP_VETO,1790648320860669020,1790648320860669020,34.613363,1.4887839788571,531
532,5.319999999999931,1790648320941108136,21.860429763793945,2.3380186557769775,0.06236932799220086,0.24822752177715302,21.86290740966797,2.3381736278533936,0.06249194219708443,0.2483028620481491,0.306156356834141,0.306156356834141,0.062461896447985055,6,0,2185,8,1.3992337069338197,6,13,0.19988135414099223,0.19989052956197423,0.1999011835601178,0.2498120814561844,0.009728632867336273,0.03894380452149036,0.012617123108167011,2.6046501469461497e-05,0.0026046501469461497,0.24383593653390728,0,0,False,NOT_AVAILABLE_BOOLEAN_COSTMAP_VETO,1790648320941108136,1790648320941108136,34.646164,1.5020640566945076,532
533,5.329999999999931,1790648321021170344,21.86290740966797,2.3381736278533936,0.06249194219708442,0.2483028620481491,21.865385055541992,2.3383288383483887,0.06261460483074188,0.24838104844093323,0.3063113841110989,0.3063113841110989,0.0625836438923475,6,0,2185,8,1.3992337069338197,6,13,0.19988135414099223,0.19989052956197423,0.1999011835601178,0.24994724988937378,0.009785454720258713,0.0391500795651472,0.012683945527152008,6.68224189849971e-05,0.006682241898499711,0.24363056577202896,0,0,False,NOT_AVAILABLE_BOOLEAN_COSTMAP_VETO,1790648321021170344,1790648321021170344,35.204709,1.4193740207701921,533
534,5.339999999999931,1790648321102155653,21.865385055541992,2.3383288383483887,0.06261460483074188,0.24838104844093323,21.86786460876465,2.338484525680542,0.06273729354143143,0.2484622299671173,0.3064668880841687,0.3064668880841687,0.06270540416591963,6,0,2185,8,1.3992337069338197,6,13,0.19988135414099223,0.19989052956197423,0.1999011835601178,0.25008827447891235,0.009884067811071873,0.03952231599688735,0.0128045305438806,0.00012058501672859191,0.012058501672859191,0.24342471012712846,0,0,False,NOT_AVAILABLE_BOOLEAN_COSTMAP_VETO,1790648321102155653,1790648321102155653,34.953374,2.280360902659595,534
535,5.34999999999993,1790648321184352840,21.86786460876465,2.338484525680542,0.06273729354143143,0.2484622299671173,21.870344161987305,2.3386404514312744,0.06286004185676575,0.24854597449302673,0.30662263047581656,0.30662263047581656,0.06282721143077907,6,0,2185,8,1.3992337069338197,6,13,0.19988135414099223,0.19989052956197423,0.1999011835601178,0.2502235174179077,0.009961666539311409,0.03981107228492058,0.012898072130484732,9.354158660413239e-05,0.00935415866041324,0.2432185943115967,0,0,False,NOT_AVAILABLE_BOOLEAN_COSTMAP_VETO,1790648321184352840,1790648321184352840,35.362667,1.4750870177522302,535
536,5.35999999999993,1790648321265363238,21.870344161987305,2.3386404514312744,0.06286004185676575,0.24854597449302673,21.872825622558594,2.338796854019165,0.06298281252384186,0.2486322969198227,0.3067788495635768,0.3067788495635768,0.06294902763116905,6,0,2185,8,1.3992337069338197,6,13,0.19988135414099223,0.19989052956197423,0.1999011835601178,0.25036147236824036,0.01001193281263113,0.039989910260254544,0.0129560059521734,5.793382168866809e-05,0.005793382168866809,0.2430119951424256,0,0,False,NOT_AVAILABLE_BOOLEAN_COSTMAP_VETO,1790648321265363238,1790648321265363238,34.640083,1.449582981877029,536
537,5.36999999999993,1790648321345653965,21.872825622558594,2.338796854019165,0.06298281252384186,0.2486322969198227,21.875307083129883,2.3389534950256348,0.06310564279556274,0.24872101843357086,0.306935307069915,0.306935307069915,0.06307089067270333,6,0,2185,8,1.3992337069338197,6,13,0.19988135414099223,0.19989052956197423,0.1999011835601178,0.2504982650279999,0.010032402351498604,0.040049787771493005,0.01297540300461992,1.9397052446520208e-05,0.0019397052446520208,0.2428051358101852,0,0,False,NOT_AVAILABLE_BOOLEAN_COSTMAP_VETO,1790648321345653965,1790648321345653965,35.040576,1.4162369770929217,537
538,5.37999999999993,1790648321426137146,21.875307083129883,2.3389534950256348,0.06310564279556274,0.24872101843357086,21.877790451049805,2.3391106128692627,0.06322850286960602,0.24881207942962646,0.30709224127236556,0.30709224127236556,0.06319276992986467,6,0,2185,8,1.3992337069338197,6,13,0.19988135414099223,0.19989052956197423,0.1999011835601178,0.25063595175743103,0.010029309429228306,0.04001544614371529,0.012964278188810472,-1.1124815809449018e-05,-0.0011124815809449018,0.24259779008439802,0,0,False,NOT_AVAILABLE_BOOLEAN_COSTMAP_VETO,1790648321426137146,1790648321426137146,34.832698,2.2696410305798054,538
539,5.3899999999999295,1790648321508071829,21.877790451049805,2.3391106128692627,0.06322850286960602,0.24881207942962646,21.880273818969727,2.3392679691314697,0.06335142254829407,0.2489049732685089,0.30724941389339416,0.30724941389339416,0.06331469587838834,6,0,2185,8,1.3992337069338197,6,13,0.19988135414099223,0.19989052956197423,0.1999011835601178,0.2507655918598175,0.010026214644312859,0.039982417723073004,0.01295357877751674,-1.0699411293731143e-05,-0.0010699411293731143,0.24239018420343256,0,0,False,NOT_AVAILABLE_BOOLEAN_COSTMAP_VETO,1790648321508071829,1790648321508071829,34.526768,1.419662032276392,539
540,5.399999999999929,1790648321588280281,21.880273818969727,2.3392679691314697,0.06335142254829407,0.2489049732685089,21.88275909423828,2.339425802230835,0.0634743720293045,0.2489989697933197,0.30740706321053457,0.30740706321053457,0.06343663787221265,6,0,2185,8,1.3992337069338197,6,13,0.19988135414099223,0.19989052956197423,0.1999011835601178,0.25088176131248474,0.01003149151802063,0.03998493738859696,0.012954395012162289,8.162346455484887e-07,8.162346455484887e-05,0.2421820919355417,0,0,False,NOT_AVAILABLE_BOOLEAN_COSTMAP_VETO,1790648321588280281,1790648321588280281,34.730902,1.4632150996476412,540
541,5.409999999999929,1790648321668753158,21.88275909423828,2.339425802230835,0.0634743720293045,0.2489989697933197,21.885244369506836,2.3395838737487793,0.06359738856554031,0.24909380078315735,0.30756495094625347,0.30756495094625347,0.06355863385723604,6,0,2185,8,1.3992337069338197,6,13,0.19988135414099223,0.19989052956197423,0.1999011835601178,0.2509932518005371,0.010037202388048172,0.039989929275169034,0.012956012111971607,1.617099809317693e-06,0.0001617099809317693,0.2419737364749734,0,0,False,NOT_AVAILABLE_BOOLEAN_COSTMAP_VETO,1790648321668753158,1790648321668753158,34.65826,1.4544789446517825,541
542,5.419999999999929,1790648321748809253,21.885244369506836,2.3395838737487793,0.06359738856554031,0.24909380078315735,21.887731552124023,2.339742422103882,0.06372043490409851,0.24918942153453827,0.3077233153780839,0.3077233153780839,0.06368064571747523,6,0,2185,8,1.3992337069338197,6,13,0.19988135414099223,0.19989052956197423,0.1999011835601178,0.2511046528816223,0.010041379369795322,0.03998882240756051,0.012955653547059591,-3.5856491201538554e-07,-3.5856491201538554e-05,0.24176489463442968,0,0,False,NOT_AVAILABLE_BOOLEAN_COSTMAP_VETO,1790648321748809253,1790648321748809253,35.042336,1.4624788891524076,542
543,5.429999999999929,1790648321829182095,21.887731552124023,2.339742422103882,0.06372043490409851,0.24918942153453827,21.89021873474121,2.3399012088775635,0.06384353339672089,0.24925224483013153,0.30788191822849315,0.30788191822849315,0.06380269651552828,6,0,2185,8,1.3992337069338197,6,13,0.19988135414099223,0.19989052956197423,0.1999011835601178,0.2505107522010803,0.010939447209239006,0.043668573556707516,0.014147673839675995,0.0011920202926164036,0.11920202926164035,0.24155579569992475,0,0,False,NOT_AVAILABLE_BOOLEAN_COSTMAP_VETO,1790648321829182095,1790648321829182095,65.959421,1.4635669067502022,543
544,5.4399999999999284,1790648321940768734,21.89021873474121,2.3399012088775635,0.06384353339672089,0.24925224483013153,21.8927059173584,2.3400604724884033,0.06396664679050446,0.24929076433181763,0.3080409979160593,0.3080409979160593,0.06392474893483158,6,0,2185,8,1.3992337069338197,6,13,0.19988135414099223,0.19989052956197423,0.1999011835601178,0.2500622868537903,0.011787522584199905,0.04713834593975376,0.015271636741968136,0.0011239629022921412,0.11239629022921412,0.2413462164816093,0,0,False,NOT_AVAILABLE_BOOLEAN_COSTMAP_VETO,1790648321940768734,1790648321940768734,46.408108,1.5170719707384706,544
545,5.449999999999928,1790648322035041252,21.8927059173584,2.3400604724884033,0.06396664679050446,0.24929076433181763,21.895193099975586,2.3402199745178223,0.06408977508544922,0.2493029236793518,0.3082003160222039,0.3082003160222039,0.06404680290575016,6,0,2185,8,1.3992337069338197,6,13,0.19988135414099223,0.19989052956197423,0.1999011835601178,0.24954642355442047,0.012451930902898312,0.04989825430290258,0.01616562607289263,0.0008939893309244922,0.08939893309244921,0.2411363953997851,0,0,False,NOT_AVAILABLE_BOOLEAN_COSTMAP_VETO,1790648322035041252,1790648322035041252,46.492302,2.2761040600016713,545
546,5.459999999999928,1790648322130320394,21.895193099975586,2.3402199745178223,0.06408977508544922,0.2493029236793518,21.897680282592773,2.3403797149658203,0.06421290338039398,0.24926026165485382,0.30835987254692654,0.30835987254692654,0.06416884346856122,6,0,2185,8,1.3992337069338197,6,13,0.19988135414099223,0.19989052956197423,0.1999011835601178,0.24907860159873962,0.013272014446556568,0.05328444258707339,0.017262444503736846,0.0010968184308442173,0.10968184308442173,0.24092633854537854,0,0,False,NOT_AVAILABLE_BOOLEAN_COSTMAP_VETO,1790648322130320394,1790648322130320394,44.84185,1.532849040813744,546
547,5.469999999999928,1790648322222832599,21.897680282592773,2.3403797149658203,0.06421290338039398,0.24926026165485382,21.90016746520996,2.3405396938323975,0.06433597952127457,0.24915166199207306,0.308519667490228,0.308519667490228,0.06429081839750239,6,0,2185,8,1.3992337069338197,6,13,0.19988135414099223,0.19989052956197423,0.1999011835601178,0.24868932366371155,0.014198572374880314,0.057093614497421036,0.018496221559726647,0.0012337770559898015,0.12337770559898015,0.24071606723024058,0,0,False,NOT_AVAILABLE_BOOLEAN_COSTMAP_VETO,1790648322222832599,1790648322222832599,46.214278,1.6912220744416118,547
548,5.479999999999928,1790648322309772691,21.90016746520996,2.3405396938323975,0.06433597952127457,0.24915166199207306,21.902652740478516,2.340700149536133,0.06445901840925217,0.24901311099529266,0.30867993941173144,0.30867993941173144,0.06441274339150072,6,0,2185,8,1.3992337069338197,6,13,0.19988135414099223,0.19989052956197423,0.1999011835601178,0.2484232485294342,0.015111755579710007,0.060830681786690766,0.019706589486714984,0.0012103679269883372,0.12103679269883372,0.2405053369446299,0,0,False,NOT_AVAILABLE_BOOLEAN_COSTMAP_VETO,1790648322309772691,1790648322309772691,44.176613,1.742454944178462,548
549,5.489999999999927,1790648322394911733,21.902652740478516,2.340700149536133,0.06445901840925218,0.24901311099529266,21.905136108398438,2.340860605239868,0.064581960439682,0.24887679517269135,0.3088402114742798,0.3088402114742798,0.06453455880744174,6,0,2185,8,1.3992337069338197,6,13,0.19988135414099223,0.19989052956197423,0.1999011835601178,0.24829642474651337,0.01588301733136177,0.06396796630308631,0.02072265427382897,0.0010160647871139857,0.10160647871139857,0.2402946488770336,0,0,False,NOT_AVAILABLE_BOOLEAN_COSTMAP_VETO,1790648322394911733,1790648322394911733,41.660788,1.6094279708340764,549
550,5.499999999999927,1790648322484722060,21.905136108398438,2.340860605239868,0.064581960439682,0.24887679517269135,21.90761947631836,2.3410212993621826,0.06470486521720886,0.2487667202949524,0.3090007219554066,0.3090007219554066,0.06465632334000704,6,0,2185,8,1.3992337069338197,6,13,0.19988135414099223,0.19989052956197423,0.1999011835601178,0.2482980489730835,0.016446396708488464,0.06623651203264719,0.02145733618255736,0.0007346819087283886,0.07346819087283886,0.24008374025169993,0,0,False,NOT_AVAILABLE_BOOLEAN_COSTMAP_VETO,1790648322484722060,1790648322484722060,41.444205,1.7355750314891338,550
551,5.509999999999927,1790648322572573540,21.90761947631836,2.3410212993621826,0.06470486521720886,0.2487667202949524,21.91010093688965,2.341182231903076,0.06482771039009094,0.24869805574417114,0.30916147099615743,0.30916147099615743,0.06477801546292072,6,0,2185,8,1.3992337069338197,6,13,0.19988135414099223,0.19989052956197423,0.1999011835601178,0.24840572476387024,0.01674809120595455,0.06742232378853172,0.021841359141126573,0.0003840229585692148,0.03840229585692148,0.23987262019839156,0,0,False,NOT_AVAILABLE_BOOLEAN_COSTMAP_VETO,1790648322572573540,1790648322572573540,41.795352,1.6726299654692411,551
552,5.519999999999927,1790648322660392732,21.91010093688965,2.341182231903076,0.06482771039009094,0.24869805574417114,21.912582397460938,2.341343641281128,0.06495054066181183,0.2486758679151535,0.30932269687406455,0.30932269687406455,0.06489967894046744,6,0,2185,8,1.3992337069338197,6,13,0.19988135414099223,0.19989052956197423,0.1999011835601178,0.2485814243555069,0.016789890825748444,0.06754282171034834,0.021880381813003596,3.9022671877022436e-05,0.0039022671877022436,0.2396610320335985,0,0,False,NOT_AVAILABLE_BOOLEAN_COSTMAP_VETO,1790648322660392732,1790648322660392732,43.870875,1.7985209124162793,552
553,5.5299999999999265,1790648322751038350,21.912582397460938,2.341343641281128,0.06495054066181183,0.2486758679151535,21.915063858032227,2.3415050506591797,0.06507336348295212,0.2486812025308609,0.3094839227519723,0.3094839227519723,0.06502132116243775,6,0,2185,8,1.3992337069338197,6,13,0.19988135414099223,0.19989052956197423,0.1999011835601178,0.2487880289554596,0.016663555055856705,0.0669789263005093,0.02169776642733817,-0.00018261538566542723,-0.018261538566542723,0.23944944955079678,0,0,False,NOT_AVAILABLE_BOOLEAN_COSTMAP_VETO,1790648322751038350,1790648322751038350,43.031488,1.6865499783307314,553
554,5.539999999999926,1790648322840358901,21.915063858032227,2.3415050506591797,0.06507336348295212,0.2486812025308609,21.917545318603516,2.3416669368743896,0.065196193754673,0.2486937791109085,0.3096456254670363,0.3096456254670363,0.06514295695813299,6,0,2185,8,1.3992337069338197,6,13,0.19988135414099223,0.19989052956197423,0.1999011835601178,0.24894583225250244,0.016489224508404732,0.06623619427249511,0.02145723327566252,-0.00024053315167564884,-0.024053315167564884,0.2392373898264612,0,0,False,NOT_AVAILABLE_BOOLEAN_COSTMAP_VETO,1790648322840358901,1790648322840358901,43.714774,1.51822401676327,554
555,5.549999999999926,1790648322929832098,21.917545318603516,2.3416669368743896,0.065196193754673,0.2486937791109085,21.920026779174805,2.3418290615081787,0.06531903147697449,0.24871015548706055,0.3098075666006793,0.3098075666006793,0.0652645862713519,6,0,2185,8,1.3992337069338197,6,13,0.19988135414099223,0.19989052956197423,0.1999011835601178,0.24903805553913116,0.016374731436371803,0.06575192454391314,0.02130040158629594,-0.00015683168936658082,-0.015683168936658082,0.23902509128040944,0,0,False,NOT_AVAILABLE_BOOLEAN_COSTMAP_VETO,1790648322929832098,1790648322929832098,43.772696,1.7764089861884713,555
556,5.559999999999926,1790648323020110504,21.920026779174805,2.3418290615081787,0.06531903147697449,0.24871015548706055,21.922508239746094,2.341991662979126,0.06544187664985657,0.24872733652591705,0.30996998457147873,0.30996998457147873,0.06538620903015602,6,0,2185,8,1.3992337069338197,6,13,0.19988135414099223,0.19989052956197423,0.1999011835601178,0.24907146394252777,0.016391532495617867,0.06581055989376666,0.021319390813806696,1.8989227510757267e-05,0.0018989227510757267,0.23881231549529963,0,0,False,NOT_AVAILABLE_BOOLEAN_COSTMAP_VETO,1790648323020110504,1790648323020110504,42.114659,1.7875770572572947,556
557,5.569999999999926,1790648323108515154,21.922508239746094,2.341991662979126,0.06544187664985657,0.24872733652591705,21.924989700317383,2.3421545028686523,0.06556472927331924,0.24874253571033478,0.310132640960857,0.310132640960857,0.06550782517162945,6,0,2185,8,1.3992337069338197,6,13,0.19988135414099223,0.19989052956197423,0.1999011835601178,0.24904707074165344,0.016462353989481926,0.06610137569760452,0.02141357212482393,9.418131101723501e-05,0.009418131101723501,0.2385993008909481,0,0,False,NOT_AVAILABLE_BOOLEAN_COSTMAP_VETO,1790648323108515154,1790648323108515154,43.776087,1.6142280073836446,557
558,5.5799999999999255,1790648323198271175,21.924989700317383,2.3421545028686523,0.06556472927331923,0.24874253571033478,21.927471160888672,2.342317581176758,0.06568758934736252,0.24875371158123016,0.3102955357688134,0.3102955357688134,0.065629434632962,6,0,2185,8,1.3992337069338197,6,13,0.19988135414099223,0.19989052956197423,0.1999011835601178,0.24897757172584534,0.01667250320315361,0.06696387585268954,0.021692892377118272,0.00027932025229434124,0.027932025229434124,0.23838604746859388,0,0,False,NOT_AVAILABLE_BOOLEAN_COSTMAP_VETO,1790648323198271175,1790648323198271175,43.818073,1.7145510064437985,558
559,5.589999999999925,1790648323288023069,21.927471160888672,2.342317581176758,0.06568758934736252,0.24875371158123016,21.92995262145996,2.3424808979034424,0.06581045687198639,0.24875961244106293,0.31045866899534863,0.31045866899534863,0.06575103734428644,6,0,2185,8,1.3992337069338197,6,13,0.19988135414099223,0.19989052956197423,0.1999011835601178,0.24887779355049133,0.017024587839841843,0.06840541133449081,0.02215972535674071,0.0004668329796224391,0.04668329796224391,0.23817255522947461,0,0,False,NOT_AVAILABLE_BOOLEAN_COSTMAP_VETO,1790648323288023069,1790648323288023069,44.058048,1.6081469366326928,559
560,5.599999999999925,1790648323378618765,21.92995262145996,2.3424808979034424,0.0658104568719864,0.24875961244106293,21.93243408203125,2.342644691467285,0.06593332439661026,0.2487514764070511,0.31062227905904033,0.31062227905904033,0.06587262579460074,6,0,2185,8,1.3992337069338197,6,13,0.19988135414099223,0.19989052956197423,0.1999011835601178,0.24871684610843658,0.01747061125934124,0.07024297522542695,0.0227547958278469,0.0005950704711061884,0.05950704711061884,0.23795858879860993,0,0,False,NOT_AVAILABLE_BOOLEAN_COSTMAP_VETO,1790648323378618765,1790648323378618765,43.53864,1.8958681030198932,560
561,5.609999999999925,1790648323468796272,21.93243408203125,2.342644691467285,0.06593332439661026,0.2487514764070511,21.93491554260254,2.342808723449707,0.06605616956949234,0.24871104955673218,0.310786127541311,0.310786127541311,0.06599417756462955,6,0,2185,8,1.3992337069338197,6,13,0.19988135414099223,0.19989052956197423,0.1999011835601178,0.24853892624378204,0.017906181514263153,0.07204578286742772,0.02333859529221628,0.0005837994643693792,0.05837994643693792,0.23774439572193068,0,0,False,NOT_AVAILABLE_BOOLEAN_COSTMAP_VETO,1790648323468796272,1790648323468796272,43.898491,1.4680789317935705,561
562,5.619999999999925,1790648323553641928,21.93491554260254,2.342808723449707,0.06605616956949234,0.24871104955673218,21.937397003173828,2.342972993850708,0.06617899984121323,0.24864113330841064,0.31095021444215987,0.31095021444215987,0.06611570003484513,6,0,2185,8,1.3992337069338197,6,13,0.19988135414099223,0.19989052956197423,0.1999011835601178,0.24834345281124115,0.018361203372478485,0.07393471889284843,0.023950268456362712,0.0006116731641464326,0.061167316414643264,0.23752997295671302,0,0,False,NOT_AVAILABLE_BOOLEAN_COSTMAP_VETO,1790648323553641928,1790648323553641928,43.631443,1.539184944704175,562
563,5.629999999999924,1790648323645261241,21.937397003173828,2.342972993850708,0.06617899984121321,0.24864113330841064,21.939876556396484,2.343137502670288,0.06630177795886993,0.2485448718070984,0.3111145399026324,0.3111145399026324,0.06623715691543675,6,0,2185,8,1.3992337069338197,6,13,0.19988135414099223,0.19989052956197423,0.1999011835601178,0.2481350302696228,0.018820954486727715,0.07584964713074538,0.02457034009145457,0.0006200716350918574,0.06200716350918574,0.23731533571213886,0,0,False,NOT_AVAILABLE_BOOLEAN_COSTMAP_VETO,1790648323645261241,1790648323645261241,41.372267,1.5233129961416125,563
564,5.639999999999924,1790648323732158931,21.939876556396484,2.343137502670288,0.06630177795886993,0.2485448718070984,21.94235610961914,2.3433022499084473,0.06642451882362366,0.24841898679733276,0.3112791037816829,0.3112791037816829,0.06635856204640822,6,0,2185,8,1.3992337069338197,6,13,0.19988135414099223,0.19989052956197423,0.1999011835601178,0.24788303673267365,0.01925582066178322,0.0776810745728818,0.02516335571684871,0.0005930156253941415,0.059301562539414154,0.23710047790215877,0,0,False,NOT_AVAILABLE_BOOLEAN_COSTMAP_VETO,1790648323732158931,1790648323732158931,43.852601,1.6095549799501896,564
565,5.649999999999924,1790648323822005708,21.94235610961914,2.3433022499084473,0.06642451882362366,0.24841898679733276,21.944833755493164,2.3434672355651855,0.06654716283082962,0.2482646107673645,0.3114439062203576,0.3114439062203576,0.06647985678882318,6,0,2185,8,1.3992337069338197,6,13,0.19988135414099223,0.19989052956197423,0.1999011835601178,0.24760735034942627,0.01966516114771366,0.07942074869733053,0.025726645260046876,0.0005632895431981651,0.05632895431981651,0.23688542385757677,0,0,False,NOT_AVAILABLE_BOOLEAN_COSTMAP_VETO,1790648323822005708,1790648323822005708,44.054016,1.5046560438349843,565
566,5.659999999999924,1790648323912395189,21.944833755493164,2.3434672355651855,0.06654716283082962,0.2482646107673645,21.947309494018555,2.343632459640503,0.0666697546839714,0.24808643758296967,0.3116089472186554,0.3116089472186554,0.06660108583014868,6,0,2185,8,1.3992337069338197,6,13,0.19988135414099223,0.19989052956197423,0.1999011835601178,0.24732787907123566,0.020032566040754318,0.08099598846672888,0.026236678482970937,0.0005100332229240612,0.05100332229240612,0.23667015532451136,0,0,False,NOT_AVAILABLE_BOOLEAN_COSTMAP_VETO,1790648323912395189,1790648323912395189,44.124419,1.6287879552692175,566
567,5.6699999999999235,1790648324003449876,21.947309494018555,2.343632459640503,0.0666697546839714,0.24808643758296967,21.949783325195312,2.3437976837158203,0.06679221987724304,0.2478916198015213,0.3117739883579983,0.3117739883579983,0.06672217462864927,6,0,2185,8,1.3992337069338197,6,13,0.19988135414099223,0.19989052956197423,0.1999011835601178,0.24706219136714935,0.020363502204418182,0.08242257583701582,0.026698569060968073,0.0004618905779971358,0.04618905779971358,0.2364549411312888,0,0,False,NOT_AVAILABLE_BOOLEAN_COSTMAP_VETO,1790648324003449876,1790648324003449876,44.226214,1.8620750633999705,567
568,5.679999999999923,1790648324096370703,21.949783325195312,2.3437976837158203,0.06679221987724304,0.2478916198015213,21.952255249023438,2.343963384628296,0.0669146254658699,0.24768628180027008,0.3119395064755438,0.3119395064755438,0.0668431901984059,6,0,2185,8,1.3992337069338197,6,13,0.19988135414099223,0.19989052956197423,0.1999011835601178,0.24681200087070465,0.02068551816046238,0.08381082802897712,0.027148036802974472,0.0004494677420063993,0.04494677420063993,0.23623927706364362,0,0,False,NOT_AVAILABLE_BOOLEAN_COSTMAP_VETO,1790648324096370703,1790648324096370703,44.207077,1.8159940373152494,568
569,5.689999999999923,1790648324189356460,21.952255249023438,2.343963384628296,0.0669146254658699,0.24768628180027008,21.95472526550293,2.3441290855407715,0.06703688949346542,0.2474767118692398,0.31210502473413404,0.31210502473413404,0.06696405057365418,6,0,2185,8,1.3992337069338197,6,13,0.19988135414099223,0.19989052956197423,0.1999011835601178,0.2465844452381134,0.020956942811608315,0.08498890832863085,0.027529449602771285,0.0003814127997968132,0.03814127997968132,0.23602367340571434,0,0,False,NOT_AVAILABLE_BOOLEAN_COSTMAP_VETO,1790648324189356460,1790648324189356460,44.252166,1.7810809658840299,569
570,5.699999999999923,1790648324282022110,21.95472526550293,2.3441290855407715,0.06703688949346542,0.2474767118692398,21.957195281982422,2.344295024871826,0.06715911626815796,0.24745257198810577,0.31227078141130266,0.31227078141130266,0.06708485891397586,7,0,2185,8,1.3992230915240282,7,14,0.19988135414099223,0.19988901307486118,0.1999011835601178,0.2473498284816742,0.020475061610341072,0.0827777473549291,0.026813562271190017,-0.0007158873315812678,-0.07158873315812678,0.2358078491599584,0,0,False,NOT_AVAILABLE_BOOLEAN_COSTMAP_VETO,1790648324282022110,1790648324282022110,21.724438,1.6367880161851645,570
571,5.709999999999923,1790648324351936025,21.957195281982422,2.344295024871826,0.06715911626815796,0.24745257198810577,21.95966339111328,2.34446120262146,0.0672813430428505,0.2474737912416458,0.312436776648095,0.312436776648095,0.06720565351657859,7,0,2185,8,1.3992230915240282,7,14,0.19988135414099223,0.19988901307486118,0.1999011835601178,0.2478988915681839,0.019915886223316193,0.08033874656449758,0.026023877472323743,-0.000789684798866274,-0.0789684798866274,0.2355917891217409,0,0,False,NOT_AVAILABLE_BOOLEAN_COSTMAP_VETO,1790648324351936025,1790648324351936025,22.105859,2.1280039800330997,571
572,5.7199999999999225,1790648324418710864,21.95966339111328,2.34446120262146,0.0672813430428505,0.2474737912416458,21.962133407592773,2.344627857208252,0.06740358471870422,0.24752163887023926,0.31260324858099897,0.31260324858099897,0.06732644702865898,7,0,2185,8,1.3992230915240282,7,14,0.19988135414099223,0.19988901307486118,0.1999011835601178,0.2484799027442932,0.01925002969801426,0.07747117366600133,0.025095390759998483,-0.0009284867123252605,-0.09284867123252605,0.235375248792357,0,0,False,NOT_AVAILABLE_BOOLEAN_COSTMAP_VETO,1790648324418710864,1790648324418710864,22.700053,2.049569971859455,572
573,5.729999999999922,1790648324486195453,21.962133407592773,2.344627857208252,0.06740358471870422,0.24752163887023926,21.964603424072266,2.344794750213623,0.06752585619688034,0.24758566915988922,0.3127699589324814,0.3127699589324814,0.06744725536809915,7,0,2185,8,1.3992230915240282,7,14,0.19988135414099223,0.19988901307486118,0.1999011835601178,0.24886827170848846,0.018298646435141563,0.07352743806802202,0.02381838473246057,-0.0012770060275379136,-0.12770060275379136,0.23515846051154127,0,0,False,NOT_AVAILABLE_BOOLEAN_COSTMAP_VETO,1790648324486195453,1790648324486195453,22.829114,1.5684020472690463,573
574,5.739999999999922,1790648324552729772,21.964603424072266,2.344794750213623,0.06752585619688033,0.24758566915988922,21.967073440551758,2.3449621200561523,0.06764815002679825,0.24765677750110626,0.31293714612112056,0.31293714612112056,0.06756807101987494,7,0,2185,8,1.3992230915240282,7,14,0.19988135414099223,0.19988901307486118,0.1999011835601178,0.24908119440078735,0.017111221328377724,0.06869736340209084,0.02225427118589073,-0.0015641135465698404,-0.15641135465698403,0.2349411889034984,0,0,False,NOT_AVAILABLE_BOOLEAN_COSTMAP_VETO,1790648324552729772,1790648324552729772,22.272968,1.9738549599424005,574
575,5.749999999999922,1790648324618979794,21.967073440551758,2.3449621200561523,0.06764815002679825,0.24765677750110626,21.969545364379883,2.3451297283172607,0.06777049601078033,0.2477230727672577,0.31310457158729327,0.31310457158729327,0.06768892257250103,7,0,2185,8,1.3992230915240282,7,14,0.19988135414099223,0.19988901307486118,0.1999011835601178,0.2490510493516922,0.015776272863149643,0.06334553861233289,0.02052107345153436,-0.0017331977343563697,-0.17331977343563695,0.2347236602291793,0,0,False,NOT_AVAILABLE_BOOLEAN_COSTMAP_VETO,1790648324618979794,1790648324618979794,22.376684,1.9322220468893647,575
576,5.759999999999922,1790648324683573443,21.969545364379883,2.3451297283172607,0.06777049601078033,0.2477230727672577,21.972017288208008,2.3452978134155273,0.06789285689592361,0.24777163565158844,0.31327247389062307,0.31327247389062307,0.06780977384614761,7,0,2185,8,1.3992230915240282,7,14,0.19988135414099223,0.19988901307486118,0.1999011835601178,0.24874424934387207,0.014493806287646294,0.058267904990276134,0.018876558837279744,-0.0016445146142546156,-0.16445146142546155,0.23450565127309025,0,0,False,NOT_AVAILABLE_BOOLEAN_COSTMAP_VETO,1790648324683573443,1790648324683573443,21.20263,1.838330994360149,576
577,5.769999999999921,1790648324747815625,21.972017288208008,2.3452978134155273,0.06789285689592361,0.24777163565158844,21.974489212036133,2.345465898513794,0.06801524013280869,0.24779222905635834,0.31344037619395254,0.31344037619395254,0.06793063220981477,7,0,2185,8,1.3992230915240282,7,14,0.19988135414099223,0.19988901307486118,0.1999011835601178,0.24820470809936523,0.013455701991915703,0.05421211424615243,0.017562918996283976,-0.001313639840995768,-0.13136398409957678,0.2342876358344667,0,0,False,NOT_AVAILABLE_BOOLEAN_COSTMAP_VETO,1790648324747815625,1790648324747815625,21.743319,1.8686680123209953,577
578,5.779999999999921,1790648324812513085,21.974489212036133,2.345465898513794,0.06801524013280869,0.24779222905635834,21.976961135864258,2.3456344604492188,0.06813761591911316,0.24774295091629028,0.31360875533443905,0.31360875533443905,0.06805146781391525,7,0,2185,8,1.3992230915240282,7,14,0.19988135414099223,0.19988901307486118,0.1999011835601178,0.2475331574678421,0.012802156619727612,0.05171895656601393,0.01675537376916859,-0.0008075452271153853,-0.08075452271153853,0.23406914923623673,0,0,False,NOT_AVAILABLE_BOOLEAN_COSTMAP_VETO,1790648324812513085,1790648324812513085,21.503023,1.6466450178995728,578
579,5.789999999999921,1790648324876075982,21.976961135864258,2.3456344604492188,0.06813761591911316,0.24774295091629028,21.97943115234375,2.3458032608032227,0.06825992465019226,0.24757802486419678,0.3137773730345492,0.3137773730345492,0.06817222219757912,7,0,2185,8,1.3992230915240282,7,14,0.19988135414099223,0.19988901307486118,0.1999011835601178,0.2468757927417755,0.012533266097307205,0.05076749712118035,0.016447185864447312,-0.0003081879047212785,-0.03081879047212785,0.2338504542117425,0,0,False,NOT_AVAILABLE_BOOLEAN_COSTMAP_VETO,1790648324876075982,1790648324876075982,20.001119,1.7806011019274592,579
580,5.799999999999921,1790648324939589564,21.97943115234375,2.3458032608032227,0.06825992465019226,0.24757802486419678,21.98189926147461,2.3459722995758057,0.06838216632604599,0.24733899533748627,0.3139462292942829,0.3139462292942829,0.06829289530860327,7,0,2185,8,1.3992230915240282,7,14,0.19988135414099223,0.19988901307486118,0.1999011835601178,0.24632127583026886,0.012608840130269527,0.05118859541373042,0.016583584500443675,0.0001363986359963626,0.01363986359963626,0.23363155075739667,0,0,False,NOT_AVAILABLE_BOOLEAN_COSTMAP_VETO,1790648324939589564,1790648324939589564,20.807033,1.4244620688259602,580
581,5.809999999999921,1790648325002530456,21.98189926147461,2.3459722995758057,0.06838216632604599,0.24733899533748627,21.984365463256836,2.3461413383483887,0.06850424408912659,0.2470695972442627,0.31411508569506175,0.31411508569506175,0.06841339029065852,7,0,2185,8,1.3992230915240282,7,14,0.19988135414099223,0.19988901307486118,0.1999011835601178,0.24592259526252747,0.012862934730947018,0.052304810451498235,0.016945136537743672,0.0003615520372999975,0.03615520372999975,0.23341271679507586,0,0,False,NOT_AVAILABLE_BOOLEAN_COSTMAP_VETO,1790648325002530456,1790648325002530456,20.373067,1.8216910539194942,581
582,5.81999999999992,1790648325065056903,21.984365463256836,2.3461413383483887,0.06850424408912659,0.2470695972442627,21.98682975769043,2.346310615539551,0.06862623244524002,0.24680978059768677,0.3142841806554641,0.3142841806554641,0.06853378160366308,7,0,2185,8,1.3992230915240282,7,14,0.19988135414099223,0.19988901307486118,0.1999011835601178,0.2457035481929779,0.013164636678993702,0.05357935111565451,0.017357966238766447,0.0004128297010227745,0.04128297010227745,0.23319368350804764,0,0,False,NOT_AVAILABLE_BOOLEAN_COSTMAP_VETO,1790648325065056903,1790648325065056903,20.875003,1.739063998684287,582
583,5.82999999999992,1790648325127838238,21.98682975769043,2.346310615539551,0.06862623244524002,0.24680978059768677,21.989290237426758,2.346479892730713,0.06874806433916092,0.2465890645980835,0.3144532758979568,0.3144532758979568,0.06865400342046968,7,0,2185,8,1.3992230915240282,7,14,0.19988135414099223,0.19988901307486118,0.1999011835601178,0.2456493377685547,0.01343549508601427,0.05469379729683169,0.017718935741539422,0.0003609695027729752,0.03609695027729752,0.2329747166579012,0,0,False,NOT_AVAILABLE_BOOLEAN_COSTMAP_VETO,1790648325127838238,1790648325127838238,20.955582,1.390667981468141,583
584,5.83999999999992,1790648325190542387,21.989290237426758,2.346479892730713,0.06874806433916092,0.2465890645980835,21.991748809814453,2.346649408340454,0.06886982917785645,0.24641554057598114,0.314622609700073,0.314622609700073,0.06877414389473202,7,0,2185,8,1.3992230915240282,7,14,0.19988135414099223,0.19988901307486118,0.1999011835601178,0.24567672610282898,0.01360892690718174,0.05539363505473314,0.017945611078359663,0.00022667533682024094,0.022667533682024094,0.23275554135457294,0,0,False,NOT_AVAILABLE_BOOLEAN_COSTMAP_VETO,1790648325190542387,1790648325190542387,20.415213,1.8138819141313434,584
585,5.84999999999992,1790648325252980735,21.991748809814453,2.346649408340454,0.06886982917785645,0.24641554057598114,21.99420738220215,2.3468189239501953,0.06899148970842361,0.24628260731697083,0.31479194350218914,0.31479194350218914,0.06889416446619512,7,0,2185,8,1.3992230915240282,7,14,0.19988135414099223,0.19988901307486118,0.1999011835601178,0.2457166612148285,0.013666938059031963,0.05562072181618587,0.018019163399570486,7.355232121082286e-05,0.007355232121082286,0.23253641120481044,0,0,False,NOT_AVAILABLE_BOOLEAN_COSTMAP_VETO,1790648325252980735,1790648325252980735,20.453006,1.8499160651117563,585
586,5.8599999999999195,1790648325315886714,21.99420738220215,2.3468189239501953,0.06899148970842361,0.24628260731697083,21.99666404724121,2.3469889163970947,0.0691131129860878,0.24617789685726166,0.31496175428250717,0.31496175428250717,0.06901413341282803,7,0,2185,8,1.3992230915240282,7,14,0.19988135414099223,0.19988901307486118,0.1999011835601178,0.24573206901550293,0.013644418679177761,0.055525592299949064,0.017988351425718547,-3.0811973851938707e-05,-0.0030811973851938707,0.23231682202175258,0,0,False,NOT_AVAILABLE_BOOLEAN_COSTMAP_VETO,1790648325315886714,1790648325315886714,21.4011,1.845819060690701,586
587,5.869999999999919,1790648325379411977,21.99666404724121,2.3469889163970947,0.06911311298608779,0.24617789685726166,21.99911880493164,2.347158908843994,0.06923467665910721,0.24609637260437012,0.31513156520387076,0.31513156520387076,0.06913402836874294,7,0,2185,8,1.3992230915240282,7,14,0.19988135414099223,0.19988901307486118,0.1999011835601178,0.24574925005435944,0.01356725487858057,0.05520771630261134,0.01788539273482011,-0.0001029586908984359,-0.01029586908984359,0.23209725975498302,0,0,False,NOT_AVAILABLE_BOOLEAN_COSTMAP_VETO,1790648325379411977,1790648325379411977,20.679893,1.8822679994627833,587
588,5.879999999999919,1790648325442169951,21.99911880493164,2.347158908843994,0.06923467665910721,0.24609637260437012,22.00157356262207,2.3473293781280518,0.06935621798038483,0.24604226648807526,0.31530185296239066,0.31530185296239066,0.06925388523083331,7,0,2185,8,1.3992230915240282,7,14,0.19988135414099223,0.19988901307486118,0.1999011835601178,0.24581189453601837,0.013432303443551064,0.0546446439010007,0.01770301503632035,-0.00018237769849976243,-0.018237769849976243,0.23187723237488117,0,0,False,NOT_AVAILABLE_BOOLEAN_COSTMAP_VETO,1790648325442169951,1790648325442169951,21.123779,1.8834519432857633,588
589,5.889999999999919,1790648325505352803,22.00157356262207,2.3473293781280518,0.06935621798038483,0.24604226648807526,22.0040283203125,2.3475000858306885,0.06947773694992065,0.24602095782756805,0.31547237913948944,0.31547237913948944,0.06937370394231257,7,0,2185,8,1.3992230915240282,7,14,0.19988135414099223,0.19988901307486118,0.1999011835601178,0.2459302395582199,0.013279931619763374,0.05399877478922054,0.017493818247385235,-0.00020919678893511345,-0.020919678893511345,0.23165697829931958,0,0,False,NOT_AVAILABLE_BOOLEAN_COSTMAP_VETO,1790648325505352803,1790648325505352803,20.993151,1.84799509588629,589
590,5.899999999999919,1790648325571473477,22.0040283203125,2.3475000858306885,0.06947773694992065,0.24602095782756805,22.00648307800293,2.3476710319519043,0.06959924846887589,0.24602441489696503,0.3156431437351664,0.3156431437351664,0.06949349934779603,7,0,2185,8,1.3992230915240282,7,14,0.19988135414099223,0.19988901307486118,0.1999011835601178,0.2460937201976776,0.01315030362457037,0.053436160882151876,0.017311586542754644,-0.00018223170463059143,-0.018223170463059143,0.2314364914524873,0,0,False,NOT_AVAILABLE_BOOLEAN_COSTMAP_VETO,1790648325571473477,1790648325571473477,29.211557,1.4203980099409819,590
591,5.909999999999918,1790648325642741900,22.00648307800293,2.3476710319519043,0.06959924846887589,0.24602441489696503,22.00893783569336,2.347842216491699,0.06972076743841171,0.24603712558746338,0.3158141467494221,0.3158141467494221,0.0696132862723271,7,0,2185,8,1.3992230915240282,7,14,0.19988135414099223,0.19988901307486118,0.1999011835601178,0.24629171192646027,0.013042651116847992,0.05295611051963604,0.01715609641614926,-0.0001554901266053836,-0.015549012660538361,0.23121576575985364,0,0,False,NOT_AVAILABLE_BOOLEAN_COSTMAP_VETO,1790648325642741900,1790648325642741900,31.993951,2.258279942907393,591
592,5.919999999999918,1790648325717612197,22.00893783569336,2.347842216491699,0.06972076743841173,0.24603712558746338,22.01139259338379,2.3480138778686523,0.06984229385852814,0.24605949223041534,0.31598562660083473,0.31598562660083473,0.06973306465929863,7,0,2185,8,1.3992230915240282,7,14,0.19988135414099223,0.19988901307486118,0.1999011835601178,0.24650755524635315,0.012946481816470623,0.05251961467684936,0.017014713042724866,-0.00014138337342439397,-0.014138337342439397,0.230994562804051,0,0,False,NOT_AVAILABLE_BOOLEAN_COSTMAP_VETO,1790648325717612197,1790648325717612197,32.290888,1.3989569852128625,592
593,5.929999999999918,1790648325907343671,22.01139259338379,2.3480138778686523,0.06984229385852814,0.24605949223041534,22.01384735107422,2.3481857776641846,0.06996383517980576,0.24609197676181793,0.31615734487082536,0.31615734487082536,0.06985284189620167,7,0,2185,8,1.3992230915240282,7,14,0.19988135414099223,0.19988901307486118,0.1999011835601178,0.2467426210641861,0.012811554595828056,0.05192274662793396,0.016821383140991884,-0.00019332990173298245,-0.019332990173298245,0.23077311796780114,0,0,False,NOT_AVAILABLE_BOOLEAN_COSTMAP_VETO,1790648325907343671,1790648325907343671,31.680917,1.3090979773551226,593
594,5.939999999999918,1790648325979540795,22.01384735107422,2.3481857776641846,0.06996383517980576,0.24609197676181793,22.01630210876465,2.348357915878296,0.07008539140224457,0.24613504111766815,0.31632930155939487,0.31632930155939487,0.06997261793352161,7,0,2185,8,1.3992230915240282,7,14,0.19988135414099223,0.19988901307486118,0.1999011835601178,0.2469976842403412,0.01263053622096777,0.05113625360421445,0.01656663041288162,-0.0002547527281102635,-0.02547527281102635,0.2305514312527956,0,0,False,NOT_AVAILABLE_BOOLEAN_COSTMAP_VETO,1790648325979540795,1790648325979540795,34.215462,1.2723280815407634,594
595,5.949999999999918,1790648326054060649,22.01630210876465,2.348357915878296,0.07008539140224457,0.24613504111766815,22.018756866455078,2.3485302925109863,0.07020697742700577,0.24618937075138092,0.3165014966665429,0.3165014966665429,0.07009240756860091,7,0,2185,8,1.3992230915240282,7,14,0.19988135414099223,0.19988901307486118,0.1999011835601178,0.24727770686149597,0.012423546053469181,0.05024127007303493,0.016276733941727167,-0.00028989647115445355,-0.028989647115445355,0.23032949658722818,0,0,False,NOT_AVAILABLE_BOOLEAN_COSTMAP_VETO,1790648326054060649,1790648326054060649,34.359018,1.3552750460803509,595
596,5.959999999999917,1790648326129113289,22.018756866455078,2.3485302925109863,0.07020697742700577,0.24618937075138092,22.02121353149414,2.348703145980835,0.07032858580350876,0.24625463783740997,0.31667416846980234,0.31667416846980234,0.07021220191856248,7,0,2185,8,1.3992230915240282,7,14,0.19988135414099223,0.19988901307486118,0.1999011835601178,0.24756212532520294,0.01219746470451355,0.04927031826249956,0.015962227292537316,-0.0003145066491898503,-0.03145066491898503,0.23010707859176732,0,0,False,NOT_AVAILABLE_BOOLEAN_COSTMAP_VETO,1790648326129113289,1790648326129113289,34.497167,1.302794087678194,596
597,5.969999999999917,1790648326204101862,22.02121353149414,2.348703145980835,0.07032858580350877,0.24625463783740997,22.023670196533203,2.3488762378692627,0.07045023888349533,0.24632905423641205,0.3168470786916403,0.3168470786916403,0.0703320246431085,7,0,2185,8,1.3992230915240282,7,14,0.19988135414099223,0.19988901307486118,0.1999011835601178,0.24781973659992218,0.01197315938770771,0.04831398641600957,0.015652453193525453,-0.00030977409901186345,-0.030977409901186345,0.22988440657788017,0,0,False,NOT_AVAILABLE_BOOLEAN_COSTMAP_VETO,1790648326204101862,1790648326204101862,25.475663,2.115492010489106,597
598,5.979999999999917,1790648326270581651,22.023670196533203,2.3488762378692627,0.07045023888349532,0.24632905423641205,22.026126861572266,2.3490498065948486,0.0705719143152237,0.24641090631484985,0.31702046575063514,0.31702046575063514,0.0704518533272589,7,0,2185,8,1.3992230915240282,7,14,0.19988135414099223,0.19988901307486118,0.1999011835601178,0.24805046617984772,0.011731999926269054,0.047296826758482395,0.01532297251239382,-0.00032948068113163205,-0.032948068113163205,0.2296612512394171,0,0,False,NOT_AVAILABLE_BOOLEAN_COSTMAP_VETO,1790648326270581651,1790648326270581651,31.558321,2.27236095815897,598
599,5.989999999999917,1790648326345156451,22.026126861572266,2.3490498065948486,0.0705719143152237,0.24641090631484985,22.02858543395996,2.3492236137390137,0.07069364935159683,0.24649842083454132,0.31719409108716373,0.31719409108716373,0.07057172369841513,7,0,2185,8,1.3992230915240282,7,14,0.19988135414099223,0.19988901307486118,0.1999011835601178,0.24825125932693481,0.01147959753870964,0.04624185017161009,0.014981238571017998,-0.0003417339413758231,-0.03417339413758231,0.22943783581659688,0,0,False,NOT_AVAILABLE_BOOLEAN_COSTMAP_VETO,1790648326345156451,1790648326345156451,31.626099,1.472686999477446,599
600,5.9999999999999165,1790648326419122176,22.02858543395996,2.3492236137390137,0.07069364935159683,0.24649842083454132,22.031044006347656,2.349397897720337,0.07081541419029236,0.24658985435962677,0.3173681932608486,0.3173681932608486,0.07069160734173208,7,0,2185,8,1.3992230915240282,7,14,0.19988135414099223,0.19988901307486118,0.1999011835601178,0.24842128157615662,0.011232948862016201,0.04521733722145943,0.014649369231951226,-0.00033186933906677145,-0.033186933906677145,0.2292139340392218,0,0,False,NOT_AVAILABLE_BOOLEAN_COSTMAP_VETO,1790648326419122176,1790648326419122176,31.516144,2.2500880295410752,600
601,6.009999999999916,1790648326495206080,22.031044006347656,2.349397897720337,0.07081541419029236,0.24658985435962677,22.033504486083984,2.3495724201202393,0.07093723863363266,0.24668380618095398,0.31754253371206714,0.31754253371206714,0.07081153249386896,7,0,2185,8,1.3992230915240282,7,14,0.19988135414099223,0.19988901307486118,0.1999011835601178,0.248565673828125,0.010988300666213036,0.04420683072197284,0.01432203382525725,-0.0003273354066939769,-0.03273354066939769,0.22898977218539124,0,0,False,NOT_AVAILABLE_BOOLEAN_COSTMAP_VETO,1790648326495206080,1790648326495206080,31.603027,2.2712729405611753,601
602,6.019999999999916,1790648326571438854,22.033504486083984,2.3495724201202393,0.07093723863363266,0.24668380618095398,22.035964965820312,2.3497474193573,0.07105909287929535,0.24677881598472595,0.3177173510004426,0.3177173510004426,0.07093147075123518,7,0,2185,8,1.3992230915240282,7,14,0.19988135414099223,0.19988901307486118,0.1999011835601178,0.24868205189704895,0.01071464829146862,0.04308573220195377,0.013958870533813799,-0.00036316329144345065,-0.036316329144345065,0.22876512398362497,0,0,False,NOT_AVAILABLE_BOOLEAN_COSTMAP_VETO,1790648326571438854,1790648326571438854,31.612883,1.3919159537181258,602
603,6.029999999999916,1790648326646802543,22.035964965820312,2.3497474193573,0.07105909287929536,0.24677881598472595,22.038427352905273,2.3499226570129395,0.07118101418018341,0.24687372148036957,0.31789240656635126,0.31789240656635126,0.07105145780353528,7,0,2185,8,1.3992230915240282,7,14,0.19988135414099223,0.19988901307486118,0.1999011835601178,0.24877457320690155,0.010447466745972633,0.04199571769452361,0.013605772917309293,-0.00035309761650450557,-0.03530976165045056,0.22854021267785257,0,0,False,NOT_AVAILABLE_BOOLEAN_COSTMAP_VETO,1790648326646802543,1790648326646802543,34.671957,2.308745984919369,603
604,6.039999999999916,1790648326726866543,22.038427352905273,2.3499226570129395,0.07118101418018341,0.24687372148036957,22.040889739990234,2.3500983715057373,0.07130296528339386,0.24696747958660126,0.31806793896941693,0.31806793896941693,0.07117145780794587,7,0,2185,8,1.3992230915240282,7,14,0.19988135414099223,0.19988901307486118,0.1999011835601178,0.24884553253650665,0.010175788775086403,0.04089198898354172,0.01324822928603525,-0.00035754363127404355,-0.035754363127404355,0.22831481503109713,0,0,False,NOT_AVAILABLE_BOOLEAN_COSTMAP_VETO,1790648326726866543,1790648326726866543,34.618674,1.407597097568214,604
605,6.0499999999999154,1790648326805678342,22.040889739990234,2.3500983715057373,0.07130296528339386,0.24696747958660126,22.043354034423828,2.3502745628356934,0.07142497599124908,0.24705903232097626,0.3182439480685944,0.3182439480685944,0.07129149896235942,7,0,2185,8,1.3992230915240282,7,14,0.19988135414099223,0.19988901307486118,0.1999011835601178,0.24889275431632996,0.009910021908581257,0.0398164339327698,0.012899809015368281,-0.00034842027066696833,-0.03484202706669683,0.22808891890546662,0,0,False,NOT_AVAILABLE_BOOLEAN_COSTMAP_VETO,1790648326805678342,1790648326805678342,34.508527,1.3560749357566237,605
606,6.059999999999915,1790648326885893675,22.043354034423828,2.3502745628356934,0.07142497599124908,0.24705903232097626,22.045818328857422,2.3504509925842285,0.0715470165014267,0.247147336602211,0.3184201955863501,0.3184201955863501,0.07141155291499457,7,0,2185,8,1.3992230915240282,7,14,0.19988135414099223,0.19988901307486118,0.1999011835601178,0.24891619384288788,0.009663030505180359,0.038820417249668844,0.012577151975707296,-0.00032265703966098506,-0.032265703966098506,0.22786277486407264,0,0,False,NOT_AVAILABLE_BOOLEAN_COSTMAP_VETO,1790648326885893675,1790648326885893675,34.510063,1.3517229817807674,606
607,6.069999999999915,1790648326965816454,22.045818328857422,2.3504509925842285,0.0715470165014267,0.247147336602211,22.04828453063965,2.350627899169922,0.07166911661624908,0.2472318559885025,0.31859691980021776,0.31859691980021776,0.07153164785221167,7,0,2185,8,1.3992230915240282,7,14,0.19988135414099223,0.19988901307486118,0.1999011835601178,0.2489248812198639,0.009442334063351154,0.037932463870540827,0.01228949955493202,-0.0002876524207752768,-0.028765242077527682,0.2276361323517408,0,0,False,NOT_AVAILABLE_BOOLEAN_COSTMAP_VETO,1790648326965816454,1790648326965816454,34.537136,1.343914889730513,607
608,6.079999999999915,1790648327046268818,22.04828453063965,2.350627899169922,0.07166911661624908,0.2472318559885025,22.050750732421875,2.3508052825927734,0.07179123908281326,0.24731235206127167,0.31877412085124235,0.31877412085124235,0.07165174798292329,7,0,2185,8,1.3992230915240282,7,14,0.19988135414099223,0.19988901307486118,0.1999011835601178,0.24892480671405792,0.009248952381312847,0.037155607363540906,0.012037835286603902,-0.00025166426832811707,-0.025166426832811707,0.22740900654637225,0,0,False,NOT_AVAILABLE_BOOLEAN_COSTMAP_VETO,1790648327046268818,1790648327046268818,34.542001,1.4274049317464232,608
609,6.089999999999915,1790648327126570009,22.050750732421875,2.3508052825927734,0.07179123908281326,0.24731235206127167,22.0532169342041,2.350982904434204,0.07191341370344162,0.24738885462284088,0.31895144491949523,0.31895144491949523,0.07177183723436675,7,0,2185,8,1.3992230915240282,7,14,0.19988135414099223,0.19988901307486118,0.1999011835601178,0.24892117083072662,0.009071402251720428,0.036442871538191646,0.01180694170331428,-0.00023089358328962258,-0.023089358328962258,0.22718162373076395,0,0,False,NOT_AVAILABLE_BOOLEAN_COSTMAP_VETO,1790648327126570009,1790648327126570009,34.758263,1.4607179909944534,609
610,6.099999999999914,1790648327207221451,22.0532169342041,2.350982904434204,0.0719134137034416,0.24738885462284088,22.05568504333496,2.351161003112793,0.07203561067581177,0.24746166169643402,0.31912893421354116,0.31912893421354116,0.07189197532119884,7,0,2185,8,1.3992230915240282,7,14,0.19988135414099223,0.19988901307486118,0.1999011835601178,0.24892014265060425,0.00890258327126503,0.03576481668565129,0.011587281989091425,-0.000219659714222855,-0.0219659714222855,0.22695375762780862,0,0,False,NOT_AVAILABLE_BOOLEAN_COSTMAP_VETO,1790648327207221451,1790648327207221451,34.454222,2.3599789710715413,610
611,6.109999999999914,1790648327288657879,22.05568504333496,2.351161003112793,0.07203561067581177,0.24746166169643402,22.05815315246582,2.351339340209961,0.0721578598022461,0.2475312352180481,0.3193066619261589,0.3193066619261589,0.07201214806978884,7,0,2185,8,1.3992230915240282,7,14,0.19988135414099223,0.19988901307486118,0.1999011835601178,0.24892479181289673,0.00873397197574377,0.03508679031981926,0.011367630385131958,-0.00021965160395946703,-0.021965160395946703,0.22672563452159905,0,0,False,NOT_AVAILABLE_BOOLEAN_COSTMAP_VETO,1790648327288657879,1790648327288657879,34.695093,1.4277250738814473,611
612,6.119999999999914,1790648327369108771,22.05815315246582,2.351339340209961,0.0721578598022461,0.2475312352180481,22.060623168945312,2.351517915725708,0.07228013128042221,0.24759802222251892,0.3194846275864221,0.3194846275864221,0.07213232389902613,7,0,2185,8,1.3992230915240282,7,14,0.19988135414099223,0.19988901307486118,0.1999011835601178,0.2489357590675354,0.008564546704292297,0.03440464614795967,0.011146643680843027,-0.0002209867042889304,-0.02209867042889304,0.22649726655231833,0,0,False,NOT_AVAILABLE_BOOLEAN_COSTMAP_VETO,1790648327369108771,1790648327369108771,34.583282,1.4668949879705906,612
613,6.129999999999914,1790648327449344136,22.060623168945312,2.351517915725708,0.07228013128042221,0.24759802222251892,22.063093185424805,2.3516969680786133,0.07240244746208191,0.24766910076141357,0.31966307008382844,0.31966307008382844,0.07225252660575299,7,0,2185,8,1.3992230915240282,7,14,0.19988135414099223,0.19988901307486118,0.1999011835601178,0.249092698097229,0.008591475896537304,0.03449107887210636,0.011174644395406767,2.8000714563740023e-05,0.0028000714563740023,0.2262684062020474,0,0,False,NOT_AVAILABLE_BOOLEAN_COSTMAP_VETO,1790648327449344136,1790648327449344136,34.526832,1.484591979533434,613
614,6.1399999999999135,1790648327529488458,22.063093185424805,2.3516969680786133,0.07240244746208191,0.24766910076141357,22.065563201904297,2.3518762588500977,0.0725247859954834,0.24774350225925446,0.31984175099980716,0.31984175099980716,0.07237273368552177,7,0,2185,8,1.3992230915240282,7,14,0.19988135414099223,0.19988901307486118,0.1999011835601178,0.24923379719257355,0.008647785522043705,0.034697483324710926,0.011241511037467351,6.686664206058401e-05,0.006686664206058401,0.22603930099408415,0,0,False,NOT_AVAILABLE_BOOLEAN_COSTMAP_VETO,1790648327529488458,1790648327529488458,34.274312,1.5191519632935524,614
615,6.149999999999913,1790648327609566474,22.065563201904297,2.3518762588500977,0.0725247859954834,0.24774350225925446,22.068035125732422,2.352055788040161,0.07264717668294907,0.2478214055299759,0.32002066986343086,0.32002066986343086,0.07249297311949476,7,0,2185,8,1.3992230915240282,7,14,0.19988135414099223,0.19988901307486118,0.1999011835601178,0.24938182532787323,0.00874781608581543,0.0350780016719915,0.01136478323109315,0.00012327219362579835,0.012327219362579835,0.2258099387965437,0,0,False,NOT_AVAILABLE_BOOLEAN_COSTMAP_VETO,1790648327609566474,1790648327609566474,23.728375,2.121924073435366,615
616,6.159999999999913,1790648327680097401,22.068035125732422,2.352055788040161,0.07264717668294907,0.2478214055299759,22.070507049560547,2.352235794067383,0.07276958972215652,0.2479022890329361,0.32020006556419794,0.32020006556419794,0.07261321659224151,7,0,2185,8,1.3992230915240282,7,14,0.19988135414099223,0.19988901307486118,0.1999011835601178,0.24952229857444763,0.008828442543745041,0.03538137711211802,0.01146306406870601,9.828083761286022e-05,0.009828083761286022,0.22558009332844148,0,0,False,NOT_AVAILABLE_BOOLEAN_COSTMAP_VETO,1790648327680097401,1790648327680097401,31.269447,1.878845039755106,616
617,6.169999999999913,1790648327755339871,22.070507049560547,2.352235794067383,0.07276958972215652,0.2479022890329361,22.072978973388672,2.3524162769317627,0.07289206236600876,0.24798600375652313,0.320379938102109,0.320379938102109,0.0727335011989827,7,0,2185,8,1.3992230915240282,7,14,0.19988135414099223,0.19988901307486118,0.1999011835601178,0.24966296553611755,0.00888288114219904,0.035579490626990874,0.011527244366062884,6.418029735687399e-05,0.006418029735687399,0.22534974942599834,0,0,False,NOT_AVAILABLE_BOOLEAN_COSTMAP_VETO,1790648327755339871,1790648327755339871,23.223174,1.408940996043384,617
618,6.179999999999913,1790648327823406175,22.072978973388672,2.3524162769317627,0.07289206236600876,0.24798600375652313,22.07545280456543,2.3525969982147217,0.07301455736160278,0.24807225167751312,0.3205600485876649,0.3205600485876649,0.0728537878300779,7,0,2185,8,1.3992230915240282,7,14,0.19988135414099223,0.19988901307486118,0.1999011835601178,0.2497996985912323,0.008909173309803009,0.03566526845327311,0.011555032680103368,2.7788314040483666e-05,0.0027788314040483666,0.225119160677617,0,0,False,NOT_AVAILABLE_BOOLEAN_COSTMAP_VETO,1790648327823406175,1790648327823406175,17.364331,1.4296460431069136,618
619,6.1899999999999125,1790648327882979695,22.07545280456543,2.3525969982147217,0.07301455736160278,0.24807225167751312,22.077926635742188,2.352778196334839,0.07313711196184158,0.24816067516803741,0.32074063591036495,0.32074063591036495,0.07297411525994235,7,0,2185,8,1.3992230915240282,7,14,0.19988135414099223,0.19988901307486118,0.1999011835601178,0.24993184208869934,0.008918794803321362,0.03568490804847561,0.011561395058908382,6.362378805014474e-06,0.0006362378805014474,0.22488807350256773,0,0,False,NOT_AVAILABLE_BOOLEAN_COSTMAP_VETO,1790648327882979695,1790648327882979695,17.264136,1.4503829879686236,619
620,6.199999999999912,1790648327941663523,22.077926635742188,2.352778196334839,0.07313711196184158,0.24816067516803741,22.080402374267578,2.3529598712921143,0.07325969636440277,0.24825093150138855,0.3209216995992817,0.3209216995992817,0.07309445179687168,7,0,2185,8,1.3992230915240282,7,14,0.19988135414099223,0.19988901307486118,0.1999011835601178,0.25005877017974854,0.008921409957110882,0.03567725279420493,0.011558915087970547,-2.479970937835016e-06,-0.0002479970937835016,0.2246565000363427,0,0,False,NOT_AVAILABLE_BOOLEAN_COSTMAP_VETO,1790648327941663523,1790648327941663523,18.934909,1.4116610400378704,620
621,6.209999999999912,1790648328001242644,22.080402374267578,2.3529598712921143,0.07325969636440276,0.24825093150138855,22.08287811279297,2.3531417846679688,0.07338234037160873,0.24834275245666504,0.3211030017067703,0.3211030017067703,0.07321482879508245,7,0,2185,8,1.3992230915240282,7,14,0.19988135414099223,0.19988901307486118,0.1999011835601178,0.2501818537712097,0.008924856781959534,0.03567347770202901,0.011557692121501555,-1.2229664689920178e-06,-0.00012229664689920178,0.22442466657003796,0,0,False,NOT_AVAILABLE_BOOLEAN_COSTMAP_VETO,1790648328001242644,1790648328001242644,17.058337,1.3887169770896435,621
622,6.219999999999912,1790648328058266739,22.08287811279297,2.3531417846679688,0.07338234037160873,0.24834275245666504,22.085355758666992,2.3533241748809814,0.07350501418113708,0.2484358549118042,0.32128478018047574,0.32128478018047574,0.07333521453067338,7,0,2185,8,1.3992230915240282,7,14,0.19988135414099223,0.19988901307486118,0.1999011835601178,0.2503008246421814,0.008934356272220612,0.03569447397943158,0.011564494006166706,6.801884665150887e-06,0.0006801884665150887,0.22419234681926942,0,0,False,NOT_AVAILABLE_BOOLEAN_COSTMAP_VETO,1790648328058266739,1790648328058266739,26.476655,1.4366540126502514,622
623,6.229999999999912,1790648328124981192,22.085355758666992,2.3533241748809814,0.07350501418113708,0.2484358549118042,22.087833404541016,2.3535068035125732,0.07362774759531021,0.24852997064590454,0.3214667970727534,0.3214667970727534,0.07345564039316699,7,0,2185,8,1.3992230915240282,7,14,0.19988135414099223,0.19988901307486118,0.1999011835601178,0.25041526556015015,0.008950537070631981,0.03574277730477277,0.011580142187808092,1.564818164138601e-05,0.001564818164138601,0.22395976707644322,0,0,False,NOT_AVAILABLE_BOOLEAN_COSTMAP_VETO,1790648328124981192,1790648328124981192,29.575217,1.4729429967701435,623
624,6.239999999999911,1790648328198290256,22.087833404541016,2.3535068035125732,0.07362774759531021,0.24852997064590454,22.090312957763672,2.3536899089813232,0.07375051826238632,0.2486247420310974,0.32164929033124784,0.32164929033124784,0.07357608207218869,7,0,2185,8,1.3992230915240282,7,14,0.19988135414099223,0.19988901307486118,0.1999011835601178,0.2505231499671936,0.008971456438302994,0.0358108878939045,0.011602207053887977,2.206486607988535e-05,0.002206486607988535,0.22372669802381767,0,0,False,NOT_AVAILABLE_BOOLEAN_COSTMAP_VETO,1790648328198290256,1790648328198290256,20.210566,2.0916509674862027,624
625,6.249999999999911,1790648328259921666,22.090312957763672,2.3536899089813232,0.07375051826238632,0.2486247420310974,22.092792510986328,2.3538732528686523,0.07387334108352661,0.24868693947792053,0.32183202200831407,0.32183202200831407,0.07369655608769143,7,0,2185,8,1.3992230915240282,7,14,0.19988135414099223,0.19988901307486118,0.1999011835601178,0.24993275105953217,0.009938591159880161,0.03976506127247349,0.012883167039476805,0.0012809599855888275,0.12809599855888273,0.22349337201938652,0,0,False,NOT_AVAILABLE_BOOLEAN_COSTMAP_VETO,1790648328259921666,1790648328259921666,47.956989,1.798073062673211,625
626,6.259999999999911,1790648328348683288,22.092792510986328,2.3538732528686523,0.07387334108352661,0.24868693947792053,22.095272064208984,2.3540570735931396,0.0739961788058281,0.24872438609600067,0.3220152305225239,0.3220152305225239,0.07381702502960197,7,0,2185,8,1.3992230915240282,7,14,0.19988135414099223,0.19988901307486118,0.1999011835601178,0.24947451055049896,0.010839424096047878,0.04344902439984444,0.014076554078388705,0.0011933870389119004,0.11933870389119003,0.22325956580740697,0,0,False,NOT_AVAILABLE_BOOLEAN_COSTMAP_VETO,1790648328348683288,1790648328348683288,45.228294,1.5678899362683296,626
627,6.269999999999911,1790648328436591858,22.095272064208984,2.3540570735931396,0.0739961788058281,0.24872438609600067,22.09775161743164,2.354241132736206,0.07411903142929077,0.2487347573041916,0.32219867745530584,0.32219867745530584,0.07393748873841988,7,0,2185,8,1.3992230915240282,7,14,0.19988135414099223,0.19988901307486118,0.1999011835601178,0.248942568898201,0.011560630984604359,0.04643894788975122,0.015045083839106592,0.0009685297607178872,0.09685297607178872,0.22302551780819274,0,0,False,NOT_AVAILABLE_BOOLEAN_COSTMAP_VETO,1790648328436591858,1790648328436591858,43.177124,1.4083650894463062,627
628,6.2799999999999105,1790648328523310919,22.09775161743164,2.354241132736206,0.07411903142929077,0.2487347573041916,22.100231170654297,2.3544254302978516,0.07424187660217285,0.24868227541446686,0.3223823628066596,0.3223823628066596,0.0740579247209352,7,0,2185,8,1.3992230915240282,7,14,0.19988135414099223,0.19988901307486118,0.1999011835601178,0.24845881760120392,0.012421075254678726,0.049992491208806826,0.016196150836979162,0.0011510669978725702,0.11510669978725702,0.2227912371176896,0,0,False,NOT_AVAILABLE_BOOLEAN_COSTMAP_VETO,1790648328523310919,1790648328523310919,43.28516,2.0776339806616306,628
629,6.28999999999991,1790648328611225025,22.100231170654297,2.3544254302978516,0.07424187660217285,0.24868227541446686,22.102710723876953,2.354609966278076,0.07436466217041016,0.24856337904930115,0.322566286576585,0.322566286576585,0.07417828065456877,7,0,2185,8,1.3992230915240282,7,14,0.19988135414099223,0.19988901307486118,0.1999011835601178,0.24805720150470734,0.013371451757848263,0.05390471099705007,0.017463350888426526,0.0012672000514473633,0.12672000514473633,0.2225567449548415,0,0,False,NOT_AVAILABLE_BOOLEAN_COSTMAP_VETO,1790648328611225025,1790648328611225025,43.536016,1.378796063363552,629
630,6.29999999999991,1790648328698566570,22.102710723876953,2.354609966278076,0.07436466217041016,0.24856337904930115,22.105188369750977,2.35479474067688,0.07448740303516388,0.24841418862342834,0.32275044923600876,0.32275044923600876,0.07429857318099309,7,0,2185,8,1.3992230915240282,7,14,0.19988135414099223,0.19988901307486118,0.1999011835601178,0.2477789968252182,0.014282125979661942,0.057640583595293456,0.018673378343850883,0.0012100274554243569,0.12100274554243569,0.2223220352543242,0,0,False,NOT_AVAILABLE_BOOLEAN_COSTMAP_VETO,1790648328698566570,1790648328698566570,43.436716,1.660341047681868,630
631,6.30999999999991,1790648328788213660,22.105188369750977,2.35479474067688,0.07448740303516388,0.24841418862342834,22.107664108276367,2.3549797534942627,0.07461004704236984,0.24826693534851074,0.32293485078493134,0.32293485078493134,0.07441875003913445,7,0,2185,8,1.3992230915240282,7,14,0.19988135414099223,0.19988901307486118,0.1999011835601178,0.2476399689912796,0.015059136785566807,0.060810606813220446,0.01970008772008998,0.001026709376239096,0.10267093762390961,0.2220871292303414,0,0,False,NOT_AVAILABLE_BOOLEAN_COSTMAP_VETO,1790648328788213660,1790648328788213660,43.759735,1.5149599639698863,631
632,6.31999999999991,1790648328878410687,22.107664108276367,2.3549797534942627,0.07461004704236986,0.24826693534851074,22.110139846801758,2.3551650047302246,0.07473264634609222,0.24814248085021973,0.3231194907524258,0.3231194907524258,0.07453886135365595,7,0,2185,8,1.3992230915240282,7,14,0.19988135414099223,0.19988901307486118,0.1999011835601178,0.2476125806570053,0.015646066516637802,0.06318768810180467,0.02046995136680077,0.0007698636467107917,0.07698636467107917,0.22185200566202096,0,0,False,NOT_AVAILABLE_BOOLEAN_COSTMAP_VETO,1790648328878410687,1790648328878410687,43.636051,1.4804319944232702,632
633,6.3299999999999095,1790648328968206294,22.110139846801758,2.3551650047302246,0.07473264634609224,0.24814248085021973,22.112613677978516,2.3553502559661865,0.07485517859458923,0.24806173145771027,0.32330413119084683,0.32330413119084683,0.07465888656730524,7,0,2185,8,1.3992230915240282,7,14,0.19988135414099223,0.19988901307486118,0.1999011835601178,0.2477179318666458,0.01594119518995285,0.06435220522725213,0.020847093910320292,0.0003771425435195215,0.03771425435195215,0.22161691205751105,0,0,False,NOT_AVAILABLE_BOOLEAN_COSTMAP_VETO,1790648328968206294,1790648328968206294,43.934844,1.4694549608975649,633
634,6.339999999999909,1790648329058358936,22.112613677978516,2.3553502559661865,0.07485517859458923,0.24806173145771027,22.115087509155273,2.3555359840393066,0.07497769594192505,0.2480316311120987,0.3234892484664113,0.3234892484664113,0.074778875759141,7,0,2185,8,1.3992230915240282,7,14,0.19988135414099223,0.19988901307486118,0.1999011835601178,0.247903510928154,0.015996159985661507,0.06452575006207728,0.020903297937428934,5.620402710864239e-05,0.005620402710864239,0.22138135036303036,0,0,False,NOT_AVAILABLE_BOOLEAN_COSTMAP_VETO,1790648329058358936,1790648329058358936,43.840025,1.479918952099979,634
635,6.349999999999909,1790648329148284211,22.115087509155273,2.3555359840393066,0.07497769594192503,0.2480316311120987,22.11756134033203,2.355721950531006,0.07510020583868027,0.24803650379180908,0.3236746041605478,0.3236746041605478,0.07489883622570259,7,0,2185,8,1.3992230915240282,7,14,0.19988135414099223,0.19988901307486118,0.1999011835601178,0.2481340616941452,0.015897303819656372,0.06406739853092677,0.020754856461642962,-0.00014844147578597228,-0.014844147578597228,0.22114555596666569,0,0,False,NOT_AVAILABLE_BOOLEAN_COSTMAP_VETO,1790648329148284211,1790648329148284211,43.72447,1.5131680993363261,635
636,6.359999999999909,1790648329238067178,22.11756134033203,2.355721950531006,0.07510020583868025,0.24803650379180908,22.12003517150879,2.355908155441284,0.07522271573543549,0.24804942309856415,0.3238601982732559,0.3238601982732559,0.07501877527325185,7,0,2185,8,1.3992230915240282,7,14,0.19988135414099223,0.19988901307486118,0.1999011835601178,0.24830810725688934,0.015761977061629295,0.06347749671065957,0.020563809835902478,-0.000191046625740484,-0.0191046625740484,0.2209095258385793,0,0,False,NOT_AVAILABLE_BOOLEAN_COSTMAP_VETO,1790648329238067178,1790648329238067178,43.781751,2.023936016485095,636
637,6.369999999999909,1790648329328295470,22.12003517150879,2.355908155441284,0.07522271573543549,0.24804942309856415,22.122509002685547,2.3560945987701416,0.0753452330827713,0.24806758761405945,0.3240460308045363,0.3240460308045363,0.07513870019366697,7,0,2185,8,1.3992230915240282,7,14,0.19988135414099223,0.19988901307486118,0.1999011835601178,0.24843156337738037,0.01566971279680729,0.06307456501815023,0.020433314815919226,-0.00013049501998325247,-0.013049501998325247,0.22067325694958456,0,0,False,NOT_AVAILABLE_BOOLEAN_COSTMAP_VETO,1790648329328295470,1790648329328295470,43.973373,1.5488499775528908,637
638,6.379999999999908,1790648329421215529,22.122509002685547,2.3560945987701416,0.0753452330827713,0.24806758761405945,22.124982833862305,2.3562815189361572,0.07546775788068771,0.24808736145496368,0.32423234017296015,0.32423234017296015,0.07525861082808127,7,0,2185,8,1.3992230915240282,7,14,0.19988135414099223,0.19988901307486118,0.1999011835601178,0.24848350882530212,0.015689177438616753,0.06313971302476708,0.02045441394918828,2.109913326905563e-05,0.002109913326905563,0.22043651088234223,0,0,False,NOT_AVAILABLE_BOOLEAN_COSTMAP_VETO,1790648329421215529,1790648329421215529,44.030432,1.5252330340445042,638
639,6.389999999999908,1790648329513070305,22.124982833862305,2.3562815189361572,0.07546775788068771,0.24808736145496368,22.127456665039062,2.356468677520752,0.07559029757976532,0.2481059581041336,0.3244188879599556,0.3244188879599556,0.07537851448300126,7,0,2185,8,1.3992230915240282,7,14,0.19988135414099223,0.19988901307486118,0.1999011835601178,0.24847836792469025,0.01578383892774582,0.0635219840647442,0.020578217640003667,0.00012380369081538625,0.012380369081538625,0.2201995230270632,0,0,False,NOT_AVAILABLE_BOOLEAN_COSTMAP_VETO,1790648329513070305,1790648329513070305,43.72559,1.545168925076723,639
640,6.399999999999908,1790648329605834071,22.127456665039062,2.356468677520752,0.07559029757976532,0.2481059581041336,22.12993049621582,2.356656312942505,0.07571284472942352,0.24812038242816925,0.3246059125840952,0.3246059125840952,0.07549840354902182,7,0,2185,8,1.3992230915240282,7,14,0.19988135414099223,0.19988901307486118,0.1999011835601178,0.24840936064720154,0.016021111980080605,0.06449479978668868,0.020893274427129523,0.00031505678712585514,0.031505678712585514,0.219962057996341,0,0,False,NOT_AVAILABLE_BOOLEAN_COSTMAP_VETO,1790648329605834071,1790648329605834071,44.233446,1.7797370674088597,640
641,6.409999999999908,1790648329699094301,22.12993049621582,2.356656312942505,0.07571284472942352,0.24812038242816925,22.132404327392578,2.356844186782837,0.07583539932966232,0.24812904000282288,0.32479317562680604,0.32479317562680604,0.07561827787728959,7,0,2185,8,1.3992230915240282,7,14,0.19988135414099223,0.19988901307486118,0.1999011835601178,0.24830232560634613,0.016367394477128983,0.06591720169015873,0.02135392702834542,0.0004606526012158989,0.04606526012158989,0.21972435420999464,0,0,False,NOT_AVAILABLE_BOOLEAN_COSTMAP_VETO,1790648329699094301,1790648329699094301,44.034464,1.4897760702297091,641
642,6.419999999999908,1790648329791147804,22.132404327392578,2.356844186782837,0.07583539932966232,0.24812904000282288,22.134878158569336,2.357032299041748,0.07595795392990112,0.24812927842140198,0.3249806770880893,0.3249806770880893,0.0757381298532076,7,0,2185,8,1.3992230915240282,7,14,0.19988135414099223,0.19988901307486118,0.1999011835601178,0.24813401699066162,0.016818122938275337,0.06777838501243574,0.021956667661722388,0.0006027406333769664,0.06027406333769664,0.2194864146983761,0,0,False,NOT_AVAILABLE_BOOLEAN_COSTMAP_VETO,1790648329791147804,1790648329791147804,43.944861,1.5764030395075679,642
643,6.429999999999907,1790648329884219931,22.134878158569336,2.357032299041748,0.07595795392990112,0.24812927842140198,22.137351989746094,2.3572206497192383,0.07608049362897873,0.2480933517217636,0.3251684169679438,0.3251684169679438,0.07585794441641225,7,0,2185,8,1.3992230915240282,7,14,0.19988135414099223,0.19988901307486118,0.1999011835601178,0.24794036149978638,0.01726515404880047,0.06963430215380784,0.022557686964933925,0.000601019303211537,0.0601019303211537,0.21924824552013716,0,0,False,NOT_AVAILABLE_BOOLEAN_COSTMAP_VETO,1790648329884219931,1790648329884219931,44.138883,1.558962045237422,643
644,6.439999999999907,1790648329977940495,22.137351989746094,2.3572206497192383,0.07608049362897873,0.2480933517217636,22.13982582092285,2.3574094772338867,0.07620301842689514,0.24802345037460327,0.32535663368494255,0.32535663368494255,0.07597772143351111,7,0,2185,8,1.3992230915240282,7,14,0.19988135414099223,0.19988901307486118,0.1999011835601178,0.24772579967975616,0.0177341066300869,0.0715876451020136,0.02319023898082304,0.0006325520158891144,0.06325520158891144,0.21900960825646382,0,0,False,NOT_AVAILABLE_BOOLEAN_COSTMAP_VETO,1790648329977940495,1790648329977940495,42.877722,1.5597620513290167,644
645,6.449999999999907,1790648330070060369,22.13982582092285,2.3574094772338867,0.07620301842689514,0.24802345037460327,22.142297744750977,2.357598304748535,0.07632548362016678,0.24792253971099854,0.3255448508728677,0.3255448508728677,0.07609741818511173,7,0,2185,8,1.3992230915240282,7,14,0.19988135414099223,0.19988901307486118,0.1999011835601178,0.24749287962913513,0.018213404342532158,0.07359162966556738,0.023839171002929444,0.0006489320221064049,0.06489320221064049,0.21877099791601767,0,0,False,NOT_AVAILABLE_BOOLEAN_COSTMAP_VETO,1790648330070060369,1790648330070060369,44.115043,2.0795550663024187,645
646,6.459999999999907,1790648330163509948,22.142297744750977,2.357598304748535,0.07632548362016678,0.24792253971099854,22.1447696685791,2.357787609100342,0.07644791156053543,0.24778878688812256,0.3257335448979364,0.3257335448979364,0.07621705474580143,7,0,2185,8,1.3992230915240282,7,14,0.19988135414099223,0.19988901307486118,0.1999011835601178,0.24721930921077728,0.018654629588127136,0.07545781778810143,0.02444346361564812,0.0006042926127186772,0.06042926127186772,0.21853192857307907,0,0,False,NOT_AVAILABLE_BOOLEAN_COSTMAP_VETO,1790648330163509948,1790648330163509948,44.167588,1.5516980784013867,646
647,6.4699999999999065,1790648330257058155,22.1447696685791,2.357787609100342,0.07644791156053542,0.24778878688812256,22.147239685058594,2.3579769134521484,0.07657024264335632,0.2476244568824768,0.3259222393939321,0.3259222393939321,0.07633657356230827,7,0,2185,8,1.3992230915240282,7,14,0.19988135414099223,0.19988901307486118,0.1999011835601178,0.24692478775978088,0.019070692360401154,0.07723279842991684,0.02501820566396911,0.0005747420483209892,0.05747420483209892,0.21829290128946005,0,0,False,NOT_AVAILABLE_BOOLEAN_COSTMAP_VETO,1790648330257058155,1790648330257058155,44.055809,1.8960280576720834,647
648,6.479999999999906,1790648330343906308,22.147239685058594,2.3579769134521484,0.07657024264335632,0.2476244568824768,22.149707794189453,2.358166456222534,0.07669251412153244,0.24743567407131195,0.3261111727794261,0.3261111727794261,0.07645601175601113,7,0,2185,8,1.3992230915240282,7,14,0.19988135414099223,0.19988901307486118,0.1999011835601178,0.24663189053535461,0.019429638981819153,0.07877991341526824,0.02551915091591706,0.0005009452519479478,0.05009452519479478,0.21805366250028174,0,0,False,NOT_AVAILABLE_BOOLEAN_COSTMAP_VETO,1790648330343906308,1790648330343906308,44.587857,1.5606899978592992,648
649,6.489999999999906,1790648330437469587,22.149707794189453,2.358166456222534,0.07669251412153244,0.24743567407131195,22.15217399597168,2.35835599899292,0.07681465893983841,0.2472311556339264,0.3263001066358467,0.3263001066358467,0.07657530220474662,7,0,2185,8,1.3992230915240282,7,14,0.19988135414099223,0.19988901307486118,0.1999011835601178,0.2463604211807251,0.019757220521569252,0.08019640665850197,0.02597779051361975,0.00045863959770269316,0.045863959770269316,0.217814477872656,0,0,False,NOT_AVAILABLE_BOOLEAN_COSTMAP_VETO,1790648330437469587,1790648330437469587,44.800632,1.7263920744881034,649
650,6.499999999999906,1790648330531236841,22.15217399597168,2.35835599899292,0.07681465893983841,0.2472311556339264,22.154638290405273,2.3585457801818848,0.076936736702919,0.24701780080795288,0.32648927938176575,0.32648927938176575,0.07669450439335979,7,0,2185,8,1.3992230915240282,7,14,0.19988135414099223,0.19988901307486118,0.1999011835601178,0.24610944092273712,0.0200771763920784,0.08157824550250134,0.02642519899683549,0.0004474084832157381,0.04474084832157381,0.21757508475796222,0,0,False,NOT_AVAILABLE_BOOLEAN_COSTMAP_VETO,1790648330531236841,1790648330531236841,44.663444,1.4152140356600285,650
651,6.509999999999906,1790648330625729334,22.154638290405273,2.3585457801818848,0.07693673670291899,0.24701780080795288,22.157100677490234,2.3587357997894287,0.07705873250961304,0.246980682015419,0.3266786910171835,0.3266786910171835,0.07681360333386555,8,0,2185,8,1.3992162337232685,8,15,0.19988135414099223,0.19988803338903835,0.1999011835601178,0.24682262539863586,0.019590821117162704,0.07937206358421216,0.025710881714869058,-0.0007143172819664319,-0.07143172819664319,0.21733548920780982,0,0,False,NOT_AVAILABLE_BOOLEAN_COSTMAP_VETO,1790648330625729334,1790648330625729334,22.269672,1.7398310592398047,651
652,6.519999999999905,1790648330695564910,22.157100677490234,2.3587357997894287,0.07705873250961305,0.246980682015419,22.159563064575195,2.3589260578155518,0.07718072086572647,0.24699772894382477,0.32686834107117313,0.32686834107117313,0.07693267116030267,8,0,2185,8,1.3992162337232685,8,15,0.19988135414099223,0.19988803338903835,0.1999011835601178,0.2473391592502594,0.019036002457141876,0.07696315664225706,0.024930896204846634,-0.000779985510022424,-0.0779985510022424,0.21709566094276073,0,0,False,NOT_AVAILABLE_BOOLEAN_COSTMAP_VETO,1790648330695564910,1790648330695564910,21.168389,1.4611660735681653,652
653,6.529999999999905,1790648330760924280,22.159563064575195,2.3589260578155518,0.07718072086572647,0.24699772894382477,22.162025451660156,2.359116554260254,0.0773027315735817,0.247040793299675,0.32705822954373454,0.32705822954373454,0.07705173752319894,8,0,2185,8,1.3992162337232685,8,15,0.19988135414099223,0.19988803338903835,0.1999011835601178,0.2479032427072525,0.018385261297225952,0.07416305287679113,0.024024206107997586,-0.0009066900968490478,-0.09066900968490478,0.21685558785380293,0,0,False,NOT_AVAILABLE_BOOLEAN_COSTMAP_VETO,1790648330760924280,1790648330760924280,17.889468,1.5406889142468572,653
654,6.539999999999905,1790648330822423814,22.162025451660156,2.359116554260254,0.0773027315735817,0.247040793299675,22.164487838745117,2.3593075275421143,0.07742475718259811,0.24709996581077576,0.3272485948534396,0.3272485948534396,0.07717079480889932,8,0,2185,8,1.3992162337232685,8,15,0.19988135414099223,0.19988803338903835,0.1999011835601178,0.2482851892709732,0.017436081543564796,0.07022602352867462,0.022749306320755457,-0.0012748997872421286,-0.12748997872421286,0.21661503455171943,0,0,False,NOT_AVAILABLE_BOOLEAN_COSTMAP_VETO,1790648330822423814,1790648330822423814,25.591474,1.4617419801652431,654
655,6.549999999999905,1790648330889974422,22.164487838745117,2.3593075275421143,0.07742475718259811,0.24709996581077576,22.16695213317871,2.3594987392425537,0.07754682749509811,0.24716605246067047,0.32743919811078975,0.32743919811078975,0.07728987035955948,8,0,2185,8,1.3992162337232685,8,15,0.19988135414099223,0.19988803338903835,0.1999011835601178,0.24848979711532593,0.016232695430517197,0.06532540015308348,0.02116226996814042,-0.0015870363526150379,-0.15870363526150377,0.21637422734885864,0,0,False,NOT_AVAILABLE_BOOLEAN_COSTMAP_VETO,1790648330889974422,1790648330889974422,27.734743,1.8699479987844825,655
656,6.559999999999905,1790648330960431554,22.16695213317871,2.3594987392425537,0.0775468274950981,0.24716605246067047,22.169416427612305,2.3596904277801514,0.07766891270875931,0.24722735583782196,0.32763027820528356,0.32763027820528356,0.07740893651438352,8,0,2185,8,1.3992162337232685,8,15,0.19988135414099223,0.19988803338903835,0.1999011835601178,0.24845518171787262,0.014888998121023178,0.0599262934187061,0.019413679753108044,-0.001748590215032375,-0.1748590215032375,0.21613293993762211,0,0,False,NOT_AVAILABLE_BOOLEAN_COSTMAP_VETO,1790648330960431554,1790648330960431554,27.860731,2.018753089942038,656
657,6.569999999999904,1790648331031837709,22.169416427612305,2.3596904277801514,0.07766891270875931,0.24722735583782196,22.1718807220459,2.359882354736328,0.07779103517532349,0.24727065861225128,0.32782159671834915,0.32782159671834915,0.07752801545013233,8,0,2185,8,1.3992162337232685,8,15,0.19988135414099223,0.19988803338903835,0.1999011835601178,0.24813807010650635,0.013588923029601574,0.054763555724314725,0.017741530367681144,-0.0016721493854269,-0.16721493854268998,0.21589140165833037,0,0,False,NOT_AVAILABLE_BOOLEAN_COSTMAP_VETO,1790648331031837709,1790648331031837709,29.413228,2.127972082234919,657
658,6.579999999999904,1790648331104451358,22.1718807220459,2.359882354736328,0.07779103517532349,0.24727065861225128,22.174346923828125,2.360074758529663,0.07791316509246826,0.2472863346338272,0.3280133915976322,0.3280133915976322,0.07764707484744182,8,0,2185,8,1.3992162337232685,8,15,0.19988135414099223,0.19988803338903835,0.1999011835601178,0.2476004809141159,0.01253045815974474,0.050607567939624176,0.016395382781292142,-0.0013461475863890023,-0.1346147586389002,0.21564938620158686,0,0,False,NOT_AVAILABLE_BOOLEAN_COSTMAP_VETO,1790648331104451358,1790648331104451358,29.393964,2.0233929390087724,658
659,6.589999999999904,1790648331178545407,22.174346923828125,2.360074758529663,0.07791316509246826,0.2472863346338272,22.17681121826172,2.360267400741577,0.07803528010845184,0.24722108244895935,0.32820542536641334,0.32820542536641334,0.07776609693578473,8,0,2185,8,1.3992162337232685,8,15,0.19988135414099223,0.19988803338903835,0.1999011835601178,0.24694325029850006,0.011862204410135746,0.04803615565842335,0.015562457953869532,-0.0008329248274226101,-0.083292482742261,0.21540714106619746,0,0,False,NOT_AVAILABLE_BOOLEAN_COSTMAP_VETO,1790648331178545407,1790648331178545407,29.055841,1.3868920505046844,659
660,6.599999999999904,1790648331252128208,22.17681121826172,2.360267400741577,0.07803528010845184,0.24722108244895935,22.179275512695312,2.3604602813720703,0.07815735787153244,0.24704596400260925,0.3283976975537663,0.3283976975537663,0.07788505685405189,8,0,2185,8,1.3992162337232685,8,15,0.19988135414099223,0.19988803338903835,0.1999011835601178,0.2463003396987915,0.011591441929340363,0.04706222469492289,0.015246979200957174,-0.00031547875291235844,-0.031547875291235844,0.2151646753304221,0,0,False,NOT_AVAILABLE_BOOLEAN_COSTMAP_VETO,1790648331252128208,1790648331252128208,30.068193,1.7973050707951188,660
661,6.6099999999999035,1790648331326936167,22.179275512695312,2.3604602813720703,0.07815735787153244,0.24704596400260925,22.181737899780273,2.3606531620025635,0.0782792940735817,0.246800035238266,0.32858997021204606,0.32858997021204606,0.07800385258799869,8,0,2185,8,1.3992162337232685,8,15,0.19988135414099223,0.19988803338903835,0.1999011835601178,0.2457529753446579,0.011650688014924526,0.047408125979288514,0.015359024973788351,0.00011204577283117738,0.011204577283117738,0.2149222697751771,0,0,False,NOT_AVAILABLE_BOOLEAN_COSTMAP_VETO,1790648331326936167,1790648331326936167,31.719158,1.4520459808409214,661
662,6.619999999999903,1790648331402888644,22.181737899780273,2.3606531620025635,0.0782792940735817,0.246800035238266,22.18419647216797,2.3608462810516357,0.07840114831924438,0.24652554094791412,0.32878248223075074,0.32878248223075074,0.07812254610247438,8,0,2185,8,1.3992162337232685,8,15,0.19988135414099223,0.19988803338903835,0.1999011835601178,0.24535682797431946,0.01187943760305643,0.04841698395407934,0.01568581620317042,0.0003267912293820688,0.03267912293820688,0.2146796617665589,0,0,False,NOT_AVAILABLE_BOOLEAN_COSTMAP_VETO,1790648331402888644,1790648331402888644,31.725974,1.4054530765861273,662
663,6.629999999999903,1790648331478851712,22.18419647216797,2.3608462810516357,0.07840114831924438,0.24652554094791412,22.18665313720703,2.361039400100708,0.07852282375097275,0.24625979363918304,0.3289749947203823,0.3289749947203823,0.07824103803281224,8,0,2185,8,1.3992162337232685,8,15,0.19988135414099223,0.19988803338903835,0.1999011835601178,0.24512837827205658,0.012135540135204792,0.04950687562472314,0.016038852257196996,0.0003530360540265759,0.03530360540265759,0.21443712905227946,0,0,False,NOT_AVAILABLE_BOOLEAN_COSTMAP_VETO,1790648331478851712,1790648331478851712,31.832313,2.1410599583759904,663
664,6.639999999999903,1790648331555153224,22.18665313720703,2.361039400100708,0.07852282375097275,0.24625979363918304,22.18910789489746,2.3612327575683594,0.07864441722631454,0.24603325128555298,0.32916774609951244,0.32916774609951244,0.07835942513259875,8,0,2185,8,1.3992162337232685,8,15,0.19988135414099223,0.19988803338903835,0.1999011835601178,0.2450687289237976,0.012363022193312645,0.05044716332272992,0.01634342561022568,0.0003045733530286851,0.03045733530286851,0.2141943938710404,0,0,False,NOT_AVAILABLE_BOOLEAN_COSTMAP_VETO,1790648331555153224,1790648331555153224,31.674421,1.4717270387336612,664
665,6.649999999999903,1790648331632847164,22.18910789489746,2.3612327575683594,0.07864441722631454,0.24603325128555298,22.191558837890625,2.3614261150360107,0.0787658765912056,0.24585147202014923,0.3293604984204961,0.3293604984204961,0.07847765769359549,8,0,2185,8,1.3992162337232685,8,15,0.19988135414099223,0.19988803338903835,0.1999011835601178,0.24507752060890198,0.012493778020143509,0.05097888206597801,0.01651565598413229,0.00017223037390660945,0.017223037390660945,0.21395171581420697,0,0,False,NOT_AVAILABLE_BOOLEAN_COSTMAP_VETO,1790648331632847164,1790648331632847164,34.705494,1.5090730739757419,665
666,6.659999999999902,1790648331714158243,22.191558837890625,2.3614261150360107,0.0787658765912056,0.24585147202014923,22.19400978088379,2.361619710922241,0.07888728380203247,0.24570834636688232,0.3295534891600512,0.3295534891600512,0.07859581255195902,8,0,2185,8,1.3992162337232685,8,15,0.19988135414099223,0.19988803338903835,0.1999011835601178,0.24509893357753754,0.012508105486631393,0.05103288416664787,0.01653314788761255,1.749190348026078e-05,0.0017491903480260779,0.213708823178053,0,0,False,NOT_AVAILABLE_BOOLEAN_COSTMAP_VETO,1790648331714158243,1790648331714158243,34.828569,2.291881013661623,666
667,6.669999999999902,1790648331796279205,22.19400978088379,2.361619710922241,0.07888728380203247,0.24570834636688232,22.19645881652832,2.3618133068084717,0.07900860160589218,0.24559248983860016,0.3297464803705331,0.3297464803705331,0.07871385487002458,8,0,2185,8,1.3992162337232685,8,15,0.19988135414099223,0.19988803338903835,0.1999011835601178,0.24509918689727783,0.012460657395422459,0.05083924411648406,0.01647042559432401,-6.272229328854045e-05,-0.006272229328854045,0.21346596950357205,0,0,False,NOT_AVAILABLE_BOOLEAN_COSTMAP_VETO,1790648331796279205,1790648331796279205,34.686101,1.4761750353500247,667
668,6.679999999999902,1790648331876892982,22.19645881652832,2.3618133068084717,0.07900860160589218,0.24559248983860016,22.19890594482422,2.3620073795318604,0.0791298896074295,0.24549946188926697,0.32993994888908545,0.32993994888908545,0.07883184415070144,8,0,2185,8,1.3992162337232685,8,15,0.19988135414099223,0.19988803338903835,0.1999011835601178,0.2451033592224121,0.012366578914225101,0.05045454682244236,0.016345817225106807,-0.0001246083692172037,-0.01246083692172037,0.21322265374957156,0,0,False,NOT_AVAILABLE_BOOLEAN_COSTMAP_VETO,1790648331876892982,1790648331876892982,34.622419,1.4654230326414108,668
669,6.689999999999902,1790648331957360162,22.19890594482422,2.3620073795318604,0.0791298896074295,0.24549946188926697,22.201353073120117,2.362201452255249,0.07925112545490265,0.24543362855911255,0.33013341740763785,0.33013341740763785,0.07894975537352389,8,0,2185,8,1.3992162337232685,8,15,0.19988135414099223,0.19988803338903835,0.1999011835601178,0.24515332281589508,0.012228600680828094,0.049881439665459944,0.01616017955345469,-0.00018563767165211825,-0.018563767165211825,0.21297936182606686,0,0,False,NOT_AVAILABLE_BOOLEAN_COSTMAP_VETO,1790648331957360162,1790648331957360162,34.613778,1.4936799416318536,669
670,6.699999999999902,1790648332037815855,22.201353073120117,2.362201452255249,0.07925112545490264,0.24543362855911255,22.203800201416016,2.362396001815796,0.079372338950634,0.24540077149868011,0.33032736276333385,0.33032736276333385,0.0790676181665031,8,0,2185,8,1.3992162337232685,8,15,0.19988135414099223,0.19988803338903835,0.1999011835601178,0.24526084959506989,0.01207671407610178,0.04924028476636468,0.015952498917418793,-0.00020768063603589584,-0.020768063603589584,0.21273560479505987,0,0,False,NOT_AVAILABLE_BOOLEAN_COSTMAP_VETO,1790648332037815855,1790648332037815855,34.611154,1.3875639997422695,670
671,6.709999999999901,1790648332117958545,22.203800201416016,2.362396001815796,0.079372338950634,0.24540077149868011,22.206247329711914,2.362590789794922,0.07949354499578476,0.2454013079404831,0.33052154653760124,0.33052154653760124,0.07918544729441868,8,0,2185,8,1.3992162337232685,8,15,0.19988135414099223,0.19988803338903835,0.1999011835601178,0.24541200697422028,0.011938506737351418,0.04864679151010536,0.015760255445842947,-0.000192243471575846,-0.0192243471575846,0.21249161502564257,0,0,False,NOT_AVAILABLE_BOOLEAN_COSTMAP_VETO,1790648332117958545,1790648332117958545,34.513967,1.4558540424332023,671
672,6.719999999999901,1790648332198408157,22.206247329711914,2.362590789794922,0.07949354499578476,0.2454013079404831,22.208694458007812,2.362785816192627,0.07961475104093552,0.24541065096855164,0.33071596873044096,0.33071596873044096,0.07930325005885974,8,0,2185,8,1.3992162337232685,8,15,0.19988135414099223,0.19988803338903835,0.1999011835601178,0.24559788405895233,0.011814157478511333,0.04810366149439427,0.015584324540551116,-0.00017593090529183057,-0.017593090529183057,0.2122473894938401,0,0,False,NOT_AVAILABLE_BOOLEAN_COSTMAP_VETO,1790648332198408157,1790648332198408157,34.730487,2.2856410359963775,672
673,6.729999999999901,1790648332280769734,22.208694458007812,2.362785816192627,0.07961475104093552,0.24541065096855164,22.21114158630371,2.362981081008911,0.07973597198724747,0.24542929232120514,0.3309106293418525,0.3309106293418525,0.07942104122510552,8,0,2185,8,1.3992162337232685,8,15,0.19988135414099223,0.19988803338903835,0.1999011835601178,0.24580280482769012,0.011705683544278145,0.047622253751269966,0.015428385933084904,-0.0001559386074662123,-0.015593860746621231,0.2120029221522876,0,0,False,NOT_AVAILABLE_BOOLEAN_COSTMAP_VETO,1790648332280769734,1790648332280769734,34.804441,1.4707030495628715,673
674,6.739999999999901,1790648332361568381,22.21114158630371,2.362981081008911,0.07973597198724747,0.24542929232120514,22.21358871459961,2.3631768226623535,0.07985720038414001,0.2454574853181839,0.3311057667904079,0.3311057667904079,0.0795388131806769,8,0,2185,8,1.3992162337232685,8,15,0.19988135414099223,0.19988803338903835,0.1999011835601178,0.24602219462394714,0.011578964069485664,0.047064713357201304,0.015247785340092954,-0.0001806005929919502,-0.01806005929919502,0.2117579776079898,0,0,False,NOT_AVAILABLE_BOOLEAN_COSTMAP_VETO,1790648332361568381,1790648332361568381,34.572754,1.4379019849002361,674
675,6.7499999999999005,1790648332442242096,22.21358871459961,2.3631768226623535,0.07985720038414001,0.2454574853181839,22.216035842895508,2.363372802734375,0.07997844368219376,0.24549543857574463,0.33130114265753463,0.33130114265753463,0.07965657320053454,8,0,2185,8,1.3992162337232685,8,15,0.19988135414099223,0.19988803338903835,0.1999011835601178,0.2462557852268219,0.011413858272135258,0.0463496045854198,0.015016143147752055,-0.00023164219234089907,-0.023164219234089907,0.21151279125702221,0,0,False,NOT_AVAILABLE_BOOLEAN_COSTMAP_VETO,1790648332442242096,1790648332442242096,34.481999,1.4569099294021726,675
676,6.7599999999999,1790648332522673020,22.216035842895508,2.363372802734375,0.07997844368219376,0.24549543857574463,22.218482971191406,2.3635692596435547,0.08009970188140869,0.24554361402988434,0.331496995361805,0.331496995361805,0.07977432118874184,8,0,2185,8,1.3992162337232685,8,15,0.19988135414099223,0.19988803338903835,0.1999011835601178,0.24650858342647552,0.011211574077606201,0.04548147541868538,0.014734931535724465,-0.00028121161202759003,-0.028121161202759003,0.21126712468250924,0,0,False,NOT_AVAILABLE_BOOLEAN_COSTMAP_VETO,1790648332522673020,1790648332522673020,34.752855,1.3567470014095306,676
677,6.7699999999999,1790648332603014884,22.218482971191406,2.3635692596435547,0.08009970188140869,0.24554361402988434,22.220930099487305,2.3637659549713135,0.08022099733352661,0.24560204148292542,0.3316930864846479,0.3316930864846479,0.07989207929458209,8,0,2185,8,1.3992162337232685,8,15,0.19988135414099223,0.19988803338903835,0.1999011835601178,0.24677248299121857,0.010982682928442955,0.04450529814069171,0.014418717300216282,-0.0003162142355081828,-0.03162142355081828,0.2110212072345658,0,0,False,NOT_AVAILABLE_BOOLEAN_COSTMAP_VETO,1790648332603014884,1790648332603014884,34.558161,2.478927024640143,677
678,6.7799999999999,1790648332685329164,22.220930099487305,2.3637659549713135,0.08022099733352663,0.24560204148292542,22.223379135131836,2.3639628887176514,0.08034231513738632,0.2456706464290619,0.3318894155551352,0.3318894155551352,0.08000982974218696,8,0,2185,8,1.3992162337232685,8,15,0.19988135414099223,0.19988803338903835,0.1999011835601178,0.24704469740390778,0.010729228146374226,0.04343031143401708,0.014070492278243927,-0.0003482250219723551,-0.03482250219723551,0.2107750449628229,0,0,False,NOT_AVAILABLE_BOOLEAN_COSTMAP_VETO,1790648332685329164,1790648332685329164,34.710582,1.4651030069217086,678
679,6.7899999999999,1790648332765954174,22.223379135131836,2.3639628887176514,0.08034231513738634,0.2456706464290619,22.225828170776367,2.3641602993011475,0.08046367764472961,0.2457481026649475,0.33208622146276673,0.33208622146276673,0.08012759741689557,8,0,2185,8,1.3992162337232685,8,15,0.19988135414099223,0.19988803338903835,0.1999011835601178,0.24729953706264496,0.010469485074281693,0.042335239275557573,0.013715757381983208,-0.00035473489626071907,-0.03547348962607191,0.21052839038171117,0,0,False,NOT_AVAILABLE_BOOLEAN_COSTMAP_VETO,1790648332765954174,1790648332765954174,34.593618,1.3917890610173345,679
680,6.7999999999998995,1790648332846311495,22.225828170776367,2.3641602993011475,0.08046367764472961,0.2457481026649475,22.2282772064209,2.3643579483032227,0.0805850699543953,0.24583250284194946,0.3322832657889698,0.3322832657889698,0.080245367295249,8,0,2185,8,1.3992162337232685,8,15,0.19988135414099223,0.19988803338903835,0.1999011835601178,0.24752317368984222,0.010204855352640152,0.04122787858815716,0.013357038260708172,-0.00035871912127503555,-0.035871912127503555,0.21028148795928264,0,0,False,NOT_AVAILABLE_BOOLEAN_COSTMAP_VETO,1790648332846311495,1790648332846311495,34.560657,1.4137410325929523,680
681,6.809999999999899,1790648332926691249,22.2282772064209,2.3643579483032227,0.0805850699543953,0.24583250284194946,22.230728149414062,2.364556074142456,0.08070652186870575,0.24592186510562897,0.3324807864813897,0.3324807864813897,0.08036316618617656,8,0,2185,8,1.3992162337232685,8,15,0.19988135414099223,0.19988803338903835,0.1999011835601178,0.24771174788475037,0.00994659774005413,0.040153920130917065,0.013009136194298254,-0.0003479020664099181,-0.03479020664099181,0.21003408718871092,0,0,False,NOT_AVAILABLE_BOOLEAN_COSTMAP_VETO,1790648332926691249,1790648332926691249,37.749463,1.4589270576834679,681
682,6.819999999999899,1790648333010580651,22.230728149414062,2.364556074142456,0.08070652186870575,0.24592186510562897,22.233179092407227,2.3647546768188477,0.08082800358533859,0.24601422250270844,0.33267878401095335,0.33267878401095335,0.08048096693862616,8,0,2185,8,1.3992162337232685,8,15,0.19988135414099223,0.19988803338903835,0.1999011835601178,0.247864231467247,0.00969073548913002,0.03909695009951673,0.012666734345805784,-0.00034240184849246985,-0.034240184849246985,0.20978620016494326,0,0,False,NOT_AVAILABLE_BOOLEAN_COSTMAP_VETO,1790648333010580651,1790648333010580651,34.487791,1.4304779469966888,682
683,6.829999999999899,1790648333090955668,22.233179092407227,2.3647546768188477,0.08082800358533859,0.24601422250270844,22.235631942749023,2.3649535179138184,0.08094954490661621,0.2461075782775879,0.3328770194881625,0.3328770194881625,0.08059879628927957,8,0,2185,8,1.3992162337232685,8,15,0.19988135414099223,0.19988803338903835,0.1999011835601178,0.24797751009464264,0.009441002272069454,0.038072010112797,0.01233470568402187,-0.00033202866178391396,-0.033202866178391396,0.2095380532196291,0,0,False,NOT_AVAILABLE_BOOLEAN_COSTMAP_VETO,1790648333090955668,1790648333090955668,34.530192,1.397611922584474,683
684,6.839999999999899,1790648333171591046,22.235631942749023,2.3649535179138184,0.08094954490661621,0.2461075782775879,22.23808479309082,2.3651528358459473,0.08107111603021622,0.24620047211647034,0.3330757318025152,0.3330757318025152,0.08071662718623251,8,0,2185,8,1.3992162337232685,8,15,0.19988135414099223,0.19988803338903835,0.1999011835601178,0.2480611652135849,0.009192898869514465,0.03705900059607969,0.012006539217699204,-0.0003281664663226658,-0.03281664663226658,0.20928942002782652,0,0,False,NOT_AVAILABLE_BOOLEAN_COSTMAP_VETO,1790648333171591046,1790648333171591046,34.630388,1.429005991667509,684
685,6.849999999999898,1790648333252190423,22.23808479309082,2.3651528358459473,0.08107111603021622,0.24620047211647034,22.24053955078125,2.3653523921966553,0.081192746758461,0.24629151821136475,0.33327468206451305,0.33327468206451305,0.08083448629320067,8,0,2185,8,1.3992162337232685,8,15,0.19988135414099223,0.19988803338903835,0.1999011835601178,0.24811507761478424,0.008956234902143478,0.03609710053997061,0.011694927368870997,-0.0003116118488282072,-0.03116118488282072,0.20904052692250746,0,0,False,NOT_AVAILABLE_BOOLEAN_COSTMAP_VETO,1790648333252190423,1790648333252190423,34.606642,1.47582299541682,685
686,6.859999999999898,1790648333332670852,22.24053955078125,2.3653523921966553,0.081192746758461,0.24629151821136475,22.24299430847168,2.3655524253845215,0.08131440728902817,0.24637958407402039,0.33347410916365433,0.33347410916365433,0.08095234660238404,8,0,2185,8,1.3992162337232685,8,15,0.19988135414099223,0.19988803338903835,0.1999011835601178,0.24814371764659882,0.008726589381694794,0.03516748062154458,0.011393770656900103,-0.00030115671197089404,-0.030115671197089404,0.2087911475774195,0,0,False,NOT_AVAILABLE_BOOLEAN_COSTMAP_VETO,1790648333332670852,1790648333332670852,34.704949,1.4678549487143755,686
687,6.869999999999898,1790648333413376280,22.24299430847168,2.3655524253845215,0.08131440728902815,0.24637958407402039,22.245450973510742,2.365752696990967,0.08143612742424011,0.24646392464637756,0.3336737742104409,0.3336737742104409,0.08107023473169139,8,0,2185,8,1.3992162337232685,8,15,0.19988135414099223,0.19988803338903835,0.1999011835601178,0.24815331399440765,0.00850269291549921,0.03426387009963859,0.011101037884914075,-0.0002927327719860276,-0.02927327719860276,0.20854150832685442,0,0,False,NOT_AVAILABLE_BOOLEAN_COSTMAP_VETO,1790648333413376280,1790648333413376280,34.72079,1.4395980397239327,687
688,6.879999999999898,1790648333494270675,22.245450973510742,2.365752696990967,0.08143612742424011,0.24646392464637756,22.247907638549805,2.3659534454345703,0.08155786991119385,0.2465439885854721,0.3338739160943712,0.3338739160943712,0.08118811620855348,8,0,2185,8,1.3992162337232685,8,15,0.19988135414099223,0.19988803338903835,0.1999011835601178,0.24814772605895996,0.008288615383207798,0.03340193970279792,0.010821805991326271,-0.000279231893587804,-0.027923189358780402,0.2082913858648327,0,0,False,NOT_AVAILABLE_BOOLEAN_COSTMAP_VETO,1790648333494270675,1790648333494270675,34.504687,1.3955009635537863,688
689,6.8899999999998975,1790648333574546521,22.247907638549805,2.3659534454345703,0.08155786991119385,0.2465439885854721,22.250364303588867,2.366154432296753,0.08167966455221176,0.24661943316459656,0.33407429639687397,0.33407429639687397,0.08130602077275384,8,0,2185,8,1.3992162337232685,8,15,0.19988135414099223,0.19988803338903835,0.1999011835601178,0.24813060462474823,0.008088545873761177,0.03259793722742751,0.010561338966961781,-0.00026046702436448993,-0.026046702436448993,0.20804100652647434,0,0,False,NOT_AVAILABLE_BOOLEAN_COSTMAP_VETO,1790648333574546521,1790648333574546521,34.543792,2.291432931087911,689
690,6.899999999999897,1790648333656264686,22.250364303588867,2.366154432296753,0.08167966455221176,0.24661943316459656,22.252822875976562,2.3663558959960938,0.08180148154497147,0.2466902881860733,0.33427500102405083,0.33427500102405083,0.08142374222996729,8,0,2185,8,1.3992162337232685,8,15,0.19988135414099223,0.19988803338903835,0.1999011835601178,0.24810945987701416,0.0079023577272892,0.03185028789795574,0.010319126988049954,-0.00024221197891182746,-0.024221197891182746,0.20779014398240897,0,0,False,NOT_AVAILABLE_BOOLEAN_COSTMAP_VETO,1790648333656264686,1790648333656264686,34.415437,1.517327968031168,690
691,6.909999999999897,1790648333736882655,22.252822875976562,2.3663558959960938,0.08180148154497147,0.2466902881860733,22.255281448364258,2.3665575981140137,0.08192334324121475,0.24675686657428741,0.3344753013412156,0.3344753013412156,0.0815416506499127,8,0,2185,8,1.3992162337232685,8,15,0.19988135414099223,0.19988803338903835,0.1999011835601178,0.24809037148952484,0.007730158045887947,0.031158637876497915,0.01009505572845716,-0.00022407125959279448,-0.022407125959279448,0.2075390275901669,0,0,False,NOT_AVAILABLE_BOOLEAN_COSTMAP_VETO,1790648333736882655,1790648333736882655,34.78748,1.3962689554318786,691
692,6.919999999999897,1790648333817298218,22.255281448364258,2.3665575981140137,0.08192334324121475,0.24675686657428741,22.257741928100586,2.366759777069092,0.08204522728919983,0.24681967496871948,0.33467607740797606,0.33467607740797606,0.08165954885685167,8,0,2185,8,1.3992162337232685,8,15,0.19988135414099223,0.19988803338903835,0.1999011835601178,0.2480776458978653,0.007563725579530001,0.030489347607901847,0.009878227308670478,-0.00021682841978668162,-0.02168284197866816,0.20728742799764416,0,0,False,NOT_AVAILABLE_BOOLEAN_COSTMAP_VETO,1790648333817298218,1790648333817298218,34.738454,1.3950529973953962,692
693,6.929999999999897,1790648333897506798,22.257741928100586,2.366759777069092,0.08204522728919983,0.24681967496871948,22.260202407836914,2.366962194442749,0.08216715604066849,0.24687929451465607,0.33487709189327663,0.33487709189327663,0.08177746224874527,8,0,2185,8,1.3992162337232685,8,15,0.19988135414099223,0.19988803338903835,0.1999011835601178,0.24807360768318176,0.007399184629321098,0.029826569212355308,0.009663507609901083,-0.00021471969876939515,-0.021471969876939515,0.2070355745633649,0,0,False,NOT_AVAILABLE_BOOLEAN_COSTMAP_VETO,1790648333897506798,1790648333897506798,34.631923,1.4469260349869728,693
694,6.9399999999998965,1790648333977861527,22.260202407836914,2.366962194442749,0.08216715604066849,0.24687929451465607,22.262662887573242,2.3671650886535645,0.08228909969329834,0.24693630635738373,0.33507858321565803,0.33507858321565803,0.08189536100915928,8,0,2185,8,1.3992162337232685,8,15,0.19988135414099223,0.19988803338903835,0.1999011835601178,0.2480781525373459,0.007234211545437574,0.029161018297846807,0.00944788880408276,-0.00021561880581832255,-0.021561880581832255,0.20678324095483153,0,0,False,NOT_AVAILABLE_BOOLEAN_COSTMAP_VETO,1790648333977861527,1790648333977861527,34.504527,1.4861270319670439,694
695,6.949999999999896,1790648334058201376,22.262662887573242,2.3671650886535645,0.08228909969329834,0.24693630635738373,22.26512336730957,2.367368221282959,0.08241108804941177,0.2469986379146576,0.33528031295657984,0.33528031295657984,0.08201327493106048,8,0,2185,8,1.3992162337232685,8,15,0.19988135414099223,0.19988803338903835,0.1999011835601178,0.24824704229831696,0.0072690146043896675,0.02928137446106825,0.009486880705854983,3.899190177222324e-05,0.003899190177222324,0.20653065351063854,0,0,False,NOT_AVAILABLE_BOOLEAN_COSTMAP_VETO,1790648334058201376,1790648334058201376,34.412236,1.4141900464892387,695
696,6.959999999999896,1790648334138577034,22.26512336730957,2.367368221282959,0.08241108804941177,0.2469986379146576,22.26758575439453,2.3675718307495117,0.0825330913066864,0.24706542491912842,0.3354825184470976,0.3354825184470976,0.08213117100707734,8,0,2185,8,1.3992162337232685,8,15,0.19988135414099223,0.19988803338903835,0.1999011835601178,0.2484031766653061,0.007330482359975576,0.02951042115637891,0.00956108510389183,7.420439803684613e-05,0.007420439803684613,0.20627758589696893,0,0,False,NOT_AVAILABLE_BOOLEAN_COSTMAP_VETO,1790648334138577034,1790648334138577034,34.511183,2.2937690373510122,696
697,6.969999999999896,1790648334220351840,22.26758575439453,2.3675718307495117,0.0825330913066864,0.24706542491912842,22.270048141479492,2.3677756786346436,0.08265514671802521,0.24713696539402008,0.33568496235615586,0.33568496235615586,0.08224908962874977,8,0,2185,8,1.3992162337232685,8,15,0.19988135414099223,0.19988803338903835,0.1999011835601178,0.24856998026371002,0.007438890170305967,0.029926744019587503,0.009695961206438496,0.0001348761025466664,0.013487610254666639,0.2060242614336471,0,0,False,NOT_AVAILABLE_BOOLEAN_COSTMAP_VETO,1790648334220351840,1790648334220351840,34.793849,1.636756001971662,697
698,6.979999999999896,1790648334300968945,22.270048141479492,2.3677756786346436,0.08265514671802521,0.24713696539402008,22.272510528564453,2.3679800033569336,0.0827772244811058,0.24721269309520721,0.3358878831022944,0.3358878831022944,0.08236700097658689,8,0,2185,8,1.3992162337232685,8,15,0.19988135414099223,0.19988803338903835,0.1999011835601178,0.24872958660125732,0.00752796046435833,0.030265641362668017,0.009805753505858428,0.00010979229941993247,0.010979229941993247,0.20577045378603137,0,0,False,NOT_AVAILABLE_BOOLEAN_COSTMAP_VETO,1790648334300968945,1790648334300968945,34.53048,1.4779999619349837,698
699,6.989999999999895,1790648334381456255,22.272510528564453,2.3679800033569336,0.0827772244811058,0.24721269309520721,22.274974822998047,2.3681845664978027,0.08289935439825058,0.24729235470294952,0.33609104117948874,0.33609104117948874,0.08248493158882697,8,0,2185,8,1.3992162337232685,8,15,0.19988135414099223,0.19988803338903835,0.1999011835601178,0.24888816475868225,0.007589361630380154,0.030493059554433495,0.00987942986198041,7.367635612198081e-05,0.007367635612198081,0.2055163892958684,0,0,False,NOT_AVAILABLE_BOOLEAN_COSTMAP_VETO,1790648334381456255,1790648334381456255,34.570802,1.5105119673535228,699
700,6.999999999999895,1790648334461927659,22.274974822998047,2.3681845664978027,0.08289935439825058,0.24729235470294952,22.27743911743164,2.36838960647583,0.08302150666713715,0.24737541377544403,0.33629467609376335,0.33629467609376335,0.08260285485868746,8,0,2185,8,1.3992162337232685,8,15,0.19988135414099223,0.19988803338903835,0.1999011835601178,0.2490391731262207,0.007619702257215977,0.030596400403859667,0.009912909018223916,3.347915624350717e-05,0.003347915624350717,0.20526184162719624,0,0,False,NOT_AVAILABLE_BOOLEAN_COSTMAP_VETO,1790648334461927659,1790648334461927659,34.47371,1.408910029567778,700
701,7.009999999999895,1790648334541747683,22.27743911743164,2.36838960647583,0.08302150666713715,0.24737541377544403,22.279905319213867,2.3685948848724365,0.08314371854066849,0.24746136367321014,0.33649854833909393,0.33649854833909393,0.08272080472707133,8,0,2185,8,1.3992162337232685,8,15,0.19988135414099223,0.19988803338903835,0.1999011835601178,0.2491828352212906,0.007633714936673641,0.030634995102669912,0.009925412470346048,1.2503452122131914e-05,0.0012503452122131914,0.205007034103658,0,0,False,NOT_AVAILABLE_BOOLEAN_COSTMAP_VETO,1790648334541747683,1790648334541747683,34.524111,1.456015044823289,701
702,7.019999999999895,1790648334621881701,22.279905319213867,2.3685948848724365,0.08314371854066849,0.24746136367321014,22.282371520996094,2.368800640106201,0.08326596021652222,0.24754968285560608,0.33670289742150483,0.33670289742150483,0.08283875463089263,8,0,2185,8,1.3992162337232685,8,15,0.19988135414099223,0.19988803338903835,0.1999011835601178,0.2493186742067337,0.007642946671694517,0.030655331759694128,0.009932000897697179,6.588427351130258e-06,0.0006588427351130258,0.20475174038846616,0,0,False,NOT_AVAILABLE_BOOLEAN_COSTMAP_VETO,1790648334621881701,1790648334621881701,34.665332,1.5593459829688072,702
703,7.0299999999998946,1790648334702222446,22.282371520996094,2.368800640106201,0.08326596021652222,0.24754968285560608,22.284839630126953,2.369006633758545,0.08338825404644012,0.24763992428779602,0.33690748383497177,0.33690748383497177,0.08295672357200701,8,0,2185,8,1.3992162337232685,8,15,0.19988135414099223,0.19988803338903835,0.1999011835601178,0.24944740533828735,0.007656093221157789,0.030692214299743874,0.009943949660495574,1.1948762798395102e-05,0.0011948762798395102,0.20449618984562895,0,0,False,NOT_AVAILABLE_BOOLEAN_COSTMAP_VETO,1790648334702222446,1790648334702222446,34.705622,1.5102570177987218,703
704,7.039999999999894,1790648334783239372,22.284839630126953,2.369006633758545,0.08338825404644012,0.24763992428779602,22.287307739257812,2.369213104248047,0.08351057767868042,0.24773170053958893,0.3371125470855189,0.3371125470855189,0.08307469248793131,8,0,2185,8,1.3992162337232685,8,15,0.19988135414099223,0.19988803338903835,0.1999011835601178,0.2495700567960739,0.007675649132579565,0.030755488984206995,0.009964448626964483,2.0498966468909113e-05,0.0020498966468909113,0.20424015311760318,0,0,False,NOT_AVAILABLE_BOOLEAN_COSTMAP_VETO,1790648334783239372,1790648334783239372,34.743095,1.3751480728387833,704
705,7.049999999999894,1790648334863672632,22.287307739257812,2.369213104248047,0.08351057767868042,0.24773170053958893,22.289777755737305,2.369419813156128,0.08363296836614609,0.24782465398311615,0.33731784766712164,0.33731784766712164,0.08319269521513872,8,0,2185,8,1.3992162337232685,8,15,0.19988135414099223,0.19988803338903835,0.1999011835601178,0.24968670308589935,0.007699218578636646,0.030835517003834582,0.00999037512420074,2.592649723625641e-05,0.002592649723625641,0.20398385353186094,0,0,False,NOT_AVAILABLE_BOOLEAN_COSTMAP_VETO,1790648334863672632,1790648334863672632,35.278791,1.6403079498559237,705
706,7.059999999999894,1790648334944693750,22.289777755737305,2.369419813156128,0.08363296836614609,0.24782465398311615,22.292247772216797,2.369626998901367,0.08375538885593414,0.24791844189167023,0.33752362508580547,0.33752362508580547,0.08331069785239364,8,0,2185,8,1.3992162337232685,8,15,0.19988135414099223,0.19988803338903835,0.1999011835601178,0.24979695677757263,0.007722115609794855,0.030913569602334583,0.010015661635766728,2.5286511565988587e-05,0.0025286511565988587,0.20372706776806887,0,0,False,NOT_AVAILABLE_BOOLEAN_COSTMAP_VETO,1790648334944693750,1790648334944693750,34.877243,1.4991199132055044,706
707,7.069999999999894,1790648335025479181,22.292247772216797,2.369626998901367,0.08375538885593414,0.24791844189167023,22.29471778869629,2.3698344230651855,0.08387786149978638,0.247980535030365,0.33772964092302926,0.33772964092302926,0.08342872273172297,8,0,2185,8,1.3992162337232685,8,15,0.19988135414099223,0.19988803338903835,0.1999011835601178,0.2492242455482483,0.008725929073989391,0.03501236027335111,0.011343518159593743,0.0013278565238270153,0.1327856523827015,0.20347002519224072,0,0,False,NOT_AVAILABLE_BOOLEAN_COSTMAP_VETO,1790648335025479181,1790648335025479181,65.848026,1.4853279571980238,707
708,7.0799999999998935,1790648335136707953,22.29471778869629,2.3698344230651855,0.08387786149978638,0.247980535030365,22.297189712524414,2.370042324066162,0.0840003490447998,0.24801810085773468,0.337936132509849,0.337936132509849,0.08354672912697447,8,0,2185,8,1.3992162337232685,8,15,0.19988135414099223,0.19988803338903835,0.1999011835601178,0.2487705796957016,0.009654008783400059,0.03880687497375666,0.012572764972099932,0.0012292468125061889,0.12292468125061888,0.2032125024813835,0,0,False,NOT_AVAILABLE_BOOLEAN_COSTMAP_VETO,1790648335136707953,1790648335136707953,51.491758,1.5596019802615047,708
709,7.089999999999893,1790648335236030776,22.297189712524414,2.370042324066162,0.08400034904479979,0.24801810085773468,22.29966163635254,2.3702504634857178,0.08412285149097443,0.2480287253856659,0.33814286251520903,0.33814286251520903,0.08366472044657858,8,0,2185,8,1.3992162337232685,8,15,0.19988135414099223,0.19988803338903835,0.1999011835601178,0.24824143946170807,0.010421838611364365,0.04198267071752121,0.01360154647899983,0.0010287815068998982,0.10287815068998982,0.20295473805582115,0,0,False,NOT_AVAILABLE_BOOLEAN_COSTMAP_VETO,1790648335236030776,1790648335236030776,46.245895,1.4793429290875793,709
710,7.099999999999893,1790648335330013717,22.29966163635254,2.3702504634857178,0.08412285149097443,0.2480287253856659,22.302133560180664,2.3704590797424316,0.08424534648656845,0.24797555804252625,0.33835006935764983,0.33835006935764983,0.08378267431879882,8,0,2185,8,1.3992162337232685,8,15,0.19988135414099223,0.19988803338903835,0.1999011835601178,0.24774916470050812,0.011329222470521927,0.04572860007103262,0.01481498244543679,0.0012134359664369605,0.12134359664369605,0.20269650255252597,0,0,False,NOT_AVAILABLE_BOOLEAN_COSTMAP_VETO,1790648335330013717,1790648335330013717,44.122114,1.4950560871511698,710
711,7.109999999999893,1790648335422199320,22.302133560180664,2.3704590797424316,0.08424534648656844,0.24797555804252625,22.304603576660156,2.3706676959991455,0.0843677818775177,0.2478540986776352,0.3385572772875753,0.3385572772875753,0.0839005421393133,8,0,2185,8,1.3992162337232685,8,15,0.19988135414099223,0.19988803338903835,0.1999011835601178,0.2473369836807251,0.012322588823735714,0.04982105239725219,0.016140619181480763,0.0013256367360439721,0.13256367360439722,0.20243829393328,0,0,False,NOT_AVAILABLE_BOOLEAN_COSTMAP_VETO,1790648335422199320,1790648335422199320,44.391691,1.4773280126973987,711
712,7.119999999999893,1790648335514412797,22.304603576660156,2.3706676959991455,0.0843677818775177,0.2478540986776352,22.307071685791016,2.3708767890930176,0.08449017256498337,0.24770060181617737,0.33876496314206633,0.33876496314206633,0.08401833884147836,8,0,2185,8,1.3992162337232685,8,15,0.19988135414099223,0.19988803338903835,0.1999011835601178,0.2470470368862152,0.013272273354232311,0.05372366947410605,0.01740471126186871,0.0012640920803879477,0.12640920803879477,0.20217962932246375,0,0,False,NOT_AVAILABLE_BOOLEAN_COSTMAP_VETO,1790648335514412797,1790648335514412797,44.017119,1.4971359632909298,712
713,7.129999999999892,1790648335606147153,22.307071685791016,2.3708767890930176,0.08449017256498338,0.24770060181617737,22.309539794921875,2.3710858821868896,0.08461246639490128,0.24754740297794342,0.3389726489965577,0.3389726489965577,0.08413600876494431,8,0,2185,8,1.3992162337232685,8,15,0.19988135414099223,0.19988803338903835,0.1999011835601178,0.24689514935016632,0.014088086783885956,0.05706101080141154,0.01848566157365963,0.0010809503117909201,0.10809503117909201,0.2019210066770249,0,0,False,NOT_AVAILABLE_BOOLEAN_COSTMAP_VETO,1790648335606147153,1790648335606147153,44.28708,1.4752469724044204,713
714,7.139999999999892,1790648335698138222,22.309539794921875,2.3710858821868896,0.08461246639490128,0.24754740297794342,22.3120059967041,2.371295213699341,0.084734708070755,0.2474144697189331,0.3391805743570739,0.3391805743570739,0.08425360018909034,8,0,2185,8,1.3992162337232685,8,15,0.19988135414099223,0.19988803338903835,0.1999011835601178,0.246848464012146,0.01471090130507946,0.05959486668855927,0.019306337735553947,0.0008206761618943167,0.08206761618943167,0.20166216946901433,0,0,False,NOT_AVAILABLE_BOOLEAN_COSTMAP_VETO,1790648335698138222,1790648335698138222,44.006143,1.5307050198316574,714
715,7.149999999999892,1790648335790364595,22.3120059967041,2.371295213699341,0.084734708070755,0.2474144697189331,22.314470291137695,2.371504783630371,0.08485688269138336,0.24732647836208344,0.33938873922361557,0.33938873922361557,0.08437109828830724,8,0,2185,8,1.3992162337232685,8,15,0.19988135414099223,0.19988803338903835,0.1999011835601178,0.24695181846618652,0.015021150931715965,0.06082624143046232,0.01970515136989301,0.0003988136343390618,0.03988136343390618,0.20140312372987806,0,0,False,NOT_AVAILABLE_BOOLEAN_COSTMAP_VETO,1790648335790364595,1790648335790364595,44.105826,1.4951840275898576,715
716,7.159999999999892,1790648335882322063,22.314470291137695,2.371504783630371,0.08485688269138336,0.24732647836208344,22.31693458557129,2.3717145919799805,0.08497903496026993,0.24729245901107788,0.33959714250869716,0.33959714250869716,0.08448854416441565,8,0,2185,8,1.3992162337232685,8,15,0.19988135414099223,0.19988803338903835,0.1999011835601178,0.2471476048231125,0.015095362439751625,0.06107832787032518,0.01978679553474372,8.164416485071171e-05,0.008164416485071171,0.20114385135424379,0,0,False,NOT_AVAILABLE_BOOLEAN_COSTMAP_VETO,1790648335882322063,1790648335882322063,44.109379,1.5031520742923021,716
717,7.169999999999892,1790648335974554388,22.31693458557129,2.3717145919799805,0.08497903496026993,0.24729245901107788,22.319398880004883,2.371924638748169,0.0851011797785759,0.24729742109775543,0.33980578421231955,0.33980578421231955,0.08460595270727378,8,0,2185,8,1.3992162337232685,8,15,0.19988135414099223,0.19988803338903835,0.1999011835601178,0.24739685654640198,0.015030736103653908,0.060755566232648266,0.019682261485758294,-0.0001045340489854267,-0.01045340489854267,0.2008843463078122,0,0,False,NOT_AVAILABLE_BOOLEAN_COSTMAP_VETO,1790648335974554388,1790648335974554388,43.768856,2.246408024802804,717
718,7.179999999999891,1790648336066831322,22.319398880004883,2.371924638748169,0.08510117977857588,0.24729742109775543,22.321863174438477,2.3721351623535156,0.08522332459688187,0.2473113238811493,0.34001490275302265,0.34001490275302265,0.08472333135615973,8,0,2185,8,1.3992162337232685,8,15,0.19988135414099223,0.19988803338903835,0.1999011835601178,0.2475898116827011,0.014925000257790089,0.060281156790559835,0.019528611900736095,-0.00015364958502219958,-0.015364958502219958,0.2006243671556402,0,0,False,NOT_AVAILABLE_BOOLEAN_COSTMAP_VETO,1790648336066831322,1790648336066831322,41.566993,1.4747349778190255,718
719,7.189999999999891,1790648336155859896,22.321863174438477,2.3721351623535156,0.08522332459688185,0.2473113238811493,22.32432746887207,2.3723456859588623,0.08534548431634903,0.24733157455921173,0.34022402129372536,0.34022402129372536,0.08484069499183633,8,0,2185,8,1.3992162337232685,8,15,0.19988135414099223,0.19988803338903835,0.1999011835601178,0.2477370947599411,0.01486123912036419,0.05998794461832544,0.01943364720659392,-9.496469414217376e-05,-0.009496469414217376,0.20036438470275114,0,0,False,NOT_AVAILABLE_BOOLEAN_COSTMAP_VETO,1790648336155859896,1790648336155859896,41.579857,2.253960003145039,719
720,7.199999999999891,1790648336246684144,22.32432746887207,2.3723456859588623,0.08534548431634902,0.24733157455921173,22.326791763305664,2.372556686401367,0.08546765148639679,0.2473534792661667,0.34043361667150907,0.34043361667150907,0.08495803617970843,8,0,2185,8,1.3992162337232685,8,15,0.19988135414099223,0.19988803338903835,0.1999011835601178,0.24779239296913147,0.014887968078255653,0.060082425856028236,0.019464247549754343,3.060034316042237e-05,0.003060034316042237,0.20010392512999492,0,0,False,NOT_AVAILABLE_BOOLEAN_COSTMAP_VETO,1790648336246684144,1790648336246684144,44.305929,1.551664900034666,720
721,7.209999999999891,1790648336338868883,22.326791763305664,2.372556686401367,0.0854676514863968,0.2473534792661667,22.329256057739258,2.372767925262451,0.08558982610702515,0.2473740130662918,0.3406434504678332,0.3406434504678332,0.08507535488118512,8,0,2185,8,1.3992162337232685,8,15,0.19988135414099223,0.19988803338903835,0.1999011835601178,0.2477853000164032,0.014994450844824314,0.060513883768858336,0.01960398657785618,0.00013973902810183667,0.013973902810183667,0.19984322685719008,0,0,False,NOT_AVAILABLE_BOOLEAN_COSTMAP_VETO,1790648336338868883,1790648336338868883,44.10701,1.4750550035387278,721
722,7.2199999999998905,1790648336430675819,22.329256057739258,2.372767925262451,0.08558982610702515,0.2473740130662918,22.33172035217285,2.3729796409606934,0.0857120081782341,0.24738973379135132,0.3408537611012381,0.3408537611012381,0.08519265108479424,8,0,2185,8,1.3992162337232685,8,15,0.19988135414099223,0.19988803338903835,0.1999011835601178,0.24770474433898926,0.015258117578923702,0.061598002975843856,0.019955103793738823,0.0003511172158826431,0.03511172158826431,0.19958205146699431,0,0,False,NOT_AVAILABLE_BOOLEAN_COSTMAP_VETO,1790648336430675819,1790648336430675819,44.189509,1.4664150075986981,722
723,7.22999999999989,1790648336522423584,22.33172035217285,2.3729796409606934,0.0857120081782341,0.24738973379135132,22.334184646606445,2.3731915950775146,0.08583419770002365,0.24739880859851837,0.3410643101531828,0.3410643101531828,0.08530992479770827,8,0,2185,8,1.3992162337232685,8,15,0.19988135414099223,0.19988803338903835,0.1999011835601178,0.24758048355579376,0.01563332974910736,0.06314443499171976,0.020455943226430906,0.000500839432692083,0.0500839432692083,0.19932063737922706,0,0,False,NOT_AVAILABLE_BOOLEAN_COSTMAP_VETO,1790648336522423584,1790648336522423584,44.031648,1.492528012022376,723
724,7.23999999999989,1790648336614327258,22.334184646606445,2.3731915950775146,0.08583419770002365,0.24739880859851837,22.33664894104004,2.373403787612915,0.0859563872218132,0.24739819765090942,0.3412750976236686,0.3412750976236686,0.08542716853007626,8,0,2185,8,1.3992162337232685,8,15,0.19988135414099223,0.19988803338903835,0.1999011835601178,0.2473955899477005,0.016112707555294037,0.06512932408657837,0.021098769683860992,0.000642826457430086,0.0642826457430086,0.199058987610728,0,0,False,NOT_AVAILABLE_BOOLEAN_COSTMAP_VETO,1790648336614327258,1790648336614327258,44.129603,1.4819669304415584,724
725,7.24999999999989,1790648336706140978,22.33664894104004,2.373403787612915,0.08595638722181319,0.24739819765090942,22.339113235473633,2.3736162185668945,0.08607856929302216,0.24735769629478455,0.3414861235126945,0.3414861235126945,0.08554437485741895,8,0,2185,8,1.3992162337232685,8,15,0.19988135414099223,0.19988803338903835,0.1999011835601178,0.24718524515628815,0.016589898616075516,0.06711524632300038,0.02174191328172416,0.0006431435978631675,0.06431435978631675,0.19879710517767019,0,0,False,NOT_AVAILABLE_BOOLEAN_COSTMAP_VETO,1790648336706140978,1790648336706140978,44.175844,1.4951840275898576,725
726,7.25999999999989,1790648336798289268,22.339113235473633,2.3736162185668945,0.08607856929302216,0.24735769629478455,22.341577529907227,2.3738291263580322,0.08620072901248932,0.24728159606456757,0.3416976262388005,0.3416976262388005,0.08566152884862666,8,0,2185,8,1.3992162337232685,8,15,0.19988135414099223,0.19988803338903835,0.1999011835601178,0.24695755541324615,0.017076538875699043,0.0691476672868908,0.022400096925550908,0.0006581836438267485,0.06581836438267485,0.19853475769224732,0,0,False,NOT_AVAILABLE_BOOLEAN_COSTMAP_VETO,1790648336798289268,1790648336798289268,44.105539,1.5253279125317931,726
727,7.269999999999889,1790648336891021704,22.341577529907227,2.3738291263580322,0.08620072901248932,0.24728159606456757,22.344039916992188,2.37404203414917,0.0863228291273117,0.2471727579832077,0.3419091300523917,0.3419091300523917,0.08577859715464298,8,0,2185,8,1.3992162337232685,8,15,0.19988135414099223,0.19988803338903835,0.1999011835601178,0.24670934677124023,0.017575731500983238,0.07124063895836193,0.023077869150448432,0.0006777722248975243,0.06777722248975243,0.1982724370663546,0,0,False,NOT_AVAILABLE_BOOLEAN_COSTMAP_VETO,1790648336891021704,1790648336891021704,44.113506,1.603826996870339,727
728,7.279999999999889,1790648336983051079,22.344039916992188,2.37404203414917,0.0863228291273117,0.2471727579832077,22.34650230407715,2.3742551803588867,0.08644488453865051,0.2470308393239975,0.3421208722845236,0.3421208722845236,0.08589559077747788,8,0,2185,8,1.3992162337232685,8,15,0.19988135414099223,0.19988803338903835,0.1999011835601178,0.24642664194107056,0.01803341507911682,0.07317964866570416,0.02370576457958739,0.0006278954291389569,0.06278954291389569,0.19800989884827364,0,0,False,NOT_AVAILABLE_BOOLEAN_COSTMAP_VETO,1790648336983051079,1790648336983051079,44.160196,1.571665983647108,728
729,7.289999999999889,1790648337075145095,22.34650230407715,2.3742551803588867,0.08644488453865051,0.2470308393239975,22.348962783813477,2.3744685649871826,0.08656684309244156,0.24685946106910706,0.3423328540226805,0.3423328540226805,0.08601246153240849,8,0,2185,8,1.3992162337232685,8,15,0.19988135414099223,0.19988803338903835,0.1999011835601178,0.2461298108100891,0.018454261124134064,0.07497775691370094,0.024288016216649784,0.0005822516370623948,0.05822516370623948,0.1977471641391026,0,0,False,NOT_AVAILABLE_BOOLEAN_COSTMAP_VETO,1790648337075145095,1790648337075145095,44.166628,1.5529129886999726,729
730,7.299999999999889,1790648337167120420,22.348962783813477,2.3744685649871826,0.08656684309244156,0.24685946106910706,22.351421356201172,2.3746821880340576,0.08668873459100723,0.24666579067707062,0.34254507526686234,0.34254507526686234,0.08612923928021976,8,0,2185,8,1.3992162337232685,8,15,0.19988135414099223,0.19988803338903835,0.1999011835601178,0.24584119021892548,0.018805326893925667,0.0764938002341236,0.024778918654212737,0.0004909024375629525,0.049090243756295254,0.19748422087466738,0,0,False,NOT_AVAILABLE_BOOLEAN_COSTMAP_VETO,1790648337167120420,1790648337167120420,44.081665,1.5573620330542326,730
731,7.309999999999889,1790648337259418571,22.351421356201172,2.3746821880340576,0.08668873459100723,0.24666579067707062,22.353878021240234,2.3748958110809326,0.08681049942970276,0.2464585304260254,0.34275729759852935,0.34275729759852935,0.08624586447472771,8,0,2185,8,1.3992162337232685,8,15,0.19988135414099223,0.19988803338903835,0.1999011835601178,0.24557612836360931,0.019135281443595886,0.07791995733096445,0.025240704582081358,0.0004617859278686215,0.04617859278686215,0.1972213315852402,0,0,False,NOT_AVAILABLE_BOOLEAN_COSTMAP_VETO,1790648337259418571,1790648337259418571,44.442253,1.6117629129439592,731
732,7.319999999999888,1790648337352337253,22.353878021240234,2.3748958110809326,0.08681049942970276,0.2464585304260254,22.356332778930664,2.3751096725463867,0.0869322195649147,0.24641939997673035,0.34296975943622127,0.34296975943622127,0.08636241911111275,9,0,2185,8,1.3992368131417363,9,16,0.19988135414099223,0.19989097330596234,0.19990311923129894,0.24625280499458313,0.018666131421923637,0.07580068548796526,0.024554486087955275,-0.0006862184941260827,-0.06862184941260827,0.19695822468753982,0,0,False,NOT_AVAILABLE_BOOLEAN_COSTMAP_VETO,1790648337352337253,1790648337352337253,22.519536,1.5117279253900051,732
733,7.329999999999888,1790648337422474856,22.356332778930664,2.3751096725463867,0.0869322195649147,0.24641939997673035,22.358787536621094,2.37532377243042,0.08705393224954605,0.2464342713356018,0.3431824596924539,0.3431824596924539,0.08647893646568239,9,0,2185,8,1.3992368131417363,9,16,0.19988135414099223,0.19989097330596234,0.19990311923129894,0.24673223495483398,0.018099354580044746,0.07335626244117618,0.023762955214102925,-0.0007915308738523502,-0.07915308738523502,0.196694885108797,0,0,False,NOT_AVAILABLE_BOOLEAN_COSTMAP_VETO,1790648337422474856,1790648337422474856,22.566897,1.954653998836875,733
734,7.339999999999888,1790648337492153051,22.358787536621094,2.37532377243042,0.08705393224954606,0.2464342713356018,22.361242294311523,2.3755383491516113,0.087175652384758,0.24647416174411774,0.3433956367857667,0.3433956367857667,0.08659543144831794,9,0,2185,8,1.3992368131417363,9,16,0.19988135414099223,0.19989097330596234,0.19990311923129894,0.24727311730384827,0.017446011304855347,0.07055361090230344,0.022855389452972826,-0.000907565761130099,-0.0907565761130099,0.19643106840279517,0,0,False,NOT_AVAILABLE_BOOLEAN_COSTMAP_VETO,1790648337492153051,1790648337492153051,23.96403,1.3738040579482913,734
735,7.349999999999888,1790648337559359680,22.361242294311523,2.3755383491516113,0.087175652384758,0.24647416174411774,22.363697052001953,2.375753164291382,0.08729740977287292,0.24652981758117676,0.34360905229762034,0.34360905229762034,0.08671193381049935,9,0,2185,8,1.3992368131417363,9,16,0.19988135414099223,0.19989097330596234,0.19990311923129894,0.24764478206634521,0.016506314277648926,0.06665318824778148,0.021592276736447345,-0.0012631127165254816,-0.12631127165254816,0.1961670009342799,0,0,False,NOT_AVAILABLE_BOOLEAN_COSTMAP_VETO,1790648337559359680,1790648337559359680,26.277,1.3061219360679388,735
736,7.3599999999998875,1790648337628901648,22.363697052001953,2.375753164291382,0.08729740977287292,0.24652981758117676,22.366153717041016,2.3759682178497314,0.08741918206214905,0.2465922236442566,0.34382270514052926,0.34382270514052926,0.08682841708487565,9,0,2185,8,1.3992368131417363,9,16,0.19988135414099223,0.19989097330596234,0.19990311923129894,0.2478422373533249,0.015287835150957108,0.06168373605005312,0.019982870234678474,-0.0016094065017688702,-0.16094065017688702,0.19590269174728075,0,0,False,NOT_AVAILABLE_BOOLEAN_COSTMAP_VETO,1790648337628901648,1790648337628901648,27.509135,1.3272110372781754,736
737,7.369999999999887,1790648337699597732,22.366153717041016,2.3759682178497314,0.08741918206214906,0.2465922236442566,22.368610382080078,2.3761837482452393,0.08754099905490875,0.2466493397951126,0.3440368348205189,0.3440368348205189,0.08694491514028879,9,0,2185,8,1.3992368131417363,9,16,0.19988135414099223,0.19989097330596234,0.19990311923129894,0.2477932870388031,0.0139230415225029,0.056188130392421105,0.018202943482815995,-0.0017799267518624796,-0.17799267518624795,0.1956378903712232,0,0,False,NOT_AVAILABLE_BOOLEAN_COSTMAP_VETO,1790648337699597732,1790648337699597732,29.361162,1.2960740132257342,737
738,7.379999999999887,1790648337772129971,22.368610382080078,2.3761837482452393,0.08754099905490875,0.2466493397951126,22.37106704711914,2.376399517059326,0.08766283094882965,0.24668794870376587,0.34425120291904904,0.34425120291904904,0.08706139818356284,9,0,2185,8,1.3992368131417363,9,16,0.19988135414099223,0.19989097330596234,0.19990311923129894,0.24746136367321014,0.012606650590896606,0.050943914653054936,0.016504329630242436,-0.0016986138525735585,-0.16986138525735583,0.19537284728148324,0,0,False,NOT_AVAILABLE_BOOLEAN_COSTMAP_VETO,1790648337772129971,1790648337772129971,30.244295,2.061826060526073,738
739,7.389999999999887,1790648337846924682,22.37106704711914,2.376399517059326,0.08766283094882965,0.24668794870376587,22.373523712158203,2.376615524291992,0.08778467774391174,0.24669866263866425,0.3444658094361193,0.3444658094361193,0.08717786616292322,9,0,2185,8,1.3992368131417363,9,16,0.19988135414099223,0.19989097330596234,0.19990311923129894,0.24691316485404968,0.01154323574155569,0.046750183403055465,0.015145901168203826,-0.0013584284620386106,-0.13584284620386106,0.19510756247979505,0,0,False,NOT_AVAILABLE_BOOLEAN_COSTMAP_VETO,1790648337846924682,1790648337846924682,29.538256,1.3899649493396282,739
740,7.399999999999887,1790648337920231058,22.373523712158203,2.376615524291992,0.08778467774391174,0.24669866263866425,22.375980377197266,2.3768320083618164,0.08790650963783264,0.24661456048488617,0.3446808927902706,0.3446808927902706,0.0872942893056532,9,0,2185,8,1.3992368131417363,9,16,0.19988135414099223,0.19989097330596234,0.19990311923129894,0.24625647068023682,0.010863028466701508,0.04411266204170981,0.014291529417470706,-0.0008543717507331194,-0.08543717507331193,0.19484180960103686,0,0,False,NOT_AVAILABLE_BOOLEAN_COSTMAP_VETO,1790648337920231058,1790648337920231058,31.02656,1.4254860579967499,740
741,7.4099999999998865,1790648337995030921,22.375980377197266,2.3768320083618164,0.08790650963783264,0.24661456048488617,22.378435134887695,2.3770484924316406,0.08802825212478638,0.24642452597618103,0.3448959772319065,0.3448959772319065,0.08741059727368983,9,0,2185,8,1.3992368131417363,9,16,0.19988135414099223,0.19989097330596234,0.19990311923129894,0.24561546742916107,0.010583659633994102,0.04309036293508908,0.01396037059899245,-0.00033115881847825546,-0.033115881847825546,0.19457609560972927,0,0,False,NOT_AVAILABLE_BOOLEAN_COSTMAP_VETO,1790648337995030921,1790648337995030921,32.309001,1.3660589465871453,741
742,7.419999999999886,1790648338070705949,22.378435134887695,2.3770484924316406,0.08802825212478636,0.24642452597618103,22.380887985229492,2.377265214920044,0.08814992010593414,0.24616843461990356,0.3451113011795676,0.3451113011795676,0.08752680508860378,9,0,2185,8,1.3992368131417363,9,16,0.19988135414099223,0.19989097330596234,0.19990311923129894,0.24507813155651093,0.010629089549183846,0.04337020802989497,0.014051022625062214,9.065202606976276e-05,0.009065202606976276,0.19431017605681483,0,0,False,NOT_AVAILABLE_BOOLEAN_COSTMAP_VETO,1790648338070705949,1790648338070705949,31.749463,1.3943809317424893,742
743,7.429999999999886,1790648338145891168,22.380887985229492,2.377265214920044,0.08814992010593414,0.24616843461990356,22.383338928222656,2.3774819374084473,0.08827141672372818,0.245888352394104,0.34532662621471377,0.34532662621471377,0.08764281591005085,9,0,2185,8,1.3992368131417363,9,16,0.19988135414099223,0.19989097330596234,0.19990311923129894,0.24469588696956635,0.010840876027941704,0.04430346648732195,0.014353337377298764,0.00030231475223655054,0.030231475223655054,0.19404432851817183,0,0,False,NOT_AVAILABLE_BOOLEAN_COSTMAP_VETO,1790648338145891168,1790648338145891168,31.793752,1.921884948387742,743
744,7.439999999999886,1790648338222056356,22.383338928222656,2.3774819374084473,0.08827141672372818,0.245888352394104,22.385786056518555,2.3776988983154297,0.08839281648397446,0.24561990797519684,0.3455421918433696,0.3455421918433696,0.08775870863365798,9,0,2185,8,1.3992368131417363,9,16,0.19988135414099223,0.19989097330596234,0.19990311923129894,0.24447694420814514,0.011078700423240662,0.04531593136164354,0.014681306863488404,0.00032796948618963977,0.03279694861896398,0.1937782844418054,0,0,False,NOT_AVAILABLE_BOOLEAN_COSTMAP_VETO,1790648338222056356,1790648338222056356,32.063073,2.2685520816594362,744
745,7.449999999999886,1790648338298703638,22.385786056518555,2.3776988983154297,0.08839281648397446,0.24561990797519684,22.38823127746582,2.377915620803833,0.0885140523314476,0.24538686871528625,0.3457575201409701,0.3457575201409701,0.08787441197777879,9,0,2185,8,1.3992368131417363,9,16,0.19988135414099223,0.19989097330596234,0.19990311923129894,0.2443947046995163,0.011264024302363396,0.04608947774139596,0.014931880946520905,0.00025057408303250095,0.025057408303250095,0.19351254776795707,0,0,False,NOT_AVAILABLE_BOOLEAN_COSTMAP_VETO,1790648338298703638,1790648338298703638,32.229798,1.3709879713132977,745
746,7.459999999999885,1790648338376166371,22.38823127746582,2.377915620803833,0.08851405233144759,0.24538686871528625,22.390674591064453,2.3781325817108154,0.08863522112369537,0.24519634246826172,0.345973087944596,0.345973087944596,0.0879900228795285,9,0,2185,8,1.3992368131417363,9,16,0.19988135414099223,0.19989097330596234,0.19990311923129894,0.24438515305519104,0.011337549425661564,0.046392136690485176,0.015029920439907595,9.80394933866903e-05,0.00980394933866903,0.1932466024941079,0,0,False,NOT_AVAILABLE_BOOLEAN_COSTMAP_VETO,1790648338376166371,1790648338376166371,34.658292,1.3900279300287366,746
747,7.469999999999885,1790648338456114079,22.390674591064453,2.3781325817108154,0.08863522112369537,0.24519634246826172,22.393115997314453,2.378349542617798,0.08875627815723419,0.24504229426383972,0.3461886568357066,0.3461886568357066,0.08810549669407397,9,0,2185,8,1.3992368131417363,9,16,0.19988135414099223,0.19989097330596234,0.19990311923129894,0.24438640475273132,0.011305594816803932,0.04626114463381408,0.014987488573241788,-4.243186666580759e-05,-0.004243186666580759,0.19298070510563797,0,0,False,NOT_AVAILABLE_BOOLEAN_COSTMAP_VETO,1790648338456114079,1790648338456114079,34.91382,1.403404981829226,747
748,7.479999999999885,1790648338536434983,22.393115997314453,2.378349542617798,0.08875627815723419,0.24504229426383972,22.39555549621582,2.3785669803619385,0.08887728303670883,0.24491409957408905,0.3464047036513826,0.3464047036513826,0.08822089308470815,9,0,2185,8,1.3992368131417363,9,16,0.19988135414099223,0.19989097330596234,0.19990311923129894,0.2443682849407196,0.011231071315705776,0.04595961099628898,0.014889813475501319,-9.767509774046869e-05,-0.009767509774046869,0.19271435466584225,0,0,False,NOT_AVAILABLE_BOOLEAN_COSTMAP_VETO,1790648338536434983,1790648338536434983,34.88774,1.4866390265524387,748
749,7.489999999999885,1790648338616899827,22.39555549621582,2.3785669803619385,0.08887728303670883,0.24491409957408905,22.397994995117188,2.378784418106079,0.0889982134103775,0.24480846524238586,0.34662075046705837,0.34662075046705837,0.08833618531022847,9,0,2185,8,1.3992368131417363,9,16,0.19988135414099223,0.19989097330596234,0.19990311923129894,0.24435873329639435,0.011129453778266907,0.04554555357253167,0.014755688343883988,-0.00013412513161733045,-0.013412513161733045,0.19244803704339092,0,0,False,NOT_AVAILABLE_BOOLEAN_COSTMAP_VETO,1790648338616899827,1790648338616899827,34.683797,1.4282379997894168,749
750,7.4999999999998845,1790648338697298398,22.397994995117188,2.378784418106079,0.08899821341037752,0.24480846524238586,22.400432586669922,2.379002094268799,0.08911911398172379,0.24472977221012115,0.34683703678876016,0.34683703678876016,0.08845142253425431,9,0,2185,8,1.3992368131417363,9,16,0.19988135414099223,0.19989097330596234,0.19990311923129894,0.2443947046995163,0.010997399687767029,0.04499851869249111,0.01457848716881309,-0.00017720117507089884,-0.017720117507089884,0.19218149574784532,0,0,False,NOT_AVAILABLE_BOOLEAN_COSTMAP_VETO,1790648338697298398,1790648338697298398,34.947581,1.4273420674726367,750
751,7.509999999999884,1790648338777734314,22.400432586669922,2.379002094268799,0.08911911398172379,0.24472977221012115,22.402870178222656,2.3792200088500977,0.08923997730016708,0.24468529224395752,0.3470535615290018,0.3470535615290018,0.08856659289194546,9,0,2185,8,1.3992368131417363,9,16,0.19988135414099223,0.19989097330596234,0.19990311923129894,0.2444959282875061,0.010839147493243217,0.044332629868982176,0.01436278436515541,-0.00021570280365768024,-0.021570280365768024,0.19191473378902052,0,0,False,NOT_AVAILABLE_BOOLEAN_COSTMAP_VETO,1790648338777734314,1790648338777734314,34.949213,1.4730710536241531,751
752,7.519999999999884,1790648338858566882,22.402870178222656,2.3792200088500977,0.08923997730016708,0.24468529224395752,22.40530776977539,2.3794381618499756,0.08936082571744919,0.2446773201227188,0.3472703246877838,0.3472703246877838,0.08868171872410446,9,0,2185,8,1.3992368131417363,9,16,0.19988135414099223,0.19989097330596234,0.19990311923129894,0.2446434050798416,0.010697554796934128,0.04372713334922265,0.014166643409963476,-0.0001961409551919334,-0.01961409551919334,0.19164774213233987,0,0,False,NOT_AVAILABLE_BOOLEAN_COSTMAP_VETO,1790648338858566882,1790648338858566882,34.739863,2.2097990149632096,752
753,7.529999999999884,1790648338940296279,22.40530776977539,2.3794381618499756,0.08936082571744919,0.2446773201227188,22.407745361328125,2.3796565532684326,0.08948167413473129,0.24468450248241425,0.3474873262651061,0.3474873262651061,0.0887968149209537,9,0,2185,8,1.3992368131417363,9,16,0.19988135414099223,0.19989097330596234,0.19990311923129894,0.24482829868793488,0.010552898049354553,0.043103260962514704,0.01396454874524169,-0.00020209466472178618,-0.020209466472178618,0.19138051475598966,0,0,False,NOT_AVAILABLE_BOOLEAN_COSTMAP_VETO,1790648338940296279,1790648338940296279,34.898076,1.4258050359785557,753
754,7.539999999999884,1790648339020582046,22.407745361328125,2.3796565532684326,0.08948167413473129,0.24468450248241425,22.41018295288086,2.379875421524048,0.089602530002594,0.2447013258934021,0.3477048046795091,0.3477048046795091,0.0889118889221332,9,0,2185,8,1.3992368131417363,9,16,0.19988135414099223,0.19989097330596234,0.19990311923129894,0.24503839015960693,0.01042582280933857,0.04254771181996282,0.01378458547156774,-0.00017996327367394982,-0.017996327367394982,0.19111281023150511,0,0,False,NOT_AVAILABLE_BOOLEAN_COSTMAP_VETO,1790648339020582046,1790648339020582046,38.504911,1.3952449662610888,754
755,7.5499999999998835,1790648339104625021,22.41018295288086,2.379875421524048,0.08960253000259398,0.2447013258934021,22.412620544433594,2.380094528198242,0.08972340077161789,0.24472790956497192,0.34792252151245245,0.34792252151245245,0.08902694816728474,9,0,2185,8,1.3992368131417363,9,16,0.19988135414099223,0.19989097330596234,0.19990311923129894,0.2452603280544281,0.010295414365828037,0.04197749569813542,0.01359987008285561,-0.00018471538871213042,-0.018471538871213042,0.1908448639682458,0,0,False,NOT_AVAILABLE_BOOLEAN_COSTMAP_VETO,1790648339104625021,1790648339104625021,38.569841,1.3958850177004933,755
756,7.559999999999883,1790648339188503255,22.412620544433594,2.380094528198242,0.08972340077161789,0.24472790956497192,22.415058135986328,2.3803141117095947,0.08984427899122238,0.24476422369480133,0.3481407151824765,0.3481407151824765,0.08914198519488759,9,0,2185,8,1.3992368131417363,9,16,0.19988135414099223,0.19989097330596234,0.19990311923129894,0.24549159407615662,0.010132413357496262,0.04127397272247528,0.013371970092935235,-0.000227899989920375,-0.0227899989920375,0.19057644055961126,0,0,False,NOT_AVAILABLE_BOOLEAN_COSTMAP_VETO,1790648339188503255,1790648339188503255,34.575666,1.4514699578285217,756
757,7.569999999999883,1790648339268730844,22.415058135986328,2.3803141117095947,0.08984427899122238,0.24476422369480133,22.417495727539062,2.3805339336395264,0.08996518701314926,0.24481020867824554,0.34835914727104095,0.34835914727104095,0.08925702234574473,9,0,2185,8,1.3992368131417363,9,16,0.19988135414099223,0.19989097330596234,0.19990311923129894,0.2457313984632492,0.009935269132256508,0.04043141899809924,0.013099030506656067,-0.0002729395862791674,-0.02729395862791674,0.19030776939509647,0,0,False,NOT_AVAILABLE_BOOLEAN_COSTMAP_VETO,1790648339268730844,1790648339268730844,34.482766,1.3723319862037897,757
758,7.579999999999883,1790648339348531539,22.417495727539062,2.3805339336395264,0.08996518701314926,0.24481020867824554,22.419933319091797,2.380753993988037,0.09008610993623734,0.24486590921878815,0.34857781777814667,0.34857781777814667,0.0893720446625288,9,0,2185,8,1.3992368131417363,9,16,0.19988135414099223,0.19989097330596234,0.19990311923129894,0.2459815889596939,0.009708911180496216,0.039470072624366616,0.012787606462625199,-0.0003114240440308686,-0.03114240440308686,0.19003885649728164,0,0,False,NOT_AVAILABLE_BOOLEAN_COSTMAP_VETO,1790648339348531539,1790648339348531539,34.500047,1.3872450217604637,758
759,7.589999999999883,1790648339428551249,22.419933319091797,2.380753993988037,0.09008610993623734,0.24486590921878815,22.422372817993164,2.380974531173706,0.0902070701122284,0.24493080377578735,0.3487969640348462,0.3487969640348462,0.0894870699855046,9,0,2185,8,1.3992368131417363,9,16,0.19988135414099223,0.19989097330596234,0.19990311923129894,0.24623076617717743,0.009463869966566563,0.03843496129056738,0.01245228380378671,-0.000335322658838488,-0.0335322658838488,0.18976945442000498,0,0,False,NOT_AVAILABLE_BOOLEAN_COSTMAP_VETO,1790648339428551249,1790648339428551249,34.584306,1.4184770407155156,759
760,7.599999999999882,1790648339508688947,22.422372817993164,2.380974531173706,0.0902070701122284,0.24493080377578735,22.42481231689453,2.381195306777954,0.09032805263996124,0.2450038641691208,0.3490163487100875,0.3490163487100875,0.08960208781106083,9,0,2185,8,1.3992368131417363,9,16,0.19988135414099223,0.19989097330596234,0.19990311923129894,0.2464672029018402,0.00920865312218666,0.03736259029098555,0.01210488798335201,-0.0003473958204347014,-0.03473958204347014,0.1894998076042615,0,0,False,NOT_AVAILABLE_BOOLEAN_COSTMAP_VETO,1790648339508688947,1790648339508688947,34.609234,1.3841079780831933,760
761,7.609999999999882,1790648339588591278,22.42481231689453,2.381195306777954,0.09032805263996124,0.2450038641691208,22.4272518157959,2.3814165592193604,0.09044908732175827,0.2450837939977646,0.34923621022240986,0.34923621022240986,0.08971712802100695,9,0,2185,8,1.3992368131417363,9,16,0.19988135414099223,0.19989097330596234,0.19990311923129894,0.24668480455875397,0.008953078649938107,0.036293596056524484,0.01175858316167013,-0.0003463048216818792,-0.03463048216818792,0.18922966559596172,0,0,False,NOT_AVAILABLE_BOOLEAN_COSTMAP_VETO,1790648339588591278,1790648339588591278,34.378251,1.345355063676834,761
762,7.619999999999882,1790648339668386981,22.4272518157959,2.3814165592193604,0.09044908732175827,0.2450837939977646,22.4296932220459,2.3816380500793457,0.09057015180587769,0.24516864120960236,0.3494563090657875,0.3494563090657875,0.08983216354679735,9,0,2185,8,1.3992368131417363,9,16,0.19988135414099223,0.19989097330596234,0.19990311923129894,0.246868297457695,0.008688891306519508,0.03519646465746982,0.011403160264489232,-0.00035542289718089835,-0.035542289718089835,0.18895927584570343,0,0,False,NOT_AVAILABLE_BOOLEAN_COSTMAP_VETO,1790648339668386981,1790648339668386981,32.408524,2.091586939059198,762
763,7.629999999999882,1790648339748104538,22.4296932220459,2.3816380500793457,0.09057015180587769,0.24516864120960236,22.4321346282959,2.3818600177764893,0.09069127589464188,0.24525660276412964,0.3496768847462447,0.3496768847462447,0.08994722888553497,9,0,2185,8,1.3992368131417363,9,16,0.19988135414099223,0.19989097330596234,0.19990311923129894,0.24701853096485138,0.008433792740106583,0.03414234837833539,0.011061669681886379,-0.00034149058260285296,-0.034149058260285296,0.18868838790124104,0,0,False,NOT_AVAILABLE_BOOLEAN_COSTMAP_VETO,1790648339748104538,1790648339748104538,34.574898,1.3741239672526717,763
764,7.6399999999998816,1790648339828260093,22.4321346282959,2.3818600177764893,0.09069127589464188,0.24525660276412964,22.43457794189453,2.382082462310791,0.09081242233514786,0.24534577131271362,0.34989793617629805,0.34989793617629805,0.09006228192848953,9,0,2185,8,1.3992368131417363,9,16,0.19988135414099223,0.19989097330596234,0.19990311923129894,0.24713189899921417,0.008180152624845505,0.03310035109984533,0.010724102624039963,-0.0003375670578464156,-0.03375670578464156,0.1884170168119536,0,0,False,NOT_AVAILABLE_BOOLEAN_COSTMAP_VETO,1790648339828260093,1790648339828260093,34.525008,1.50980893522501,764
765,7.649999999999881,1790648339908844333,22.43457794189453,2.382082462310791,0.09081242233514786,0.24534577131271362,22.437021255493164,2.382305145263672,0.09093362838029861,0.24543428421020508,0.3501192260248923,0.3501192260248923,0.09017736466952009,9,0,2185,8,1.3992368131417363,9,16,0.19988135414099223,0.19989097330596234,0.19990311923129894,0.24720731377601624,0.00792799424380064,0.03207022528056694,0.01039037905972772,-0.0003337235643122438,-0.03337235643122438,0.18814538595483316,0,0,False,NOT_AVAILABLE_BOOLEAN_COSTMAP_VETO,1790648339908844333,1790648339908844333,34.586257,1.426542061381042,765
766,7.659999999999881,1790648339988982671,22.437021255493164,2.382305145263672,0.09093362838029863,0.24543428421020508,22.43946647644043,2.382528305053711,0.09105486422777176,0.24552077054977417,0.3503409916230824,0.3503409916230824,0.09029244244933121,9,0,2185,8,1.3992368131417363,9,16,0.19988135414099223,0.19989097330596234,0.19990311923129894,0.24725326895713806,0.007698904722929001,0.0311377267342161,0.010088281208333858,-0.0003020978513938611,-0.03020978513938611,0.1878732689504174,0,0,False,NOT_AVAILABLE_BOOLEAN_COSTMAP_VETO,1790648339988982671,1790648339988982671,30.808441,1.4977119863033295,766
767,7.669999999999881,1790648340066164307,22.43946647644043,2.382528305053711,0.09105486422777176,0.24552077054977417,22.441911697387695,2.382751703262329,0.09117615967988968,0.24560411274433136,0.3505629956398132,0.3505629956398132,0.09040754985813138,9,0,2185,8,1.3992368131417363,9,16,0.19988135414099223,0.19989097330596234,0.19990311923129894,0.24727346003055573,0.007486462593078613,0.030276045767926356,0.009809124208927374,-0.0002791569994064838,-0.02791569994064838,0.1876008921863061,0,0,False,NOT_AVAILABLE_BOOLEAN_COSTMAP_VETO,1790648340066164307,1790648340066164307,35.15642,1.3830839889124036,767
768,7.679999999999881,1790648340147063661,22.441911697387695,2.382751703262329,0.09117615967988968,0.24560411274433136,22.444358825683594,2.3829755783081055,0.09129747748374939,0.2456834763288498,0.3507854754061399,0.3507854754061399,0.09052264478642558,9,0,2185,8,1.3992368131417363,9,16,0.19988135414099223,0.19989097330596234,0.19990311923129894,0.247273251414299,0.007288225460797548,0.02947437872520365,0.009549408422369102,-0.0002597157865582723,-0.025971578655827228,0.18732803228996103,0,0,False,NOT_AVAILABLE_BOOLEAN_COSTMAP_VETO,1790648340147063661,1790648340147063661,34.854939,1.3744760071858764,768
769,7.6899999999998805,1790648340227452216,22.444358825683594,2.3829755783081055,0.09129747748374939,0.2456834763288498,22.446805953979492,2.383199691772461,0.09141884744167328,0.24575838446617126,0.3510081935910053,0.3510081935910053,0.09063776187210992,9,0,2185,8,1.3992368131417363,9,16,0.19988135414099223,0.19989097330596234,0.19990311923129894,0.2472587376832962,0.007100105285644531,0.02871528566460115,0.009303484125582285,-0.00024592429678681714,-0.024592429678681714,0.18705491564982707,0,0,False,NOT_AVAILABLE_BOOLEAN_COSTMAP_VETO,1790648340227452216,1790648340227452216,35.009792,2.1689010318368673,769
770,7.69999999999988,1790648340308890435,22.446805953979492,2.383199691772461,0.09141884744167329,0.24575838446617126,22.44925308227539,2.3834242820739746,0.09154023975133896,0.24582859873771667,0.3512313886129525,0.3512313886129525,0.09075287120655284,9,0,2185,8,1.3992368131417363,9,16,0.19988135414099223,0.19989097330596234,0.19990311923129894,0.24723488092422485,0.006916084326803684,0.02797374019778139,0.00906324365710877,-0.0002402404684735144,-0.02402404684735144,0.18678131588326313,0,0,False,NOT_AVAILABLE_BOOLEAN_COSTMAP_VETO,1790648340308890435,1790648340308890435,34.625203,1.4531670603901148,770
771,7.70999999999988,1790648340389099464,22.44925308227539,2.3834242820739746,0.09154023975133896,0.24582859873771667,22.451702117919922,2.3836491107940674,0.09166167676448822,0.24589410424232483,0.35145482096595504,0.35145482096595504,0.09086799026231285,9,0,2185,8,1.3992368131417363,9,16,0.19988135414099223,0.19989097330596234,0.19990311923129894,0.2472062110900879,0.006731431465595961,0.027230025636948357,0.0088222994106657,-0.0002409442464430707,-0.02409442464430707,0.18650746238781685,0,0,False,NOT_AVAILABLE_BOOLEAN_COSTMAP_VETO,1790648340389099464,1790648340389099464,34.671764,1.522576087154448,771
772,7.71999999999988,1790648340469684376,22.451702117919922,2.3836491107940674,0.09166167676448822,0.24589410424232483,22.454151153564453,2.3838744163513184,0.09178313612937927,0.24595510959625244,0.3516776607435649,0.3516776607435649,0.09098262964126036,9,0,2185,8,1.3992368131417363,9,16,0.19988135414099223,0.19989097330596234,0.19990311923129894,0.24717704951763153,0.006546978373080492,0.026486999443746842,0.008581577154538545,-0.0002407222561271547,-0.02407222561271547,0.18623312577141887,0,0,False,NOT_AVAILABLE_BOOLEAN_COSTMAP_VETO,1790648340469684376,1790648340469684376,38.476782,1.4319490874186158,772
773,7.72999999999988,1790648340554368172,22.454151153564453,2.3838744163513184,0.09178313612937927,0.24595510959625244,22.456600189208984,2.3840999603271484,0.09190463274717331,0.2460118979215622,0.35190054355775896,0.35190054355775896,0.09109774547766536,9,0,2185,8,1.3992368131417363,9,16,0.19988135414099223,0.19989097330596234,0.19990311923129894,0.24714939296245575,0.0063638826832175255,0.025749133376120642,0.008342525668179378,-0.00023905148635916702,-0.023905148635916702,0.1859585384400459,0,0,False,NOT_AVAILABLE_BOOLEAN_COSTMAP_VETO,1790648340554368172,1790648340554368172,25.494448,1.4155340613797307,773
774,7.739999999999879,1790648340625287431,22.456600189208984,2.3840999603271484,0.09190463274717332,0.2460118979215622,22.459049224853516,2.3843259811401367,0.09202615171670914,0.2460649460554123,0.35212390320882986,0.35212390320882986,0.09121285349186659,9,0,2185,8,1.3992368131417363,9,16,0.19988135414099223,0.19989097330596234,0.19990311923129894,0.24712759256362915,0.006181127857416868,0.0250118887708801,0.008103674568907576,-0.00023885109927180258,-0.023885109927180258,0.1856834679928669,0,0,False,NOT_AVAILABLE_BOOLEAN_COSTMAP_VETO,1790648340625287431,1790648340625287431,28.028032,1.3168099103495479,774
775,7.749999999999879,1790648340697229731,22.459049224853516,2.3843259811401367,0.09202615171670914,0.2460649460554123,22.46150016784668,2.384552240371704,0.09214770048856735,0.2461148500442505,0.3523474992058871,0.3523474992058871,0.09132795607918531,9,0,2185,8,1.3992368131417363,9,16,0.19988135414099223,0.19989097330596234,0.19990311923129894,0.24711450934410095,0.006002932786941528,0.024292109770788856,0.007870481050777877,-0.00023319351812969846,-0.023319351812969846,0.18540814984361748,0,0,False,NOT_AVAILABLE_BOOLEAN_COSTMAP_VETO,1790648340697229731,1790648340697229731,32.751959,2.2525839740410447,775
776,7.759999999999879,1790648340774886806,22.46150016784668,2.384552240371704,0.09214770048856735,0.2461148500442505,22.463951110839844,2.3847789764404297,0.09226927161216736,0.24617040157318115,0.35257157203982104,0.35257157203982104,0.09144305074758918,9,0,2185,8,1.3992368131417363,9,16,0.19988135414099223,0.19989097330596234,0.19990311923129894,0.24728325009346008,0.006038406863808632,0.02441898859516943,0.007911587230148303,4.1106179370425586e-05,0.004110617937042559,0.18513234858337774,0,0,False,NOT_AVAILABLE_BOOLEAN_COSTMAP_VETO,1790648340774886806,1790648340774886806,29.358859,1.9566710107028484,776
777,7.769999999999879,1790648340851125148,22.463951110839844,2.3847789764404297,0.09226927161216736,0.24617040157318115,22.466402053833008,2.3850059509277344,0.09239087998867035,0.24623079597949982,0.35279588329219375,0.35279588329219375,0.0915581523708573,9,0,2185,8,1.3992368131417363,9,16,0.19988135414099223,0.19989097330596234,0.19990311923129894,0.2474406659603119,0.0061177415773272514,0.02472407497605306,0.008010428952853326,9.884172270502312e-05,0.009884172270502312,0.18485629661947706,0,0,False,NOT_AVAILABLE_BOOLEAN_COSTMAP_VETO,1790648340851125148,1790648340851125148,25.150084,1.4922400005161762,777
778,7.779999999999879,1790648340921698476,22.466402053833008,2.3850059509277344,0.09239087998867035,0.24623079597949982,22.468854904174805,2.3852334022521973,0.09251251071691513,0.2462964653968811,0.35302066930899056,0.35302066930899056,0.09167324092980245,9,0,2185,8,1.3992368131417363,9,16,0.19988135414099223,0.19989097330596234,0.19990311923129894,0.24761176109313965,0.0062524257227778435,0.025250923846165698,0.00818111679872246,0.00017068784586913438,0.017068784586913438,0.18457976154974326,0,0,False,NOT_AVAILABLE_BOOLEAN_COSTMAP_VETO,1790648340921698476,1790648340921698476,17.39966,1.4719190075993538,778
779,7.789999999999878,1790648340981163929,22.468854904174805,2.3852334022521973,0.09251251071691514,0.2462964653968811,22.4713077545166,2.3854610919952393,0.0926341861486435,0.2463669329881668,0.35324569374422565,0.35324569374422565,0.0917883437983229,9,0,2185,8,1.3992368131417363,9,16,0.19988135414099223,0.19989097330596234,0.19990311923129894,0.2477784901857376,0.0063667562790215015,0.0256953550497822,0.008325102700570136,0.00014398590184767565,0.014398590184767565,0.1843029727757745,0,0,False,NOT_AVAILABLE_BOOLEAN_COSTMAP_VETO,1790648340981163929,1790648340981163929,17.544529,1.4115970116108656,779
780,7.799999999999878,1790648341039526243,22.4713077545166,2.3854610919952393,0.0926341861486435,0.2463669329881668,22.4737606048584,2.3856892585754395,0.09275588393211365,0.2464420348405838,0.353471195016338,0.353471195016338,0.09190343860657757,9,0,2185,8,1.3992368131417363,9,16,0.19988135414099223,0.19989097330596234,0.19990311923129894,0.24794642627239227,0.006445160135626793,0.02599416427380237,0.008421910101049866,9.680740047973008e-05,0.009680740047973008,0.18402570090147313,0,0,False,NOT_AVAILABLE_BOOLEAN_COSTMAP_VETO,1790648341039526243,1790648341039526243,17.886907,1.4015809865668416,780
781,7.809999999999878,1790648341099296346,22.4737606048584,2.3856892585754395,0.09275588393211365,0.2464420348405838,22.476215362548828,2.3859176635742188,0.09287763386964798,0.24652129411697388,0.35369693263443625,0.35369693263443625,0.09201854994902625,9,0,2185,8,1.3992368131417363,9,16,0.19988135414099223,0.19989097330596234,0.19990311923129894,0.24810904264450073,0.006483792327344418,0.02613283360507993,0.008466835760690421,4.49256596405552e-05,0.00449256596405552,0.18374817232338375,0,0,False,NOT_AVAILABLE_BOOLEAN_COSTMAP_VETO,1790648341099296346,1790648341099296346,17.268233,1.6003709752112627,781
782,7.819999999999878,1790648341157168596,22.476215362548828,2.3859176635742188,0.09287763386964798,0.24652129411697388,22.478670120239258,2.3861465454101562,0.0929994061589241,0.24660417437553406,0.3539231470894114,0.3539231470894114,0.09213365313824662,9,0,2185,8,1.3992368131417363,9,16,0.19988135414099223,0.19989097330596234,0.19990311923129894,0.24826419353485107,0.0064966413192451,0.026168257398476225,0.008478312245877402,1.1476485186980717e-05,0.0011476485186980717,0.1834701606508073,0,0,False,NOT_AVAILABLE_BOOLEAN_COSTMAP_VETO,1790648341157168596,1790648341157168596,18.980862,1.702326931990683,782
783,7.8299999999998775,1790648341217259766,22.478670120239258,2.3861465454101562,0.0929994061589241,0.24660417437553406,22.48112678527832,2.386375665664673,0.093121238052845,0.24669009447097778,0.35414959789037237,0.35414959789037237,0.09224878018441451,9,0,2185,8,1.3992368131417363,9,16,0.19988135414099223,0.19989097330596234,0.19990311923129894,0.24841122329235077,0.006499456707388163,0.02616410249604168,0.008476966154237344,-1.3460916400576811e-06,-0.0001346091640057681,0.1831918892759094,0,0,False,NOT_AVAILABLE_BOOLEAN_COSTMAP_VETO,1790648341217259766,1790648341217259766,17.785433,1.5437300316989422,783
784,7.839999999999877,1790648341276467899,22.48112678527832,2.386375665664673,0.09312123805284502,0.24669009447097778,22.483583450317383,2.3866052627563477,0.09324309229850769,0.24677854776382446,0.3543765255282107,0.3543765255282107,0.09236389896199526,9,0,2185,8,1.3992368131417363,9,16,0.19988135414099223,0.19989097330596234,0.19990311923129894,0.24855045974254608,0.006503560114651918,0.026165954878492062,0.008477566283021518,6.001287841742031e-07,6.001287841742031e-05,0.18291313481271593,0,0,False,NOT_AVAILABLE_BOOLEAN_COSTMAP_VETO,1790648341276467899,1790648341276467899,18.704918,1.4531660126522183,784
785,7.849999999999877,1790648341336042955,22.483583450317383,2.3866052627563477,0.09324309229850769,0.24677854776382446,22.486040115356445,2.3868350982666016,0.09336500614881516,0.24686910212039948,0.35460369158448685,0.35460369158448685,0.0924790467121217,9,0,2185,8,1.3992368131417363,9,16,0.19988135414099223,0.19989097330596234,0.19990311923129894,0.24868300557136536,0.006513028405606747,0.02619008239281426,0.008485383035333603,7.816752312084924e-06,0.0007816752312084924,0.18263412065508894,0,0,False,NOT_AVAILABLE_BOOLEAN_COSTMAP_VETO,1790648341336042955,1790648341336042955,17.502416,1.4738069148734212,785
786,7.859999999999877,1790648341394319251,22.486040115356445,2.3868350982666016,0.09336500614881516,0.24686910212039948,22.48849868774414,2.3870654106140137,0.09348694980144501,0.24696135520935059,0.3548313324051877,0.3548313324051877,0.09259418832465283,9,0,2185,8,1.3992368131417363,9,16,0.19988135414099223,0.19989097330596234,0.19990311923129894,0.24880927801132202,0.00652801338583231,0.026237017518033447,0.00850058891903886,1.5205883705257314e-05,0.0015205883705257314,0.18235462041014178,0,0,False,NOT_AVAILABLE_BOOLEAN_COSTMAP_VETO,1790648341394319251,1790648341394319251,17.747927,1.7140069976449013,786
787,7.869999999999877,1790648341453992999,22.48849868774414,2.3870654106140137,0.09348694980144501,0.24696135520935059,22.490957260131836,2.387296199798584,0.09360896050930023,0.24705488979816437,0.35505945006276557,0.35505945006276557,0.09270936625728465,9,0,2185,8,1.3992368131417363,9,16,0.19988135414099223,0.19989097330596234,0.19990311923129894,0.24892829358577728,0.006546116899698973,0.026297199106630562,0.008520086341558191,1.949742251933055e-05,0.0019497422519330551,0.18207461905536187,0,0,False,NOT_AVAILABLE_BOOLEAN_COSTMAP_VETO,1790648341453992999,1790648341453992999,20.18359,1.5551219694316387,787
788,7.879999999999876,1790648341515335472,22.490957260131836,2.387296199798584,0.09360896050930023,0.24705488979816437,22.493417739868164,2.3875274658203125,0.09373100101947784,0.24714919924736023,0.3552880424847678,0.3552880424847678,0.09282453791449985,9,0,2185,8,1.3992368131417363,9,16,0.19988135414099223,0.19989097330596234,0.19990311923129894,0.2490382343530655,0.006562524475157261,0.026351473669113255,0.008537670020672279,1.7583679114087716e-05,0.0017583679114087716,0.18179413162048802,0,0,False,NOT_AVAILABLE_BOOLEAN_COSTMAP_VETO,1790648341515335472,1790648341515335472,25.638835,1.3926529791206121,788
789,7.889999999999876,1790648341581574582,22.493417739868164,2.3875274658203125,0.09373100101947784,0.24714919924736023,22.495878219604492,2.38775897026062,0.09385310113430023,0.247243732213974,0.3555168733252085,0.3555168733252085,0.09293973833786584,9,0,2185,8,1.3992368131417363,9,16,0.19988135414099223,0.19989097330596234,0.19990311923129894,0.24913714826107025,0.006574318278580904,0.026388350049233487,0.008549617095725708,1.1947075053428749e-05,0.001194707505342875,0.18151338450800364,0,0,False,NOT_AVAILABLE_BOOLEAN_COSTMAP_VETO,1790648341581574582,1790648341581574582,29.349482,1.4841760275885463,789
790,7.899999999999876,1790648341652581748,22.495878219604492,2.38775897026062,0.09385310113430023,0.247243732213974,22.498340606689453,2.387990951538086,0.09397523105144501,0.24733784794807434,0.3557461789300739,0.3557461789300739,0.0930549323346197,9,0,2185,8,1.3992368131417363,9,16,0.19988135414099223,0.19989097330596234,0.19990311923129894,0.24922297894954681,0.006579236127436161,0.026398994808452533,0.008553065745516347,3.4486497906393437e-06,0.0003448649790639344,0.18123215132232112,0,0,False,NOT_AVAILABLE_BOOLEAN_COSTMAP_VETO,1790648341652581748,1790648341652581748,29.523056,1.4122690772637725,790
791,7.909999999999876,1790648341723150564,22.498340606689453,2.387990951538086,0.09397523105144501,0.24733784794807434,22.500802993774414,2.388223171234131,0.09409741312265396,0.24739979207515717,0.3559757229533774,0.3559757229533774,0.0931701475365081,9,0,2185,8,1.3992368131417363,9,16,0.19988135414099223,0.19989097330596234,0.19990311923129894,0.24864047765731812,0.007605663035064936,0.030588997844298027,0.009910510824544704,0.0013574450790283573,0.13574450790283574,0.18095066147166533,0,0,False,NOT_AVAILABLE_BOOLEAN_COSTMAP_VETO,1790648341723150564,1790648341723150564,58.942237,1.4532619388774037,791
792,7.919999999999876,1790648341824887801,22.500802993774414,2.388223171234131,0.09409741312265396,0.24739979207515717,22.503265380859375,2.388455867767334,0.09421961009502411,0.24743622541427612,0.3562057438135579,0.3562057438135579,0.0932853467187238,9,0,2185,8,1.3992368131417363,9,16,0.19988135414099223,0.19989097330596234,0.19990311923129894,0.2481660544872284,0.00855234730988741,0.03446219640135169,0.01116528764240411,0.001254776817859406,0.1254776817859406,0.18066869156279014,0,0,False,NOT_AVAILABLE_BOOLEAN_COSTMAP_VETO,1790648341824887801,1790648341824887801,46.497326,1.501327962614596,792
793,7.929999999999875,1790648341914970105,22.503265380859375,2.388455867767334,0.09421961009502412,0.24743622541427612,22.50572967529297,2.388688802719116,0.09434182196855545,0.2474445402622223,0.35643600101972467,0.35643600101972467,0.09340052437960455,9,0,2185,8,1.3992368131417363,9,16,0.19988135414099223,0.19989097330596234,0.19990311923129894,0.2476111650466919,0.009367220103740692,0.03783036238278803,0.012256423655480214,0.001091136013076104,0.10911360130761039,0.18038648001603147,0,0,False,NOT_AVAILABLE_BOOLEAN_COSTMAP_VETO,1790648341914970105,1790648341914970105,45.883099,1.5149289974942803,793
794,7.939999999999875,1790648342006774448,22.50572967529297,2.388688802719116,0.09434182196855545,0.2474445402622223,22.50819206237793,2.3889219760894775,0.0944640263915062,0.2473788559436798,0.35666649871678163,0.35666649871678163,0.0935156689934864,9,0,2185,8,1.3992368131417363,9,16,0.19988135414099223,0.19989097330596234,0.19990311923129894,0.24709917604923248,0.010313269682228565,0.04173736977647279,0.01352208359097321,0.0012656599354929961,0.12656599354929962,0.1801040358447416,0,0,False,NOT_AVAILABLE_BOOLEAN_COSTMAP_VETO,1790648342006774448,1790648342006774448,44.077761,1.5209129778668284,794
795,7.949999999999875,1790648342097146362,22.50819206237793,2.3889219760894775,0.09446402639150618,0.2473788559436798,22.51065444946289,2.389155387878418,0.09458616375923157,0.24724383652210236,0.3568972348322772,0.3568972348322772,0.09363071555776425,9,0,2185,8,1.3992368131417363,9,16,0.19988135414099223,0.19989097330596234,0.19990311923129894,0.2466689646244049,0.01132354699075222,0.04590584392322816,0.014872396801274832,0.0013503132103016222,0.13503132103016222,0.17982138307871204,0,0,False,NOT_AVAILABLE_BOOLEAN_COSTMAP_VETO,1790648342097146362,1790648342097146362,44.089537,1.5947070205584168,795
796,7.959999999999875,1790648342187545124,22.51065444946289,2.389155387878418,0.09458616375923157,0.24724383652210236,22.51311492919922,2.3893890380859375,0.09470824897289276,0.24707525968551636,0.3571282114386632,0.3571282114386632,0.09374568444509368,9,0,2185,8,1.3992368131417363,9,16,0.19988135414099223,0.19989097330596234,0.19990311923129894,0.24635754525661469,0.012300894595682621,0.049931064960359046,0.0161762539462424,0.001303857144967566,0.1303857144967566,0.1795385157070341,0,0,False,NOT_AVAILABLE_BOOLEAN_COSTMAP_VETO,1790648342187545124,1790648342187545124,44.381835,1.5374890062958002,796
797,7.9699999999998745,1790648342277654725,22.51311492919922,2.3893890380859375,0.09470824897289276,0.24707525968551636,22.515573501586914,2.389622688293457,0.0948302298784256,0.2469058483839035,0.3573591901175012,0.3573591901175012,0.09386052354888186,9,0,2185,8,1.3992368131417363,9,16,0.19988135414099223,0.19989097330596234,0.19990311923129894,0.2461845427751541,0.013134057633578777,0.05335045606650621,0.01728382649024774,0.0011075725440053419,0.11075725440053419,0.17925569316893836,0,0,False,NOT_AVAILABLE_BOOLEAN_COSTMAP_VETO,1790648342277654725,1790648342277654725,44.11565,1.764760003425181,797
798,7.979999999999874,1790648342368067696,22.515573501586914,2.389622688293457,0.09483022987842558,0.2469058483839035,22.518030166625977,2.3898565769195557,0.09495215862989426,0.246758371591568,0.35759040928723,0.35759040928723,0.09397528508434405,9,0,2185,8,1.3992368131417363,9,16,0.19988135414099223,0.19989097330596234,0.19990311923129894,0.24613043665885925,0.013769682496786118,0.055944655539985566,0.018124083653291777,0.0008402571630440371,0.08402571630440371,0.17897265601714113,0,0,False,NOT_AVAILABLE_BOOLEAN_COSTMAP_VETO,1790648342368067696,1790648342368067696,44.605298,1.5004959423094988,798
799,7.989999999999874,1790648342458862630,22.518030166625977,2.3898565769195557,0.09495215862989426,0.246758371591568,22.52048683166504,2.3900904655456543,0.09507400542497635,0.24665763974189758,0.3578216284569585,0.3578216284569585,0.0940899336747476,9,0,2185,8,1.3992368131417363,9,16,0.19988135414099223,0.19989097330596234,0.19990311923129894,0.24622878432273865,0.014096532016992569,0.05724973242168092,0.01854678641713065,0.0004227027638388711,0.04227027638388711,0.17868965467944625,0,0,False,NOT_AVAILABLE_BOOLEAN_COSTMAP_VETO,1790648342458862630,1790648342458862630,43.808568,1.5307370340451598,799
800,7.999999999999874,1790648342549957575,22.52048683166504,2.3900904655456543,0.09507400542497635,0.24665763974189758,22.52294158935547,2.390324831008911,0.09519582241773605,0.24661633372306824,0.3580533265360158,0.3580533265360158,0.09420452708213167,9,0,2185,8,1.3992368131417363,9,16,0.19988135414099223,0.19989097330596234,0.19990311923129894,0.24644045531749725,0.014194216579198837,0.05759694186943441,0.018659243350889046,0.00011245693375839735,0.011245693375839735,0.17840619129389718,0,0,False,NOT_AVAILABLE_BOOLEAN_COSTMAP_VETO,1790648342549957575,1790648342549957575,44.125826,1.9144290126860142,800
801,8.009999999999874,1790648342643111401,22.52294158935547,2.390324831008911,0.09519582241773605,0.24661633372306824,22.5253963470459,2.390559434890747,0.09531763195991516,0.24662025272846222,0.3582852630335113,0.3582852630335113,0.09431908207683604,9,0,2185,8,1.3992368131417363,9,16,0.19988135414099223,0.19989097330596234,0.19990311923129894,0.2466987669467926,0.0141518022865057,0.057364706202840184,0.018584025084060943,-7.521826682810318e-05,-0.0075218266828103175,0.17812249526973573,0,0,False,NOT_AVAILABLE_BOOLEAN_COSTMAP_VETO,1790648342643111401,1790648342643111401,43.769624,1.608947990462184,801
802,8.019999999999873,1790648342735801245,22.5253963470459,2.390559434890747,0.09531763195991518,0.24662025272846222,22.527851104736328,2.390794277191162,0.09543944150209427,0.24663349986076355,0.35851743794944535,0.35851743794944535,0.09443360605750817,9,0,2185,8,1.3992368131417363,9,16,0.19988135414099223,0.19989097330596234,0.19990311923129894,0.2468988448381424,0.014058991335332394,0.05694231313455087,0.01844721664266436,-0.00013680844139658116,-0.013680844139658116,0.17783856360467326,0,0,False,NOT_AVAILABLE_BOOLEAN_COSTMAP_VETO,1790648342735801245,1790648342735801245,44.273128,1.559025957249105,802
803,8.029999999999873,1790648342828824859,22.527851104736328,2.390794277191162,0.09543944150209427,0.24663349986076355,22.530305862426758,2.3910293579101562,0.09556126594543457,0.2466527223587036,0.3587498512838177,0.3587498512838177,0.09454811391464979,9,0,2185,8,1.3992368131417363,9,16,0.19988135414099223,0.19989097330596234,0.19990311923129894,0.247037872672081,0.014003087766468525,0.05668397163157358,0.01836354234748772,-8.36742951766424e-05,-0.00836742951766424,0.17755439029476577,0,0,False,NOT_AVAILABLE_BOOLEAN_COSTMAP_VETO,1790648342828824859,1790648342828824859,44.384235,1.8640590133145452,803
804,8.039999999999873,1790648342922828408,22.530305862426758,2.3910293579101562,0.09556126594543457,0.2466527223587036,22.532760620117188,2.3912649154663086,0.09568309038877487,0.2466735988855362,0.35898274145506703,0.35898274145506703,0.09466259075064887,9,0,2185,8,1.3992368131417363,9,16,0.19988135414099223,0.19989097330596234,0.19990311923129894,0.24709190428256989,0.014041129499673843,0.05682553437127855,0.018409393171219816,4.585082373209648e-05,0.004585082373209648,0.17726974292751557,0,0,False,NOT_AVAILABLE_BOOLEAN_COSTMAP_VETO,1790648342922828408,1790648342922828408,44.363051,1.5597620513290167,804
805,8.049999999999873,1790648343016231555,22.532760620117188,2.3912649154663086,0.09568309038877487,0.2466735988855362,22.535215377807617,2.39150071144104,0.09580492973327637,0.24669265747070312,0.35921587004475447,0.35921587004475447,0.0947770513864925,9,0,2185,8,1.3992368131417363,9,16,0.19988135414099223,0.19989097330596234,0.19990311923129894,0.24707427620887756,0.0141910370439291,0.05743631940029217,0.018607219737539375,0.00019782656631955886,0.019782656631955886,0.1769848539182381,0,0,False,NOT_AVAILABLE_BOOLEAN_COSTMAP_VETO,1790648343016231555,1790648343016231555,42.965246,1.608179067261517,805
806,8.059999999999873,1790648343107931607,22.535215377807617,2.39150071144104,0.09580492973327637,0.24669265747070312,22.537670135498047,2.3917369842529297,0.09592677652835846,0.2467060089111328,0.35944947547131856,0.35944947547131856,0.0948914883468488,9,0,2185,8,1.3992368131417363,9,16,0.19988135414099223,0.19989097330596234,0.19990311923129894,0.24697357416152954,0.014477563090622425,0.058619887329134174,0.018990560237992136,0.00038334050045276194,0.038334050045276194,0.17669948785192852,0,0,False,NOT_AVAILABLE_BOOLEAN_COSTMAP_VETO,1790648343107931607,1790648343107931607,44.155524,1.5301279490813613,806
807,8.069999999999872,1790648343200574857,22.537670135498047,2.3917369842529297,0.09592677652835846,0.2467060089111328,22.54012680053711,2.3919734954833984,0.09604863077402115,0.24671168625354767,0.3596833172438692,0.3596833172438692,0.0950058958900839,9,0,2185,8,1.3992368131417363,9,16,0.19988135414099223,0.19989097330596234,0.19990311923129894,0.24682551622390747,0.014871753752231598,0.06025209216514189,0.019519198551220425,0.0005286383132282885,0.05286383132282885,0.17641388314840628,0,0,False,NOT_AVAILABLE_BOOLEAN_COSTMAP_VETO,1790648343200574857,1790648343200574857,44.522288,1.7762809293344617,807
808,8.079999999999872,1790648343294014644,22.54012680053711,2.3919734954833984,0.09604863077402116,0.24671168625354767,22.54258155822754,2.3922102451324463,0.09617048501968384,0.24669452011585236,0.35991739950731017,0.35991739950731017,0.0951202780359961,9,0,2185,8,1.3992368131417363,9,16,0.19988135414099223,0.19989097330596234,0.19990311923129894,0.24662144482135773,0.01535455696284771,0.062259618071615425,0.020169380815677533,0.0006501822644571081,0.06501822644571081,0.17612804281039612,0,0,False,NOT_AVAILABLE_BOOLEAN_COSTMAP_VETO,1790648343294014644,1790648343294014644,44.316425,1.8394819926470518,808
809,8.089999999999872,1790648343387534722,22.54258155822754,2.3922102451324463,0.09617048501968384,0.24669452011585236,22.54503631591797,2.3924472332000732,0.09629230946302414,0.24663613736629486,0.3601517201891897,0.3601517201891897,0.09523459923702626,9,0,2185,8,1.3992368131417363,9,16,0.19988135414099223,0.19989097330596234,0.19990311923129894,0.2463875561952591,0.015842072665691376,0.06429737325344763,0.020829336064051854,0.0006599552483743214,0.06599552483743214,0.17584197884388847,0,0,False,NOT_AVAILABLE_BOOLEAN_COSTMAP_VETO,1790648343387534722,1790648343387534722,44.343818,1.5309929149225354,809
810,8.099999999999872,1790648343483606178,22.54503631591797,2.3924472332000732,0.09629230946302414,0.24663613736629486,22.5474910736084,2.3926844596862793,0.09641411155462265,0.24654150009155273,0.36038627928950706,0.36038627928950706,0.095348866833743,9,0,2185,8,1.3992368131417363,9,16,0.19988135414099223,0.19989097330596234,0.19990311923129894,0.2461385428905487,0.01633916236460209,0.06638197404080548,0.02150444412954746,0.0006751080654956061,0.06751080654956061,0.17555568824642326,0,0,False,NOT_AVAILABLE_BOOLEAN_COSTMAP_VETO,1790648343483606178,1790648343483606178,44.498575,1.5606899978592992,810
811,8.109999999999872,1790648343576822886,22.5474910736084,2.3926844596862793,0.09641411155462265,0.24654150009155273,22.549943923950195,2.3929219245910645,0.09653583914041519,0.24641409516334534,0.36062107888071504,0.36062107888071504,0.09546303463217454,9,0,2185,8,1.3992368131417363,9,16,0.19988135414099223,0.19989097330596234,0.19990311923129894,0.2458716332912445,0.01683049276471138,0.06845235678234994,0.02217492820886357,0.0006704840793161082,0.06704840793161082,0.17526919202402053,0,0,False,NOT_AVAILABLE_BOOLEAN_COSTMAP_VETO,1790648343576822886,1790648343576822886,42.575665,1.59329897724092,811
812,8.119999999999871,1790648343668749505,22.549943923950195,2.3929219245910645,0.09653583914041519,0.24641409516334534,22.55239486694336,2.3931596279144287,0.09665752202272415,0.24625487625598907,0.36085611896281383,0.36085611896281383,0.09557713245461041,9,0,2185,8,1.3992368131417363,9,16,0.19988135414099223,0.19989097330596234,0.19990311923129894,0.24557696282863617,0.01729618012905121,0.07043079257039472,0.022815617060371902,0.000640688851508333,0.0640688851508333,0.17498247816908047,0,0,False,NOT_AVAILABLE_BOOLEAN_COSTMAP_VETO,1790648343668749505,1790648343668749505,44.655667,1.6368849901482463,812
813,8.129999999999871,1790648343762109322,22.55239486694336,2.3931596279144287,0.09665752202272415,0.24625487625598907,22.554845809936523,2.393397331237793,0.09677914530038834,0.24623849987983704,0.36109115904491224,0.36109115904491224,0.09569113947200059,10,0,2185,8,1.3992247510690599,10,17,0.19988135414099223,0.19988925015272282,0.19990311923129894,0.24616876244544983,0.01686381921172142,0.06850511431343116,0.022192013238522407,-0.0006236038218494951,-0.062360382184949506,0.17469579109911376,0,0,False,NOT_AVAILABLE_BOOLEAN_COSTMAP_VETO,1790648343762109322,1790648343762109322,21.813721,1.567634055390954,813
814,8.139999999999871,1790648343831667770,22.554845809936523,2.393397331237793,0.09677914530038834,0.24623849987983704,22.557296752929688,2.3936355113983154,0.09690076857805252,0.24625417590141296,0.36132667596388746,0.36132667596388746,0.09580511529348046,10,0,2185,8,1.3992247510690599,10,17,0.19988135414099223,0.19988925015272282,0.19990311923129894,0.24656805396080017,0.016303308308124542,0.0661209270472503,0.021419903857003035,-0.0007721093815193716,-0.07721093815193716,0.17440862996988943,0,0,False,NOT_AVAILABLE_BOOLEAN_COSTMAP_VETO,1790648343831667770,1790648343831667770,22.553617,1.392459962517023,814
815,8.14999999999987,1790648343897675513,22.557296752929688,2.3936355113983154,0.09690076857805253,0.24625417590141296,22.55974769592285,2.393873929977417,0.0970224067568779,0.24629171192646027,0.3615624313013015,0.3615624313013015,0.09591907479592665,10,0,2185,8,1.3992247510690599,10,17,0.19988135414099223,0.19988925015272282,0.19990311923129894,0.24704362452030182,0.015639368444681168,0.06330610018796878,0.020508300778958835,-0.0009116030780442,-0.09116030780442,0.17412122720012196,0,0,False,NOT_AVAILABLE_BOOLEAN_COSTMAP_VETO,1790648343897675513,1790648343897675513,23.95859,1.5129119856283069,815
816,8.15999999999987,1790648343965806171,22.55974769592285,2.393873929977417,0.0970224067568779,0.24629171192646027,22.562198638916016,2.3941128253936768,0.09714405983686447,0.24634332954883575,0.3617986634755918,0.3617986634755918,0.09603301795505503,10,0,2185,8,1.3992247510690599,10,17,0.19988135414099223,0.19988925015272282,0.19990311923129894,0.24737723171710968,0.014734156429767609,0.05956148966294916,0.019295527607310573,-0.001212773171648262,-0.12127731716482619,0.17383334437297887,0,0,False,NOT_AVAILABLE_BOOLEAN_COSTMAP_VETO,1790648343965806171,1790648343965806171,26.068802,1.340267015621066,816
817,8.16999999999987,1790648344035596562,22.562198638916016,2.3941128253936768,0.09714405983686447,0.24634332954883575,22.564651489257812,2.3943519592285156,0.09726575016975403,0.2464006394147873,0.36203513199586834,0.36203513199586834,0.09614696108295728,10,0,2185,8,1.3992247510690599,10,17,0.19988135414099223,0.19988925015272282,0.19990311923129894,0.24754862487316132,0.013533956371247768,0.05467191093540625,0.017711846785666254,-0.001583680821644319,-0.1583680821644319,0.17354521090892633,0,0,False,NOT_AVAILABLE_BOOLEAN_COSTMAP_VETO,1790648344035596562,1790648344035596562,27.218854,1.3603309635072947,817
818,8.17999999999987,1790648344107347496,22.564651489257812,2.3943519592285156,0.09726575016975404,0.2464006394147873,22.56710433959961,2.3945915699005127,0.09738745540380478,0.24645042419433594,0.36227207735302175,0.36227207735302175,0.09626088774079378,10,0,2185,8,1.3992247510690599,10,17,0.19988135414099223,0.19988925015272282,0.19990311923129894,0.24744778871536255,0.012246747501194477,0.049492248707390246,0.01603411435463077,-0.0016777324310354828,-0.16777324310354827,0.17325659739201543,0,0,False,NOT_AVAILABLE_BOOLEAN_COSTMAP_VETO,1790648344107347496,1790648344107347496,29.492687,2.2512079449370503,818
819,8.18999999999987,1790648344182410760,22.56710433959961,2.3945915699005127,0.09738745540380479,0.24645042419433594,22.569557189941406,2.394831418991089,0.09750919044017792,0.24648024141788483,0.36250926112861337,0.36250926112861337,0.09637481286447835,10,0,2185,8,1.3992247510690599,10,17,0.19988135414099223,0.19988925015272282,0.19990311923129894,0.24707745015621185,0.011095879599452019,0.04490850780772093,0.014549329827512992,-0.0014847845271177794,-0.14847845271177793,0.17296773624334943,0,0,False,NOT_AVAILABLE_BOOLEAN_COSTMAP_VETO,1790648344182410760,1790648344182410760,29.308585,1.3517870102077723,819
820,8.19999999999987,1790648344255376229,22.569557189941406,2.394831418991089,0.09750919044017793,0.24648024141788483,22.572010040283203,2.395071506500244,0.09763093292713165,0.2464822381734848,0.36274668332264354,0.36274668332264354,0.09648871401859704,10,0,2185,8,1.3992247510690599,10,17,0.19988135414099223,0.19988925015272282,0.19990311923129894,0.2465222328901291,0.010206800885498524,0.04140316581526149,0.013413821147285,-0.0011355086802279923,-0.11355086802279923,0.17267863646402642,0,0,False,NOT_AVAILABLE_BOOLEAN_COSTMAP_VETO,1790648344255376229,1790648344255376229,29.253768,2.3214509710669518,820
821,8.20999999999987,1790648344330277280,22.572010040283203,2.395071506500244,0.09763093292713165,0.2464822381734848,22.574462890625,2.3953118324279785,0.0977526381611824,0.24636702239513397,0.36298434393511203,0.36298434393511203,0.0966025465049305,10,0,2185,8,1.3992247510690599,10,17,0.19988135414099223,0.19988925015272282,0.19990311923129894,0.2458764761686325,0.009687432087957859,0.03939958892738404,0.01276477347226199,-0.0006490476750230095,-0.06490476750230095,0.17238931605091085,0,0,False,NOT_AVAILABLE_BOOLEAN_COSTMAP_VETO,1790648344330277280,1790648344330277280,31.849179,1.3838839950039983,821
822,8.21999999999987,1790648344405666890,22.574462890625,2.3953118324279785,0.0977526381611824,0.24636702239513397,22.576913833618164,2.395552396774292,0.09787428379058838,0.24615304172039032,0.3632222450384709,0.3632222450384709,0.09671629411451388,10,0,2185,8,1.3992247510690599,10,17,0.19988135414099223,0.19988925015272282,0.19990311923129894,0.24524199962615967,0.009494674392044544,0.03871553162393869,0.012543174393762943,-0.00022159907849904695,-0.022159907849904695,0.1720997839994693,0,0,False,NOT_AVAILABLE_BOOLEAN_COSTMAP_VETO,1790648344405666890,1790648344405666890,31.794264,1.4229250373318791,822
823,8.229999999999869,1790648344483142200,22.576913833618164,2.395552396774292,0.09787428379058838,0.24615304172039032,22.579362869262695,2.3957929611206055,0.09799577295780182,0.24587929248809814,0.36346014821428174,0.36346014821428174,0.09682986003893035,10,0,2185,8,1.3992247510690599,10,17,0.19988135414099223,0.19988925015272282,0.19990311923129894,0.24471376836299896,0.009537535719573498,0.03897425054329549,0.012626986047738218,8.381165397527458e-05,0.008381165397527458,0.17181031771100236,0,0,False,NOT_AVAILABLE_BOOLEAN_COSTMAP_VETO,1790648344483142200,1790648344483142200,31.92982,1.3847480295225978,823
824,8.239999999999869,1790648344560618757,22.579362869262695,2.3957929611206055,0.09799577295780182,0.24587929248809814,22.58180809020996,2.396033525466919,0.0981171652674675,0.24558323621749878,0.36369805553499696,0.36369805553499696,0.09694331008740775,10,0,2185,8,1.3992247510690599,10,17,0.19988135414099223,0.19988925015272282,0.19990311923129894,0.24432271718978882,0.009693671949207783,0.0396756882074039,0.012854214961482655,0.0002272289137444372,0.02272289137444372,0.17152089318541747,0,0,False,NOT_AVAILABLE_BOOLEAN_COSTMAP_VETO,1790648344560618757,1790648344560618757,31.807737,1.435662037692964,824
825,8.249999999999869,1790648344638139571,22.58180809020996,2.396033525466919,0.09811716526746751,0.24558323621749878,22.584251403808594,2.3962740898132324,0.09823837131261826,0.24530363082885742,0.36393596492816427,0.36393596492816427,0.09705654882571224,10,0,2185,8,1.3992247510690599,10,17,0.19988135414099223,0.19988925015272282,0.19990311923129894,0.24411319196224213,0.009905757382512093,0.04057854187595176,0.013146690110694095,0.00029247514921144045,0.029247514921144045,0.17123154639986699,0,0,False,NOT_AVAILABLE_BOOLEAN_COSTMAP_VETO,1790648344638139571,1790648344638139571,34.680501,2.3441390367224813,825
826,8.259999999999868,1790648344720224660,22.584251403808594,2.3962740898132324,0.09823837131261827,0.24530363082885742,22.58669090270996,2.396514654159546,0.09835948795080185,0.24505986273288727,0.3641738784662358,0.3641738784662358,0.09716967936485243,10,0,2185,8,1.3992247510690599,10,17,0.19988135414099223,0.19988925015272282,0.19990311923129894,0.24402202665805817,0.010065718553960323,0.04124922119454879,0.013363952030904607,0.0002172619202105118,0.02172619202105118,0.17094223836285377,0,0,False,NOT_AVAILABLE_BOOLEAN_COSTMAP_VETO,1790648344720224660,1790648344720224660,34.792952,1.4195649418979883,826
827,8.269999999999868,1790648344800768259,22.58669090270996,2.396514654159546,0.09835948795080185,0.24505986273288727,22.589128494262695,2.3967552185058594,0.0984804630279541,0.24485793709754944,0.36441179407675967,0.36441179407675967,0.09728264341439719,10,0,2185,8,1.3992247510690599,10,17,0.19988135414099223,0.19988925015272282,0.19990311923129894,0.2439982146024704,0.010126017965376377,0.041500377295276544,0.013445311986648847,8.135995574424029e-05,0.00813599557442403,0.17065299005672124,0,0,False,NOT_AVAILABLE_BOOLEAN_COSTMAP_VETO,1790648344800768259,1790648344800768259,34.650355,1.4672790421172976,827
828,8.279999999999868,1790648344881073610,22.589128494262695,2.3967552185058594,0.0984804630279541,0.24485793709754944,22.591564178466797,2.396996021270752,0.09860137104988098,0.24469101428985596,0.36464995017817375,0.36464995017817375,0.09739551552955872,10,0,2185,8,1.3992247510690599,10,17,0.19988135414099223,0.19988925015272282,0.19990311923129894,0.24398033320903778,0.010087767615914345,0.041346642506924255,0.013395510885859031,-4.980110078981609e-05,-0.004980110078981609,0.17036353307312097,0,0,False,NOT_AVAILABLE_BOOLEAN_COSTMAP_VETO,1790648344881073610,1790648344881073610,34.474447,1.4041089452803135,828
829,8.289999999999868,1790648344961347601,22.591564178466797,2.396996021270752,0.09860137104988098,0.24469101428985596,22.593997955322266,2.3972368240356445,0.0987221822142601,0.24455246329307556,0.3648881083520397,0.3648881083520397,0.09750826592655892,10,0,2185,8,1.3992247510690599,10,17,0.19988135414099223,0.19988925015272282,0.19990311923129894,0.24396252632141113,0.010008924640715122,0.041026483827802114,0.013291797942521144,-0.00010371294333788757,-0.010371294333788757,0.17007411781839926,0,0,False,NOT_AVAILABLE_BOOLEAN_COSTMAP_VETO,1790648344961347601,1790648344961347601,34.837818,1.363947056233883,829
830,8.299999999999867,1790648345042076454,22.593997955322266,2.3972368240356445,0.09872218221426012,0.24455246329307556,22.596431732177734,2.3974781036376953,0.09884294867515564,0.24444060027599335,0.36512674336278284,0.36512674336278284,0.09762094047700565,10,0,2185,8,1.3992247510690599,10,17,0.19988135414099223,0.19988925015272282,0.19990311923129894,0.2439643293619156,0.009894048795104027,0.040555309134666276,0.01313916400270115,-0.00015263393981999364,-0.015263393981999364,0.16978424646530427,0,0,False,NOT_AVAILABLE_BOOLEAN_COSTMAP_VETO,1790648345042076454,1790648345042076454,34.569041,1.3565239496529102,830
831,8.309999999999867,1790648345122013634,22.596431732177734,2.3974781036376953,0.09884294867515563,0.24444060027599335,22.59886360168457,2.397719383239746,0.0989636555314064,0.24435949325561523,0.3653653804459779,0.3653653804459779,0.09773353064308088,10,0,2185,8,1.3992247510690599,10,17,0.19988135414099223,0.19988925015272282,0.19990311923129894,0.244014173746109,0.009730024263262749,0.03987483232587386,0.012918726941725852,-0.00022043706097529814,-0.022043706097529814,0.16949440184378933,0,0,False,NOT_AVAILABLE_BOOLEAN_COSTMAP_VETO,1790648345122013634,1790648345122013634,34.996607,2.261993009597063,831
832,8.319999999999867,1790648345203552337,22.59886360168457,2.397719383239746,0.0989636555314064,0.24435949325561523,22.601295471191406,2.397960901260376,0.09908434003591537,0.24431297183036804,0.36560425594761126,0.36560425594761126,0.09784606731574508,10,0,2185,8,1.3992247510690599,10,17,0.19988135414099223,0.19988925015272282,0.19990311923129894,0.24411489069461823,0.009529724717140198,0.03903786733379428,0.012647594596300648,-0.0002711323454252044,-0.027113234542520438,0.1692043305449064,0,0,False,NOT_AVAILABLE_BOOLEAN_COSTMAP_VETO,1790648345203552337,1790648345203552337,34.695414,1.4795999741181731,832
833,8.329999999999867,1790648345284447947,22.601295471191406,2.397960901260376,0.09908434003591537,0.24431297183036804,22.603727340698242,2.398202657699585,0.09920500218868256,0.24430136382579803,0.3658433698676826,0.3658433698676826,0.09795855047127588,10,0,2185,8,1.3992247510690599,10,17,0.19988135414099223,0.19988925015272282,0.19990311923129894,0.24425190687179565,0.009358937852084637,0.03831674426598033,0.012413987408401689,-0.0002336071878989588,-0.02336071878989588,0.16891403256783483,0,0,False,NOT_AVAILABLE_BOOLEAN_COSTMAP_VETO,1790648345284447947,1790648345284447947,34.466382,1.374604064039886,833
834,8.339999999999867,1790648345364426409,22.603727340698242,2.398202657699585,0.09920500218868256,0.24430136382579803,22.606159210205078,2.398444890975952,0.09932566434144974,0.24430695176124573,0.36608296062463136,0.36608296062463136,0.09807100240617839,10,0,2185,8,1.3992247510690599,10,17,0.19988135414099223,0.19988925015272282,0.19990311923129894,0.24441872537136078,0.009192731231451035,0.03761058493977472,0.012185226398240939,-0.00022876101016074991,-0.02287610101607499,0.1686232605019901,0,0,False,NOT_AVAILABLE_BOOLEAN_COSTMAP_VETO,1790648345364426409,1790648345364426409,34.52168,1.3402350014075637,834
835,8.349999999999866,1790648345444351364,22.606159210205078,2.398444890975952,0.09932566434144974,0.24430695176124573,22.608591079711914,2.3986873626708984,0.09944633394479752,0.24432164430618286,0.36632278980001803,0.36632278980001803,0.09818343064185653,10,0,2185,8,1.3992247510690599,10,17,0.19988135414099223,0.19988925015272282,0.19990311923129894,0.2446158230304718,0.00903539638966322,0.03693708885110707,0.011967045487461997,-0.00021818091077894196,-0.021818091077894196,0.16833224976976585,0,0,False,NOT_AVAILABLE_BOOLEAN_COSTMAP_VETO,1790648345444351364,1790648345444351364,34.760184,1.3993729371577501,835
836,8.359999999999866,1790648345524699245,22.608591079711914,2.3986873626708984,0.09944633394479752,0.24432164430618286,22.61102294921875,2.398930072784424,0.09956701099872589,0.2443455457687378,0.36656285739384337,0.36656285739384337,0.09829583506004358,10,0,2185,8,1.3992247510690599,10,17,0.19988135414099223,0.19988925015272282,0.19990311923129894,0.24482445418834686,0.008869031444191933,0.03622608482308252,0.011736712540617355,-0.00023033294684464238,-0.023033294684464238,0.16804100037237885,0,0,False,NOT_AVAILABLE_BOOLEAN_COSTMAP_VETO,1790648345524699245,1790648345524699245,34.51608,1.3706680620089173,836
837,8.369999999999866,1790648345604515653,22.61102294921875,2.398930072784424,0.09956701099872589,0.2443455457687378,22.613454818725586,2.3991730213165283,0.09968771040439606,0.2443787306547165,0.3668031634061071,0.3668031634061071,0.09840823056969361,10,0,2185,8,1.3992247510690599,10,17,0.19988135414099223,0.19988925015272282,0.19990311923129894,0.24504345655441284,0.0086749866604805,0.03540182946511034,0.011469689759867842,-0.00026702278074951236,-0.026702278074951236,0.16774950631793945,0,0,False,NOT_AVAILABLE_BOOLEAN_COSTMAP_VETO,1790648345604515653,1790648345604515653,34.611795,1.4789269771426916,837
838,8.379999999999866,1790648345684866830,22.613454818725586,2.3991730213165283,0.09968771040439606,0.2443787306547165,22.615886688232422,2.399416446685791,0.09980841726064682,0.24442097544670105,0.3670439462552471,0.3670439462552471,0.09852060211794811,10,0,2185,8,1.3992247510690599,10,17,0.19988135414099223,0.19988925015272282,0.19990311923129894,0.24526719748973846,0.008454445749521255,0.03447034840390743,0.011167928561900256,-0.0003017611979675861,-0.03017611979675861,0.16745753518287126,0,0,False,NOT_AVAILABLE_BOOLEAN_COSTMAP_VETO,1790648345684866830,1790648345684866830,34.707157,1.430350006558001,838
839,8.389999999999866,1790648345764909101,22.615886688232422,2.399416446685791,0.09980841726064682,0.24442097544670105,22.618318557739258,2.399660110473633,0.09992915391921997,0.24447199702262878,0.3672849675228256,0.3672849675228256,0.09863297228829904,10,0,2185,8,1.3992247510690599,10,17,0.19988135414099223,0.19988925015272282,0.19990311923129894,0.2454938441514969,0.008219486102461815,0.03348143466029022,0.010847559334121858,-0.00032036922777839774,-0.032036922777839774,0.16716531639833326,0,0,False,NOT_AVAILABLE_BOOLEAN_COSTMAP_VETO,1790648345764909101,1790648345764909101,34.722198,1.3806199422106147,839
840,8.399999999999865,1790648345845591841,22.618318557739258,2.399660110473633,0.09992915391921997,0.24447199702262878,22.620750427246094,2.399904251098633,0.10004991292953491,0.2445310354232788,0.36752646562728086,0.36752646562728086,0.09874533347894765,10,0,2185,8,1.3992247510690599,10,17,0.19988135414099223,0.19988925015272282,0.19990311923129894,0.24571353197097778,0.007983969524502754,0.03249299890185036,0.010527342729566121,-0.00032021660455573697,-0.0320216604555737,0.166872614544536,0,0,False,NOT_AVAILABLE_BOOLEAN_COSTMAP_VETO,1790648345845591841,1790648345845591841,34.640435,1.4409100404009223,840
841,8.409999999999865,1790648345925557181,22.620750427246094,2.399904251098633,0.10004991292953491,0.2445310354232788,22.623184204101562,2.400148630142212,0.10017070919275284,0.24459673464298248,0.3677682000777223,0.3677682000777223,0.09885769396704713,10,0,2185,8,1.3992247510690599,10,17,0.19988135414099223,0.19988925015272282,0.19990311923129894,0.24591276049613953,0.007743305526673794,0.03148801839746479,0.010201764026483102,-0.00032557870308301887,-0.03255787030830189,0.1665796620505559,0,0,False,NOT_AVAILABLE_BOOLEAN_COSTMAP_VETO,1790648345925557181,1790648345925557181,34.403468,1.391981029883027,841
842,8.419999999999865,1790648346005332788,22.623184204101562,2.400148630142212,0.10017070919275284,0.24459673464298248,22.62561798095703,2.400393486022949,0.10029152780771255,0.2446678727865219,0.3680104113650409,0.3680104113650409,0.09897004537891307,10,0,2185,8,1.3992247510690599,10,17,0.19988135414099223,0.19988925015272282,0.19990311923129894,0.2460927963256836,0.00749785453081131,0.0304675904486392,0.009871178676424525,-0.00033058535005857717,-0.03305853500585772,0.16628622649247687,0,0,False,NOT_AVAILABLE_BOOLEAN_COSTMAP_VETO,1790648346005332788,1790648346005332788,34.641236,1.402285066433251,842
843,8.429999999999865,1790648346085062505,22.62561798095703,2.400393486022949,0.10029152780771255,0.2446678727865219,22.628053665161133,2.4006385803222656,0.10041239857673645,0.24474303424358368,0.3682528589983452,0.3682528589983452,0.09908241071327817,10,0,2185,8,1.3992247510690599,10,17,0.19988135414099223,0.19988925015272282,0.19990311923129894,0.24624860286712646,0.007252099923789501,0.02945031906517118,0.009541613802782421,-0.00032956487364210404,-0.032956487364210404,0.16599253430899735,0,0,False,NOT_AVAILABLE_BOOLEAN_COSTMAP_VETO,1790648346085062505,1790648346085062505,34.675349,1.4922720147296786,843
844,8.439999999999864,1790648346165526390,22.628053665161133,2.4006385803222656,0.10041239857673645,0.24474303424358368,22.630489349365234,2.4008841514587402,0.10053329169750214,0.24482044577598572,0.3684957834685264,0.3684957834685264,0.09919476693912221,10,0,2185,8,1.3992247510690599,10,17,0.19988135414099223,0.19988925015272282,0.19990311923129894,0.24637094140052795,0.00700517138466239,0.028433431900858817,0.009212171332820138,-0.0003294424699622836,-0.03294424699622836,0.165698359067268,0,0,False,NOT_AVAILABLE_BOOLEAN_COSTMAP_VETO,1790648346165526390,1790648346165526390,34.482191,1.3886529486626387,844
845,8.449999999999864,1790648346245725530,22.630489349365234,2.4008841514587402,0.10053329169750214,0.24482044577598572,22.632925033569336,2.401129961013794,0.100654236972332,0.24489840865135193,0.36873894635714677,0.36873894635714677,0.0993071438356572,10,0,2185,8,1.3992247510690599,10,17,0.19988135414099223,0.19988925015272282,0.19990311923129894,0.24646013975143433,0.0067594461143016815,0.027426123027921977,0.00888582998461433,-0.00032634134820580703,-0.0326341348205807,0.1654039272073528,0,0,False,NOT_AVAILABLE_BOOLEAN_COSTMAP_VETO,1790648346245725530,1790648346245725530,34.440013,1.4105410082265735,845
846,8.459999999999864,1790648346325816827,22.632925033569336,2.401129961013794,0.100654236972332,0.24489840865135193,22.63536262512207,2.401376247406006,0.10077520459890366,0.24497511982917786,0.36898258401019063,0.36898258401019063,0.09941950465637062,10,0,2185,8,1.3992247510690599,10,17,0.19988135414099223,0.19988925015272282,0.19990311923129894,0.2465115487575531,0.006527661345899105,0.026480144150646402,0.008579356203098265,-0.0003064737815160652,-0.030647378151606522,0.165109012295044,0,0,False,NOT_AVAILABLE_BOOLEAN_COSTMAP_VETO,1790648346325816827,1790648346325816827,18.168869,1.446414040401578,846
847,8.469999999999864,1790648346389095266,22.63536262512207,2.401376247406006,0.10077520459890366,0.24497511982917786,22.637800216674805,2.401622772216797,0.10089622437953949,0.2450491040945053,0.36922646008167315,0.36922646008167315,0.09953188598460017,10,0,2185,8,1.3992247510690599,10,17,0.19988135414099223,0.19988925015272282,0.19990311923129894,0.24653112888336182,0.006313840858638287,0.0256107246465637,0.00829768434405613,-0.000281671859042135,-0.0281671859042135,0.16481384077177424,0,0,False,NOT_AVAILABLE_BOOLEAN_COSTMAP_VETO,1790648346389095266,1790648346389095266,34.500239,2.299178042449057,847
848,8.479999999999864,1790648346469626673,22.637800216674805,2.401622772216797,0.10089622437953949,0.2450491040945053,22.64023780822754,2.401869773864746,0.10101726651191711,0.2451193779706955,0.3694708129900327,0.3694708129900327,0.09964425799413323,10,0,2185,8,1.3992247510690599,10,17,0.19988135414099223,0.19988925015272282,0.19990311923129894,0.24652691185474396,0.006125932559370995,0.02484894047989557,0.00805088276705614,-0.0002468015769999908,-0.02468015769999908,0.16451818620197461,0,0,False,NOT_AVAILABLE_BOOLEAN_COSTMAP_VETO,1790648346469626673,1790648346469626673,38.140451,1.4259649906307459,848
849,8.489999999999863,1790648346551684689,22.64023780822754,2.401869773864746,0.10101726651191711,0.2451193779706955,22.642677307128906,2.4021170139312744,0.10113835334777832,0.24518530070781708,0.36971540224437827,0.36971540224437827,0.09975663628199616,10,0,2185,8,1.3992247510690599,10,17,0.19988135414099223,0.19988925015272282,0.19990311923129894,0.24650582671165466,0.005956904962658882,0.02416537183774911,0.007829420490805341,-0.00022146227625079867,-0.022146227625079867,0.16422227802295425,0,0,False,NOT_AVAILABLE_BOOLEAN_COSTMAP_VETO,1790648346551684689,1790648346551684689,34.580594,2.1696060430258512,849
850,8.499999999999863,1790648346630971160,22.642677307128906,2.4021170139312744,0.10113835334777832,0.24518530070781708,22.645116806030273,2.402364730834961,0.10125946253538132,0.2452464997768402,0.3699604683356007,0.3699604683356007,0.0998690051543667,10,0,2185,8,1.3992247510690599,10,17,0.19988135414099223,0.19988925015272282,0.19990311923129894,0.24647246301174164,0.005796440411359072,0.023517598438909326,0.007619554433076188,-0.00020986605772915258,-0.020986605772915258,0.16392588680293202,0,0,False,NOT_AVAILABLE_BOOLEAN_COSTMAP_VETO,1790648346630971160,1790648346630971160,34.471694,1.4491340843960643,850
851,8.509999999999863,1790648346711225086,22.645116806030273,2.402364730834961,0.10125946253538133,0.2452464997768402,22.64755630493164,2.4026126861572266,0.1013806089758873,0.24530291557312012,0.37020577284526096,0.37020577284526096,0.09998137935420548,10,0,2185,8,1.3992247510690599,10,17,0.19988135414099223,0.19988925015272282,0.19990311923129894,0.2464328110218048,0.005636733025312424,0.022873305717450408,0.00741081538169052,-0.0002087390513856686,-0.02087390513856686,0.16362924497441184,0,0,False,NOT_AVAILABLE_BOOLEAN_COSTMAP_VETO,1790648346711225086,1790648346711225086,34.66738,2.2764249006286263,851
852,8.519999999999863,1790648346792665545,22.64755630493164,2.4026126861572266,0.1013806089758873,0.24530291557312012,22.64999771118164,2.4028611183166504,0.10150177776813507,0.2453545778989792,0.37045155211934644,0.37045155211934644,0.10009373728523574,10,0,2185,8,1.3992247510690599,10,17,0.19988135414099223,0.19988925015272282,0.19990311923129894,0.2463895082473755,0.0054730805568397045,0.022213123423034404,0.007196927729687244,-0.00021388765200327543,-0.021388765200327543,0.1633321201100834,0,0,False,NOT_AVAILABLE_BOOLEAN_COSTMAP_VETO,1790648346792665545,1790648346792665545,34.577585,1.4442699030041695,852
853,8.529999999999863,1790648346872849517,22.64999771118164,2.4028611183166504,0.10150177776813507,0.2453545778989792,22.65243911743164,2.4031097888946533,0.10162297636270523,0.24540157616138458,0.3706970547069777,0.3706970547069777,0.10020511590469017,10,0,2185,8,1.3992247510690599,10,17,0.19988135414099223,0.19988925015272282,0.19990311923129894,0.24634307622909546,0.005301069933921099,0.021519053894541697,0.0069720604898805185,-0.00022486723980672581,-0.02248672398067258,0.1630347476369593,0,0,False,NOT_AVAILABLE_BOOLEAN_COSTMAP_VETO,1790648346872849517,1790648346872849517,34.676213,1.3953399611636996,853
854,8.539999999999862,1790648346953226871,22.65243911743164,2.4031097888946533,0.10162297636270523,0.24540157616138458,22.65488052368164,2.4033589363098145,0.10174418985843658,0.24544405937194824,0.3709417754640908,0.3709417754640908,0.10031745054543961,10,0,2185,8,1.3992247510690599,10,17,0.19988135414099223,0.19988925015272282,0.19990311923129894,0.2462950050830841,0.005121269728988409,0.020793234224383974,0.006736905966665407,-0.00023515452321511143,-0.023515452321511143,0.16273689512653283,0,0,False,NOT_AVAILABLE_BOOLEAN_COSTMAP_VETO,1790648346953226871,1790648346953226871,34.672821,1.4498709933832288,854
855,8.549999999999862,1790648347033624066,22.65488052368164,2.4033589363098145,0.10174418985843658,0.24544405937194824,22.65732192993164,2.4036083221435547,0.10186543315649033,0.24548231065273285,0.3711867346393906,0.3711867346393906,0.10042978312199091,10,0,2185,8,1.3992247510690599,10,17,0.19988135414099223,0.19988925015272282,0.19990311923129894,0.2462484985589981,0.004933370742946863,0.020034115017212535,0.006490962103694261,-0.00024594386297114613,-0.024594386297114613,0.16243879501216812,0,0,False,NOT_AVAILABLE_BOOLEAN_COSTMAP_VETO,1790648347033624066,1790648347033624066,34.442061,1.3854199787601829,855
856,8.559999999999862,1790648347113860679,22.65732192993164,2.4036083221435547,0.10186543315649034,0.24548231065273285,22.65976333618164,2.403858184814453,0.10198668390512466,0.2455168217420578,0.3714321706510652,0.3714321706510652,0.10054209124986135,10,0,2185,8,1.3992247510690599,10,17,0.19988135414099223,0.19988925015272282,0.19990311923129894,0.24620819091796875,0.00474448362365365,0.019270210328763634,0.006243467019974007,-0.0002474950837202542,-0.024749508372025417,0.16214021785798377,0,0,False,NOT_AVAILABLE_BOOLEAN_COSTMAP_VETO,1790648347113860679,1790648347113860679,34.4179,1.4814549358561635,856
857,8.569999999999862,1790648347194101389,22.65976333618164,2.403858184814453,0.10198668390512466,0.2455168217420578,22.662206649780273,2.4041082859039307,0.1021079570055008,0.24554818868637085,0.3716778416229202,0.3716778416229202,0.10065438283950945,10,0,2185,8,1.3992247510690599,10,17,0.19988135414099223,0.19988925015272282,0.19990311923129894,0.2461763620376587,0.00456245755776763,0.018533288574106438,0.006004713327156488,-0.00023875369281751904,-0.023875369281751904,0.16184139609751663,0,0,False,NOT_AVAILABLE_BOOLEAN_COSTMAP_VETO,1790648347194101389,1790648347194101389,34.535664,1.4106370508670807,857
858,8.579999999999862,1790648347274062025,22.662206649780273,2.4041082859039307,0.1021079570055008,0.24554818868637085,22.664649963378906,2.4043588638305664,0.10222924500703812,0.2455860823392868,0.37192398943114974,0.37192398943114974,0.10076665742011182,10,0,2185,8,1.3992247510690599,10,17,0.19988135414099223,0.19988925015272282,0.19990311923129894,0.2463451623916626,0.00460160244256258,0.01867949180689216,0.006052081453096191,4.7368125939703e-05,0.0047368125939703,0.16154209430741345,0,0,False,NOT_AVAILABLE_BOOLEAN_COSTMAP_VETO,1790648347274062025,1790648347274062025,38.02944,1.3791159726679325,858
859,8.589999999999861,1790648347357829951,22.664649963378906,2.4043588638305664,0.10222924500703812,0.2455860823392868,22.66709327697754,2.4046096801757812,0.10235055536031723,0.24562974274158478,0.372170375657567,0.372170375657567,0.10087892246213626,10,0,2185,8,1.3992247510690599,10,17,0.19988135414099223,0.19988925015272282,0.19990311923129894,0.24650439620018005,0.004688947461545467,0.019021759992214057,0.006162972208489874,0.00011089075539368314,0.011089075539368314,0.1612425479152068,0,0,False,NOT_AVAILABLE_BOOLEAN_COSTMAP_VETO,1790648347357829951,1790648347357829951,34.461198,1.441710046492517,859
860,8.599999999999861,1790648347438294924,22.66709327697754,2.4046096801757812,0.10235055536031723,0.24562974274158478,22.669536590576172,2.4048609733581543,0.10247188061475754,0.24567966163158417,0.37241723872035803,0.37241723872035803,0.10099117052414686,10,0,2185,8,1.3992247510690599,10,17,0.19988135414099223,0.19988925015272282,0.19990311923129894,0.24667954444885254,0.004835956729948521,0.019604206505056305,0.006351677489309703,0.00018870528081982915,0.018870528081982915,0.1609425214972024,0,0,False,NOT_AVAILABLE_BOOLEAN_COSTMAP_VETO,1790648347438294924,1790648347438294924,34.59253,1.3246180023998022,860
861,8.60999999999986,1790648347518057538,22.669536590576172,2.4048609733581543,0.10247188061475754,0.24567966163158417,22.671979904174805,2.4051125049591064,0.10259324312210083,0.24573521316051483,0.37266434020133693,0.37266434020133693,0.10110342397131777,10,0,2185,8,1.3992247510690599,10,17,0.19988135414099223,0.19988925015272282,0.19990311923129894,0.24684786796569824,0.0049713896587491035,0.020139487935297556,0.006525101483154072,0.0001734239938443686,0.01734239938443686,0.16064224449637948,0,0,False,NOT_AVAILABLE_BOOLEAN_COSTMAP_VETO,1790648347518057538,1790648347518057538,34.428141,1.3714679516851902,861
862,8.61999999999986,1790648347597656627,22.671979904174805,2.4051125049591064,0.10259324312210083,0.24573521316051483,22.67442512512207,2.405364513397217,0.10271462798118591,0.2457963526248932,0.3729119150606835,0.3729119150606835,0.10121566077990174,10,0,2185,8,1.3992247510690599,10,17,0.19988135414099223,0.19988925015272282,0.19990311923129894,0.24702101945877075,0.005080362781882286,0.020566520181211658,0.006663453914249039,0.00013835243109496746,0.013835243109496746,0.1603414844820092,0,0,False,NOT_AVAILABLE_BOOLEAN_COSTMAP_VETO,1790648347597656627,1790648347597656627,34.490927,1.3749559875577688,862
863,8.62999999999986,1790648347677521389,22.67442512512207,2.405364513397217,0.10271462798118591,0.2457963526248932,22.676870346069336,2.4056167602539062,0.10283605009317398,0.24586279690265656,0.3731597283382174,0.3731597283382174,0.10132790295526162,10,0,2185,8,1.3992247510690599,10,17,0.19988135414099223,0.19988925015272282,0.19990311923129894,0.24719372391700745,0.0051539079286158085,0.020849671451796954,0.006755190796194064,9.173688194502507e-05,0.009173688194502507,0.16004047389072812,0,0,False,NOT_AVAILABLE_BOOLEAN_COSTMAP_VETO,1790648347677521389,1790648347677521389,34.627699,1.4433100586757064,863
864,8.63999999999986,1790648347757404327,22.676870346069336,2.4056167602539062,0.10283605009317397,0.24586279690265656,22.6793155670166,2.405869483947754,0.10295749455690384,0.24593405425548553,0.3734080184521255,0.3734080184521255,0.10144013559216569,10,0,2185,8,1.3992247510690599,10,17,0.19988135414099223,0.19988925015272282,0.19990311923129894,0.2473614513874054,0.0051958560943603516,0.021005116461023897,0.0068055526637936445,5.0361867599580355e-05,0.0050361867599580355,0.1597389802911217,0,0,False,NOT_AVAILABLE_BOOLEAN_COSTMAP_VETO,1790648347757404327,1790648347757404327,34.672149,1.3914679875597358,864
865,8.64999999999986,1790648347837363524,22.6793155670166,2.405869483947754,0.10295749455690384,0.24593405425548553,22.6817626953125,2.4061224460601807,0.10307899117469788,0.2460094541311264,0.3736565435262145,0.3736565435262145,0.10155238130901445,10,0,2185,8,1.3992247510690599,10,17,0.19988135414099223,0.19988925015272282,0.19990311923129894,0.2475198656320572,0.005220070481300354,0.0210895011112364,0.006832892019092328,2.7339355298683192e-05,0.002733935529868319,0.15943723013699634,0,0,False,NOT_AVAILABLE_BOOLEAN_COSTMAP_VETO,1790648347837363524,1790648347837363524,34.531633,1.3778690481558442,865
866,8.65999999999986,1790648347917226109,22.6817626953125,2.4061224460601807,0.10307899117469788,0.2460094541311264,22.6842098236084,2.4063758850097656,0.1032005101442337,0.24608837068080902,0.37390554543667803,0.37390554543667803,0.10166461748224975,10,0,2185,8,1.3992247510690599,10,17,0.19988135414099223,0.19988925015272282,0.19990311923129894,0.24766910076141357,0.005237762350589037,0.02114822694670627,0.006851918298974145,1.9026279881817487e-05,0.0019026279881817487,0.15913499698046268,0,0,False,NOT_AVAILABLE_BOOLEAN_COSTMAP_VETO,1790648347917226109,1790648347917226109,34.508559,1.4958559768274426,866
867,8.66999999999986,1790648347997404161,22.6842098236084,2.4063758850097656,0.1032005101442337,0.24608837068080902,22.68665885925293,2.4066295623779297,0.10332208126783371,0.24617020785808563,0.37415478230732185,0.37415478230732185,0.10177686665429997,10,0,2185,8,1.3992247510690599,10,17,0.19988135414099223,0.19988925015272282,0.19990311923129894,0.2478094846010208,0.005254436284303665,0.021203531788799097,0.006869836224359197,1.791792538505168e-05,0.001791792538505168,0.1588325072767091,0,0,False,NOT_AVAILABLE_BOOLEAN_COSTMAP_VETO,1790648347997404161,1790648347997404161,34.691189,1.4197890413925052,867
868,8.67999999999986,1790648348077584196,22.68665885925293,2.4066295623779297,0.10332208126783371,0.24617020785808563,22.68910789489746,2.406883716583252,0.1034436821937561,0.24625444412231445,0.3744044960143405,0.3744044960143405,0.10188911370179543,10,0,2185,8,1.3992247510690599,10,17,0.19988135414099223,0.19988925015272282,0.19990311923129894,0.24794168770313263,0.005271495785564184,0.0212610305043817,0.006888464926618885,1.862870225968847e-05,0.001862870225968847,0.1585295315852286,0,0,False,NOT_AVAILABLE_BOOLEAN_COSTMAP_VETO,1790648348077584196,1790648348077584196,34.489327,1.3580269878730178,868
869,8.68999999999986,1790648348157464222,22.68910789489746,2.406883716583252,0.1034436821937561,0.24625444412231445,22.691556930541992,2.4071381092071533,0.10356533527374268,0.2463405579328537,0.3746544481395461,0.3746544481395461,0.1020013810078435,10,0,2185,8,1.3992247510690599,10,17,0.19988135414099223,0.19988925015272282,0.19990311923129894,0.24806544184684753,0.005288283806294203,0.021318099639042517,0.0069069544465188044,1.8489519899919128e-05,0.0018489519899919128,0.15822629935418203,0,0,False,NOT_AVAILABLE_BOOLEAN_COSTMAP_VETO,1790648348157464222,1790648348157464222,34.46107,1.3995330082252622,869
870,8.699999999999859,1790648348237321783,22.691556930541992,2.4071381092071533,0.10356533527374268,0.2463405579328537,22.694007873535156,2.407392978668213,0.10368701815605164,0.2464279979467392,0.37490487364311975,0.37490487364311975,0.1021136388504873,10,0,2185,8,1.3992247510690599,10,17,0.19988135414099223,0.19988925015272282,0.19990311923129894,0.24817952513694763,0.005302705802023411,0.021366411266591518,0.006922606665422334,1.565221890352953e-05,0.0015652218903529531,0.15792258114203078,0,0,False,NOT_AVAILABLE_BOOLEAN_COSTMAP_VETO,1790648348237321783,1790648348237321783,34.472558,1.5537460567429662,870
871,8.709999999999859,1790648348317300085,22.694007873535156,2.407392978668213,0.10368701815605164,0.2464279979467392,22.69645881652832,2.4076480865478516,0.10380876064300537,0.246516153216362,0.3751555375648809,0.3751555375648809,0.10222592438868316,10,0,2185,8,1.3992247510690599,10,17,0.19988135414099223,0.19988925015272282,0.19990311923129894,0.24828188121318817,0.005313185043632984,0.021399809835784184,0.00693342728246234,1.0820617040005823e-05,0.0010820617040005823,0.1576186034072517,0,0,False,NOT_AVAILABLE_BOOLEAN_COSTMAP_VETO,1790648348317300085,1790648348317300085,34.59701,1.4373579761013389,871
872,8.719999999999859,1790648348397272818,22.69645881652832,2.4076480865478516,0.10380876064300537,0.246516153216362,22.698911666870117,2.4079036712646484,0.1039305329322815,0.2466043382883072,0.3754066748650094,0.3754066748650094,0.10233820042717534,10,0,2185,8,1.3992247510690599,10,17,0.19988135414099223,0.19988925015272282,0.19990311923129894,0.24837057292461395,0.005318233277648687,0.02141249349721833,0.006937536591099177,4.109308636836978e-06,0.0004109308636836978,0.1573141396983468,0,0,False,NOT_AVAILABLE_BOOLEAN_COSTMAP_VETO,1790648348397272818,1790648348397272818,35.067489,1.4544150326400995,872
873,8.729999999999858,1790648348477721406,22.698911666870117,2.4079036712646484,0.1039305329322815,0.2466043382883072,22.701364517211914,2.4081597328186035,0.10405236482620239,0.24669186770915985,0.375658289001513,0.375658289001513,0.10245050410281653,10,0,2185,8,1.3992247510690599,10,17,0.19988135414099223,0.19988925015272282,0.19990311923129894,0.2484450489282608,0.005316712893545628,0.02139995510669582,0.006933474347975071,-4.062243124105906e-06,-0.0004062243124105906,0.15700917805660203,0,0,False,NOT_AVAILABLE_BOOLEAN_COSTMAP_VETO,1790648348477721406,1790648348477721406,34.872443,1.3988279970362782,873
874,8.739999999999858,1790648348557874689,22.701364517211914,2.4081597328186035,0.10405236482620239,0.24669186770915985,22.703819274902344,2.408416271209717,0.10417421907186508,0.2467479109764099,0.375910376516384,0.375910376516384,0.102562790737871,10,0,2185,8,1.3992247510690599,10,17,0.19988135414099223,0.19988925015272282,0.19990311923129894,0.24787046015262604,0.006377835758030415,0.02573051970010169,0.00833649525656836,0.0014030209085932888,0.14030209085932888,0.15670373343792282,0,0,False,NOT_AVAILABLE_BOOLEAN_COSTMAP_VETO,1790648348557874689,1790648348557874689,65.901243,1.4117889804765582,874
875,8.749999999999858,1790648348669166599,22.703819274902344,2.408416271209717,0.10417421907186508,0.2467479109764099,22.706274032592773,2.408673048019409,0.10429610311985016,0.24677890539169312,0.3761627024494422,0.3761627024494422,0.10267507520330721,10,0,2185,8,1.3992247510690599,10,17,0.19988135414099223,0.19988925015272282,0.19990311923129894,0.24739965796470642,0.007346815429627895,0.029696142226178737,0.009621253195255008,0.0012847579386866485,0.12847579386866484,0.15639804127314266,0,0,False,NOT_AVAILABLE_BOOLEAN_COSTMAP_VETO,1790648348669166599,1790648348669166599,46.208614,1.513967989012599,875
876,8.759999999999858,1790648348763242503,22.706274032592773,2.408673048019409,0.10429610311985016,0.24677890539169312,22.708728790283203,2.4089300632476807,0.10441798716783524,0.24678228795528412,0.376415266800688,0.376415266800688,0.10278732772877985,10,0,2185,8,1.3992247510690599,10,17,0.19988135414099223,0.19988925015272282,0.19990311923129894,0.2468501627445221,0.008201144635677338,0.0332231688425708,0.01076389097941647,0.0011426377841614616,0.11426377841614616,0.15609211352450253,0,0,False,NOT_AVAILABLE_BOOLEAN_COSTMAP_VETO,1790648348763242503,1790648348763242503,46.21799,2.2887130035087466,876
877,8.769999999999857,1790648348858168194,22.708728790283203,2.4089300632476807,0.10441798716783525,0.24678228795528412,22.711183547973633,2.4091873168945312,0.10453984886407852,0.2466982752084732,0.3766680695701208,0.3766680695701208,0.10289952593965923,10,0,2185,8,1.3992247510690599,10,17,0.19988135414099223,0.19988925015272282,0.19990311923129894,0.2463405579328537,0.009188806638121605,0.03730123336258029,0.012085011246557179,0.0013211202671407091,0.1321120267140709,0.155785959161786,0,0,False,NOT_AVAILABLE_BOOLEAN_COSTMAP_VETO,1790648348858168194,1790648348858168194,43.987358,1.4408460119739175,877
878,8.779999999999857,1790648348950003482,22.711183547973633,2.4091873168945312,0.10453984886407852,0.2466982752084732,22.71363639831543,2.409444808959961,0.10466167330741882,0.2465471476316452,0.37692111421574753,0.37692111421574753,0.10301166252259009,10,0,2185,8,1.3992247510690599,10,17,0.19988135414099223,0.19988925015272282,0.19990311923129894,0.24590373039245605,0.010224599391222,0.041579683947469206,0.01347100268824471,0.0013859914416875316,0.13859914416875316,0.15547958416318436,0,0,False,NOT_AVAILABLE_BOOLEAN_COSTMAP_VETO,1790648348950003482,1790648348950003482,43.944893,1.4204289764165878,878
879,8.789999999999857,1790648349041929781,22.71363639831543,2.409444808959961,0.10466167330741882,0.2465471476316452,22.716087341308594,2.4097023010253906,0.10478338599205017,0.24636144936084747,0.377174162319381,0.377174162319381,0.10312366304137077,10,0,2185,8,1.3992247510690599,10,17,0.19988135414099223,0.19988925015272282,0.19990311923129894,0.2455708086490631,0.011243746615946293,0.04578616928372113,0.01483363077158945,0.0013626280833447402,0.13626280833447402,0.15517325683879263,0,0,False,NOT_AVAILABLE_BOOLEAN_COSTMAP_VETO,1790648349041929781,1790648349041929781,44.392619,1.4278530143201351,879
880,8.799999999999857,1790648349133776046,22.716087341308594,2.4097023010253906,0.10478338599205018,0.24636144936084747,22.718536376953125,2.4099600315093994,0.10490503907203674,0.24617266654968262,0.3774274522992086,0.3774274522992086,0.10323557973785658,10,0,2185,8,1.3992247510690599,10,17,0.19988135414099223,0.19988925015272282,0.19990311923129894,0.24536892771720886,0.012114861980080605,0.04937406742080706,0.01599583343772771,0.0011622026661382585,0.11622026661382584,0.1548667178388003,0,0,False,NOT_AVAILABLE_BOOLEAN_COSTMAP_VETO,1790648349133776046,1790648349133776046,46.227686,1.511537004262209,880
881,8.809999999999857,1790648349227483586,22.718536376953125,2.4099600315093994,0.10490503907203674,0.24617266654968262,22.720983505249023,2.410217761993408,0.10502657294273376,0.2460072934627533,0.37768074573704286,0.37768074573704286,0.1033473531136817,10,0,2185,8,1.3992247510690599,10,17,0.19988135414099223,0.19988925015272282,0.19990311923129894,0.2453031986951828,0.012750668451189995,0.05197921804123783,0.01683967469653455,0.000843841258806842,0.0843841258806842,0.15456022949029585,0,0,False,NOT_AVAILABLE_BOOLEAN_COSTMAP_VETO,1790648349227483586,1790648349227483586,43.891131,1.4754390576854348,881
882,8.819999999999856,1790648349318730312,22.720983505249023,2.410217761993408,0.10502657294273378,0.2460072934627533,22.72342872619629,2.410475730895996,0.1051480621099472,0.24589082598686218,0.37793428105107113,0.37793428105107113,0.103459057743712,10,0,2185,8,1.3992247510690599,10,17,0.19988135414099223,0.19988925015272282,0.19990311923129894,0.24539496004581451,0.013089080341160297,0.05333883115902871,0.01728006114502801,0.0004403864484934586,0.04403864484934586,0.1542535234789148,0,0,False,NOT_AVAILABLE_BOOLEAN_COSTMAP_VETO,1790648349318730312,1790648349318730312,43.949181,1.4581269351765513,882
883,8.829999999999856,1790648349410190260,22.72342872619629,2.410475730895996,0.10514806210994722,0.24589082598686218,22.725873947143555,2.410733938217163,0.10526949167251587,0.24583880603313446,0.3781880547832869,0.3781880547832869,0.10357067113467533,10,0,2185,8,1.3992247510690599,10,17,0.19988135414099223,0.19988925015272282,0.19990311923129894,0.24561730027198792,0.013214928098022938,0.05380292057354752,0.0174303808291111,0.0001503196840830917,0.015031968408309171,0.15394660577955682,0,0,False,NOT_AVAILABLE_BOOLEAN_COSTMAP_VETO,1790648349410190260,1790648349410190260,43.969245,1.43444596324116,883
884,8.839999999999856,1790648349501916425,22.725873947143555,2.410733938217163,0.10526949167251587,0.24583880603313446,22.72831916809082,2.410992383956909,0.10539091378450394,0.2458406537771225,0.3784420669336897,0.3784420669336897,0.10368224549154625,10,0,2185,8,1.3992247510690599,10,17,0.19988135414099223,0.19988925015272282,0.19990311923129894,0.24587781727313995,0.013199394568800926,0.053682738504783556,0.017391453641610825,-3.892718750027682e-05,-0.003892718750027682,0.15363945546947083,0,0,False,NOT_AVAILABLE_BOOLEAN_COSTMAP_VETO,1790648349501916425,1790648349501916425,44.012095,1.4603349845856428,884
885,8.849999999999856,1790648349593342260,22.72831916809082,2.410992383956909,0.10539091378450395,0.2458406537771225,22.730764389038086,2.4112510681152344,0.1055123433470726,0.2458518147468567,0.3786963175022795,0.3786963175022795,0.10379379569147407,10,0,2185,8,1.3992247510690599,10,17,0.19988135414099223,0.19988925015272282,0.19990311923129894,0.24607525765895844,0.013122154399752617,0.05332577734385195,0.01727583297138791,-0.00011562067022291567,-0.011562067022291567,0.153332066572253,0,0,False,NOT_AVAILABLE_BOOLEAN_COSTMAP_VETO,1790648349593342260,1790648349593342260,52.041344,2.244999981485307,885
886,8.859999999999856,1790648349694362578,22.730764389038086,2.4112510681152344,0.1055123433470726,0.2458518147468567,22.73320960998535,2.4115102291107178,0.10563377290964127,0.2458692044019699,0.3789510449072441,0.3789510449072441,0.10390531433502925,10,0,2185,8,1.3992247510690599,10,17,0.19988135414099223,0.19988925015272282,0.19990311923129894,0.24621766805648804,0.01309744082391262,0.05319456124857687,0.017233331612567567,-4.250135882034184e-05,-0.004250135882034184,0.1530242036586908,0,0,False,NOT_AVAILABLE_BOOLEAN_COSTMAP_VETO,1790648349694362578,1790648349694362578,44.009375,1.4512779889628291,886
887,8.869999999999855,1790648349786215915,22.73320960998535,2.4115102291107178,0.10563377290964127,0.2458692044019699,22.735654830932617,2.4117696285247803,0.10575521737337112,0.2458874136209488,0.37920601073039595,0.37920601073039595,0.10401681631809145,10,0,2185,8,1.3992247510690599,10,17,0.19988135414099223,0.19988925015272282,0.19990311923129894,0.24625229835510254,0.013170789927244186,0.053484942131388956,0.017327386927002898,9.405531443533108e-05,0.009405531443533108,0.15271609917217138,0,0,False,NOT_AVAILABLE_BOOLEAN_COSTMAP_VETO,1790648349786215915,1790648349786215915,44.106818,1.4278850285336375,887
888,8.879999999999855,1790648349877982209,22.735654830932617,2.4117696285247803,0.10575521737337112,0.2458874136209488,22.738100051879883,2.412029504776001,0.10587666928768158,0.24590285122394562,0.37946145338992243,0.37946145338992243,0.10412829420358882,10,0,2185,8,1.3992247510690599,10,17,0.19988135414099223,0.19988925015272282,0.19990311923129894,0.24621210992336273,0.013349190354347229,0.05421825254047158,0.017564907190177212,0.00023752026317431368,0.02375202631743137,0.15240751768365451,0,0,False,NOT_AVAILABLE_BOOLEAN_COSTMAP_VETO,1790648349877982209,1790648349877982209,44.189317,1.4088780153542757,888
889,8.889999999999855,1790648349969901148,22.738100051879883,2.412029504776001,0.10587666928768158,0.24590285122394562,22.74054527282715,2.4122893810272217,0.10599812865257263,0.24591128528118134,0.37971689604944864,0.37971689604944864,0.1042397479668482,10,0,2185,8,1.3992247510690599,10,17,0.19988135414099223,0.19988925015272282,0.19990311923129894,0.24608013033866882,0.013653280213475227,0.05548306640883537,0.017974577491526447,0.00040967030134923463,0.04096703013492346,0.15209893603153607,0,0,False,NOT_AVAILABLE_BOOLEAN_COSTMAP_VETO,1790648349969901148,1790648349969901148,44.260807,1.4142849249765277,889
890,8.899999999999855,1790648350061778837,22.74054527282715,2.4122893810272217,0.10599812865257263,0.24591128528118134,22.742990493774414,2.4125497341156006,0.10611958801746368,0.24590964615345,0.3799728155453494,0.3799728155453494,0.10435117020874074,10,0,2185,8,1.3992247510690599,10,17,0.19988135414099223,0.19988925015272282,0.19990311923129894,0.2459026724100113,0.014075878076255322,0.05724166369686944,0.018544173049326044,0.0005695955577995973,0.05695955577995973,0.1517898803673316,0,0,False,NOT_AVAILABLE_BOOLEAN_COSTMAP_VETO,1790648350061778837,1790648350061778837,44.033984,1.4757589669898152,890
891,8.909999999999854,1790648350153912727,22.742990493774414,2.4125497341156006,0.10611958801746368,0.24590964615345,22.74543571472168,2.4128103256225586,0.10624103248119354,0.24586470425128937,0.38022897345943757,0.38022897345943757,0.10446254608003702,10,0,2185,8,1.3992247510690599,10,17,0.19988135414099223,0.19988925015272282,0.19990311923129894,0.24567338824272156,0.014571201987564564,0.05931127539613057,0.01921448823811182,0.0006703151887857764,0.06703151887857764,0.15148059508486095,0,0,False,NOT_AVAILABLE_BOOLEAN_COSTMAP_VETO,1790648350153912727,1790648350153912727,44.014623,1.4183809980750084,891
892,8.919999999999854,1790648350245574314,22.74543571472168,2.4128103256225586,0.10624103248119354,0.24586470425128937,22.747880935668945,2.4130711555480957,0.10636245459318161,0.24578098952770233,0.3804853697917133,0.3804853697917133,0.10457386806694036,10,0,2185,8,1.3992247510690599,10,17,0.19988135414099223,0.19988925015272282,0.19990311923129894,0.2454245537519455,0.015058045275509357,0.06135508874441619,0.019876430795733882,0.0006619425576220618,0.06619425576220618,0.1511710831708914,0,0,False,NOT_AVAILABLE_BOOLEAN_COSTMAP_VETO,1790648350245574314,1790648350245574314,44.200838,2.226726966910064,892
893,8.929999999999854,1790648350338759597,22.747880935668945,2.4130711555480957,0.10636245459318161,0.24578098952770233,22.750324249267578,2.413332223892212,0.1064838096499443,0.24566411972045898,0.3807420080001826,0.3807420080001826,0.10468509944362836,10,0,2185,8,1.3992247510690599,10,17,0.19988135414099223,0.19988925015272282,0.19990311923129894,0.24516655504703522,0.015586437657475471,0.06357489362480626,0.020595353073144827,0.0007189222774109452,0.07189222774109452,0.15086136254606924,0,0,False,NOT_AVAILABLE_BOOLEAN_COSTMAP_VETO,1790648350338759597,1790648350338759597,43.991039,1.3930039713159204,893
894,8.939999999999854,1790648350430212730,22.750324249267578,2.413332223892212,0.1064838096499443,0.24566411972045898,22.752765655517578,2.4135935306549072,0.10660512000322342,0.24551773071289062,0.3809988880848461,0.3809988880848461,0.10479626264901354,10,0,2185,8,1.3992247510690599,10,17,0.19988135414099223,0.19988925015272282,0.19990311923129894,0.24489445984363556,0.016091516241431236,0.06570796355175051,0.02128616468185525,0.0006908116087104219,0.06908116087104219,0.15055142424620643,0,0,False,NOT_AVAILABLE_BOOLEAN_COSTMAP_VETO,1790648350430212730,1790648350430212730,44.117826,1.458863029256463,894
895,8.949999999999854,1790648350521888941,22.752765655517578,2.4135935306549072,0.10660512000322342,0.24551773071289062,22.755207061767578,2.4138548374176025,0.10672637820243835,0.24550940096378326,0.3812557681695096,0.3812557681695096,0.1049073423057747,11,0,2185,8,1.399217400468734,11,18,0.1998812072806984,0.199888200066962,0.19990311923129894,0.2454739212989807,0.015673330053687096,0.06384926745272218,0.020684212328479095,-0.0006019523533761541,-0.06019523533761541,0.15024150967404787,0,0,False,NOT_AVAILABLE_BOOLEAN_COSTMAP_VETO,1790648350521888941,1790648350521888941,21.486351,1.4019649242982268,895
896,8.959999999999853,1790648350590628771,22.755207061767578,2.4138548374176025,0.10672637820243835,0.24550940096378326,22.757648468017578,2.414116621017456,0.10684764385223389,0.24552609026432037,0.381513125090547,0.381513125090547,0.1050183981487085,11,0,2185,8,1.399217400468734,11,18,0.1998812072806984,0.199888200066962,0.19990311923129894,0.24586042761802673,0.015133039094507694,0.06155134130824282,0.01993999142831244,-0.0007442209001666533,-0.07442209001666533,0.1499311180983504,0,0,False,NOT_AVAILABLE_BOOLEAN_COSTMAP_VETO,1790648350590628771,1790648350590628771,22.551953,1.3079779455438256,896
897,8.969999999999853,1790648350656311799,22.757648468017578,2.414116621017456,0.10684764385223389,0.24552609026432037,22.760089874267578,2.4143786430358887,0.10696892440319061,0.24556288123130798,0.3817707204297726,0.3817707204297726,0.10512943748599435,11,0,2185,8,1.399217400468734,11,18,0.1998812072806984,0.199888200066962,0.19990311923129894,0.24629981815814972,0.01446718443185091,0.0587381043966565,0.01902884872826242,-0.0009111427000500216,-0.09111427000500216,0.14962048495270625,0,0,False,NOT_AVAILABLE_BOOLEAN_COSTMAP_VETO,1790648350656311799,1790648350656311799,24.483726,1.4052930055186152,897
898,8.979999999999853,1790648350724309205,22.760089874267578,2.4143786430358887,0.10696892440319061,0.24556288123130798,22.762531280517578,2.4146411418914795,0.10709021985530853,0.24561256170272827,0.38202879260537237,0.38202879260537237,0.10524046040888191,11,0,2185,8,1.399217400468734,11,18,0.1998812072806984,0.199888200066962,0.19990311923129894,0.24660757184028625,0.013542959466576576,0.054917046404996776,0.017791245652550778,-0.0012376030757116421,-0.12376030757116421,0.14930937182029264,0,0,False,NOT_AVAILABLE_BOOLEAN_COSTMAP_VETO,1790648350724309205,1790648350724309205,26.141316,1.3337390264496207,898
899,8.989999999999853,1790648350793763074,22.762531280517578,2.4146411418914795,0.10709021985530853,0.24561256170272827,22.764972686767578,2.4149038791656494,0.10721154510974884,0.2456667274236679,0.38228710319915943,0.38228710319915943,0.10535148183197851,11,0,2185,8,1.399217400468734,11,18,0.1998812072806984,0.199888200066962,0.19990311923129894,0.246751606464386,0.012317663989961147,0.0499192859023553,0.016172438529772404,-0.0016188071227783742,-0.1618807122778374,0.1489980111496944,0,0,False,NOT_AVAILABLE_BOOLEAN_COSTMAP_VETO,1790648350793763074,1790648350793763074,27.418701,1.8630999838933349,899
900,8.999999999999853,1790648350865956326,22.764972686767578,2.4149038791656494,0.10721154510974884,0.2456667274236679,22.76741600036621,2.4151670932769775,0.10733289271593094,0.24571272730827332,0.38254588717131394,0.38254588717131394,0.1054624862602771,11,0,2185,8,1.399217400468734,11,18,0.1998812072806984,0.199888200066962,0.19990311923129894,0.24663406610488892,0.011044715531170368,0.04478179233550508,0.014508282680227073,-0.0016641558495453304,-0.16641558495453304,0.1486861675108308,0,0,False,NOT_AVAILABLE_BOOLEAN_COSTMAP_VETO,1790648350865956326,1790648350865956326,29.443949,1.3909880071878433,900
901,9.009999999999852,1790648350938649114,22.76741600036621,2.4151670932769775,0.10733289271593094,0.24571272730827332,22.769859313964844,2.4154305458068848,0.10745426267385483,0.24573878943920135,0.38280490956165625,0.38280490956165625,0.10557348171639269,11,0,2185,8,1.399217400468734,11,18,0.1998812072806984,0.199888200066962,0.19990311923129894,0.24626068770885468,0.009903548285365105,0.04021570952921938,0.013029152566226703,-0.0014791301140003703,-0.14791301140003701,0.14837407932455998,0,0,False,NOT_AVAILABLE_BOOLEAN_COSTMAP_VETO,1790648350938649114,1790648350938649114,29.357131,1.3282339787110686,901
902,9.019999999999852,1790648351011787132,22.769859313964844,2.4154305458068848,0.10745426267385483,0.24573878943920135,22.772302627563477,2.415694236755371,0.10757563263177872,0.24573303759098053,0.3830641703701857,0.3830641703701857,0.10568444582232361,11,0,2185,8,1.399217400468734,11,18,0.1998812072806984,0.199888200066962,0.19990311923129894,0.24570855498313904,0.009035216644406319,0.03677208815552365,0.011913592883633162,-0.001115559682593541,-0.1115559682593541,0.14806175554922357,0,0,False,NOT_AVAILABLE_BOOLEAN_COSTMAP_VETO,1790648351011787132,1790648351011787132,29.216006,2.2510800044983625,902
903,9.029999999999852,1790648351085993985,22.772302627563477,2.415694236755371,0.1075756326317787,0.24573303759098053,22.77474594116211,2.4159581661224365,0.10769695788621902,0.24560554325580597,0.38332366959690234,0.38332366959690234,0.10579533392756213,11,0,2185,8,1.399217400468734,11,18,0.1998812072806984,0.199888200066962,0.19990311923129894,0.2450627237558365,0.008539003320038319,0.034844154138048304,0.011289026350477962,-0.0006245665331552006,-0.062456653315520055,0.1477492140966163,0,0,False,NOT_AVAILABLE_BOOLEAN_COSTMAP_VETO,1790648351085993985,1790648351085993985,31.697749,2.130309003405273,903
904,9.039999999999852,1790648351162480911,22.77474594116211,2.4159581661224365,0.10769695788621901,0.24560554325580597,22.77718734741211,2.416222333908081,0.10781823098659515,0.24538013339042664,0.3835834106998126,0.3835834106998126,0.10590614683021249,11,0,2185,8,1.399217400468734,11,18,0.1998812072806984,0.199888200066962,0.19990311923129894,0.24442045390605927,0.008346772752702236,0.03414924004645798,0.011063902309095201,-0.00022512404138276022,-0.022512404138276022,0.14743645794933408,0,0,False,NOT_AVAILABLE_BOOLEAN_COSTMAP_VETO,1790648351162480911,1790648351162480911,31.822041,1.308873062953353,904
905,9.049999999999851,1790648351237803287,22.77718734741211,2.416222333908081,0.10781823098659517,0.24538013339042664,22.779624938964844,2.4164862632751465,0.10793933272361755,0.24509474635124207,0.38384292030054956,0.38384292030054956,0.10601677350740069,11,0,2185,8,1.399217400468734,11,18,0.1998812072806984,0.199888200066962,0.19990311923129894,0.24387970566749573,0.008379661478102207,0.034359814627326936,0.011132120070481597,6.821776138639553e-05,0.006821776138639553,0.1471240116989267,0,0,False,NOT_AVAILABLE_BOOLEAN_COSTMAP_VETO,1790648351237803287,1790648351237803287,31.621907,2.336267032660544,905
906,9.059999999999851,1790648351316475371,22.779624938964844,2.4164862632751465,0.10793933272361755,0.24509474635124207,22.782060623168945,2.416750431060791,0.1080603376030922,0.2447873204946518,0.38410267177748,0.38410267177748,0.10612728046037345,11,0,2185,8,1.399217400468734,11,18,0.1998812072806984,0.199888200066962,0.19990311923129894,0.24347840249538422,0.008523194119334221,0.0350059554850899,0.011341443275157768,0.00020932320467617095,0.020932320467617095,0.14681136865038463,0,0,False,NOT_AVAILABLE_BOOLEAN_COSTMAP_VETO,1790648351316475371,1790648351316475371,30.255431,1.5335530042648315,906
907,9.069999999999851,1790648351393134654,22.782060623168945,2.416750431060791,0.10806033760309218,0.2447873204946518,22.78449249267578,2.4170143604278564,0.10818114131689072,0.2444937825202942,0.38436219175223685,0.38436219175223685,0.10623757173567361,11,0,2185,8,1.399217400468734,11,18,0.1998812072806984,0.199888200066962,0.19990311923129894,0.24324403703212738,0.008708028122782707,0.03579955434481036,0.011598535478104672,0.0002570922029469045,0.02570922029469045,0.1464990474176206,0,0,False,NOT_AVAILABLE_BOOLEAN_COSTMAP_VETO,1790648351393134654,1790648351393134654,31.689782,1.4523349236696959,907
908,9.07999999999985,1790648351470277888,22.78449249267578,2.4170143604278564,0.1081811413168907,0.2444937825202942,22.786922454833984,2.417278289794922,0.10830185562372208,0.2442341297864914,0.3846217151850007,0.3846217151850007,0.10634775091814452,11,0,2185,8,1.399217400468734,11,18,0.1998812072806984,0.199888200066962,0.19990311923129894,0.24312865734100342,0.00883459858596325,0.03633713393798808,0.011772687482620286,0.0001741520045156139,0.01741520045156139,0.14618676480403775,0,0,False,NOT_AVAILABLE_BOOLEAN_COSTMAP_VETO,1790648351470277888,1790648351470277888,34.52792,1.4499989338219166,908
909,9.08999999999985,1790648351550450564,22.786922454833984,2.417278289794922,0.10830185562372209,0.2442341297864914,22.789348602294922,2.4175422191619873,0.1084224134683609,0.24401545524597168,0.38488124553377745,0.38488124553377745,0.10645775939561686,11,0,2185,8,1.399217400468734,11,18,0.1998812072806984,0.199888200066962,0.19990311923129894,0.24308444559574127,0.008869615383446217,0.036487794855441825,0.011821494826650904,4.88073440306179e-05,0.00488073440306179,0.1458745476613756,0,0,False,NOT_AVAILABLE_BOOLEAN_COSTMAP_VETO,1790648351550450564,1790648351550450564,34.628307,2.2733210353180766,909
910,9.09999999999985,1790648351632207386,22.789348602294922,2.4175422191619873,0.1084224134683609,0.24401545524597168,22.791772842407227,2.417806386947632,0.10854290425777435,0.24383080005645752,0.3851410177587484,0.3851410177587484,0.10656767835197378,11,0,2185,8,1.399217400468734,11,18,0.1998812072806984,0.199888200066962,0.19990311923129894,0.24304457008838654,0.008802758529782295,0.036218700654703166,0.011734320399543979,-8.71744271069251e-05,-0.00871744271069251,0.14556212175325384,0,0,False,NOT_AVAILABLE_BOOLEAN_COSTMAP_VETO,1790648351632207386,1790648351632207386,34.584274,1.5235680621117353,910
911,9.10999999999985,1790648351712697927,22.791772842407227,2.417806386947632,0.10854290425777435,0.24383080005645752,22.7941951751709,2.4180705547332764,0.10866328328847885,0.24367469549179077,0.385400793441726,0.385400793441726,0.10667746320993432,11,0,2185,8,1.399217400468734,11,18,0.1998812072806984,0.199888200066962,0.19990311923129894,0.24301007390022278,0.00870738085359335,0.03583135758054418,0.011608838339123418,-0.0001254820604205606,-0.01254820604205606,0.14524974339705538,0,0,False,NOT_AVAILABLE_BOOLEAN_COSTMAP_VETO,1790648351712697927,1790648351712697927,34.779224,1.4606229960918427,911
912,9.11999999999985,1790648351792973806,22.7941951751709,2.4180705547332764,0.10866328328847885,0.24367469549179077,22.79661750793457,2.4183349609375,0.10878361761569977,0.24354548752307892,0.3856608075428909,0.3856608075428909,0.10678717272109273,11,0,2185,8,1.399217400468734,11,18,0.1998812072806984,0.199888200066962,0.19990311923129894,0.24299536645412445,0.008582628332078457,0.03532013164415128,0.01144322313993693,-0.00016561519918648765,-0.016561519918648765,0.14493714731452795,0,0,False,NOT_AVAILABLE_BOOLEAN_COSTMAP_VETO,1790648351792973806,1790648351792973806,34.678965,1.409229007549584,912
913,9.12999999999985,1790648351873514973,22.79661750793457,2.4183349609375,0.10878361761569977,0.24354548752307892,22.79903793334961,2.4185993671417236,0.10890387743711472,0.24344687163829803,0.38592082510206277,0.38592082510206277,0.10689678546862558,11,0,2185,8,1.399217400468734,11,18,0.1998812072806984,0.199888200066962,0.19990311923129894,0.24302703142166138,0.008421811275184155,0.03465380466493039,0.01122736093776917,-0.00021586220216776066,-0.021586220216776066,0.14462458385563898,0,0,False,NOT_AVAILABLE_BOOLEAN_COSTMAP_VETO,1790648351873514973,1790648351873514973,34.510447,1.3931639259681106,913
914,9.13999999999985,1790648351953424600,22.79903793334961,2.4185993671417236,0.10890387743711473,0.24344687163829803,22.80145835876465,2.4188640117645264,0.10902410745620728,0.24338434636592865,0.3861810810794215,0.3861810810794215,0.10700633788595759,11,0,2185,8,1.399217400468734,11,18,0.1998812072806984,0.199888200066962,0.19990311923129894,0.24311815202236176,0.008222386240959167,0.0338205361161304,0.010957415146742365,-0.0002699457910268054,-0.026994579102680542,0.14431179669766497,0,0,False,NOT_AVAILABLE_BOOLEAN_COSTMAP_VETO,1790648351953424600,1790648351953424600,34.505135,1.4298380119726062,914
915,9.14999999999985,1790648352033453239,22.80145835876465,2.4188640117645264,0.10902410745620728,0.24338434636592865,22.803876876831055,2.419128894805908,0.10914430767297745,0.24335937201976776,0.38644157893297454,0.38644157893297454,0.10711583836560123,11,0,2185,8,1.399217400468734,11,18,0.1998812072806984,0.199888200066962,0.19990311923129894,0.24325300753116608,0.008036773651838303,0.033038743213929696,0.010704143960282974,-0.0002532711864593907,-0.02532711864593907,0.1439987858392306,0,0,False,NOT_AVAILABLE_BOOLEAN_COSTMAP_VETO,1790648352033453239,1790648352033453239,34.566513,1.4042370021343231,915
916,9.15999999999985,1790648352113447029,22.803876876831055,2.419128894805908,0.10914430767297745,0.24335937201976776,22.80629539489746,2.4193942546844482,0.10926450788974762,0.24336224794387817,0.38670255362290173,0.38670255362290173,0.10722530839197697,11,0,2185,8,1.399217400468734,11,18,0.1998812072806984,0.199888200066962,0.19990311923129894,0.2434198558330536,0.007853376679122448,0.032262679033499164,0.010452727303601101,-0.0002514166566818729,-0.02514166566818729,0.1436853009286529,0,0,False,NOT_AVAILABLE_BOOLEAN_COSTMAP_VETO,1790648352113447029,1790648352113447029,34.57381,1.4532309724017978,916
917,9.169999999999849,1790648352193498100,22.80629539489746,2.4193942546844482,0.10926450788974762,0.24336224794387817,22.808713912963867,2.4196598529815674,0.10938470810651779,0.2433742731809616,0.38696376673101646,0.38696376673101646,0.1073347479369966,11,0,2185,8,1.399217400468734,11,18,0.1998812072806984,0.199888200066962,0.19990311923129894,0.24361512064933777,0.007674624677747488,0.03150307196569471,0.010206640874748865,-0.00024608642885223624,-0.024608642885223624,0.1433715803852073,0,0,False,NOT_AVAILABLE_BOOLEAN_COSTMAP_VETO,1790648352193498100,1790648352193498100,34.791608,1.394124934449792,917
918,9.179999999999849,1790648352273659191,22.808713912963867,2.4196598529815674,0.10938470810651779,0.2433742731809616,22.811132431030273,2.4199256896972656,0.10950491577386856,0.24339598417282104,0.3872252182573182,0.3872252182573182,0.10744416438105509,11,0,2185,8,1.399217400468734,11,18,0.1998812072806984,0.199888200066962,0.19990311923129894,0.24383091926574707,0.007482951041311026,0.030689098264668754,0.009942940164948757,-0.00026370070980010797,-0.026370070980010797,0.14305762122700177,0,0,False,NOT_AVAILABLE_BOOLEAN_COSTMAP_VETO,1790648352273659191,1790648352273659191,34.584818,1.4948310563340783,918
919,9.189999999999849,1790648352353948574,22.811132431030273,2.4199256896972656,0.10950491577386857,0.24339598417282104,22.813552856445312,2.420191764831543,0.10962514579296112,0.2434273213148117,0.3874869047438008,0.3874869047438008,0.10755356420506379,11,0,2185,8,1.399217400468734,11,18,0.1998812072806984,0.199888200066962,0.19990311923129894,0.24405494332313538,0.007280150428414345,0.02982996504510555,0.009664607756958618,-0.00027833240799013913,-0.027833240799013913,0.14274341749042357,0,0,False,NOT_AVAILABLE_BOOLEAN_COSTMAP_VETO,1790648352353948574,1790648352353948574,34.558961,1.3946039834991097,919
920,9.199999999999848,1790648352434378922,22.813552856445312,2.420191764831543,0.1096251457929611,0.2434273213148117,22.81597328186035,2.4204583168029785,0.10974538326263428,0.24346768856048584,0.38774906806665804,0.38774906806665804,0.10766294098918561,11,0,2185,8,1.399217400468734,11,18,0.1998812072806984,0.199888200066962,0.19990311923129894,0.24427641928195953,0.007059856317937374,0.02890109630184334,0.00936368152758306,-0.00030092622937555845,-0.030092622937555845,0.14242873672362516,0,0,False,NOT_AVAILABLE_BOOLEAN_COSTMAP_VETO,1790648352434378922,1790648352434378922,34.468846,2.22327106166631,920
921,9.209999999999848,1790648352516375112,22.81597328186035,2.4204583168029785,0.10974538326263428,0.24346768856048584,22.81839370727539,2.420725107192993,0.10986565053462982,0.24351619184017181,0.388011469807702,0.388011469807702,0.1077723170982634,11,0,2185,8,1.399217400468734,11,18,0.1998812072806984,0.199888200066962,0.19990311923129894,0.24448758363723755,0.006833907216787338,0.027951960239123063,0.009056187529691171,-0.0003074939978918879,-0.030749399789188787,0.14211380840019688,0,0,False,NOT_AVAILABLE_BOOLEAN_COSTMAP_VETO,1790648352516375112,1790648352516375112,34.626227,1.420077052898705,921
922,9.219999999999848,1790648352596949208,22.81839370727539,2.420725107192993,0.10986565053462982,0.24351619184017181,22.82081413269043,2.420992374420166,0.10998593270778656,0.24357187747955322,0.38827434838512104,0.38827434838512104,0.10788167764423884,11,0,2185,8,1.399217400468734,11,18,0.1998812072806984,0.199888200066962,0.19990311923129894,0.2446873039007187,0.006610349752008915,0.027015499564664987,0.008752798330494143,-0.00030338919919702806,-0.030338919919702806,0.14179840006812156,0,0,False,NOT_AVAILABLE_BOOLEAN_COSTMAP_VETO,1790648352596949208,1790648352596949208,34.60997,1.3928129337728024,922
923,9.229999999999848,1790648352677029977,22.82081413269043,2.420992374420166,0.10998593270778656,0.24357187747955322,22.82323455810547,2.421259880065918,0.11010625958442688,0.24363356828689575,0.38853746538072725,0.38853746538072725,0.10799105244253537,11,0,2185,8,1.399217400468734,11,18,0.1998812072806984,0.199888200066962,0.19990311923129894,0.24486911296844482,0.00639385636895895,0.026111322458961566,0.008459866648557688,-0.00029293168193645497,-0.029293168193645497,0.14148273822082585,0,0,False,NOT_AVAILABLE_BOOLEAN_COSTMAP_VETO,1790648352677029977,1790648352677029977,34.801817,1.39402796048671,923
924,9.239999999999847,1790648352757663499,22.82323455810547,2.421259880065918,0.11010625958442688,0.24363356828689575,22.82565689086914,2.421527862548828,0.1102266013622284,0.2436997890472412,0.3888010557547011,0.3888010557547011,0.10810040306822444,11,0,2185,8,1.399217400468734,11,18,0.1998812072806984,0.199888200066962,0.19990311923129894,0.24502623081207275,0.006179432384669781,0.025219472887411824,0.008170927369252875,-0.00028893927930481386,-0.028893927930481386,0.14116659636973922,0,0,False,NOT_AVAILABLE_BOOLEAN_COSTMAP_VETO,1790648352757663499,1790648352757663499,34.505679,1.3458349276334047,924
925,9.249999999999847,1790648352837753803,22.82565689086914,2.421527862548828,0.1102266013622284,0.2436997890472412,22.828079223632812,2.4217960834503174,0.11034698784351349,0.24376918375492096,0.3890648845468623,0.3890648845468623,0.10820976792464831,11,0,2185,8,1.399217400468734,11,18,0.1998812072806984,0.199888200066962,0.19990311923129894,0.24515913426876068,0.005953672807663679,0.024284931603392124,0.007868155468561682,-0.00030277190069119206,-0.030277190069119206,0.1408502010096752,0,0,False,NOT_AVAILABLE_BOOLEAN_COSTMAP_VETO,1790648352837753803,1790648352837753803,35.352618,2.2369989892467856,925
926,9.259999999999847,1790648352920178871,22.828079223632812,2.4217960834503174,0.11034698784351349,0.24376918375492096,22.830501556396484,2.422064781188965,0.11046739667654037,0.24384039640426636,0.3893291901753978,0.3893291901753978,0.10831912458806547,11,0,2185,8,1.399217400468734,11,18,0.1998812072806984,0.199888200066962,0.19990311923129894,0.245266854763031,0.005718344822525978,0.023314788408938747,0.00755384776548107,-0.0003143077030806126,-0.03143077030806126,0.140533322669478,0,0,False,NOT_AVAILABLE_BOOLEAN_COSTMAP_VETO,1790648352920178871,1790648352920178871,35.03168,1.3782200403511524,926
927,9.269999999999847,1790648353000723526,22.830501556396484,2.422064781188965,0.11046739667654039,0.24384039640426636,22.83292579650879,2.4223337173461914,0.11058785766363144,0.24391229450702667,0.3895937307641143,0.3895937307641143,0.10842849425118706,11,0,2185,8,1.399217400468734,11,18,0.1998812072806984,0.199888200066962,0.19990311923129894,0.24535256624221802,0.005476850084960461,0.02232236723195135,0.007232320881466711,-0.00032152688401435904,-0.032152688401435904,0.14021618784587292,0,0,False,NOT_AVAILABLE_BOOLEAN_COSTMAP_VETO,1790648353000723526,1790648353000723526,34.934429,1.393803977407515,927
928,9.279999999999847,1790648353081003789,22.83292579650879,2.4223337173461914,0.11058785766363145,0.24391229450702667,22.835350036621094,2.422603130340576,0.1107083410024643,0.24398338794708252,0.3898587481892049,0.3898587481892049,0.10853785578446518,11,0,2185,8,1.399217400468734,11,18,0.1998812072806984,0.199888200066962,0.19990311923129894,0.2454073429107666,0.005238782614469528,0.021347293656059915,0.006916412856176786,-0.00031590802528992483,-0.03159080252899248,0.13989857004804235,0,0,False,NOT_AVAILABLE_BOOLEAN_COSTMAP_VETO,1790648353081003789,1790648353081003789,35.102403,1.4624790055677295,928
929,9.289999999999846,1790648353161760675,22.835350036621094,2.422603130340576,0.1107083410024643,0.24398338794708252,22.83777618408203,2.42287278175354,0.11082886904478073,0.24405214190483093,0.3901240005744762,0.3901240005744762,0.10864722279760564,11,0,2185,8,1.399217400468734,11,18,0.1998812072806984,0.199888200066962,0.19990311923129894,0.24542924761772156,0.005015932954847813,0.020437388793452138,0.00662161719064877,-0.000294795665528016,-0.0294795665528016,0.13958069875478446,0,0,False,NOT_AVAILABLE_BOOLEAN_COSTMAP_VETO,1790648353161760675,1790648353161760675,34.665845,1.396237057633698,929
930,9.299999999999846,1790648353242789410,22.83777618408203,2.42287278175354,0.11082886904478073,0.24405214190483093,22.84020233154297,2.423142910003662,0.11094941943883896,0.24411723017692566,0.3903897297961221,0.3903897297961221,0.10875658165946867,11,0,2185,8,1.399217400468734,11,18,0.1998812072806984,0.199888200066962,0.19990311923129894,0.24542106688022614,0.004817071836441755,0.019627784597614235,0.006359316482733291,-0.0002623007079154789,-0.026230070791547887,0.13926234449286773,0,0,False,NOT_AVAILABLE_BOOLEAN_COSTMAP_VETO,1790648353242789410,1790648353242789410,38.163172,1.3679160038009286,930
931,9.309999999999846,1790648353327044808,22.84020233154297,2.423142910003662,0.11094941943883896,0.24411723017692566,22.842628479003906,2.4234132766723633,0.11107001453638077,0.24417774379253387,0.39065569743595585,0.39065569743595585,0.10886595464868698,11,0,2185,8,1.399217400468734,11,18,0.1998812072806984,0.199888200066962,0.19990311923129894,0.24538975954055786,0.004639892373234034,0.01890825591875261,0.006126198277161357,-0.00023311820557193452,-0.02331182055719345,0.13894373674213661,0,0,False,NOT_AVAILABLE_BOOLEAN_COSTMAP_VETO,1790648353327044808,1790648353327044808,34.520848,1.3633710332214832,931
932,9.319999999999846,1790648353407549782,22.842628479003906,2.4234132766723633,0.11107001453638077,0.24417774379253387,22.845054626464844,2.4236841201782227,0.11119062453508377,0.24423325061798096,0.3909221419121634,0.3909221419121634,0.10897531214850575,11,0,2185,8,1.399217400468734,11,18,0.1998812072806984,0.199888200066962,0.19990311923129894,0.24534504115581512,0.004477993585169315,0.01825182022866077,0.005913520821715981,-0.00021267745544537552,-0.02126774554453755,0.13862464900848098,0,0,False,NOT_AVAILABLE_BOOLEAN_COSTMAP_VETO,1790648353407549782,1790648353407549782,37.942717,1.3627000153064728,932
933,9.329999999999846,1790648353491467729,22.845054626464844,2.4236841201782227,0.11119062453508377,0.24423325061798096,22.847482681274414,2.423955202102661,0.11131127178668976,0.24428370594978333,0.39118882134855154,0.39118882134855154,0.10908466750030277,11,0,2185,8,1.399217400468734,11,18,0.1998812072806984,0.199888200066962,0.19990311923129894,0.24529431760311127,0.004322307649999857,0.017620904113210625,0.005709110904384859,-0.00020440991733112167,-0.020440991733112167,0.138305310772268,0,0,False,NOT_AVAILABLE_BOOLEAN_COSTMAP_VETO,1790648353491467729,1790648353491467729,34.689653,1.4088129391893744,933
934,9.339999999999845,1790648353571830939,22.847482681274414,2.423955202102661,0.11131127178668976,0.24428370594978333,22.849910736083984,2.424226760864258,0.11143193393945694,0.24432925879955292,0.3914559776213147,0.3914559776213147,0.10919400725483497,11,0,2185,8,1.399217400468734,11,18,0.1998812072806984,0.199888200066962,0.19990311923129894,0.24524177610874176,0.004165065009146929,0.016983505319665082,0.005502600185872698,-0.00020651071851216125,-0.020651071851216125,0.1379854925576664,0,0,False,NOT_AVAILABLE_BOOLEAN_COSTMAP_VETO,1790648353571830939,1790648353571830939,28.879195,1.4729429967701435,934
935,9.349999999999845,1790648353646567856,22.849910736083984,2.424226760864258,0.11143193393945695,0.24432925879955292,22.852338790893555,2.4244985580444336,0.11155262589454651,0.2443702220916748,0.3917223670723805,0.3917223670723805,0.10930163338043508,11,0,2185,8,1.399217400468734,11,18,0.1998812072806984,0.199888200066962,0.19990311923129894,0.24519073963165283,0.004001867026090622,0.01632144440733194,0.005288098695315027,-0.0002145014905576715,-0.02145014905576715,0.13766542682572752,0,0,False,NOT_AVAILABLE_BOOLEAN_COSTMAP_VETO,1790648353646567856,1790648353646567856,32.933213,1.5254250029101968,935
936,9.359999999999845,1790648353725094175,22.852338790893555,2.4244985580444336,0.11155262589454651,0.2443702220916748,22.854766845703125,2.4247708320617676,0.11167333275079727,0.24440690875053406,0.3919879701483743,0.3919879701483743,0.10941095114064936,11,0,2185,8,1.399217400468734,11,18,0.1998812072806984,0.199888200066962,0.19990311923129894,0.24514177441596985,0.003829781897366047,0.015622722428644355,0.005061718837675691,-0.00022637985763933593,-0.022637985763933593,0.13734488111959092,0,0,False,NOT_AVAILABLE_BOOLEAN_COSTMAP_VETO,1790648353725094175,1790648353725094175,34.3923,1.5204009832814336,936
937,9.369999999999845,1790648353805491018,22.854766845703125,2.4247708320617676,0.11167333275079726,0.24440690875053406,22.857194900512695,2.4250433444976807,0.11179406195878983,0.24443969130516052,0.3922538116420478,0.3922538116420478,0.10952026075619825,11,0,2185,8,1.399217400468734,11,18,0.1998812072806984,0.199888200066962,0.19990311923129894,0.24509645998477936,0.003650192404165864,0.014892880967732228,0.00482525598423147,-0.00023646285344422046,-0.023646285344422046,0.1370240908802975,0,0,False,NOT_AVAILABLE_BOOLEAN_COSTMAP_VETO,1790648353805491018,1790648353805491018,18.315274,2.300841035321355,937
938,9.379999999999844,1790648353869832179,22.857194900512695,2.4250433444976807,0.11179406195878983,0.24443969130516052,22.8596248626709,2.425316333770752,0.11191479861736298,0.24446897208690643,0.39252012473155656,0.39252012473155656,0.10962953834197187,11,0,2185,8,1.399217400468734,11,18,0.1998812072806984,0.199888200066962,0.19990311923129894,0.24505546689033508,0.0034664913546293974,0.01414574177274196,0.0045831882432036605,-0.00024206774102780975,-0.024206774102780975,0.13670282364976732,0,0,False,NOT_AVAILABLE_BOOLEAN_COSTMAP_VETO,1790648353869832179,1790648353869832179,17.871483,1.4659019652754068,938
939,9.389999999999844,1790648353931701325,22.8596248626709,2.425316333770752,0.11191479861736298,0.24446897208690643,22.8620548248291,2.4255895614624023,0.11203555017709732,0.24449515342712402,0.3927866762387446,0.3927866762387446,0.1097388002983708,11,0,2185,8,1.399217400468734,11,18,0.1998812072806984,0.199888200066962,0.19990311923129894,0.24501967430114746,0.0032826336100697517,0.013397428673565005,0.004340739627261222,-0.0002424486159424387,-0.02424486159424387,0.13638131486886634,0,0,False,NOT_AVAILABLE_BOOLEAN_COSTMAP_VETO,1790648353931701325,1790648353931701325,17.669621,1.3906039530411363,939
940,9.399999999999844,1790648353993297247,22.8620548248291,2.4255895614624023,0.11203555017709732,0.24449515342712402,22.864484786987305,2.425863027572632,0.11215631663799286,0.24452859163284302,0.39305346616361214,0.39305346616361214,0.10984804663255776,11,0,2185,8,1.399217400468734,11,18,0.1998812072806984,0.199888200066962,0.19990311923129894,0.24519842863082886,0.0033149372320622206,0.013519406509138748,0.004380259694539574,3.9520067278352514e-05,0.003952006727835251,0.13605956453934692,0,0,False,NOT_AVAILABLE_BOOLEAN_COSTMAP_VETO,1790648353993297247,1790648353993297247,17.323753,1.392747974023223,940
941,9.409999999999844,1790648354050803597,22.864484786987305,2.425863027572632,0.11215631663799287,0.24452859163284302,22.866914749145508,2.4261367321014404,0.11227710545063019,0.24456821382045746,0.3933204945061593,0.3933204945061593,0.10995728479125022,11,0,2185,8,1.399217400468734,11,18,0.1998812072806984,0.199888200066962,0.19990311923129894,0.24536186456680298,0.0033922074362635612,0.01382532465773624,0.004479375229606399,9.91155350668245e-05,0.00991155350668245,0.1357375696843694,0,0,False,NOT_AVAILABLE_BOOLEAN_COSTMAP_VETO,1790648354050803597,1790648354050803597,17.272776,1.4092930359765887,941
942,9.419999999999844,1790648354108330461,22.866914749145508,2.4261367321014404,0.11227710545063019,0.24456821382045746,22.86934471130371,2.4264109134674072,0.11239790916442871,0.2446143478155136,0.3935879996840658,0.3935879996840658,0.11006650732550272,11,0,2185,8,1.399217400468734,11,18,0.1998812072806984,0.199888200066962,0.19990311923129894,0.24553847312927246,0.003530048066750169,0.014376761497949243,0.0046580370360868205,0.0001786618064804216,0.01786618064804216,0.13541509486604503,0,0,False,NOT_AVAILABLE_BOOLEAN_COSTMAP_VETO,1790648354108330461,1790648354108330461,18.481743,1.655092928558588,942
943,9.429999999999843,1790648354167716872,22.86934471130371,2.4264109134674072,0.11239790916442871,0.2446143478155136,22.871776580810547,2.426685333251953,0.11251874268054962,0.24466609954833984,0.3938557380401273,0.3938557380401273,0.11017572001694065,11,0,2185,8,1.399217400468734,11,18,0.1998812072806984,0.199888200066962,0.19990311923129894,0.24570278823375702,0.0036557528655976057,0.014878760195914387,0.004820680960583887,0.00016264392449706622,0.01626439244970662,0.13509237254822376,0,0,False,NOT_AVAILABLE_BOOLEAN_COSTMAP_VETO,1790648354167716872,1790648354167716872,18.337162,1.4470230089500546,943
944,9.439999999999843,1790648354226687621,22.871776580810547,2.426685333251953,0.11251874268054962,0.24466609954833984,22.874208450317383,2.4269602298736572,0.11263959854841232,0.24472302198410034,0.3941239532315482,0.3941239532315482,0.11028492448430516,11,0,2185,8,1.399217400468734,11,18,0.1998812072806984,0.199888200066962,0.19990311923129894,0.24586312472820282,0.0037572577130049467,0.015281908245323597,0.004951297810155145,0.00013061684957125803,0.013061684957125803,0.13476916729319538,0,0,False,NOT_AVAILABLE_BOOLEAN_COSTMAP_VETO,1790648354226687621,1790648354226687621,18.961502,1.6573970206081867,944
945,9.449999999999843,1790648354286759718,22.874208450317383,2.4269602298736572,0.11263959854841232,0.24472302198410034,22.87664031982422,2.4272353649139404,0.11276049166917801,0.24478445947170258,0.3943924068406487,0.3943924068406487,0.1103941356527578,11,0,2185,8,1.399217400468734,11,18,0.1998812072806984,0.199888200066962,0.19990311923129894,0.24601513147354126,0.0038295495323836803,0.015566317036867082,0.005043443957280027,9.214614712488214e-05,0.009214614712488214,0.13444571156603463,0,0,False,NOT_AVAILABLE_BOOLEAN_COSTMAP_VETO,1790648354286759718,1790648354286759718,18.227367,1.476943027228117,945
946,9.459999999999843,1790648354345742116,22.87664031982422,2.4272353649139404,0.11276049166917801,0.24478445947170258,22.879072189331055,2.427510976791382,0.11288140714168549,0.24485008418560028,0.39466133728510816,0.39466133728510816,0.11050333858921224,11,0,2185,8,1.399217400468734,11,18,0.1998812072806984,0.199888200066962,0.19990311923129894,0.2461644560098648,0.0038804756477475166,0.01576375286118484,0.005107411516506673,6.396755922664574e-05,0.006396755922664574,0.13412177290692523,0,0,False,NOT_AVAILABLE_BOOLEAN_COSTMAP_VETO,1790648354345742116,1790648354345742116,18.494127,1.5025760512799025,946
947,9.469999999999843,1790648354405033004,22.879072189331055,2.427510976791382,0.11288140714168547,0.24485008418560028,22.881505966186523,2.4277868270874023,0.11300236731767654,0.244919553399086,0.394930500907723,0.394930500907723,0.11061254644679641,11,0,2185,8,1.399217400468734,11,18,0.1998812072806984,0.199888200066962,0.19990311923129894,0.2463110387325287,0.003921365365386009,0.01592038012410907,0.00515815741273494,5.0745896228267424e-05,0.0050745896228267424,0.1337975808041018,0,0,False,NOT_AVAILABLE_BOOLEAN_COSTMAP_VETO,1790648354405033004,1790648354405033004,19.094531,1.4230849919840693,947
948,9.479999999999842,1790648354465139694,22.881505966186523,2.4277868270874023,0.11300236731767654,0.244919553399086,22.883939743041992,2.428063154220581,0.1131233498454094,0.24499264359474182,0.39520014136569703,0.39520014136569703,0.1107217460614307,11,0,2185,8,1.399217400468734,11,18,0.1998812072806984,0.199888200066962,0.19990311923129894,0.24645665287971497,0.003960576839745045,0.016070074771639596,0.00520665717592711,4.849976319216964e-05,0.004849976319216964,0.1334729057749457,0,0,False,NOT_AVAILABLE_BOOLEAN_COSTMAP_VETO,1790648354465139694,1790648354465139694,25.124036,1.4081730041652918,948
949,9.489999999999842,1790648354531814977,22.883939743041992,2.428063154220581,0.11312334984540941,0.24499264359474182,22.88637351989746,2.428339958190918,0.11324437707662582,0.24506910145282745,0.3954702586590304,0.3954702586590304,0.11083095975267376,11,0,2185,8,1.399217400468734,11,18,0.1998812072806984,0.199888200066962,0.19990311923129894,0.24660059809684753,0.004000221844762564,0.016221460432920585,0.005255704787947445,4.904761202033543e-05,0.004904761202033543,0.13314773889016623,0,0,False,NOT_AVAILABLE_BOOLEAN_COSTMAP_VETO,1790648354531814977,1790648354531814977,18.00496,1.5524979680776596,949
950,9.499999999999842,1790648354590083208,22.88637351989746,2.428339958190918,0.11324437707662582,0.24506910145282745,22.888809204101562,2.428617238998413,0.11336543411016464,0.24514858424663544,0.3957408475481987,0.3957408475481987,0.11094016334895462,11,0,2185,8,1.399217400468734,11,18,0.1998812072806984,0.199888200066962,0.19990311923129894,0.24674081802368164,0.0040386938489973545,0.016368162679146706,0.005303234990891192,4.75302029437465e-05,0.00475302029437465,0.13282208610765806,0,0,False,NOT_AVAILABLE_BOOLEAN_COSTMAP_VETO,1790648354590083208,1790648354590083208,22.294601,1.430862001143396,950
951,9.509999999999842,1790648354652627608,22.888809204101562,2.428617238998413,0.11336543411016466,0.24514858424663544,22.891244888305664,2.4288947582244873,0.11348654329776764,0.24523071944713593,0.3960116748550461,0.3960116748550461,0.11104938845033674,11,0,2185,8,1.399217400468734,11,18,0.1998812072806984,0.199888200066962,0.19990311923129894,0.2468757927417755,0.004072650335729122,0.016496758513658685,0.00534489886025366,4.166386936246824e-05,0.004166386936246824,0.13249617691829324,0,0,False,NOT_AVAILABLE_BOOLEAN_COSTMAP_VETO,1790648354652627608,1790648354652627608,18.868188,1.5087849460542202,951
952,9.519999999999841,1790648354712560981,22.891244888305664,2.4288947582244873,0.11348654329776764,0.24523071944713593,22.8936824798584,2.4291727542877197,0.11360768228769302,0.24531497061252594,0.3962829737577289,0.3962829737577289,0.11115860336413164,11,0,2185,8,1.399217400468734,11,18,0.1998812072806984,0.199888200066962,0.19990311923129894,0.2470024973154068,0.004101213533431292,0.016603935498653268,0.005379623204910907,3.472434465724705e-05,0.0034724344657247053,0.13216978183788147,0,0,False,NOT_AVAILABLE_BOOLEAN_COSTMAP_VETO,1790648354712560981,1790648354712560981,19.201606,1.3599469093605876,952
953,9.529999999999841,1790648354772449616,22.8936824798584,2.4291727542877197,0.11360768228769302,0.24531497061252594,22.896120071411133,2.4294509887695312,0.11372887343168259,0.24540069699287415,0.3965545110780916,0.3965545110780916,0.11126783971551912,11,0,2185,8,1.399217400468734,11,18,0.1998812072806984,0.199888200066962,0.19990311923129894,0.2471177577972412,0.00412127748131752,0.016677382953187065,0.005403419488443002,2.379628353209491e-05,0.002379628353209491,0.13184313035835132,0,0,False,NOT_AVAILABLE_BOOLEAN_COSTMAP_VETO,1790648354772449616,1790648354772449616,17.181797,1.2588879326358438,953
954,9.539999999999841,1790648354829721111,22.896120071411133,2.4294509887695312,0.11372887343168259,0.24540069699287415,22.8985595703125,2.429729700088501,0.11385009437799454,0.24548716843128204,0.396826519994289,0.396826519994289,0.11137706582091766,11,0,2185,8,1.399217400468734,11,18,0.1998812072806984,0.199888200066962,0.19990311923129894,0.2472192794084549,0.004130696412175894,0.016708633817151333,0.005413544472188806,1.0124983745803812e-05,0.0010124983745803812,0.13151599299446531,0,0,False,NOT_AVAILABLE_BOOLEAN_COSTMAP_VETO,1790648354829721111,1790648354829721111,20.101442,1.3850040268152952,954
955,9.54999999999984,1790648354890418603,22.8985595703125,2.429729700088501,0.11385009437799454,0.24548716843128204,22.900999069213867,2.43000864982605,0.11397137492895126,0.24557363986968994,0.39709876732816607,0.39709876732816607,0.11148632074678133,11,0,2185,8,1.399217400468734,11,18,0.1998812072806984,0.199888200066962,0.19990311923129894,0.2473057359457016,0.004129508510231972,0.016697989209351158,0.00541009572026987,-3.448751918935615e-06,-0.0003448751918935615,0.13118859626307183,0,0,False,NOT_AVAILABLE_BOOLEAN_COSTMAP_VETO,1790648354890418603,1790648354890418603,19.112323,1.5429609920829535,955
956,9.55999999999984,1790648354950468139,22.900999069213867,2.43000864982605,0.11397137492895126,0.24557363986968994,22.903438568115234,2.430288076400757,0.11409267783164978,0.24565942585468292,0.39737149149740203,0.39737149149740203,0.11159556733375098,11,0,2185,8,1.399217400468734,11,18,0.1998812072806984,0.199888200066962,0.19990311923129894,0.24737779796123505,0.00411912240087986,0.01665114021883783,0.00539491709037228,-1.5178629897590057e-05,-0.0015178629897590057,0.1308607166303341,0,0,False,NOT_AVAILABLE_BOOLEAN_COSTMAP_VETO,1790648354950468139,1790648354950468139,18.542897,1.7454959452152252,956
957,9.56999999999984,1790648355010809173,22.903438568115234,2.430288076400757,0.1140926778316498,0.24565942585468292,22.905879974365234,2.430567979812622,0.11421404033899307,0.24574396014213562,0.3976446872624732,0.3976446872624732,0.1117048332930981,11,0,2185,8,1.399217400468734,11,18,0.1998812072806984,0.199888200066962,0.19990311923129894,0.24743732810020447,0.004101629834622145,0.016576439238630607,0.005370714674057784,-2.4202416314495975e-05,-0.0024202416314495975,0.13053233921962243,0,0,False,NOT_AVAILABLE_BOOLEAN_COSTMAP_VETO,1790648355010809173,1790648355010809173,19.655124,1.5940660377964377,957
958,9.57999999999984,1790648355071319716,22.905879974365234,2.430567979812622,0.11421404033899307,0.24574396014213562,22.908321380615234,2.4308483600616455,0.11433543264865875,0.2458268105983734,0.39791835986290325,0.39791835986290325,0.11181409825024424,11,0,2185,8,1.399217400468734,11,18,0.1998812072806984,0.199888200066962,0.19990311923129894,0.24748626351356506,0.004078880418092012,0.016481239646128656,0.0053398708906803325,-3.0843783377451466e-05,-0.0030843783377451466,0.13020347593831277,0,0,False,NOT_AVAILABLE_BOOLEAN_COSTMAP_VETO,1790648355071319716,1790648355071319716,19.590898,1.7177509143948555,958
959,9.58999999999984,1790648355131969495,22.908321380615234,2.4308483600616455,0.11433543264865877,0.2458268105983734,22.910764694213867,2.431128978729248,0.11445686966180801,0.24587836861610413,0.3981922656414888,0.3981922656414888,0.111923367631797,11,0,2185,8,1.399217400468734,11,18,0.1998812072806984,0.199888200066962,0.19990311923129894,0.24691110849380493,0.005163423251360655,0.02091207351041562,0.00677540813782448,0.0014355372471441478,0.14355372471441477,0.12987435925694885,0,0,False,NOT_AVAILABLE_BOOLEAN_COSTMAP_VETO,1790648355131969495,1790648355131969495,38.951677,1.4064449351280928,959
960,9.59999999999984,1790648355211714125,22.910764694213867,2.431128978729248,0.11445686966180801,0.24587836861610413,22.9132080078125,2.431410074234009,0.11457831412553787,0.2459050714969635,0.3984666482554339,0.3984666482554339,0.11203261363780914,11,0,2185,8,1.399217400468734,11,18,0.1998812072806984,0.199888200066962,0.19990311923129894,0.2464400976896286,0.006132809445261955,0.02488559898635381,0.00806275935217787,0.0012873512143533892,0.1287351214353389,0.12954476563711975,0,0,False,NOT_AVAILABLE_BOOLEAN_COSTMAP_VETO,1790648355211714125,1790648355211714125,46.154852,1.4051010366529226,960
961,9.60999999999984,1790648355298958130,22.9132080078125,2.431410074234009,0.11457831412553787,0.2459050714969635,22.915651321411133,2.4316914081573486,0.11469976603984833,0.24590326845645905,0.39874126928705794,0.39874126928705794,0.11214183624664464,11,0,2185,8,1.399217400468734,11,18,0.1998812072806984,0.199888200066962,0.19990311923129894,0.24589557945728302,0.0070127216167747974,0.02851910405324325,0.00923992674751647,0.0011771673953386002,0.11771673953386001,0.12921493349865026,0,0,False,NOT_AVAILABLE_BOOLEAN_COSTMAP_VETO,1790648355298958130,1790648355298958130,41.817177,1.4208779903128743,961
962,9.61999999999984,1790648355383451904,22.915651321411133,2.4316914081573486,0.11469976603984833,0.24590326845645905,22.918094635009766,2.4319729804992676,0.11482120305299759,0.2458096742630005,0.39901612873636205,0.39901612873636205,0.11225101315489505,11,0,2185,8,1.399217400468734,11,18,0.1998812072806984,0.199888200066962,0.19990311923129894,0.24541118741035461,0.00799422338604927,0.032574812380831056,0.010553847351762827,0.0013139206042463575,0.13139206042463575,0.1288848717674959,0,0,False,NOT_AVAILABLE_BOOLEAN_COSTMAP_VETO,1790648355383451904,1790648355383451904,42.289768,1.3766519259661436,962
963,9.62999999999984,1790648355467642596,22.918094635009766,2.4319729804992676,0.1148212030529976,0.2458096742630005,22.920536041259766,2.4322545528411865,0.11494255810976028,0.2456517070531845,0.3992909934251898,0.3992909934251898,0.11236008688119359,11,0,2185,8,1.399217400468734,11,18,0.1998812072806984,0.199888200066962,0.19990311923129894,0.244979128241539,0.009040860459208488,0.036904615197644854,0.011956525529124941,0.0014026781773621138,0.1402678177362114,0.12855484563443315,0,0,False,NOT_AVAILABLE_BOOLEAN_COSTMAP_VETO,1790648355467642596,1790648355467642596,40.900732,1.4579339185729623,963
964,9.639999999999839,1790648355550126257,22.920536041259766,2.4322545528411865,0.11494255810976028,0.2456517070531845,22.922975540161133,2.4325363636016846,0.1150638535618782,0.24545682966709137,0.39956610177122115,0.39956610177122115,0.11246907985102084,11,0,2185,8,1.399217400468734,11,18,0.1998812072806984,0.199888200066962,0.19990311923129894,0.24462711811065674,0.010103383101522923,0.04130115736781345,0.013380776342157842,0.0014242508130329016,0.14242508130329015,0.12822460775212735,0,0,False,NOT_AVAILABLE_BOOLEAN_COSTMAP_VETO,1790648355550126257,1790648355550126257,35.379276,1.4661590103060007,964
965,9.649999999999839,1790648355628938793,22.922975540161133,2.4325363636016846,0.1150638535618782,0.24545682966709137,22.925413131713867,2.4328181743621826,0.11518502235412598,0.2452584207057953,0.39984121535677664,0.39984121535677664,0.11257792510640385,11,0,2185,8,1.399217400468734,11,18,0.1998812072806984,0.199888200066962,0.19990311923129894,0.24441367387771606,0.011024612933397293,0.04510636724405639,0.014613422655736978,0.0012326463135791353,0.12326463135791353,0.12789442330500717,0,0,False,NOT_AVAILABLE_BOOLEAN_COSTMAP_VETO,1790648355628938793,1790648355628938793,37.162405,1.5061930753290653,965
966,9.659999999999838,1790648355710183407,22.925413131713867,2.4328181743621826,0.11518502235412598,0.2452584207057953,22.92784881591797,2.4331002235412598,0.11530613154172897,0.2450861632823944,0.4001165725995353,0.4001165725995353,0.11268668975271767,11,0,2185,8,1.399217400468734,11,18,0.1998812072806984,0.199888200066962,0.19990311923129894,0.244352787733078,0.01165740191936493,0.047707259767787245,0.015455921315300554,0.0008424986595635762,0.08424986595635761,0.12756402709843212,0,0,False,NOT_AVAILABLE_BOOLEAN_COSTMAP_VETO,1790648355710183407,1790648355710183407,38.317641,1.6386769711971283,966
967,9.669999999999838,1790648355792083786,22.92784881591797,2.4331002235412598,0.11530613154172897,0.2450861632823944,22.930282592773438,2.433382272720337,0.11542714387178421,0.24496839940547943,0.40039193508181814,0.40039193508181814,0.11279533663430064,11,0,2185,8,1.399217400468734,11,18,0.1998812072806984,0.199888200066962,0.19990311923129894,0.24446699023246765,0.012022113427519798,0.04917683739668809,0.015931947193841983,0.00047602587854142855,0.047602587854142855,0.12723367241757638,0,0,False,NOT_AVAILABLE_BOOLEAN_COSTMAP_VETO,1790648355792083786,1790648355792083786,39.58997,1.5046560438349843,967
968,9.679999999999838,1790648355876514485,22.930282592773438,2.433382272720337,0.11542714387178421,0.24496839940547943,22.932716369628906,2.433664560317993,0.11554812639951706,0.24491798877716064,0.4006675359817808,0.4006675359817808,0.11290392311733122,11,0,2185,8,1.399217400468734,11,18,0.1998812072806984,0.199888200066962,0.19990311923129894,0.24470333755016327,0.012171081267297268,0.04973810896552337,0.016113752498465448,0.0001818053046234655,0.01818053046234655,0.12690309407308414,0,0,False,NOT_AVAILABLE_BOOLEAN_COSTMAP_VETO,1790648355876514485,1790648355876514485,43.538896,1.519697019830346,968
969,9.689999999999838,1790648355964854590,22.932716369628906,2.433664560317993,0.11554812639951706,0.24491798877716064,22.935150146484375,2.4339470863342285,0.11566909402608871,0.24491925537586212,0.40094337529942253,0.40094337529942253,0.11301246412829347,11,0,2185,8,1.399217400468734,11,18,0.1998812072806984,0.199888200066962,0.19990311923129894,0.24494457244873047,0.012174664065241814,0.04970375111206068,0.016102623442140883,-1.112905632456515e-05,-0.001112905632456515,0.12657228611620946,0,0,False,NOT_AVAILABLE_BOOLEAN_COSTMAP_VETO,1790648355964854590,1790648355964854590,42.33873,1.994336023926735,969
970,9.699999999999838,1790648356055464271,22.935150146484375,2.4339470863342285,0.11566909402608873,0.24491925537586212,22.937583923339844,2.434229850769043,0.11579006165266037,0.2449297457933426,0.4012194530347439,0.4012194530347439,0.11312097452229297,11,0,2185,8,1.399217400468734,11,18,0.1998812072806984,0.199888200066962,0.19990311923129894,0.24514001607894897,0.012161493301391602,0.04961039611531604,0.01607238425068645,-3.0239191454433517e-05,-0.0030239191454433517,0.12624124259961328,0,0,False,NOT_AVAILABLE_BOOLEAN_COSTMAP_VETO,1790648356055464271,1790648356055464271,41.719414,1.469902927055955,970
971,9.709999999999837,1790648356144138082,22.937583923339844,2.434229850769043,0.11579006165266037,0.2449297457933426,22.940017700195312,2.4345128536224365,0.11591104418039322,0.2449457198381424,0.40149576918774516,0.40149576918774516,0.11322946929754218,11,0,2185,8,1.399217400468734,11,18,0.1998812072806984,0.199888200066962,0.19990311923129894,0.24526557326316833,0.012194803915917873,0.049720813865845453,0.016108150340533024,3.57660898465742e-05,0.00357660898465742,0.1259099575773665,0,0,False,NOT_AVAILABLE_BOOLEAN_COSTMAP_VETO,1790648356144138082,1790648356144138082,41.818457,1.4247180661186576,971
972,9.719999999999837,1790648356232793941,22.940017700195312,2.4345128536224365,0.11591104418039322,0.2449457198381424,22.94245147705078,2.4347963333129883,0.11603202670812607,0.2449609786272049,0.40177256217610513,0.40177256217610513,0.11333793345896703,11,0,2185,8,1.399217400468734,11,18,0.1998812072806984,0.199888200066962,0.19990311923129894,0.24526669085025787,0.012286999262869358,0.05009648566739506,0.016229836185436927,0.00012168584490390363,0.012168584490390363,0.12557819857893698,0,0,False,NOT_AVAILABLE_BOOLEAN_COSTMAP_VETO,1790648356232793941,1790648356232793941,42.219046,1.6012350097298622,972
973,9.729999999999837,1790648356322718128,22.94245147705078,2.4347963333129883,0.11603202670812607,0.2449609786272049,22.94488525390625,2.435080051422119,0.11615301668643951,0.24497205018997192,0.40204959358214454,0.40204959358214454,0.11344637460275964,11,0,2185,8,1.399217400468734,11,18,0.1998812072806984,0.199888200066962,0.19990311923129894,0.24519380927085876,0.012508446350693703,0.05101452760120861,0.016527201985404312,0.0002973657999673848,0.029736579996738483,0.12524620105064582,0,0,False,NOT_AVAILABLE_BOOLEAN_COSTMAP_VETO,1790648356322718128,1790648356322718128,44.759767,1.8904920434579253,973
974,9.739999999999837,1790648356414526888,22.94488525390625,2.435080051422119,0.11615301668643951,0.24497205018997192,22.94731903076172,2.435364246368408,0.11627401411533356,0.24497488141059875,0.40232710182354303,0.40232710182354303,0.11355479253847056,11,0,2185,8,1.399217400468734,11,18,0.1998812072806984,0.199888200066962,0.19990311923129894,0.2450316697359085,0.012821750715374947,0.05232691239134125,0.01695229550938003,0.00042509352397571837,0.04250935239757184,0.12491372657514893,0,0,False,NOT_AVAILABLE_BOOLEAN_COSTMAP_VETO,1790648356414526888,1790648356414526888,45.372491,1.5862589934840798,974
975,9.749999999999837,1790648356512297150,22.94731903076172,2.435364246368408,0.11627401411533356,0.24497488141059875,22.949752807617188,2.4356484413146973,0.116395004093647,0.24494622647762299,0.40260461006494164,0.40260461006494164,0.11366317246257518,11,0,2185,8,1.399217400468734,11,18,0.1998812072806984,0.199888200066962,0.19990311923129894,0.24482418596744537,0.013281160965561867,0.05424774890225871,0.01757446106156826,0.0006221655521882301,0.06221655521882301,0.12458125793606606,0,0,False,NOT_AVAILABLE_BOOLEAN_COSTMAP_VETO,1790648356512297150,1790648356512297150,43.720181,1.5478570712730289,975
976,9.759999999999836,1790648356600829773,22.949752807617188,2.4356484413146973,0.116395004093647,0.24494622647762299,22.952184677124023,2.4359331130981445,0.11651597172021866,0.24487604200839996,0.4028826003812235,0.4028826003812235,0.11377150940641423,11,0,2185,8,1.399217400468734,11,18,0.1998812072806984,0.199888200066962,0.19990311923129894,0.24457724392414093,0.013797307386994362,0.056412882758928265,0.01827573902700665,0.0007012779654383891,0.07012779654383891,0.12424832424128923,0,0,False,NOT_AVAILABLE_BOOLEAN_COSTMAP_VETO,1790648356600829773,1790648356600829773,44.121507,1.5797310043126345,976
977,9.769999999999836,1790648356693593667,22.952184677124023,2.4359331130981445,0.11651597172021866,0.24487604200839996,22.95461654663086,2.436217784881592,0.11663692444562912,0.24488936364650726,0.40316059069750537,0.40316059069750537,0.11387980093937378,12,0,2185,8,1.3992427268555405,12,19,0.1998812072806984,0.19989181812222007,0.19990668052779875,0.2451561838388443,0.013390282168984413,0.05461939388723166,0.017694836594307452,-0.0005809024326991971,-0.05809024326991971,0.1239153993548367,0,0,False,NOT_AVAILABLE_BOOLEAN_COSTMAP_VETO,1790648356693593667,1790648356693593667,21.588627,2.2958170156925917,977
978,9.779999999999836,1790648356763224309,22.95461654663086,2.436217784881592,0.11663692444562912,0.24488936364650726,22.957048416137695,2.4365029335021973,0.11675788462162018,0.2449207454919815,0.40343905784914585,0.40343905784914585,0.11398806941487738,12,0,2185,8,1.3992427268555405,12,19,0.1998812072806984,0.19989181812222007,0.19990668052779875,0.24554923176765442,0.012905988842248917,0.05255967917041144,0.017027690178159888,-0.0006671464161475647,-0.06671464161475647,0.12358199752294458,0,0,False,NOT_AVAILABLE_BOOLEAN_COSTMAP_VETO,1790648356763224309,1790648356763224309,22.600435,1.5840500127524137,978
979,9.789999999999836,1790648356829794342,22.957048416137695,2.4365029335021973,0.11675788462162018,0.2449207454919815,22.95948028564453,2.436788320541382,0.11687886714935303,0.24497082829475403,0.4037177634184664,0.4037177634184664,0.114096329735768,12,0,2185,8,1.3992427268555405,12,19,0.1998812072806984,0.19989181812222007,0.19990668052779875,0.24597413837909698,0.012275313027203083,0.04990489288058523,0.01616777640994698,-0.0008599137682129068,-0.08599137682129068,0.12324835122161487,0,0,False,NOT_AVAILABLE_BOOLEAN_COSTMAP_VETO,1790648356829794342,1790648356829794342,23.889276,1.9361900631338358,979
980,9.799999999999836,1790648356897811077,22.95948028564453,2.436788320541382,0.11687886714935303,0.24497082829475403,22.9619140625,2.4370741844177246,0.11699987202882767,0.24503128230571747,0.40399694058362173,0.40399694058362173,0.11420457187708477,12,0,2185,8,1.3992427268555405,12,19,0.1998812072806984,0.19989181812222007,0.19990668052779875,0.24624207615852356,0.011328388005495071,0.04600508646703491,0.014904544258396187,-0.001263232151550794,-0.1263232151550794,0.12291422203456265,0,0,False,NOT_AVAILABLE_BOOLEAN_COSTMAP_VETO,1790648356897811077,1790648356897811077,22.562034,1.4707670779898763,980
981,9.809999999999835,1790648356964245265,22.9619140625,2.4370741844177246,0.11699987202882767,0.24503128230571747,22.96434783935547,2.4373602867126465,0.11712091416120529,0.24509257078170776,0.4042763561664567,0.4042763561664567,0.11431282067136062,12,0,2185,8,1.3992427268555405,12,19,0.1998812072806984,0.19989181812222007,0.19990668052779875,0.24632027745246887,0.010191346518695354,0.04137437089669536,0.013404493271074125,-0.001500050987322062,-0.1500050987322062,0.12257984243955561,0,0,False,NOT_AVAILABLE_BOOLEAN_COSTMAP_VETO,1790648356964245265,1790648356964245265,22.080866,1.4281419571489096,981
982,9.819999999999835,1790648357028469270,22.96434783935547,2.4373602867126465,0.11712091416120529,0.24509257078170776,22.966781616210938,2.4376468658447266,0.11724197864532471,0.24514298141002655,0.40455624858465067,0.40455624858465067,0.11442106131705776,12,0,2185,8,1.3992427268555405,12,19,0.1998812072806984,0.19989181812222007,0.19990668052779875,0.2461526095867157,0.009058431722223759,0.03680006373864022,0.011922655685145347,-0.0014818375859287775,-0.14818375859287775,0.12224497996412537,0,0,False,NOT_AVAILABLE_BOOLEAN_COSTMAP_VETO,1790648357028469270,1790648357028469270,21.021152,1.8703319365158677,982
983,9.829999999999835,1790648357092486581,22.966781616210938,2.4376468658447266,0.11724197864532472,0.24514298141002655,22.96921730041504,2.4379336833953857,0.11736306548118591,0.2451721876859665,0.404836374181,0.404836374181,0.11452928366837778,12,0,2185,8,1.3992427268555405,12,19,0.1998812072806984,0.19989181812222007,0.19990668052779875,0.24575720727443695,0.008112289942800999,0.03300936738649544,0.010694627281716907,-0.0012280284034284408,-0.12280284034284407,0.12190987302915185,0,0,False,NOT_AVAILABLE_BOOLEAN_COSTMAP_VETO,1790648357092486581,1790648357092486581,20.492687,1.42593402415514,983
984,9.839999999999835,1790648357155020805,22.96921730041504,2.4379336833953857,0.11736306548118591,0.2451721876859665,22.97165298461914,2.438220977783203,0.11748415976762772,0.24517351388931274,0.40511697661270885,0.40511697661270885,0.1146374828764638,12,0,2185,8,1.3992427268555405,12,19,0.1998812072806984,0.19989181812222007,0.19990668052779875,0.24520020186901093,0.007425052113831043,0.030281590542073047,0.009810920542866848,-0.000883706738850059,-0.0883706738850059,0.12157428916040053,0,0,False,NOT_AVAILABLE_BOOLEAN_COSTMAP_VETO,1790648357155020805,1790648357155020805,20.208582,1.4546070015057921,984
985,9.849999999999834,1790648357220574709,22.97165298461914,2.438220977783203,0.11748415976762772,0.24517351388931274,22.97408676147461,2.4385082721710205,0.11760521680116653,0.24505557119846344,0.40539758428394107,0.40539758428394107,0.11474562433657143,12,0,2185,8,1.3992427268555405,12,19,0.1998812072806984,0.19989181812222007,0.19990668052779875,0.24455343186855316,0.007053269073367119,0.028841423403774734,0.009344349200240418,-0.00046657134262642966,-0.046657134262642966,0.1212387230213478,0,0,False,NOT_AVAILABLE_BOOLEAN_COSTMAP_VETO,1790648357220574709,1790648357220574709,20.811097,1.4285260112956166,985
986,9.859999999999834,1790648357283337580,22.97408676147461,2.4385082721710205,0.11760521680116653,0.24505557119846344,22.976518630981445,2.438795804977417,0.11772621423006058,0.2448398470878601,0.4056784356123775,0.4056784356123775,0.11485368581980726,12,0,2185,8,1.3992427268555405,12,19,0.1998812072806984,0.19989181812222007,0.19990668052779875,0.2439213991165161,0.006940840743482113,0.028455235041377487,0.00921923495040691,-0.00012511424983350887,-0.012511424983350887,0.12090294510347704,0,0,False,NOT_AVAILABLE_BOOLEAN_COSTMAP_VETO,1790648357283337580,1790648357283337580,20.04957,1.5174249419942498,986
987,9.869999999999834,1790648357345389484,22.976518630981445,2.438795804977417,0.11772621423006058,0.2448398470878601,22.97894859313965,2.4390833377838135,0.11784705519676208,0.24456408619880676,0.4059592921803376,0.4059592921803376,0.11496157059187295,12,0,2185,8,1.3992427268555405,12,19,0.1998812072806984,0.19989181812222007,0.19990668052779875,0.24338997900485992,0.00702020525932312,0.028843444122171286,0.009345003855831098,0.0001257689054241888,0.012576890542418881,0.12056723243823936,0,0,False,NOT_AVAILABLE_BOOLEAN_COSTMAP_VETO,1790648357345389484,1790648357345389484,17.566225,1.518577104434371,987
988,9.879999999999834,1790648357404963516,22.97894859313965,2.4390833377838135,0.11784705519676208,0.24456408619880676,22.98137664794922,2.43937087059021,0.11796779930591583,0.2442684769630432,0.4062401539878216,0.4062401539878216,0.11506933818168497,12,0,2185,8,1.3992427268555405,12,19,0.1998812072806984,0.19989181812222007,0.19990668052779875,0.24300986528396606,0.007227045018225908,0.029739718631508386,0.009635370641751418,0.0002903667859203204,0.029036678592032038,0.1202315612526747,0,0,False,NOT_AVAILABLE_BOOLEAN_COSTMAP_VETO,1790648357404963516,1790648357404963516,18.767928,1.4893600018694997,988
989,9.889999999999834,1790648357464439786,22.98137664794922,2.43937087059021,0.11796779930591582,0.2442684769630432,22.983800888061523,2.4396584033966064,0.11808834969997406,0.24398325383663177,0.40652102627435355,0.40652102627435355,0.11517690214650544,12,0,2185,8,1.3992427268555405,12,19,0.1998812072806984,0.19989181812222007,0.19990668052779875,0.24276891350746155,0.007450237404555082,0.030688597221596486,0.009942777843041616,0.0003074072012901972,0.030740720129019718,0.1198959701524222,0,0,False,NOT_AVAILABLE_BOOLEAN_COSTMAP_VETO,1790648357464439786,1790648357464439786,17.577618,1.4336769236251712,989
990,9.899999999999833,1790648357522319973,22.983800888061523,2.4396584033966064,0.11808834969997406,0.24398325383663177,22.986223220825195,2.439945936203003,0.11820881068706512,0.2437230795621872,0.40680190380040937,0.40680190380040937,0.11528435662323444,12,0,2185,8,1.3992427268555405,12,19,0.1998812072806984,0.19989181812222007,0.19990668052779875,0.24261532723903656,0.007604015991091728,0.03134186152880555,0.010154414106528932,0.00021163626348731646,0.021163626348731646,0.11956041754493024,0,0,False,NOT_AVAILABLE_BOOLEAN_COSTMAP_VETO,1790648357522319973,1790648357522319973,18.749656,1.4446539571508765,990
991,9.909999999999833,1790648357581531178,22.986223220825195,2.439945936203003,0.11820881068706512,0.2437230795621872,22.9886417388916,2.4402332305908203,0.11832911521196365,0.2434941679239273,0.4070825533878341,0.4070825533878341,0.11539164501974053,12,0,2185,8,1.3992427268555405,12,19,0.1998812072806984,0.19989181812222007,0.19990668052779875,0.2425195276737213,0.0076645612716674805,0.03160389328309742,0.010239303567795944,8.488946126701188e-05,0.008488946126701188,0.1192251685712204,0,0,False,NOT_AVAILABLE_BOOLEAN_COSTMAP_VETO,1790648357581531178,1790648357581531178,16.95267,1.386445015668869,991
992,9.919999999999833,1790648357638355779,22.9886417388916,2.4402332305908203,0.11832911521196365,0.2434941679239273,22.991058349609375,2.440520763397217,0.11844934523105621,0.24329537153244019,0.40736344663246216,0.40736344663246216,0.11549883897271318,12,0,2185,8,1.3992427268555405,12,19,0.1998812072806984,0.19989181812222007,0.19990668052779875,0.24244895577430725,0.007638975046575069,0.031507560105501535,0.010208094880542364,-3.120868725358002e-05,-0.0031208687253580017,0.11888971371800688,0,0,False,NOT_AVAILABLE_BOOLEAN_COSTMAP_VETO,1790648357638355779,1790648357638355779,17.112515,1.4157900586724281,992
993,9.929999999999833,1790648357695696557,22.991058349609375,2.440520763397217,0.11844934523105621,0.24329537153244019,22.993473052978516,2.4408082962036133,0.11856945604085922,0.243123859167099,0.40764434511661396,0.40764434511661396,0.11560589395184184,12,0,2185,8,1.3992427268555405,12,19,0.1998812072806984,0.19989181812222007,0.19990668052779875,0.2423935979604721,0.0075427209958434105,0.031117657641574453,0.010081779483639183,-0.00012631539690318057,-0.012631539690318057,0.11855430921589799,0,0,False,NOT_AVAILABLE_BOOLEAN_COSTMAP_VETO,1790648357695696557,1790648357695696557,17.491472,1.4018689980730414,993
994,9.939999999999833,1790648357753564423,22.993473052978516,2.4408082962036133,0.11856945604085922,0.243123859167099,22.995885848999023,2.441096067428589,0.11868951469659805,0.2429802268743515,0.4079254872579691,0.4079254872579691,0.11571287708530331,12,0,2185,8,1.3992427268555405,12,19,0.1998812072806984,0.19989181812222007,0.19990668052779875,0.2423686683177948,0.0073875077068805695,0.030480456727987788,0.009875346944578778,-0.00020643253906040514,-0.020643253906040514,0.11821868991522305,0,0,False,NOT_AVAILABLE_BOOLEAN_COSTMAP_VETO,1790648357753564423,1790648357753564423,16.920253,1.3872759882360697,994
995,9.949999999999832,1790648357810961362,22.995885848999023,2.441096067428589,0.11868951469659805,0.2429802268743515,22.99829864501953,2.4413838386535645,0.11880949139595032,0.2428688406944275,0.4082066293993248,0.4082066293993248,0.11581974820812091,12,0,2185,8,1.3992427268555405,12,19,0.1998812072806984,0.19989181812222007,0.19990668052779875,0.24239462614059448,0.007175451144576073,0.02960235240699662,0.009590868097842271,-0.00028447884673650677,-0.028447884673650677,0.11788310610789504,0,0,False,NOT_AVAILABLE_BOOLEAN_COSTMAP_VETO,1790648357810961362,1790648357810961362,17.439437,1.3394990237429738,995
996,9.959999999999832,1790648357868103925,22.99829864501953,2.4413838386535645,0.11880949139595032,0.2428688406944275,23.000709533691406,2.441671848297119,0.1189294382929802,0.24279427528381348,0.40848801519788375,0.40848801519788375,0.11592657003660456,12,0,2185,8,1.3992427268555405,12,19,0.1998812072806984,0.19989181812222007,0.19990668052779875,0.24247677624225616,0.006924960762262344,0.02855927429249424,0.009252940792314415,-0.0003379273055278565,-0.03379273055278565,0.11754729858786311,0,0,False,NOT_AVAILABLE_BOOLEAN_COSTMAP_VETO,1790648357868103925,1790648357868103925,17.033281,1.3701239367946982,996
997,9.969999999999832,1790648357925195319,23.000709533691406,2.441671848297119,0.1189294382929802,0.24279427528381348,23.00312042236328,2.441960096359253,0.11904934793710709,0.24275828897953033,0.4087696394141222,0.4087696394141222,0.11603332455779292,12,0,2185,8,1.3992427268555405,12,19,0.1998812072806984,0.19989181812222007,0.19990668052779875,0.2426050454378128,0.006674074102193117,0.02751003834297374,0.008913016393419414,-0.0003399243988950005,-0.03399243988950005,0.11721127032243944,0,0,False,NOT_AVAILABLE_BOOLEAN_COSTMAP_VETO,1790648357925195319,1790648357925195319,18.7686,1.4323339564725757,997
998,9.979999999999832,1790648357984297624,23.00312042236328,2.441960096359253,0.1190493479371071,0.24275828897953033,23.005531311035156,2.442248582839966,0.11916925013065338,0.24275873601436615,0.4090515020480402,0.4090515020480402,0.11614004167696201,12,0,2185,8,1.3992427268555405,12,19,0.1998812072806984,0.19989181812222007,0.19990668052779875,0.24276763200759888,0.006427132058888674,0.02647441920382326,0.008577501456824005,-0.00033551493659540917,-0.03355149365954092,0.11687500943544532,0,0,False,NOT_AVAILABLE_BOOLEAN_COSTMAP_VETO,1790648357984297624,1790648357984297624,17.985919,1.7382309306412935,998
999,9.989999999999831,1790648358043390298,23.005531311035156,2.442248582839966,0.11916925013065337,0.24275873601436615,23.00794219970703,2.442537307739258,0.11928915232419968,0.242768332362175,0.4093336030996383,0.4093336030996383,0.11624672889745158,12,0,2185,8,1.3992427268555405,12,19,0.1998812072806984,0.19989181812222007,0.19990668052779875,0.2429606318473816,0.006169152446091175,0.025391572285531412,0.008226683826089137,-0.00035081763073486864,-0.035081763073486864,0.11653851295865908,0,0,False,NOT_AVAILABLE_BOOLEAN_COSTMAP_VETO,1790648358043390298,1790648358043390298,18.306761,1.7433830071240664,999
1000,9.999999999999831,1790648358102762564,23.00794219970703,2.442537307739258,0.11928915232419968,0.242768332362175,23.010353088378906,2.442826509475708,0.11940906196832657,0.24278756976127625,0.40961618098659497,0.40961618098659497,0.11635339356935415,12,0,2185,8,1.3992427268555405,12,19,0.1998812072806984,0.19989181812222007,0.19990668052779875,0.24317282438278198,0.005907686892896891,0.02429419038863287,0.007871155129198606,-0.00035552869689053045,-0.035552869689053045,0.11620153950598294,0,0,False,NOT_AVAILABLE_BOOLEAN_COSTMAP_VETO,1790648358102762564,1790648358102762564,19.200453,1.8244740786030889,1000
1001,10.009999999999831,1790648358163050764,23.010353088378906,2.442826509475708,0.11940906196832657,0.24278756976127625,23.01276397705078,2.4431159496307373,0.11952898651361465,0.2428160458803177,0.40989899729123114,0.40989899729123114,0.11646004319589309,12,0,2185,8,1.3992427268555405,12,19,0.1998812072806984,0.19989181812222007,0.19990668052779875,0.24338646233081818,0.005646005272865295,0.023197696448667204,0.007515912124213034,-0.00035524300498557173,-0.03552430049855717,0.11586432452918122,0,0,False,NOT_AVAILABLE_BOOLEAN_COSTMAP_VETO,1790648358163050764,1790648358163050764,16.899356,1.4327820390462875,1001
1002,10.01999999999983,1790648358220138541,23.01276397705078,2.4431159496307373,0.11952898651361467,0.2428160458803177,23.015174865722656,2.4434056282043457,0.11964891850948334,0.24285297095775604,0.4101820520135465,0.4101820520135465,0.11656667022518974,12,0,2185,8,1.3992427268555405,12,19,0.1998812072806984,0.19989181812222007,0.19990668052779875,0.24359259009361267,0.005393113940954208,0.022139893249140435,0.00717320237821393,-0.0003427097459991046,-0.03427097459991046,0.11552687099784958,0,0,False,NOT_AVAILABLE_BOOLEAN_COSTMAP_VETO,1790648358220138541,1790648358220138541,19.054497,1.7884409753605723,1002
1003,10.02999999999983,1790648358280053609,23.015174865722656,2.4434056282043457,0.11964891850948335,0.24285297095775604,23.01758575439453,2.443695545196533,0.11976888030767441,0.24289725720882416,0.41046534515354177,0.41046534515354177,0.11667329721626452,12,0,2185,8,1.3992427268555405,12,19,0.1998812072806984,0.19989181812222007,0.19990668052779875,0.24378418922424316,0.005156227387487888,0.02115078670153202,0.006852747620596114,-0.0003204547576178161,-0.03204547576178161,0.1151891700101692,0,0,False,NOT_AVAILABLE_BOOLEAN_COSTMAP_VETO,1790648358280053609,1790648358280053609,29.275528,1.323819044046104,1003
1004,10.03999999999983,1790648358349531543,23.01758575439453,2.443695545196533,0.11976888030767441,0.24289725720882416,23.019996643066406,2.443985939025879,0.11988885700702667,0.2429472655057907,0.4107491151288962,0.4107491151288962,0.11677990927028814,12,0,2185,8,1.3992427268555405,12,19,0.1998812072806984,0.19989181812222007,0.19990668052779875,0.24394884705543518,0.0049431826919317245,0.02026319349977674,0.006565180369056755,-0.00028756725153935864,-0.028756725153935864,0.11485098908536634,0,0,False,NOT_AVAILABLE_BOOLEAN_COSTMAP_VETO,1790648358349531543,1790648358349531543,29.236263,1.3370990054681897,1004
1005,10.04999999999983,1790648358419335151,23.019996643066406,2.443985939025879,0.11988885700702667,0.2429472655057907,23.022409439086914,2.4442765712738037,0.12000887095928192,0.24300216138362885,0.4110331182824058,0.4110331182824058,0.11688651786014281,12,0,2185,8,1.3992427268555405,12,19,0.1998812072806984,0.19989181812222007,0.19990668052779875,0.2441016286611557,0.004740297794342041,0.01941936160091001,0.006291790133805314,-0.0002733902352514408,-0.02733902352514408,0.11451255774178665,0,0,False,NOT_AVAILABLE_BOOLEAN_COSTMAP_VETO,1790648358419335151,1790648358419335151,29.352618,1.358603942207992,1005
1006,10.05999999999983,1790648358490123942,23.022409439086914,2.4442765712738037,0.12000887095928192,0.24300216138362885,23.024822235107422,2.4445676803588867,0.12012889981269836,0.24306070804595947,0.41131759827127456,0.41131759827127456,0.11699311136514456,12,0,2185,8,1.3992427268555405,12,19,0.1998812072806984,0.19989181812222007,0.19990668052779875,0.24423354864120483,0.004542839247733355,0.01860038996692909,0.006026453391698189,-0.00026533674210712545,-0.026533674210712545,0.11417364646563194,0,0,False,NOT_AVAILABLE_BOOLEAN_COSTMAP_VETO,1790648358490123942,1790648358490123942,31.667444,1.637237030081451,1006
1007,10.06999999999983,1790648358563854076,23.024822235107422,2.4445676803588867,0.12012889981269836,0.24306070804595947,23.02723503112793,2.444859027862549,0.12024897336959839,0.2431214153766632,0.4116023166778234,0.4116023166778234,0.11709971969335031,12,0,2185,8,1.3992427268555405,12,19,0.1998812072806984,0.19989181812222007,0.19990668052779875,0.2443375289440155,0.0043413760140538216,0.017767945975456563,0.005756750901949399,-0.0002697024897487894,-0.02697024897487894,0.11383448180933592,0,0,False,NOT_AVAILABLE_BOOLEAN_COSTMAP_VETO,1790648358563854076,1790648358563854076,31.608082,1.3610349269583821,1007
1008,10.07999999999983,1790648358637216645,23.02723503112793,2.444859027862549,0.12024897336959839,0.2431214153766632,23.02964973449707,2.445150852203369,0.1203690618276596,0.2431829869747162,0.411887506680207,0.411887506680207,0.11720630219495698,12,0,2185,8,1.3992427268555405,12,19,0.1998812072806984,0.19989181812222007,0.19990668052779875,0.24441620707511902,0.004139462951570749,0.016936123021901426,0.0054872487849301,-0.0002695021170192992,-0.026950211701929922,0.11349483722536807,0,0,False,NOT_AVAILABLE_BOOLEAN_COSTMAP_VETO,1790648358637216645,1790648358637216645,31.549713,1.4512460911646485,1008
1009,10.08999999999983,1790648358712222724,23.02964973449707,2.445150852203369,0.1203690618276596,0.2431829869747162,23.03206443786621,2.4454429149627686,0.1204891949892044,0.24324406683444977,0.4121729351002702,0.4121729351002702,0.11731289937171185,12,0,2185,8,1.3992427268555405,12,19,0.1998812072806984,0.19989181812222007,0.19990668052779875,0.24446767568588257,0.003939121030271053,0.016113054698210675,0.005220582293618862,-0.0002666664913112378,-0.026666649131123783,0.1131549392675783,0,0,False,NOT_AVAILABLE_BOOLEAN_COSTMAP_VETO,1790648358712222724,1790648358712222724,31.576594,1.4247169019654393,1009
1010,10.09999999999983,1790648358787577805,23.03206443786621,2.4454429149627686,0.12048919498920439,0.24324406683444977,23.03447914123535,2.445735454559326,0.1206093430519104,0.24330364167690277,0.412458840355692,0.412458840355692,0.11741948142293834,12,0,2185,8,1.3992427268555405,12,19,0.1998812072806984,0.19989181812222007,0.19990668052779875,0.2444968968629837,0.003754585050046444,0.01535637097329099,0.004975423139679429,-0.00024515915393943325,-0.024515915393943325,0.11281456138702745,0,0,False,NOT_AVAILABLE_BOOLEAN_COSTMAP_VETO,1790648358787577805,1790648358787577805,31.553201,1.4318219618871808,1010
1011,10.109999999999829,1790648358862931479,23.03447914123535,2.445735454559326,0.1206093430519104,0.24330364167690277,23.036893844604492,2.446028232574463,0.12072953581809998,0.24336060881614685,0.41274498402879395,0.41274498402879395,0.11752607815260374,12,0,2185,8,1.3992427268555405,12,19,0.1998812072806984,0.19989181812222007,0.19990668052779875,0.24450169503688812,0.0035883947275578976,0.014676359307106293,0.00475510457592415,-0.00022031856375527917,-0.022031856375527917,0.11247393013897983,0,0,False,NOT_AVAILABLE_BOOLEAN_COSTMAP_VETO,1790648358862931479,1790648358862931479,31.714806,1.4375499449670315,1011
1012,10.119999999999829,1790648358938296032,23.036893844604492,2.446028232574463,0.12072953581809998,0.24336060881614685,23.039310455322266,2.446321487426758,0.12084974348545074,0.24341392517089844,0.4130315992977302,0.4130315992977302,0.11763264881382085,12,0,2185,8,1.3992427268555405,12,19,0.1998812072806984,0.19989181812222007,0.19990668052779875,0.24448172748088837,0.0034379104617983103,0.014062034399143629,0.004556067620486614,-0.00019903695543753604,-0.019903695543753604,0.11213281897308719,0,0,False,NOT_AVAILABLE_BOOLEAN_COSTMAP_VETO,1790648358938296032,1790648358938296032,34.468046,1.381163951009512,1012
1013,10.129999999999828,1790648359016451107,23.039310455322266,2.446321487426758,0.12084974348545074,0.24341392517089844,23.04172706604004,2.446614980697632,0.1209699809551239,0.24346263706684113,0.4133184529843466,0.4133184529843466,0.11773921941837484,12,0,2185,8,1.3992427268555405,12,19,0.1998812072806984,0.19989181812222007,0.19990668052779875,0.24443842470645905,0.003290531225502491,0.013461595612285673,0.004361529321802788,-0.0001945382986838261,-0.01945382986838261,0.11179146037785531,0,0,False,NOT_AVAILABLE_BOOLEAN_COSTMAP_VETO,1790648359016451107,1790648359016451107,34.583154,1.5155680011957884,1013
1014,10.139999999999828,1790648359095450561,23.04172706604004,2.446614980697632,0.12096998095512392,0.24346263706684113,23.044143676757812,2.446908950805664,0.12109024077653885,0.24350619316101074,0.4136057835063225,0.4136057835063225,0.11784578230729359,12,0,2185,8,1.3992427268555405,12,19,0.1998812072806984,0.19989181812222007,0.19990668052779875,0.2443787008523941,0.003139105159789324,0.012845248578702275,0.004161836510438442,-0.00019969281136434595,-0.019969281136434595,0.1114496189032545,0,0,False,NOT_AVAILABLE_BOOLEAN_COSTMAP_VETO,1790648359095450561,1790648359095450561,34.580369,1.4591820072382689,1014
1015,10.149999999999828,1790648359174300218,23.044143676757812,2.446908950805664,0.12109024077653885,0.24350619316101074,23.046560287475586,2.4472031593322754,0.12121052294969559,0.24354448914527893,0.4138933524459769,0.4138933524459769,0.11795233727033105,12,0,2185,8,1.3992427268555405,12,19,0.1998812072806984,0.19989181812222007,0.19990668052779875,0.24431149661540985,0.002980557270348072,0.012199824042828423,0.0039527224039504994,-0.00020911410648794242,-0.020911410648794242,0.11110753297015047,0,0,False,NOT_AVAILABLE_BOOLEAN_COSTMAP_VETO,1790648359174300218,1790648359174300218,34.396684,1.4203659957274795,1015
1016,10.159999999999828,1790648359254163060,23.046560287475586,2.4472031593322754,0.12121052294969559,0.24354448914527893,23.048978805541992,2.447497844696045,0.12133082002401352,0.24357764422893524,0.41418139298146694,0.41418139298146694,0.11805886645158337,12,0,2185,8,1.3992427268555405,12,19,0.1998812072806984,0.19989181812222007,0.19990668052779875,0.24424178898334503,0.0028166999109089375,0.01153242417128303,0.0037364880426016675,-0.00021623436134883198,-0.021623436134883198,0.11076496712763112,0,0,False,NOT_AVAILABLE_BOOLEAN_COSTMAP_VETO,1790648359254163060,1790648359254163060,34.480911,2.325257984921336,1016
1017,10.169999999999828,1790648359335264085,23.048978805541992,2.447497844696045,0.12133082002401352,0.24357764422893524,23.0513973236084,2.4477927684783936,0.12145113199949265,0.24360592663288116,0.41446883313278393,0.41446883313278393,0.11816268206299663,12,0,2185,8,1.3992427268555405,12,19,0.1998812072806984,0.19989181812222007,0.19990668052779875,0.24417230486869812,0.0026465817354619503,0.01083899231276508,0.0035118190723248963,-0.00022466897027677117,-0.022466897027677117,0.1104221597960306,0,0,False,NOT_AVAILABLE_BOOLEAN_COSTMAP_VETO,1790648359335264085,1790648359335264085,23.494095,1.444685971364379,1017
1018,10.179999999999827,1790648359404504155,23.0513973236084,2.4477927684783936,0.12145113199949265,0.24360592663288116,23.053815841674805,2.4480881690979004,0.12157145887613297,0.24362966418266296,0.41475483085902004,0.41475483085902004,0.11826917294522987,12,0,2185,8,1.3992427268555405,12,19,0.1998812072806984,0.19989181812222007,0.19990668052779875,0.24410510063171387,0.0024687470868229866,0.010113459655018161,0.0032767492005969325,-0.00023506987172796376,-0.023506987172796374,0.11007887255852661,0,0,False,NOT_AVAILABLE_BOOLEAN_COSTMAP_VETO,1790648359404504155,1790648359404504155,24.238856,1.4415510231629014,1018
1019,10.189999999999827,1790648359472675199,23.053815841674805,2.4480881690979004,0.12157145887613295,0.24362966418266296,23.05623435974121,2.4483838081359863,0.12169179320335388,0.24364922940731049,0.41504106700203447,0.41504106700203447,0.11837564116276633,12,0,2185,8,1.3992427268555405,12,19,0.1998812072806984,0.19989181812222007,0.19990668052779875,0.24404115974903107,0.0022863878402858973,0.009368861558587864,0.003035501821635657,-0.00024124737896127554,-0.024124737896127554,0.10973534680030433,0,0,False,NOT_AVAILABLE_BOOLEAN_COSTMAP_VETO,1790648359472675199,1790648359472675199,22.026433,1.3738040579482913,1019
1020,10.199999999999827,1790648359537866275,23.05623435974121,2.4483838081359863,0.12169179320335388,0.24364922940731049,23.058652877807617,2.4486796855926514,0.1218121349811554,0.24366499483585358,0.41532754156182633,0.41532754156182633,0.11848208671790372,12,0,2185,8,1.3992427268555405,12,19,0.1998812072806984,0.19989181812222007,0.19990668052779875,0.24398073554039001,0.002103193663060665,0.00862032675818575,0.002792978607205984,-0.00024252321442967293,-0.02425232144296729,0.10939158252258946,0,0,False,NOT_AVAILABLE_BOOLEAN_COSTMAP_VETO,1790648359537866275,1790648359537866275,21.556529,1.318443100899458,1020
1021,10.209999999999827,1790648359600687644,23.058652877807617,2.4486796855926514,0.12181213498115541,0.24366499483585358,23.061071395874023,2.4489758014678955,0.1219324916601181,0.2436773031949997,0.41561425453839645,0.41561425453839645,0.11858851706509377,12,0,2185,8,1.3992427268555405,12,19,0.1998812072806984,0.19989181812222007,0.19990668052779875,0.24392396211624146,0.0019239538814872503,0.007887514882897786,0.0025555492587567125,-0.00023742934844927155,-0.023742934844927153,0.10904757676211146,0,0,False,NOT_AVAILABLE_BOOLEAN_COSTMAP_VETO,1790648359600687644,1790648359600687644,20.607923,1.4102529967203736,1021
1022,10.219999999999827,1790648359662573943,23.061071395874023,2.4489758014678955,0.1219324916601181,0.2436773031949997,23.06348991394043,2.449272394180298,0.12205284833908081,0.2436864823102951,0.41590144434852294,0.41590144434852294,0.11869491730411452,12,0,2185,8,1.3992427268555405,12,19,0.1998812072806984,0.19989181812222007,0.19990668052779875,0.24387049674987793,0.001752172247506678,0.007184847166255486,0.0023278862768767805,-0.00022766298187993196,-0.022766298187993195,0.10870309703068609,0,0,False,NOT_AVAILABLE_BOOLEAN_COSTMAP_VETO,1790648359662573943,1790648359662573943,20.269512,1.4323970535770059,1022
1023,10.229999999999826,1790648359725192105,23.06348991394043,2.449272394180298,0.12205284833908081,0.2436864823102951,23.065908432006836,2.4495692253112793,0.12217321246862411,0.24370388686656952,0.4161888725754272,0.4161888725754272,0.11880129489319691,12,0,2185,8,1.3992427268555405,12,19,0.1998812072806984,0.19989181812222007,0.19990668052779875,0.24405266344547272,0.0018055043183267117,0.007398011121194361,0.002396951012796288,6.906473591950738e-05,0.006906473591950738,0.10835837878344473,0,0,False,NOT_AVAILABLE_BOOLEAN_COSTMAP_VETO,1790648359725192105,1790648359725192105,21.990079,1.3678519753739238,1023
1024,10.239999999999826,1790648359788877534,23.065908432006836,2.4495692253112793,0.12217321246862411,0.24370388686656952,23.068326950073242,2.449866533279419,0.12229358404874802,0.24372853338718414,0.41647677763588725,0.41647677763588725,0.11890764983664193,12,0,2185,8,1.3992427268555405,12,19,0.1998812072806984,0.19989181812222007,0.19990668052779875,0.24422229826450348,0.0019141418160870671,0.007837702903008338,0.002539410282009696,0.00014245926921340824,0.014245926921340824,0.10801318360303441,0,0,False,NOT_AVAILABLE_BOOLEAN_COSTMAP_VETO,1790648359788877534,1790648359788877534,20.836506,1.8034500535577536,1024
1025,10.249999999999826,1790648359852153253,23.068326950073242,2.449866533279419,0.12229358404874802,0.24372853338718414,23.07074546813965,2.4501640796661377,0.12241397798061371,0.24376080930233002,0.4167649211131261,0.4167649211131261,0.11901399703991355,12,0,2185,8,1.3992427268555405,12,19,0.1998812072806984,0.19989181812222007,0.19990668052779875,0.24440719187259674,0.0020925826393067837,0.008561870144957084,0.002774038811265258,0.00023462852925556187,0.023462852925556187,0.1076677439816926,0,0,False,NOT_AVAILABLE_BOOLEAN_COSTMAP_VETO,1790648359852153253,1790648359852153253,31.583826,1.4214859111234546,1025
1026,10.259999999999826,1790648359925710229,23.07074546813965,2.4501640796661377,0.12241397798061371,0.24376080930233002,23.073165893554688,2.4504618644714355,0.12253437936306,0.24379953742027283,0.41705329559337123,0.41705329559337123,0.1191203105019305,12,0,2185,8,1.3992427268555405,12,19,0.1998812072806984,0.19989181812222007,0.19990668052779875,0.24457542598247528,0.0022565980907529593,0.00922659372538373,0.002989407461989129,0.00021536865072387112,0.021536865072387112,0.10732206584892506,0,0,False,NOT_AVAILABLE_BOOLEAN_COSTMAP_VETO,1790648359925710229,1790648359925710229,31.654484,1.3289389899000525,1026
1027,10.269999999999825,1790648359999485612,23.073165893554688,2.4504618644714355,0.12253437936306,0.24379953742027283,23.075586318969727,2.4507598876953125,0.12265481054782867,0.2438441514968872,0.41734190849039443,0.41734190849039443,0.11922662362874581,12,0,2185,8,1.3992427268555405,12,19,0.1998812072806984,0.19989181812222007,0.19990668052779875,0.244737908244133,0.0023863851092755795,0.009750778399622068,0.0031592416908406097,0.00016983422885148052,0.01698342288514805,0.1069761403156721,0,0,False,NOT_AVAILABLE_BOOLEAN_COSTMAP_VETO,1790648359999485612,1790648359999485612,31.529873,1.2769049499183893,1027
1028,10.279999999999825,1790648360072689520,23.075586318969727,2.4507598876953125,0.12265481054782867,0.2438441514968872,23.078006744384766,2.4510583877563477,0.12277525663375854,0.24389390647411346,0.41763099822097416,0.41763099822097416,0.11933292153709019,12,0,2185,8,1.3992427268555405,12,19,0.1998812072806984,0.19989181812222007,0.19990668052779875,0.24489067494869232,0.0024735904298722744,0.010100794692940116,0.0032726457968874053,0.00011340410604679559,0.011340410604679559,0.1066297348926854,0,0,False,NOT_AVAILABLE_BOOLEAN_COSTMAP_VETO,1790648360072689520,1790648360072689520,31.596467,1.3299309648573399,1028
1029,10.289999999999825,1790648360147486152,23.078006744384766,2.4510583877563477,0.12277525663375856,0.24389390647411346,23.080427169799805,2.451357126235962,0.1228957399725914,0.24394813179969788,0.4179203263683314,0.4179203263683314,0.11943922656940842,12,0,2185,8,1.3992427268555405,12,19,0.1998812072806984,0.19989181812222007,0.19990668052779875,0.2450343817472458,0.0025305303279310465,0.010327245955799385,0.00334601520249763,7.336940561022487e-05,0.007336940561022487,0.10628307911108353,0,0,False,NOT_AVAILABLE_BOOLEAN_COSTMAP_VETO,1790648360147486152,1790648360147486152,31.694453,1.3302499428391457,1029
1030,10.299999999999825,1790648360222553256,23.080427169799805,2.451357126235962,0.1228957399725914,0.24394813179969788,23.082847595214844,2.4516563415527344,0.12301623821258545,0.24400608241558075,0.4182101313492451,0.4182101313492451,0.11954551637822641,12,0,2185,8,1.3992427268555405,12,19,0.1998812072806984,0.19989181812222007,0.19990668052779875,0.24516695737838745,0.0025725194718688726,0.010492928979407613,0.00339969589144936,5.368068895172983e-05,0.005368068895172983,0.10593594344434115,0,0,False,NOT_AVAILABLE_BOOLEAN_COSTMAP_VETO,1790648360222553256,1790648360222553256,31.823546,1.3080739881843328,1030
1031,10.309999999999825,1790648360297892593,23.082847595214844,2.4516563415527344,0.12301623821258545,0.24400608241558075,23.085269927978516,2.451955795288086,0.12313677370548248,0.2440674901008606,0.4185001673331652,0.4185001673331652,0.11965180210362103,12,0,2185,8,1.3992427268555405,12,19,0.1998812072806984,0.19989181812222007,0.19990668052779875,0.2452974021434784,0.0026088575832545757,0.010635488025790885,0.0034458844813430155,4.618858989365558e-05,0.004618858989365558,0.10558855742464796,0,0,False,NOT_AVAILABLE_BOOLEAN_COSTMAP_VETO,1790648360297892593,1790648360297892593,31.684277,2.0400979556143284,1031
1032,10.319999999999824,1790648360374375167,23.085269927978516,2.451955795288086,0.12313677370548248,0.2440674901008606,23.087692260742188,2.4522557258605957,0.12325733155012131,0.24413207173347473,0.4187906801506419,0.4187906801506419,0.11975808003098498,12,0,2185,8,1.3992427268555405,12,19,0.1998812072806984,0.19989181812222007,0.19990668052779875,0.24542564153671265,0.0026479875668883324,0.010789368015127409,0.0034957409972743315,4.985651593131593e-05,0.004985651593131593,0.10524068856187058,0,0,False,NOT_AVAILABLE_BOOLEAN_COSTMAP_VETO,1790648360374375167,1790648360374375167,34.514768,1.305161975324154,1032
1033,10.329999999999824,1790648360452286618,23.087692260742188,2.4522557258605957,0.12325733155012131,0.24413207173347473,23.09011459350586,2.4525561332702637,0.12337793409824371,0.2441997081041336,0.41908166980167455,0.41908166980167455,0.11986437250265647,12,0,2185,8,1.3992427268555405,12,19,0.1998812072806984,0.19989181812222007,0.19990668052779875,0.2455543428659439,0.002690932946279645,0.01095860457963357,0.0035505729635457676,5.4831966271436106e-05,0.0054831966271436106,0.10489232797122766,0,0,False,NOT_AVAILABLE_BOOLEAN_COSTMAP_VETO,1790648360452286618,1790648360452286618,34.449773,2.160644973628223,1033
1034,10.339999999999824,1790648360533053809,23.09011459350586,2.4525561332702637,0.12337793409824371,0.2441997081041336,23.092538833618164,2.4528567790985107,0.12349855899810791,0.2442701905965805,0.41937289045571413,0.41937289045571413,0.11997064588411721,12,0,2185,8,1.3992427268555405,12,19,0.1998812072806984,0.19989181812222007,0.19990668052779875,0.24568188190460205,0.002735769608989358,0.0111354145766909,0.0036078586686955068,5.728570514973918e-05,0.005728570514973918,0.10454372296175113,0,0,False,NOT_AVAILABLE_BOOLEAN_COSTMAP_VETO,1790648360533053809,1790648360533053809,34.623251,1.3566510751843452,1034
1035,10.349999999999824,1790648360613021742,23.092538833618164,2.4528567790985107,0.12349855899810791,0.2442701905965805,23.09496307373047,2.453157901763916,0.12361922860145569,0.24434314668178558,0.41966458794330963,0.41966458794330963,0.12007693375720985,12,0,2185,8,1.3992427268555405,12,19,0.1998812072806984,0.19989181812222007,0.19990668052779875,0.24580462276935577,0.002776521258056164,0.011295642965435351,0.003659771981135772,5.1913312440265286e-05,0.005191331244026529,0.10419462623115433,0,0,False,NOT_AVAILABLE_BOOLEAN_COSTMAP_VETO,1790648360613021742,1790648360613021742,31.557937,1.365066971629858,1035
1036,10.359999999999824,1790648360690017612,23.09496307373047,2.453157901763916,0.12361922860145569,0.24434314668178558,23.097387313842773,2.4534595012664795,0.12373992800712585,0.24441803991794586,0.4199567622644612,0.4199567622644612,0.12018322125268766,12,0,2185,8,1.3992427268555405,12,19,0.1998812072806984,0.19989181812222007,0.19990668052779875,0.24591833353042603,0.002808372722938657,0.011419940443729435,0.003700043818742654,4.0271837606882e-05,0.0040271837606882,0.10384504370699793,0,0,False,NOT_AVAILABLE_BOOLEAN_COSTMAP_VETO,1790648360690017612,1790648360690017612,34.648628,1.3531309086829424,1036
1037,10.369999999999823,1790648360770134861,23.097387313842773,2.4534595012664795,0.12373992800712584,0.24441803991794586,23.09981346130371,2.453761339187622,0.1238606721162796,0.24449414014816284,0.42024916758862013,0.42024916758862013,0.12028951189011705,12,0,2185,8,1.3992427268555405,12,19,0.1998812072806984,0.19989181812222007,0.19990668052779875,0.24601851403713226,0.0028281270060688257,0.011495586082769236,0.003724552668026889,2.450884928423486e-05,0.002450884928423486,0.10349520788740935,0,0,False,NOT_AVAILABLE_BOOLEAN_COSTMAP_VETO,1790648360770134861,1790648360770134861,34.48059,1.4705760404467583,1037
1038,10.379999999999823,1790648360850336114,23.09981346130371,2.453761339187622,0.1238606721162796,0.24449414014816284,23.10223960876465,2.454063653945923,0.12398144602775574,0.24457062780857086,0.42054204974633475,0.42054204974633475,0.12039580213897372,12,0,2185,8,1.3992427268555405,12,19,0.1998812072806984,0.19989181812222007,0.19990668052779875,0.24610267579555511,0.0028362588491290808,0.011524697323832619,0.0037339845789563612,9.431910929472327e-06,0.0009431910929472327,0.10314488628066182,0,0,False,NOT_AVAILABLE_BOOLEAN_COSTMAP_VETO,1790648360850336114,1790648360850336114,34.507696,2.2918819449841976,1038
1039,10.389999999999823,1790648360932078727,23.10223960876465,2.454063653945923,0.12398144602775574,0.24457062780857086,23.10466766357422,2.4543662071228027,0.12410226464271545,0.24464675784111023,0.4208351629070564,0.4208351629070564,0.12050209538777557,12,0,2185,8,1.3992427268555405,12,19,0.1998812072806984,0.19989181812222007,0.19990668052779875,0.24617160856723785,0.0028343484736979008,0.011513709847347176,0.003730424686162539,-3.5598927938221454e-06,-0.00035598927938221454,0.1027943113856013,0,0,False,NOT_AVAILABLE_BOOLEAN_COSTMAP_VETO,1790648360932078727,1790648360932078727,34.534032,1.3465069932863116,1039
1040,10.399999999999823,1790648361011948961,23.10466766357422,2.4543662071228027,0.12410226464271547,0.24464675784111023,23.10709571838379,2.454669237136841,0.12422311305999756,0.24472194910049438,0.4211287529013338,0.4211287529013338,0.12060838820921482,12,0,2185,8,1.3992427268555405,12,19,0.1998812072806984,0.19989181812222007,0.19990668052779875,0.24622797966003418,0.0028244340792298317,0.011470808813561783,0.003716524943927783,-1.3899742234756238e-05,-0.0013899742234756238,0.10244325070979005,0,0,False,NOT_AVAILABLE_BOOLEAN_COSTMAP_VETO,1790648361011948961,1790648361011948961,34.468942,1.8265550024807453,1040
1041,10.409999999999823,1790648361092798426,23.10709571838379,2.454669237136841,0.12422311305999756,0.24472194910049438,23.10952377319336,2.454972505569458,0.12434400618076324,0.2447958141565323,0.4214225813123897,0.4214225813123897,0.12071469548102076,12,0,2185,8,1.3992427268555405,12,19,0.1998812072806984,0.19989181812222007,0.19990668052779875,0.24627548456192017,0.0028090381529182196,0.011406081112437941,0.0036955534568047055,-2.097148712307739e-05,-0.002097148712307739,0.10209193675279299,0,0,False,NOT_AVAILABLE_BOOLEAN_COSTMAP_VETO,1790648361092798426,1790648361092798426,34.550736,1.4150210190564394,1041
1042,10.419999999999822,1790648361172848346,23.10952377319336,2.454972505569458,0.12434400618076324,0.2447958141565323,23.111953735351562,2.4552762508392334,0.12446492910385132,0.24486811459064484,0.4217168791432304,0.4217168791432304,0.12082099080150543,12,0,2185,8,1.3992427268555405,12,19,0.1998812072806984,0.19989181812222007,0.19990668052779875,0.24631637334823608,0.0027895867824554443,0.011325218638679755,0.0036693543705836025,-2.6199086221102928e-05,-0.0026199086221102928,0.10174013702146095,0,0,False,NOT_AVAILABLE_BOOLEAN_COSTMAP_VETO,1790648361172848346,1790648361172848346,34.71007,1.3949249405413866,1042
1043,10.429999999999822,1790648361252990237,23.111953735351562,2.4552762508392334,0.12446492910385132,0.24486811459064484,23.114383697509766,2.455580472946167,0.12458589673042297,0.2449386864900589,0.4220116538076272,0.4220116538076272,0.12092730053357137,12,0,2185,8,1.3992427268555405,12,19,0.1998812072806984,0.19989181812222007,0.19990668052779875,0.24635234475135803,0.0027667132671922445,0.011230716192227324,0.0036387359867571206,-3.0618383826481934e-05,-0.0030618383826481934,0.10138784559750053,0,0,False,NOT_AVAILABLE_BOOLEAN_COSTMAP_VETO,1790648361252990237,1790648361252990237,34.52744,1.4274059794843197,1043
1044,10.439999999999822,1790648361332924057,23.114383697509766,2.455580472946167,0.12458589673042297,0.2449386864900589,23.11681365966797,2.455885171890259,0.12470687925815582,0.24497905373573303,0.42230690530558,0.42230690530558,0.12103359485112586,12,0,2185,8,1.3992427268555405,12,19,0.1998812072806984,0.19989181812222007,0.19990668052779875,0.24578770995140076,0.0038935267366468906,0.015841014741610766,0.00513244370956653,0.0014937077228094095,0.14937077228094095,0.10103507432641584,0,0,False,NOT_AVAILABLE_BOOLEAN_COSTMAP_VETO,1790648361332924057,1790648361332924057,65.489614,1.4322050847113132,1044
1045,10.449999999999822,1790648361443733552,23.11681365966797,2.455885171890259,0.12470687925815582,0.24497905373573303,23.119243621826172,2.4561901092529297,0.12482788413763046,0.24499517679214478,0.4226023952203108,0.4226023952203108,0.12113988123721775,12,0,2185,8,1.3992427268555405,12,19,0.1998812072806984,0.19989181812222007,0.19990668052779875,0.2453182488679886,0.00488510075956583,0.019913319869630308,0.00645182611490217,0.00131938240533564,0.131938240533564,0.10068205866835161,0,0,False,NOT_AVAILABLE_BOOLEAN_COSTMAP_VETO,1790648361443733552,1790648361443733552,46.543728,1.4034999767318368,1045
1046,10.459999999999821,1790648361538272095,23.119243621826172,2.4561901092529297,0.12482788413763045,0.24499517679214478,23.121673583984375,2.4564952850341797,0.1249488815665245,0.2449549436569214,0.42289812355181966,0.42289812355181966,0.1212461298939318,12,0,2185,8,1.3992427268555405,12,19,0.1998812072806984,0.19989181812222007,0.19990668052779875,0.24478361010551453,0.0058281272649765015,0.023809303500607226,0.007714061317668967,0.0012622352027667968,0.12622352027667968,0.1003288104657642,0,0,False,NOT_AVAILABLE_BOOLEAN_COSTMAP_VETO,1790648361538272095,1790648361538272095,46.289768,1.4415500918403268,1046
1047,10.469999999999821,1790648361631903472,23.121673583984375,2.4564952850341797,0.1249488815665245,0.2449549436569214,23.124103546142578,2.4568004608154297,0.12506982684135437,0.2448292374610901,0.42319385188332886,0.42319385188332886,0.12135229609383957,12,0,2185,8,1.3992427268555405,12,19,0.1998812072806984,0.19989181812222007,0.19990668052779875,0.24429403245449066,0.006818050518631935,0.027909197986250706,0.009042333694301042,0.0013282723766320746,0.13282723766320745,0.09997558589653249,0,0,False,NOT_AVAILABLE_BOOLEAN_COSTMAP_VETO,1790648361631903472,1790648361631903472,44.172133,1.4361100038513541,1047
1048,10.479999999999821,1790648361723600612,23.124103546142578,2.4568004608154297,0.12506982684135437,0.2448292374610901,23.12653160095215,2.457105875015259,0.12519071996212006,0.24464485049247742,0.4234898260453869,0.4234898260453869,0.1214583915172498,12,0,2185,8,1.3992427268555405,12,19,0.1998812072806984,0.19989181812222007,0.19990668052779875,0.24385979771614075,0.007872014306485653,0.032280902306205,0.010458630998511567,0.0014162973042105252,0.1416297304210525,0.09962214653901053,0,0,False,NOT_AVAILABLE_BOOLEAN_COSTMAP_VETO,1790648361723600612,1790648361723600612,44.749399,1.4100290136411786,1048
1049,10.48999999999982,1790648361816440253,23.12653160095215,2.457105875015259,0.12519071996212006,0.24464485049247742,23.128957748413086,2.457411289215088,0.125311478972435,0.24442943930625916,0.4237858076212156,0.4237858076212156,0.12156433428346025,12,0,2185,8,1.3992427268555405,12,19,0.1998812072806984,0.19989181812222007,0.19990668052779875,0.2435123175382614,0.008893339894711971,0.03652110901254357,0.011832287103837439,0.0013736561053258722,0.13736561053258722,0.09926876336317808,0,0,False,NOT_AVAILABLE_BOOLEAN_COSTMAP_VETO,1790648361816440253,1790648361816440253,44.487758,1.4110850170254707,1049
1050,10.49999999999982,1790648361908340024,23.128957748413086,2.457411289215088,0.125311478972435,0.24442943930625916,23.13138198852539,2.457716941833496,0.12543216347694397,0.24421602487564087,0.4240820350275943,0.4240820350275943,0.12167018401567509,12,0,2185,8,1.3992427268555405,12,19,0.1998812072806984,0.19989181812222007,0.19990668052779875,0.24330736696720123,0.009800638072192669,0.04028089323540225,0.013050268496195026,0.0012179813923575873,0.12179813923575873,0.09891517426693558,0,0,False,NOT_AVAILABLE_BOOLEAN_COSTMAP_VETO,1790648361908340024,1790648361908340024,44.16122,1.4485910069197416,1050
1051,10.50999999999982,1790648362000327701,23.13138198852539,2.457716941833496,0.12543216347694397,0.24421602487564087,23.133804321289062,2.458022356033325,0.1255527287721634,0.24404078722000122,0.42437803143096525,0.42437803143096525,0.12177589614276174,12,0,2185,8,1.3992427268555405,12,19,0.1998812072806984,0.19989181812222007,0.19990668052779875,0.24329465627670288,0.010400808416306973,0.04274984323732112,0.013850063548203801,0.0007997950520087747,0.07997950520087747,0.09856187383759768,0,0,False,NOT_AVAILABLE_BOOLEAN_COSTMAP_VETO,1790648362000327701,1790648362000327701,44.527376,1.41252507455647,1051
1052,10.51999999999982,1790648362092466871,23.133804321289062,2.458022356033325,0.1255527287721634,0.24404078722000122,23.1362247467041,2.4583280086517334,0.12567324936389923,0.2439262866973877,0.42467427366488586,0.42467427366488586,0.12188154518870054,12,0,2185,8,1.3992427268555405,12,19,0.1998812072806984,0.19989181812222007,0.19990668052779875,0.24343882501125336,0.010800803080201149,0.04436762738935281,0.014374121220911714,0.0005240576727079133,0.05240576727079133,0.09820835564051106,0,0,False,NOT_AVAILABLE_BOOLEAN_COSTMAP_VETO,1790648362092466871,1790648362092466871,44.46219,1.4459979720413685,1052
1053,10.52999999999982,1790648362184330928,23.1362247467041,2.4583280086517334,0.12567324936389923,0.2439262866973877,23.13864517211914,2.4586338996887207,0.1257937103509903,0.24387933313846588,0.4249707543155841,0.4249707543155841,0.12198710473340224,12,0,2185,8,1.3992427268555405,12,19,0.1998812072806984,0.19989181812222007,0.19990668052779875,0.24367938935756683,0.011019911617040634,0.04522299422242228,0.01465120170690122,0.0002770804859895063,0.02770804859895063,0.0978546255907135,0,0,False,NOT_AVAILABLE_BOOLEAN_COSTMAP_VETO,1790648362184330928,1790648362184330928,44.267976,1.4349570265039802,1053
1054,10.53999999999982,1790648362275954978,23.13864517211914,2.4586338996887207,0.1257937103509903,0.24387933313846588,23.14106559753418,2.458940029144287,0.12591417133808136,0.24388077855110168,0.4252674733830607,0.4252674733830607,0.12209263415651384,12,0,2185,8,1.3992427268555405,12,19,0.1998812072806984,0.19989181812222007,0.19990668052779875,0.2439098358154297,0.011112215928733349,0.045558703656141744,0.014759948043105412,0.00010874633620419107,0.010874633620419107,0.09750066001578811,0,0,False,NOT_AVAILABLE_BOOLEAN_COSTMAP_VETO,1790648362275954978,1790648362275954978,44.510991,1.4505749568343163,1054
1055,10.54999999999982,1790648362367866461,23.14106559753418,2.458940029144287,0.12591417133808136,0.24388077855110168,23.14348602294922,2.4592463970184326,0.12603463232517242,0.24389080703258514,0.42556443086731527,0.42556443086731527,0.12219813357695175,12,0,2185,8,1.3992427268555405,12,19,0.1998812072806984,0.19989181812222007,0.19990668052779875,0.2440917193889618,0.011159907095134258,0.04572013800005592,0.014812241336045888,5.229329294047583e-05,0.005229329294047583,0.09714645891643031,0,0,False,NOT_AVAILABLE_BOOLEAN_COSTMAP_VETO,1790648362367866461,1790648362367866461,44.596242,1.417197985574603,1055
1056,10.55999999999982,1790648362459777080,23.14348602294922,2.4592463970184326,0.12603463232517242,0.24389080703258514,23.145906448364258,2.4595532417297363,0.1261550933122635,0.24390459060668945,0.425861865185126,0.425861865185126,0.12230360299907073,12,0,2185,8,1.3992427268555405,12,19,0.1998812072806984,0.19989181812222007,0.19990668052779875,0.24418063461780548,0.011235768906772137,0.046014168668037495,0.014907486237747878,9.524490170199039e-05,0.009524490170199039,0.09679178387475468,0,0,False,NOT_AVAILABLE_BOOLEAN_COSTMAP_VETO,1790648362459777080,1790648362459777080,45.171173,1.3734200038015842,1056
1057,10.569999999999819,1790648362552297222,23.145906448364258,2.4595532417297363,0.1261550933122635,0.24390459060668945,23.148326873779297,2.459860324859619,0.12627556920051575,0.24391593039035797,0.4261595379197146,0.4261595379197146,0.12240905732838714,12,0,2185,8,1.3992427268555405,12,19,0.1998812072806984,0.19989181812222007,0.19990668052779875,0.2441430538892746,0.011371463537216187,0.04657705126590843,0.01508981917525856,0.00018233293751068226,0.018233293751068226,0.09643686739390506,0,0,False,NOT_AVAILABLE_BOOLEAN_COSTMAP_VETO,1790648362552297222,1790648362552297222,44.33857,1.4352459693327546,1057
1058,10.579999999999819,1790648362644129567,23.148326873779297,2.459860324859619,0.12627556920051575,0.24391593039035797,23.150747299194336,2.460167646408081,0.126396045088768,0.2439214140176773,0.42645744907108135,0.42645744907108135,0.12251448166809586,12,0,2185,8,1.3992427268555405,12,19,0.1998812072806984,0.19989181812222007,0.19990668052779875,0.2440311312675476,0.011628614738583565,0.04765217731927136,0.0154380788600441,0.0003482596847855391,0.03482596847855391,0.09608171539142213,0,0,False,NOT_AVAILABLE_BOOLEAN_COSTMAP_VETO,1790648362644129567,1790648362644129567,44.300777,1.4104779111221433,1058
1059,10.589999999999819,1790648362735856692,23.150747299194336,2.460167646408081,0.126396045088768,0.2439214140176773,23.153167724609375,2.460475206375122,0.12651653587818146,0.24395576119422913,0.4267555986392262,0.4267555986392262,0.1226198909818006,13,0,2185,8,1.3992220169157479,13,20,0.1998804736203253,0.19988885955939256,0.19990668052779875,0.2446436733007431,0.010979969054460526,0.04488147560212085,0.014540573245663985,-0.0008975056143801143,-0.08975056143801143,0.0957263219525874,0,0,False,NOT_AVAILABLE_BOOLEAN_COSTMAP_VETO,1790648362735856692,1790648362735856692,21.569137,2.2021180484443903,1059
1060,10.599999999999818,1790648362806351586,23.153167724609375,2.460475206375122,0.12651653587818146,0.24395576119422913,23.155588150024414,2.4607832431793213,0.1266370415687561,0.24400641024112701,0.4270542250409268,0.4270542250409268,0.12272528509959191,13,0,2185,8,1.3992220169157479,13,20,0.1998804736203253,0.19988885955939256,0.19990668052779875,0.2450210601091385,0.010439148172736168,0.04260510573289623,0.013803177561370224,-0.0007373956842937606,-0.07373956842937605,0.09537044866059058,0,0,False,NOT_AVAILABLE_BOOLEAN_COSTMAP_VETO,1790648362806351586,1790648362806351586,22.667477,1.3394029811024666,1060
1061,10.609999999999818,1790648362873924146,23.155588150024414,2.4607832431793213,0.1266370415687561,0.24400641024112701,23.158008575439453,2.4610915184020996,0.12675757706165314,0.24407289922237396,0.4273530898594056,0.4273530898594056,0.12283067910125078,13,0,2185,8,1.3992220169157479,13,20,0.1998804736203253,0.19988885955939256,0.19990668052779875,0.24540483951568604,0.009757044725120068,0.039758974372208364,0.012881195211053199,-0.0009219823503170254,-0.09219823503170253,0.09501432802108906,0,0,False,NOT_AVAILABLE_BOOLEAN_COSTMAP_VETO,1790648362873924146,1790648362873924146,24.081314,1.918270019814372,1061
1062,10.619999999999818,1790648362942690121,23.158008575439453,2.4610915184020996,0.12675757706165314,0.24407289922237396,23.160430908203125,2.461400270462036,0.12687814235687256,0.24414652585983276,0.4276524240976697,0.4276524240976697,0.12293606089555675,13,0,2185,8,1.3992220169157479,13,20,0.1998804736203253,0.19988885955939256,0.19990668052779875,0.24562115967273712,0.008873701095581055,0.03612759221316386,0.011704805318700466,-0.0011763898923527333,-0.11763898923527333,0.09465772161834946,0,0,False,NOT_AVAILABLE_BOOLEAN_COSTMAP_VETO,1790648362942690121,1790648362942690121,25.672852,1.330057973973453,1062
1063,10.629999999999818,1790648363011841772,23.160430908203125,2.461400270462036,0.12687814235687256,0.24414652585983276,23.162853240966797,2.4617092609405518,0.12699875235557556,0.24421967566013336,0.4279519967527114,0.4279519967527114,0.12304145743653994,13,0,2185,8,1.3992220169157479,13,20,0.1998804736203253,0.19988885955939256,0.19990668052779875,0.24568502604961395,0.007847624830901623,0.03194181166465091,0.010348777521834194,-0.0013560277968662719,-0.13560277968662718,0.09430086195982418,0,0,False,NOT_AVAILABLE_BOOLEAN_COSTMAP_VETO,1790648363011841772,1790648363011841772,27.85689,1.3433059211820364,1063
1064,10.639999999999818,1790648363083414589,23.162853240966797,2.4617092609405518,0.12699875235557556,0.24421967566013336,23.16527557373047,2.4620187282562256,0.12711939215660095,0.2442823201417923,0.428252046241309,0.428252046241309,0.12314685371042078,13,0,2185,8,1.3992220169157479,13,20,0.1998804736203253,0.19988885955939256,0.19990668052779875,0.24553696811199188,0.0068882303312420845,0.028053740274663216,0.009089161546850008,-0.0012596159749841858,-0.12596159749841856,0.09394351654448058,0,0,False,NOT_AVAILABLE_BOOLEAN_COSTMAP_VETO,1790648363083414589,1790648363083414589,29.656308,1.2854490196332335,1064
1065,10.649999999999817,1790648363156458461,23.16527557373047,2.4620187282562256,0.12711939215660095,0.2442823201417923,23.167699813842773,2.4623284339904785,0.12724006175994873,0.24432513117790222,0.4285523267329141,0.4285523267329141,0.12325223778875083,13,0,2185,8,1.3992220169157479,13,20,0.1998804736203253,0.19988885955939256,0.19990668052779875,0.24518263339996338,0.00613105483353138,0.025006073017944407,0.008101790388666312,-0.000987371158183696,-0.09873711581836961,0.09358592379375102,0,0,False,NOT_AVAILABLE_BOOLEAN_COSTMAP_VETO,1790648363156458461,1790648363156458461,30.137219,1.3533229939639568,1065
1066,10.659999999999817,1790648363230797830,23.167699813842773,2.4623284339904785,0.12724006175994873,0.24432513117790222,23.170124053955078,2.4626386165618896,0.1273607462644577,0.24434112012386322,0.4288530840580751,0.4288530840580751,0.12335760666000795,13,0,2185,8,1.3992220169157479,13,20,0.1998804736203253,0.19988885955939256,0.19990668052779875,0.2446613609790802,0.0056512318551540375,0.02309817877469114,0.007483670211422187,-0.0006181201772441254,-0.06181201772441254,0.09322785120480787,0,0,False,NOT_AVAILABLE_BOOLEAN_COSTMAP_VETO,1790648363230797830,1790648363230797830,29.606035,1.2999139726161957,1066
1067,10.669999999999817,1790648363304070829,23.170124053955078,2.4626386165618896,0.1273607462644577,0.24434112012386322,23.172548294067383,2.46294903755188,0.12748141586780548,0.2442857027053833,0.4291540798000138,0.4291540798000138,0.12346293064392277,13,0,2185,8,1.3992220169157479,13,20,0.1998804736203253,0.19988885955939256,0.19990668052779875,0.24404972791671753,0.00541133526712656,0.022173084614022554,0.007183955826269933,-0.0002997143851522534,-0.029971438515225338,0.09286954902308392,0,0,False,NOT_AVAILABLE_BOOLEAN_COSTMAP_VETO,1790648363304070829,1790648363304070829,32.324169,1.322890049777925,1067
1068,10.679999999999817,1790648363379720672,23.172548294067383,2.46294903755188,0.1274814158678055,0.2442857027053833,23.174970626831055,2.463259696960449,0.12760204076766968,0.24412919580936432,0.4294553213725019,0.4294553213725019,0.12356819188652324,13,0,2185,8,1.3992220169157479,13,20,0.1998804736203253,0.19988885955939256,0.19990668052779875,0.24346287548542023,0.0053994846530258656,0.02217785624301153,0.007185501754258305,1.545927988371408e-06,0.0001545927988371408,0.0925110290725552,0,0,False,NOT_AVAILABLE_BOOLEAN_COSTMAP_VETO,1790648363379720672,1790648363379720672,31.670101,1.3329059584066272,1068
1069,10.689999999999817,1790648363455117162,23.174970626831055,2.463259696960449,0.12760204076766968,0.24412919580936432,23.177391052246094,2.4635703563690186,0.12772254645824432,0.24390654265880585,0.4297565703587613,0.4297565703587613,0.12367331613431931,13,0,2185,8,1.3992220169157479,13,20,0.1998804736203253,0.19988885955939256,0.19990668052779875,0.24295853078365326,0.005578290671110153,0.02295984690522121,0.007438853180797223,0.0002533514265389185,0.025335142653891852,0.09215255932835448,0,0,False,NOT_AVAILABLE_BOOLEAN_COSTMAP_VETO,1790648363455117162,1790648363455117162,31.814681,1.981823006644845,1069
1070,10.699999999999816,1790648363532890049,23.177391052246094,2.4635703563690186,0.12772254645824435,0.24390654265880585,23.1798095703125,2.463881015777588,0.127842977643013,0.24365225434303284,0.4300578267587914,0.4300578267587914,0.1237783480476291,13,0,2185,8,1.3992220169157479,13,20,0.1998804736203253,0.19988885955939256,0.19990668052779875,0.24256956577301025,0.005849264562129974,0.024113761112156795,0.007812699638553017,0.00037384645775579393,0.03738464577557939,0.09179412204817144,0,0,False,NOT_AVAILABLE_BOOLEAN_COSTMAP_VETO,1790648363532890049,1790648363532890049,32.18567,2.203462994657457,1070
1071,10.709999999999816,1790648363612095046,23.1798095703125,2.463881015777588,0.12784297764301303,0.24365225434303284,23.18222427368164,2.4641916751861572,0.12796323001384735,0.24339233338832855,0.4303590979863642,0.4303590979863642,0.12388319558488137,13,0,2185,8,1.3992220169157479,13,20,0.1998804736203253,0.19988885955939256,0.19990668052779875,0.24228566884994507,0.006115906871855259,0.025242544888790047,0.00817840219817061,0.0003657025596175926,0.03657025596175926,0.09143575860501735,0,0,False,NOT_AVAILABLE_BOOLEAN_COSTMAP_VETO,1790648363612095046,1790648363612095046,31.977023,1.388460979796946,1071
1072,10.719999999999816,1790648363689258025,23.18222427368164,2.4641916751861572,0.12796323001384735,0.24339233338832855,23.18463706970215,2.4645023345947266,0.12808340787887573,0.24314408004283905,0.43066037662770773,0.43066037662770773,0.123987951103393,13,0,2185,8,1.3992220169157479,13,20,0.1998804736203253,0.19988885955939256,0.19990668052779875,0.24208714067935944,0.006302507594227791,0.026034045329881284,0.008434830645333562,0.000256428447162952,0.0256428447162952,0.0910774276114667,0,0,False,NOT_AVAILABLE_BOOLEAN_COSTMAP_VETO,1790648363689258025,1790648363689258025,34.679189,1.4347019605338573,1072
1073,10.729999999999816,1790648363769384171,23.18463706970215,2.4645023345947266,0.12808340787887573,0.24314408004283905,23.187047958374023,2.464812755584717,0.12820342183113098,0.24291549623012543,0.43096142426604434,0.43096142426604434,0.12409252515204638,13,0,2185,8,1.3992220169157479,13,20,0.1998804736203253,0.19988885955939256,0.19990668052779875,0.24194224178791046,0.006390315480530262,0.026412566211286456,0.00855746255820492,0.00012263191287135815,0.012263191287135815,0.09071940294371145,0,0,False,NOT_AVAILABLE_BOOLEAN_COSTMAP_VETO,1790648363769384171,1790648363769384171,34.771319,1.43252604175359,1073
1074,10.739999999999815,1790648363849544270,23.187047958374023,2.464812755584717,0.12820342183113098,0.24291549623012543,23.189456939697266,2.465123414993286,0.12832336127758026,0.2427099496126175,0.4312627177349297,0.4312627177349297,0.12419700727211413,13,0,2185,8,1.3992220169157479,13,20,0.1998804736203253,0.19988885955939256,0.19990668052779875,0.24183478951454163,0.0063704620115458965,0.026342206695463218,0.00853466773998502,-2.2794818219899413e-05,-0.0022794818219899413,0.09036117229329904,0,0,False,NOT_AVAILABLE_BOOLEAN_COSTMAP_VETO,1790648363849544270,1790648363849544270,34.705782,1.3553070602938533,1074
1075,10.749999999999815,1790648363930112639,23.189456939697266,2.465123414993286,0.12832336127758026,0.2427099496126175,23.191864013671875,2.4654340744018555,0.12844318151474,0.2425280660390854,0.43156401861758664,0.43156401861758664,0.12430135277493859,13,0,2185,8,1.3992220169157479,13,20,0.1998804736203253,0.19988885955939256,0.19990668052779875,0.24175366759300232,0.006253603380173445,0.02586766704487613,0.008380927891701381,-0.00015373984828363947,-0.015373984828363947,0.09000299180312527,0,0,False,NOT_AVAILABLE_BOOLEAN_COSTMAP_VETO,1790648363930112639,1790648363930112639,34.939902,2.2010619286447763,1075
1076,10.759999999999815,1790648364012057435,23.191864013671875,2.4654340744018555,0.12844318151474002,0.2425280660390854,23.19426918029785,2.465744733810425,0.12856294214725494,0.24237291514873505,0.43186532691401475,0.43186532691401475,0.12440562145959122,13,0,2185,8,1.3992220169157479,13,20,0.1998804736203253,0.19988885955939256,0.19990668052779875,0.2417123019695282,0.006055484991520643,0.025052448477711476,0.008116815049553663,-0.00026411284214771825,-0.026411284214771825,0.08964483782804206,0,0,False,NOT_AVAILABLE_BOOLEAN_COSTMAP_VETO,1790648364012057435,1790648364012057435,35.069409,1.390443998388946,1076
1077,10.769999999999815,1790648364092664780,23.19426918029785,2.465744733810425,0.12856294214725494,0.24237291514873505,23.196672439575195,2.466055393218994,0.12868261337280273,0.24225224554538727,0.43216664262421356,0.43216664262421356,0.12450978347837838,13,0,2185,8,1.3992220169157479,13,20,0.1998804736203253,0.19988885955939256,0.19990668052779875,0.24173849821090698,0.005803782492876053,0.0240085155481213,0.007778602148071362,-0.00033821290148230033,-0.03382129014823003,0.08928672218234207,0,0,False,NOT_AVAILABLE_BOOLEAN_COSTMAP_VETO,1790648364092664780,1790648364092664780,35.136739,1.4324289513751864,1077
1078,10.779999999999815,1790648364173134969,23.196672439575195,2.466055393218994,0.12868261337280273,0.24225224554538727,23.199073791503906,2.4663662910461426,0.12880225479602814,0.2421712428331375,0.43246820416496196,0.43246820416496196,0.12461389851013038,13,0,2185,8,1.3992220169157479,13,20,0.1998804736203253,0.19988885955939256,0.19990668052779875,0.2418264001607895,0.005507586523890495,0.022774959724118297,0.00737895302228835,-0.00039964912578301266,-0.039964912578301266,0.08892838280730925,0,0,False,NOT_AVAILABLE_BOOLEAN_COSTMAP_VETO,1790648364173134969,1790648364173134969,34.575729,1.4132939977571368,1078
1079,10.789999999999814,1790648364253101942,23.199073791503906,2.4663662910461426,0.12880225479602814,0.2421712428331375,23.201475143432617,2.46667742729187,0.12892185151576996,0.24212989211082458,0.4327700041224879,0.4327700041224879,0.12471793940877163,13,0,2185,8,1.3992220169157479,13,20,0.1998804736203253,0.19988885955939256,0.19990668052779875,0.2419538050889969,0.0051957787945866585,0.0214742594879858,0.006957547806167901,-0.0004214052161204485,-0.042140521612044846,0.08856982560971377,0,0,False,NOT_AVAILABLE_BOOLEAN_COSTMAP_VETO,1790648364253101942,1790648364253101942,34.943197,1.3883649371564388,1079
1080,10.799999999999814,1790648364333308891,23.201475143432617,2.46667742729187,0.12892185151576996,0.24212989211082458,23.203876495361328,2.4669888019561768,0.12904144823551178,0.24212530255317688,0.433072042496792,0.433072042496792,0.12482195094253878,13,0,2185,8,1.3992220169157479,13,20,0.1998804736203253,0.19988885955939256,0.19990668052779875,0.24210573732852936,0.004886744078248739,0.020184338182855997,0.0065396323432869,-0.00041791546288100136,-0.04179154628810013,0.08821103286337556,0,0,False,NOT_AVAILABLE_BOOLEAN_COSTMAP_VETO,1790648364333308891,1790648364333308891,35.051425,1.3323939638212323,1080
1081,10.809999999999814,1790648364413823690,23.203876495361328,2.4669888019561768,0.12904144823551178,0.24212530255317688,23.20627784729004,2.4673004150390625,0.1291610449552536,0.24213255941867828,0.4333743192878744,0.4333743192878744,0.12492593299479715,13,0,2185,8,1.3992220169157479,13,20,0.1998804736203253,0.19988885955939256,0.19990668052779875,0.24227777123451233,0.00457614753395319,0.01888802059980862,0.006119642279615019,-0.00041999006367188056,-0.041999006367188056,0.08785200456897274,0,0,False,NOT_AVAILABLE_BOOLEAN_COSTMAP_VETO,1790648364413823690,1790648364413823690,34.915581,1.3446509838104248,1081
1082,10.819999999999814,1790648364494007661,23.20627784729004,2.4673004150390625,0.1291610449552536,0.24213255941867828,23.20867919921875,2.4676125049591064,0.12928064167499542,0.24214817583560944,0.4336770729125129,0.4336770729125129,0.1250298856301857,13,0,2185,8,1.3992220169157479,13,20,0.1998804736203253,0.19988885955939256,0.19990668052779875,0.24246087670326233,0.004275170154869556,0.017632412342143584,0.005712839448949123,-0.0004068028306658967,-0.04068028306658967,0.08749250230860434,0,0,False,NOT_AVAILABLE_BOOLEAN_COSTMAP_VETO,1790648364494007661,1790648364494007661,35.110467,1.3520109932869673,1082
1083,10.829999999999814,1790648364574650784,23.20867919921875,2.4676125049591064,0.12928064167499542,0.24214817583560944,23.21108055114746,2.4679248332977295,0.12940025329589844,0.24217180907726288,0.43398006495392893,0.43398006495392893,0.12513382375411908,13,0,2185,8,1.3992220169157479,13,20,0.1998804736203253,0.19988885955939256,0.19990668052779875,0.24264520406723022,0.003988547716289759,0.016437776842210504,0.005325789342684906,-0.00038705010626421694,-0.03870501062642169,0.08713275859472186,0,0,False,NOT_AVAILABLE_BOOLEAN_COSTMAP_VETO,1790648364574650784,1790648364574650784,34.793752,1.4072449412196875,1083
1084,10.839999999999813,1790648364654896678,23.21108055114746,2.4679248332977295,0.12940025329589847,0.24217180907726288,23.213481903076172,2.4682376384735107,0.12951986491680145,0.2422030121088028,0.43428353382890206,0.43428353382890206,0.12523773234777336,13,0,2185,8,1.3992220169157479,13,20,0.1998804736203253,0.19988885955939256,0.19990668052779875,0.2428278774023056,0.003722967579960823,0.01533171405107161,0.0049674344943238516,-0.0003583548483610541,-0.03583548483610541,0.08677254091694547,0,0,False,NOT_AVAILABLE_BOOLEAN_COSTMAP_VETO,1790648364654896678,1790648364654896678,35.220103,1.3455790467560291,1084
1085,10.849999999999813,1790648364735807681,23.213481903076172,2.4682376384735107,0.12951986491680148,0.2422030121088028,23.215883255004883,2.468550682067871,0.12963950634002686,0.24224069714546204,0.43458724112065206,0.43458724112065206,0.12534164146132643,13,0,2185,8,1.3992220169157479,13,20,0.1998804736203253,0.19988885955939256,0.19990668052779875,0.24299563467502594,0.003491969546303153,0.014370503202550095,0.004656009392353397,-0.00031142510197045437,-0.031142510197045437,0.08641207588235184,0,0,False,NOT_AVAILABLE_BOOLEAN_COSTMAP_VETO,1790648364735807681,1790648364735807681,35.19799,1.4187970664352179,1085
1086,10.859999999999813,1790648364816440275,23.215883255004883,2.468550682067871,0.12963950634002686,0.24224069714546204,23.218284606933594,2.4688639640808105,0.12975916266441345,0.24228374660015106,0.4348911868291806,0.4348911868291806,0.12544553607618214,13,0,2185,8,1.3992220169157479,13,20,0.1998804736203253,0.19988885955939256,0.19990668052779875,0.2431459128856659,0.0032718563452363014,0.01345634934351054,0.00435982956304186,-0.00029617982931153756,-0.029617982931153756,0.08605136939950125,0,0,False,NOT_AVAILABLE_BOOLEAN_COSTMAP_VETO,1790648364816440275,1790648364816440275,35.094978,1.3774839462712407,1086
1087,10.869999999999813,1790648364897183689,23.218284606933594,2.4688639640808105,0.12975916266441345,0.24228374660015106,23.220687866210938,2.469177484512329,0.12987884879112244,0.24233059585094452,0.4351953635407161,0.4351953635407161,0.12554941846997414,13,0,2185,8,1.3992220169157479,13,20,0.1998804736203253,0.19988885955939256,0.19990668052779875,0.2432689219713211,0.0030622645281255245,0.01258798083746404,0.0040784831773241345,-0.00028134638571772515,-0.028134638571772515,0.08569041556477391,0,0,False,NOT_AVAILABLE_BOOLEAN_COSTMAP_VETO,1790648364897183689,1790648364897183689,34.643923,1.3784770853817463,1087
1088,10.879999999999812,1790648364977005570,23.220687866210938,2.469177484512329,0.12987884879112244,0.24233059585094452,23.22309112548828,2.469491481781006,0.12999854981899261,0.24237975478172302,0.43550001708580754,0.43550001708580754,0.12565328644942397,13,0,2185,8,1.3992220169157479,13,20,0.1998804736203253,0.19988885955939256,0.19990668052779875,0.2433643788099289,0.0028735308442264795,0.011807524413713598,0.0038256192468256386,-0.00025286393049849584,-0.025286393049849584,0.0853289818674356,0,0,False,NOT_AVAILABLE_BOOLEAN_COSTMAP_VETO,1790648364977005570,1790648364977005570,34.652468,1.3867639936506748,1088
1089,10.889999999999812,1790648365057131300,23.22309112548828,2.469491481781006,0.12999854981899261,0.24237975478172302,23.225494384765625,2.4698057174682617,0.13011828064918518,0.2424296736717224,0.435804909047677,0.435804909047677,0.12575715467452708,13,0,2185,8,1.3992220169157479,13,20,0.1998804736203253,0.19988885955939256,0.19990668052779875,0.24342964589595795,0.0027033269871026278,0.011105167479305426,0.003598058736359766,-0.0002275605104658726,-0.02275605104658726,0.08496730082316456,0,0,False,NOT_AVAILABLE_BOOLEAN_COSTMAP_VETO,1790648365057131300,1790648365057131300,34.972766,1.430573989637196,1089
1090,10.899999999999812,1790648365137683699,23.225494384765625,2.4698057174682617,0.13011828064918518,0.2424296736717224,23.22789764404297,2.470120429992676,0.13023802638053894,0.24247892200946808,0.43611027784310247,0.43611027784310247,0.12586100837098568,13,0,2185,8,1.3992220169157479,13,20,0.1998804736203253,0.19988885955939256,0.19990668052779875,0.243465393781662,0.0025473246350884438,0.010462779105981961,0.003389927445039258,-0.00020813129132050794,-0.020813129132050794,0.08460513992051294,0,0,False,NOT_AVAILABLE_BOOLEAN_COSTMAP_VETO,1790648365137683699,1790648365137683699,34.758744,1.3723319862037897,1090
1091,10.909999999999812,1790648365217717971,23.22789764404297,2.470120429992676,0.1302380263805389,0.24247892200946808,23.230302810668945,2.470435380935669,0.1303578019142151,0.2425263524055481,0.43641587764153494,0.43641587764153494,0.12596484984596223,13,0,2185,8,1.3992220169157479,13,20,0.1998804736203253,0.19988885955939256,0.19990668052779875,0.2434764951467514,0.0024000860285013914,0.009857567676316268,0.0031938410673616577,-0.0001960863776776004,-0.019608637767760038,0.08424273167587665,0,0,False,NOT_AVAILABLE_BOOLEAN_COSTMAP_VETO,1790648365217717971,1790648365217717971,34.795416,1.3681399868801236,1091
1092,10.919999999999812,1790648365297613709,23.230302810668945,2.470435380935669,0.1303578019142151,0.2425263524055481,23.232707977294922,2.4707508087158203,0.13047759234905243,0.24257107079029083,0.4367219542735237,0.4367219542735237,0.12606867663054633,13,0,2185,8,1.3992220169157479,13,20,0.1998804736203253,0.19988885955939256,0.19990668052779875,0.2434668391942978,0.002261768328025937,0.009289841423623778,0.0030098995318310544,-0.00018394153553060334,-0.018394153553060334,0.08387984357709283,0,0,False,NOT_AVAILABLE_BOOLEAN_COSTMAP_VETO,1790648365297613709,1790648365297613709,34.771448,1.362442970275879,1092
1093,10.929999999999811,1790648365377525513,23.232707977294922,2.4707508087158203,0.13047759234905243,0.24257107079029083,23.2351131439209,2.471066474914551,0.13059741258621216,0.24261237680912018,0.43702826932229083,0.43702826932229083,0.12617250375345668,13,0,2185,8,1.3992220169157479,13,20,0.1998804736203253,0.19988885955939256,0.19990668052779875,0.24343977868556976,0.002130641834810376,0.008752233699498811,0.0028357161176784883,-0.00017418341415256604,-0.017418341415256604,0.0835167081412786,0,0,False,NOT_AVAILABLE_BOOLEAN_COSTMAP_VETO,1790648365377525513,1790648365377525513,35.006048,1.366347074508667,1093
1094,10.939999999999811,1790648365458153531,23.2351131439209,2.471066474914551,0.13059741258621216,0.24261237680912018,23.237518310546875,2.4713826179504395,0.13071724772453308,0.242649644613266,0.4373350612046131,0.4373350612046131,0.1262763164420022,13,0,2185,8,1.3992220169157479,13,20,0.1998804736203253,0.19988885955939256,0.19990668052779875,0.24339622259140015,0.0020055894274264574,0.008240018707247268,0.002669759718121822,-0.0001659563995566665,-0.01659563995566665,0.083153092855553,0,0,False,NOT_AVAILABLE_BOOLEAN_COSTMAP_VETO,1790648365458153531,1790648365458153531,34.775448,2.2137670312076807,1094
1095,10.949999999999811,1790648365540160505,23.237518310546875,2.4713826179504395,0.13071724772453308,0.242649644613266,23.23992347717285,2.4716989994049072,0.1308371126651764,0.24268245697021484,0.43764209150371414,0.43764209150371414,0.12638012935345078,13,0,2185,8,1.3992220169157479,13,20,0.1998804736203253,0.19988885955939256,0.19990668052779875,0.24333961308002472,0.0018852720968425274,0.0077474936077199085,0.0025101826566534566,-0.00015957706146836528,-0.015957706146836528,0.08278923023775436,0,0,False,NOT_AVAILABLE_BOOLEAN_COSTMAP_VETO,1790648365540160505,1790648365540160505,35.159364,1.3469550758600235,1095
1096,10.95999999999981,1790648365620546563,23.23992347717285,2.4716989994049072,0.1308371126651764,0.24268245697021484,23.24233055114746,2.472015857696533,0.1309569776058197,0.2427106350660324,0.4379495912225999,0.4379495912225999,0.12648390009909782,13,0,2185,8,1.3992220169157479,13,20,0.1998804736203253,0.19988885955939256,0.19990668052779875,0.2432749718427658,0.0017649313667789102,0.007254882626888662,0.002350577641953214,-0.0001596050147002425,-0.015960501470024247,0.08242489367642597,0,0,False,NOT_AVAILABLE_BOOLEAN_COSTMAP_VETO,1790648365620546563,1790648365620546563,34.590674,1.3079129857942462,1096
1097,10.96999999999981,1790648365700272441,23.24233055114746,2.472015857696533,0.1309569776058197,0.2427106350660324,23.24473762512207,2.4723329544067383,0.1310768574476242,0.2427341639995575,0.43825732935826367,0.43825732935826367,0.12658765625246593,13,0,2185,8,1.3992220169157479,13,20,0.1998804736203253,0.19988885955939256,0.19990668052779875,0.24320539832115173,0.0016407112125307322,0.006746195700657021,0.0021857639261305844,-0.00016481371582262967,-0.016481371582262965,0.08206031568904865,0,0,False,NOT_AVAILABLE_BOOLEAN_COSTMAP_VETO,1790648365700272441,1790648365700272441,34.491855,1.3428590027615428,1097
1098,10.97999999999981,1790648365780336569,23.24473762512207,2.4723329544067383,0.1310768574476242,0.2427341639995575,23.24714469909668,2.4726505279541016,0.1311967521905899,0.24275323748588562,0.43856554432748346,0.43856554432748346,0.12669139781783834,13,0,2185,8,1.3992220169157479,13,20,0.1998804736203253,0.19988885955939256,0.19990668052779875,0.24313528835773468,0.001508017536252737,0.006202380355557152,0.0020095685300719553,-0.00017619539605862912,-0.017619539605862912,0.08169525785880455,0,0,False,NOT_AVAILABLE_BOOLEAN_COSTMAP_VETO,1790648365780336569,1790648365780336569,34.954942,1.3769080396741629,1098
1099,10.98999999999981,1790648365860777701,23.24714469909668,2.4726505279541016,0.1311967521905899,0.24275323748588562,23.24955177307129,2.472968101501465,0.1313166618347168,0.24276800453662872,0.4388737592967033,0.4388737592967033,0.12679512479949784,13,0,2185,8,1.3992220169157479,13,20,0.1998804736203253,0.19988885955939256,0.19990668052779875,0.24306373298168182,0.00136460829526186,0.005614199529160945,0.0018189986412379007,-0.00019056988883405456,-0.019056988883405457,0.08133019702461403,0,0,False,NOT_AVAILABLE_BOOLEAN_COSTMAP_VETO,1790648365860777701,1790648365860777701,34.965982,1.3658039970323443,1099
1100,10.99999999999981,1790648365941166607,23.24955177307129,2.472968101501465,0.13131666183471682,0.24276800453662872,23.2519588470459,2.4732861518859863,0.1314365714788437,0.24277853965759277,0.43917972522549475,0.43917972522549475,0.1268948390504323,13,0,2185,8,1.3992220169157479,13,20,0.1998804736203253,0.19988885955939256,0.19990668052779875,0.24298959970474243,0.0012088143266737461,0.004974757471688422,0.0016118200250089098,-0.00020717861622899093,-0.020717861622899094,0.08096466225178406,0,0,False,NOT_AVAILABLE_BOOLEAN_COSTMAP_VETO,1790648365941166607,1790648365941166607,34.721622,1.3665399746969342,1100
1101,11.00999999999981,1790648366021253040,23.2519588470459,2.4732861518859863,0.1314365714788437,0.24277853965759277,23.254365921020508,2.473604440689087,0.13155648112297058,0.24278494715690613,0.4394854141413915,0.4394854141413915,0.12699849701030486,13,0,2185,8,1.3992220169157479,13,20,0.1998804736203253,0.19988885955939256,0.19990668052779875,0.24291326105594635,0.0010427129454910755,0.004292531996641073,0.0013907794701978214,-0.00022104055481108839,-0.022104055481108838,0.08059889195957676,0,0,False,NOT_AVAILABLE_BOOLEAN_COSTMAP_VETO,1790648366021253040,1790648366021253040,34.525328,1.4503500424325466,1101
1102,11.01999999999981,1790648366101434228,23.254365921020508,2.473604440689087,0.13155648112297058,0.24278494715690613,23.256772994995117,2.4739232063293457,0.13167639076709747,0.2427874058485031,0.43979157988791845,0.43979157988791845,0.12710212547576516,13,0,2185,8,1.3992220169157479,13,20,0.1998804736203253,0.19988885955939256,0.19990668052779875,0.24283663928508759,0.0008718417957425117,0.0035902399172926245,0.0011632372085357045,-0.00022754226166211695,-0.022754226166211696,0.08023264773009381,0,0,False,NOT_AVAILABLE_BOOLEAN_COSTMAP_VETO,1790648366101434228,1790648366101434228,34.867387,1.4316620072349906,1102
1103,11.02999999999981,1790648366181405329,23.256772994995117,2.4739232063293457,0.13167639076709747,0.2427874058485031,23.259180068969727,2.4742419719696045,0.13179630041122437,0.242782324552536,0.4400977456344455,0.4400977456344455,0.12720572447004974,13,0,2185,8,1.3992220169157479,13,20,0.1998804736203253,0.19988885955939256,0.19990668052779875,0.24276067316532135,0.0006998479948379099,0.002882872195536011,0.0009340503197161724,-0.000229186888819532,-0.0229186888819532,0.07986640640117776,0,0,False,NOT_AVAILABLE_BOOLEAN_COSTMAP_VETO,1790648366181405329,1790648366181405329,34.975358,1.48027203977108,1103
1104,11.039999999999809,1790648366261811260,23.259180068969727,2.4742419719696045,0.13179630041122437,0.242782324552536,23.261587142944336,2.4745612144470215,0.13191621005535126,0.242764413356781,0.4404043882116018,0.4404043882116018,0.12730929397964408,13,0,2185,8,1.3992220169157479,13,20,0.1998804736203253,0.19988885955939256,0.19990668052779875,0.2426881641149521,0.0005311383865773678,0.0021885632062624526,0.0007090943599812952,-0.00022495595973487728,-0.022495595973487728,0.07949969113635252,0,0,False,NOT_AVAILABLE_BOOLEAN_COSTMAP_VETO,1790648366261811260,1790648366261811260,34.570737,1.3923320220783353,1104
1105,11.049999999999809,1790648366342069635,23.261587142944336,2.4745612144470215,0.13191621005535126,0.242764413356781,23.263994216918945,2.4748806953430176,0.13203610479831696,0.2427372932434082,0.440711269204074,0.440711269204074,0.12741281911745972,13,0,2185,8,1.3992220169157479,13,20,0.1998804736203253,0.19988885955939256,0.19990668052779875,0.24262182414531708,0.0003691849997267127,0.0015216479433671692,0.0004930138937065296,-0.00021608046627476555,-0.021608046627476556,0.07913274625377803,0,0,False,NOT_AVAILABLE_BOOLEAN_COSTMAP_VETO,1790648366342069635,1790648366342069635,33.464622,1.410348922945559,1105
1106,11.059999999999809,1790648366421690485,23.263994216918945,2.4748806953430176,0.13203610479831696,0.2427372932434082,23.266401290893555,2.4752004146575928,0.13215599954128265,0.2427409142255783,0.4410183886118607,0.4410183886118607,0.12751631480275805,13,0,2185,8,1.3992220169157479,13,20,0.1998804736203253,0.19988885955939256,0.19990668052779875,0.24281340837478638,0.00043502345215529203,0.0017915956745017407,0.0005804769333406496,8.746303963411996e-05,0.008746303963411996,0.07876556585451738,0,0,False,NOT_AVAILABLE_BOOLEAN_COSTMAP_VETO,1790648366421690485,1790648366421690485,34.579953,1.4987679896876216,1106
1107,11.069999999999808,1790648366502421130,23.266401290893555,2.4752004146575928,0.13215599954128265,0.2427409142255783,23.268808364868164,2.475520372390747,0.13227589428424835,0.2427525669336319,0.44132574643496236,0.44132574643496236,0.12761978103384441,13,0,2185,8,1.3992220169157479,13,20,0.1998804736203253,0.19988885955939256,0.19990668052779875,0.24298584461212158,0.0005450925091281533,0.002243309728590506,0.0007268322240717565,0.00014635529073110697,0.014635529073110698,0.07839814993925226,0,0,False,NOT_AVAILABLE_BOOLEAN_COSTMAP_VETO,1790648366502421130,1790648366502421130,30.207078,1.3501869980245829,1107
1108,11.079999999999808,1790648366577862710,23.268808364868164,2.475520372390747,0.13227589428424832,0.2427525669336319,23.271215438842773,2.4758408069610596,0.13239578902721405,0.24277263879776,0.4416335810886937,0.4416335810886937,0.12772321780100038,13,0,2185,8,1.3992220169157479,13,20,0.1998804736203253,0.19988885955939256,0.19990668052779875,0.24317455291748047,0.0007167954463511705,0.002947658123563652,0.0009550409416692177,0.0002282087175974612,0.02282087175974612,0.07803026009008612,0,0,False,NOT_AVAILABLE_BOOLEAN_COSTMAP_VETO,1790648366577862710,1790648366577862710,34.505615,1.4645910123363137,1108
1109,11.089999999999808,1790648366658157758,23.271215438842773,2.4758408069610596,0.13239578902721405,0.24277263879776,23.273622512817383,2.476161479949951,0.13251571357250214,0.2428002804517746,0.44194165415774056,0.44194165415774056,0.1278266549366185,13,0,2185,8,1.3992220169157479,13,20,0.1998804736203253,0.19988885955939256,0.19990668052779875,0.24335382878780365,0.0008726694504730403,0.003586010768024442,0.0011618669660247354,0.00020682602435551762,0.020682602435551763,0.07766212293136981,0,0,False,NOT_AVAILABLE_BOOLEAN_COSTMAP_VETO,1790648366658157758,1790648366658157758,29.725814,2.5781940203160048,1109
1110,11.099999999999808,1790648366736469094,23.273622512817383,2.476161479949951,0.13251571357250214,0.2428002804517746,23.276029586791992,2.476482391357422,0.13263563811779022,0.24283505976200104,0.44224996564210195,0.44224996564210195,0.1279300626286437,13,0,2185,8,1.3992220169157479,13,20,0.1998804736203253,0.19988885955939256,0.19990668052779875,0.24353164434432983,0.001005120575428009,0.004127268873554958,0.001337234317952386,0.0001753673519276507,0.01753673519276507,0.0772937502601409,0,0,False,NOT_AVAILABLE_BOOLEAN_COSTMAP_VETO,1790648366736469094,1790648366736469094,20.224999,1.6487889224663377,1110
1111,11.109999999999808,1790648366798592648,23.276029586791992,2.476482391357422,0.13263563811779025,0.24283505976200104,23.2784366607666,2.4768035411834717,0.1327555924654007,0.2428760975599289,0.44255851554177883,0.44255851554177883,0.12803347070158821,13,0,2185,8,1.3992220169157479,13,20,0.1998804736203253,0.19988885955939256,0.19990668052779875,0.24369800090789795,0.0011073161149397492,0.004543804671414777,0.0014721916499534648,0.00013495733200107876,0.013495733200107876,0.07692513028361575,0,0,False,NOT_AVAILABLE_BOOLEAN_COSTMAP_VETO,1790648366798592648,1790648366798592648,17.506064,1.8278349889442325,1111
1112,11.119999999999807,1790648366860932178,23.2784366607666,2.4768035411834717,0.1327555924654007,0.2428760975599289,23.28084373474121,2.4771251678466797,0.13287556171417236,0.24292238056659698,0.44286754227208536,0.44286754227208536,0.12813686422845505,13,0,2185,8,1.3992220169157479,13,20,0.1998804736203253,0.19988885955939256,0.19990668052779875,0.24384957551956177,0.0011851692106574774,0.004860247175465771,0.0015747187832189627,0.00010252713326549786,0.010252713326549786,0.07655603048243725,0,0,False,NOT_AVAILABLE_BOOLEAN_COSTMAP_VETO,1790648366860932178,1790648366860932178,17.388364,1.4205570332705975,1112
1113,11.129999999999807,1790648366919963057,23.28084373474121,2.4771251678466797,0.13287556171417236,0.24292238056659698,23.283252716064453,2.477447032928467,0.13299556076526642,0.24297286570072174,0.44317679743709704,0.44317679743709704,0.12824024498387843,13,0,2185,8,1.3992220169157479,13,20,0.1998804736203253,0.19988885955939256,0.19990668052779875,0.2439841628074646,0.0012475561816245317,0.0051132670549974045,0.0016566970101357826,8.197822691681988e-05,0.008197822691681988,0.07618668338094386,0,0,False,NOT_AVAILABLE_BOOLEAN_COSTMAP_VETO,1790648366919963057,1790648366919963057,17.152741,1.4750239206478,1113
1114,11.139999999999807,1790648366977272154,23.283252716064453,2.477447032928467,0.13299556076526642,0.24297286570072174,23.285661697387695,2.477769374847412,0.13311557471752167,0.24302655458450317,0.4434865294327388,0.4434865294327388,0.12834361117501913,13,0,2185,8,1.3992220169157479,13,20,0.1998804736203253,0.19988885955939256,0.19990668052779875,0.24410191178321838,0.0013028036337345839,0.005337129988935013,0.0017292283928155292,7.253138267974664e-05,0.007253138267974664,0.07581685645905639,0,0,False,NOT_AVAILABLE_BOOLEAN_COSTMAP_VETO,1790648366977272154,1790648366977272154,17.090435,1.314218039624393,1114
1115,11.149999999999807,1790648367033710343,23.285661697387695,2.477769374847412,0.13311557471752167,0.24302655458450317,23.288070678710938,2.4780919551849365,0.1332356333732605,0.24308271706104279,0.443796499843695,0.443796499843695,0.12844699262651638,13,0,2185,8,1.3992220169157479,13,20,0.1998804736203253,0.19988885955939256,0.19990668052779875,0.24420756101608276,0.0013541850494220853,0.0055452216294519345,0.0017966498747741472,6.7421481958618e-05,0.0067421481958618,0.075446776346552,0,0,False,NOT_AVAILABLE_BOOLEAN_COSTMAP_VETO,1790648367033710343,1790648367033710343,22.460814,1.3011939590796828,1115
1116,11.159999999999807,1790648367095767399,23.288070678710938,2.4780919551849365,0.1332356333732605,0.24308271706104279,23.29047966003418,2.478415012359619,0.13335570693016052,0.24314101040363312,0.44410694708528164,0.44410694708528164,0.12855035954231964,13,0,2185,8,1.3992220169157479,13,20,0.1998804736203253,0.19988885955939256,0.19990668052779875,0.2443086802959442,0.0014013880863785744,0.005736137106061879,0.0018585062825726085,6.185640779846134e-05,0.006185640779846134,0.0750762164186411,0,0,False,NOT_AVAILABLE_BOOLEAN_COSTMAP_VETO,1790648367095767399,1790648367095767399,20.350603,1.3857398880645633,1116
1117,11.169999999999806,1790648367156471740,23.29047966003418,2.478415012359619,0.13335570693016052,0.24314101040363312,23.292890548706055,2.47873854637146,0.13347581028938293,0.24320141971111298,0.44441786117688825,0.44441786117688825,0.12865371352332122,13,0,2185,8,1.3992220169157479,13,20,0.1998804736203253,0.19988885955939256,0.19990668052779875,0.24441160261631012,0.0014407861744984984,0.005894917258737174,0.001909950869383018,5.144458681040939e-05,0.005144458681040939,0.07470517078253253,0,0,False,NOT_AVAILABLE_BOOLEAN_COSTMAP_VETO,1790648367156471740,1790648367156471740,29.057729,1.9408620428293943,1117
1118,11.179999999999806,1790648367227661728,23.292890548706055,2.47873854637146,0.13347581028938293,0.24320141971111298,23.29530143737793,2.47906231880188,0.13359594345092773,0.24326391518115997,0.4447290136838103,0.4447290136838103,0.12875706783557073,13,0,2185,8,1.3992220169157479,13,20,0.1998804736203253,0.19988885955939256,0.19990668052779875,0.24451576173305511,0.001470624702051282,0.0060144372355709535,0.0019486751977303813,3.872432834736337e-05,0.0038724328347363368,0.07433387785966578,0,0,False,NOT_AVAILABLE_BOOLEAN_COSTMAP_VETO,1790648367227661728,1790648367227661728,18.533009,1.7765690572559834,1118
1119,11.189999999999806,1790648367287592317,23.29530143737793,2.47906231880188,0.13359594345092773,0.24326391518115997,23.297712326049805,2.479386568069458,0.13371612131595612,0.24332834780216217,0.4450406430213616,0.4450406430213616,0.12886043735402497,13,0,2185,8,1.3992220169157479,13,20,0.1998804736203253,0.19988885955939256,0.19990668052779875,0.24461892247200012,0.0014882772229611874,0.006084064175908306,0.0019712342397396935,2.2559042009312165e-05,0.0022559042009312165,0.07396209334048559,0,0,False,NOT_AVAILABLE_BOOLEAN_COSTMAP_VETO,1790648367287592317,1790648367287592317,19.165348,1.7780730267986655,1119
1120,11.199999999999806,1790648367346998792,23.297712326049805,2.479386568069458,0.13371612131595612,0.24332834780216217,23.300125122070312,2.4797112941741943,0.1338363140821457,0.24339435994625092,0.4453527392089333,0.4453527392089333,0.12896377900340372,13,0,2185,8,1.3992220169157479,13,20,0.1998804736203253,0.19988885955939256,0.19990668052779875,0.24471664428710938,0.0014938261592760682,0.006104309592948912,0.001977793729287242,6.559489547548498e-06,0.0006559489547548498,0.07358982901588867,0,0,False,NOT_AVAILABLE_BOOLEAN_COSTMAP_VETO,1790648367346998792,1790648367346998792,27.198438,1.7411750741302967,1120
1121,11.209999999999805,1790648367415175372,23.300125122070312,2.4797112941741943,0.1338363140821457,0.24339435994625092,23.30253791809082,2.4800362586975098,0.13395655155181885,0.24346140027046204,0.44566507381181997,0.44566507381181997,0.12906713585739382,13,0,2185,8,1.3992220169157479,13,20,0.1998804736203253,0.19988885955939256,0.19990668052779875,0.24480412900447845,0.0014893969055265188,0.0060840350674774436,0.0019712248086447407,-6.568920642501235e-06,-0.0006568920642501235,0.07321731152000827,0,0,False,NOT_AVAILABLE_BOOLEAN_COSTMAP_VETO,1790648367415175372,1790648367415175372,21.058753,1.4683660119771957,1121
1122,11.219999999999805,1790648367476947460,23.30253791809082,2.4800362586975098,0.13395655155181885,0.24346140027046204,23.304950714111328,2.4803617000579834,0.1340768039226532,0.24352872371673584,0.4459778852453366,0.4459778852453366,0.12917047805465254,13,0,2185,8,1.3992220169157479,13,20,0.1998804736203253,0.19988885955939256,0.19990668052779875,0.2448773980140686,0.0014787160325795412,0.006038597455591171,0.0019565030791722014,-1.4721729472539323e-05,-0.0014721729472539323,0.07284431422371557,0,0,False,NOT_AVAILABLE_BOOLEAN_COSTMAP_VETO,1790648367476947460,1790648367476947460,17.21303,1.4423179673030972,1122
1123,11.229999999999805,1790648367540303085,23.304950714111328,2.4803617000579834,0.1340768039226532,0.24352872371673584,23.307363510131836,2.480687379837036,0.13419710099697113,0.24359562993049622,0.4462909350941687,0.4462909350941687,0.12927383553433192,13,0,2185,8,1.3992220169157479,13,20,0.1998804736203253,0.19988885955939256,0.19990668052779875,0.24493564665317535,0.0014641527086496353,0.005977703648513237,0.0019367735604428325,-1.9729518729368935e-05,-0.0019729518729368935,0.07247106376259821,0,0,False,NOT_AVAILABLE_BOOLEAN_COSTMAP_VETO,1790648367540303085,1790648367540303085,23.37054,1.4702870976179838,1123
1124,11.239999999999805,1790648367605516499,23.307363510131836,2.480687379837036,0.13419710099697113,0.24359562993049622,23.309778213500977,2.481013536453247,0.13431742787361145,0.24366143345832825,0.44660445179301994,0.44660445179301994,0.1293771798333121,13,0,2185,8,1.3992220169157479,13,20,0.1998804736203253,0.19988885955939256,0.19990668052779875,0.24497966468334198,0.0014472880866378546,0.005907788666902632,0.0019141211903823821,-2.265237006045034e-05,-0.002265237006045034,0.07209732761405546,0,0,False,NOT_AVAILABLE_BOOLEAN_COSTMAP_VETO,1790648367605516499,1790648367605516499,17.14538,1.6567249549552798,1124
1125,11.249999999999805,1790648367664810651,23.309778213500977,2.481013536453247,0.13431742787361145,0.24366143345832825,23.312192916870117,2.481339931488037,0.13443779945373535,0.24372567236423492,0.446918206907187,0.446918206907187,0.1294805393480578,13,0,2185,8,1.3992220169157479,13,20,0.1998804736203253,0.19988885955939256,0.19990668052779875,0.2450122833251953,0.001428339397534728,0.005829664448451136,0.001888809035123528,-2.5312155258854158e-05,-0.002531215525885416,0.07172333830788008,0,0,False,NOT_AVAILABLE_BOOLEAN_COSTMAP_VETO,1790648367664810651,1790648367664810651,22.638388,1.7558640101924539,1125
1126,11.259999999999804,1790648367728124195,23.312192916870117,2.481339931488037,0.13443779945373535,0.24372567236423492,23.314607620239258,2.4816668033599854,0.13455818593502045,0.24378803372383118,0.4472324388519836,0.4472324388519836,0.12958388421695632,13,0,2185,8,1.3992220169157479,13,20,0.1998804736203253,0.19988885955939256,0.19990668052779875,0.24503706395626068,0.0014081636909395456,0.0057467375269845055,0.0018619408070665714,-2.6868228056956553e-05,-0.0026868228056956553,0.07134886921204248,0,0,False,NOT_AVAILABLE_BOOLEAN_COSTMAP_VETO,1790648367728124195,1790648367728124195,17.469742,1.3812920078635216,1126
1127,11.269999999999804,1790648367785614834,23.314607620239258,2.4816668033599854,0.13455818593502045,0.24378803372383118,23.31702423095703,2.4819939136505127,0.13467861711978912,0.24384835362434387,0.44754689923148533,0.44754689923148533,0.12968723074096244,13,0,2185,8,1.3992220169157479,13,20,0.1998804736203253,0.19988885955939256,0.19990668052779875,0.24505659937858582,0.001386718824505806,0.005658769557817442,0.0018334392823616162,-2.850152470495527e-05,-0.002850152470495527,0.07097414696504528,0,0,False,NOT_AVAILABLE_BOOLEAN_COSTMAP_VETO,1790648367785614834,1790648367785614834,23.178853,1.7720249015837908,1127
1128,11.279999999999804,1790648367850382697,23.31702423095703,2.4819939136505127,0.13467861711978915,0.24384835362434387,23.319440841674805,2.4823215007781982,0.134799063205719,0.24390654265880585,0.4478618364416172,0.4478618364416172,0.12979056265075517,13,0,2185,8,1.3992220169157479,13,20,0.1998804736203253,0.19988885955939256,0.19990668052779875,0.24507220089435577,0.0013637542724609375,0.005564704064696495,0.0018029621633459123,-3.0477119015703867e-05,-0.0030477119015703867,0.07059894493340585,0,0,False,NOT_AVAILABLE_BOOLEAN_COSTMAP_VETO,1790648367850382697,1790648367850382697,17.747351,1.7146150348708034,1128
1129,11.289999999999804,1790648367909487691,23.319440841674805,2.4823215007781982,0.134799063205719,0.24390654265880585,23.321857452392578,2.482649326324463,0.13491955399513245,0.24396257102489471,0.44817701206706395,0.44817701206706395,0.1298939097220999,13,0,2185,8,1.3992220169157479,13,20,0.1998804736203253,0.19988885955939256,0.19990668052779875,0.2450847327709198,0.0013382991310209036,0.005460556909808858,0.0017692185928117488,-3.374357053416346e-05,-0.0033743570534163457,0.07022348975708698,0,0,False,NOT_AVAILABLE_BOOLEAN_COSTMAP_VETO,1790648367909487691,1790648367909487691,31.951742,1.5134250279515982,1129
1130,11.299999999999804,1790648367982850388,23.321857452392578,2.482649326324463,0.13491955399513245,0.24396257102489471,23.32427406311035,2.4829776287078857,0.1350400596857071,0.24398906528949738,0.4484926645231408,0.4484926645231408,0.1299972420927724,13,0,2185,8,1.3992220169157479,13,20,0.1998804736203253,0.19988885955939256,0.19990668052779875,0.24451985955238342,0.002504546195268631,0.0102427107550832,0.003318626101608012,0.001549407508796263,0.1549407508796263,0.06984755480115162,0,0,False,NOT_AVAILABLE_BOOLEAN_COSTMAP_VETO,1790648367982850388,1790648367982850388,44.288104,1.446029986254871,1130
1131,11.309999999999803,1790648368069196797,23.32427406311035,2.4829776287078857,0.1350400596857071,0.24398906528949738,23.326692581176758,2.4833061695098877,0.13516056537628174,0.2439921647310257,0.44880854541392273,0.44880854541392273,0.13010053139943345,13,0,2185,8,1.3992220169157479,13,20,0.1998804736203253,0.19988885955939256,0.19990668052779875,0.24405428767204285,0.0035500400699675083,0.014546108178759017,0.004712904156105082,0.0013942780544970706,0.13942780544970707,0.06947138437543482,0,0,False,NOT_AVAILABLE_BOOLEAN_COSTMAP_VETO,1790648368069196797,1790648368069196797,39.799416,1.4030520105734468,1131
1132,11.319999999999803,1790648368150951284,23.326692581176758,2.4833061695098877,0.13516056537628174,0.2439921647310257,23.32910919189453,2.483635187149048,0.1352810561656952,0.24389757215976715,0.449124913115944,0.449124913115944,0.1302037897930708,13,0,2185,8,1.3992220169157479,13,20,0.1998804736203253,0.19988885955939256,0.19990668052779875,0.24349482357501984,0.004537117201834917,0.01863332096847245,0.006037122648014859,0.0013242184919097762,0.13242184919097763,0.06909474595115545,0,0,False,NOT_AVAILABLE_BOOLEAN_COSTMAP_VETO,1790648368150951284,1790648368150951284,34.899836,1.8098499858751893,1132
1133,11.329999999999803,1790648368230740491,23.32910919189453,2.483635187149048,0.1352810561656952,0.24389757215976715,23.331525802612305,2.483964204788208,0.13540145754814148,0.2437235713005066,0.4494412808179657,0.4494412808179657,0.13030692926290666,13,0,2185,8,1.3992220169157479,13,20,0.1998804736203253,0.19988885955939256,0.19990668052779875,0.24298276007175446,0.005525289103388786,0.022739428516480475,0.007367441536847336,0.0013303188888324777,0.13303188888324777,0.06871814580877461,0,0,False,NOT_AVAILABLE_BOOLEAN_COSTMAP_VETO,1790648368230740491,1790648368230740491,35.639444,1.4170700451359153,1133
1134,11.339999999999803,1790648368310546979,23.331525802612305,2.483964204788208,0.13540145754814148,0.2437235713005066,23.333940505981445,2.484293222427368,0.135521799325943,0.24349497258663177,0.4497576585005971,0.4497576585005971,0.13040999328839264,13,0,2185,8,1.3992220169157479,13,20,0.1998804736203253,0.19988885955939256,0.19990668052779875,0.24252170324325562,0.00658463966101408,0.027150723308295068,0.008796607450148966,0.00142916591330163,0.14291659133016302,0.06834157216566722,0,0,False,NOT_AVAILABLE_BOOLEAN_COSTMAP_VETO,1790648368310546979,1790648368310546979,43.903452,1.4458390651270747,1134
1135,11.349999999999802,1790648368398494911,23.333940505981445,2.484293222427368,0.135521799325943,0.24349497258663177,23.33635139465332,2.4846222400665283,0.13564197719097137,0.24323873221874237,0.45007405614444856,0.45007405614444856,0.1305128912648339,13,0,2185,8,1.3992220169157479,13,20,0.1998804736203253,0.19988885955939256,0.19990668052779875,0.242147758603096,0.007629356347024441,0.03150702856403353,0.010207922679051965,0.0014113152289029988,0.14113152289029987,0.06796506623423787,0,0,False,NOT_AVAILABLE_BOOLEAN_COSTMAP_VETO,1790648368398494911,1790648368398494911,35.363787,1.4384780079126358,1135
1136,11.359999999999802,1790648368479402586,23.33635139465332,2.4846222400665283,0.13564197719097135,0.24323873221874237,23.338760375976562,2.4849512577056885,0.1357620805501938,0.24299602210521698,0.45039046376890923,0.45039046376890923,0.1306156990942946,13,0,2185,8,1.3992220169157479,13,20,0.1998804736203253,0.19988885955939256,0.19990668052779875,0.24196262657642365,0.008499267511069775,0.03512636489084107,0.011380450887426789,0.0011725282083748234,0.11725282083748234,0.06758859267726453,0,0,False,NOT_AVAILABLE_BOOLEAN_COSTMAP_VETO,1790648368479402586,1790648368479402586,41.263688,1.5150560066103935,1136
1137,11.369999999999802,1790648368566810469,23.338760375976562,2.4849512577056885,0.1357620805501938,0.24299602210521698,23.341167449951172,2.4852800369262695,0.13588203489780426,0.24280434846878052,0.45070664295866525,0.45070664295866525,0.13071834227988832,13,0,2185,8,1.3992220169157479,13,20,0.1998804736203253,0.19988885955939256,0.19990668052779875,0.24198830127716064,0.009129421785473824,0.03772670718911104,0.012222844403696554,0.0008423935162697651,0.0842393516269765,0.0672124193449794,0,0,False,NOT_AVAILABLE_BOOLEAN_COSTMAP_VETO,1790648368566810469,1790648368566810469,42.164485,1.5183209907263517,1137
1138,11.379999999999802,1790648368655054923,23.341167449951172,2.4852800369262695,0.13588203489780423,0.24280434846878052,23.34357261657715,2.4856090545654297,0.13600194454193115,0.24268591403961182,0.4510230705443455,0.4510230705443455,0.13082092533954448,13,0,2185,8,1.3992220169157479,13,20,0.1998804736203253,0.19988885955939256,0.19990668052779875,0.24218162894248962,0.009596488438546658,0.039625170911809816,0.012837850058552964,0.0006150056548564105,0.06150056548564105,0.0668360281815456,0,0,False,NOT_AVAILABLE_BOOLEAN_COSTMAP_VETO,1790648368655054923,1790648368655054923,41.696022,1.602867036126554,1138
1139,11.389999999999802,1790648368742984839,23.34357261657715,2.4856090545654297,0.13600194454193115,0.24268591403961182,23.345977783203125,2.48593807220459,0.13612179458141327,0.24264276027679443,0.4513394981300262,0.4513394981300262,0.13092341952690223,13,0,2185,8,1.3992220169157479,13,20,0.1998804736203253,0.19988885955939256,0.19990668052779875,0.2424590140581131,0.009888178668916225,0.04078288739781069,0.01321288655964578,0.0003750365010928153,0.03750365010928153,0.06645966348951021,0,0,False,NOT_AVAILABLE_BOOLEAN_COSTMAP_VETO,1790648368742984839,1790648368742984839,42.332938,1.7398960189893842,1139
1140,11.399999999999801,1790648368832636505,23.345977783203125,2.48593807220459,0.13612179458141327,0.24264276027679443,23.34838104248047,2.486267566680908,0.13624164462089539,0.24264594912528992,0.4516564125269466,0.4516564125269466,0.13102589832985245,13,0,2185,8,1.3992220169157479,13,20,0.1998804736203253,0.19988885955939256,0.19990668052779875,0.24270977079868317,0.010058820247650146,0.04144382080107309,0.013426990990418055,0.00021410443077227517,0.021410443077227517,0.06608282488325362,0,0,False,NOT_AVAILABLE_BOOLEAN_COSTMAP_VETO,1790648368832636505,1790648368832636505,42.201542,1.6890459228307009,1140
1141,11.409999999999801,1790648368921498963,23.34838104248047,2.486267566680908,0.1362416446208954,0.24264594912528992,23.350784301757812,2.4865972995758057,0.1363614946603775,0.24265798926353455,0.451973565339182,0.451973565339182,0.13112834792348638,13,0,2185,8,1.3992220169157479,13,20,0.1998804736203253,0.19988885955939256,0.19990668052779875,0.2428990602493286,0.010157781653106213,0.04181894175580405,0.013548508070607139,0.00012151708018908434,0.012151708018908434,0.06570575078203528,0,0,False,NOT_AVAILABLE_BOOLEAN_COSTMAP_VETO,1790648368921498963,1790648368921498963,43.761079,1.677397987805307,1141
1142,11.419999999999801,1790648369011646741,23.350784301757812,2.4865972995758057,0.1363614946603775,0.24265798926353455,23.35318946838379,2.4869275093078613,0.1364813596010208,0.24270783364772797,0.45229118500143706,0.45229118500143706,0.13123076942617828,14,0,2185,8,1.3992178528855166,14,21,0.1998804736203253,0.19988826469793095,0.19990668052779875,0.2437063306570053,0.009205632843077183,0.03777346619704057,0.012237992056206185,-0.0013105160144009538,-0.13105160144009537,0.06532819688248831,0,0,False,NOT_AVAILABLE_BOOLEAN_COSTMAP_VETO,1790648369011646741,1790648369011646741,21.734007,1.6065160743892193,1142
1143,11.4299999999998,1790648369079505679,23.35318946838379,2.4869275093078613,0.1364813596010208,0.24270783364772797,23.355594635009766,2.487257957458496,0.1366012543439865,0.24278046190738678,0.4526090430790076,0.4526090430790076,0.13133319162299406,14,0,2185,8,1.3992178528855166,14,21,0.1998804736203253,0.19988826469793095,0.19990668052779875,0.24423521757125854,0.00832217838615179,0.03407444048777976,0.011039670212081965,-0.0011983218441242206,-0.11983218441242206,0.06495039571985844,0,0,False,NOT_AVAILABLE_BOOLEAN_COSTMAP_VETO,1790648369079505679,1790648369079505679,22.859803,1.9199339440092444,1143
1144,11.4399999999998,1790648369147207396,23.355594635009766,2.487257957458496,0.1366012543439865,0.24278046190738678,23.357999801635742,2.487588882446289,0.1367211788892746,0.24287119507789612,0.45292737798720806,0.45292737798720806,0.1314356143848774,14,0,2185,8,1.3992178528855166,14,21,0.1998804736203253,0.19988826469793095,0.19990668052779875,0.24468852579593658,0.00737041188403964,0.03012160811409015,0.009759091198998747,-0.0012805790130832172,-0.12805790130832173,0.06457210887842962,0,0,False,NOT_AVAILABLE_BOOLEAN_COSTMAP_VETO,1790648369147207396,1790648369147207396,20.031616,1.7565679736435413,1144
1145,11.4499999999998,1790648369211927674,23.357999801635742,2.487588882446289,0.1367211788892746,0.24287119507789612,23.36040687561035,2.487920045852661,0.13684116303920746,0.24296945333480835,0.45324594133011326,0.45324594133011326,0.13153805366225058,14,0,2185,8,1.3992178528855166,14,21,0.1998804736203253,0.19988826469793095,0.19990668052779875,0.2449374943971634,0.006382554303854704,0.026057890073397517,0.008442555792087044,-0.0013165354069117029,-0.13165354069117027,0.0641935630108958,0,0,False,NOT_AVAILABLE_BOOLEAN_COSTMAP_VETO,1790648369211927674,1790648369211927674,23.858139,1.4945759903639555,1145
1146,11.4599999999998,1790648369278352070,23.36040687561035,2.487920045852661,0.13684116303920746,0.24296945333480835,23.36281394958496,2.4882516860961914,0.1369611769914627,0.24306651949882507,0.45356498150364893,0.45356498150364893,0.1316404935384652,14,0,2185,8,1.3992178528855166,14,21,0.1998804736203253,0.19988826469793095,0.19990668052779875,0.24501073360443115,0.0054169585928320885,0.022109066460646358,0.007163215011942509,-0.0012793407801445352,-0.12793407801445353,0.0638145314717537,0,0,False,NOT_AVAILABLE_BOOLEAN_COSTMAP_VETO,1790648369278352070,1790648369278352070,23.280617,1.7969849286600947,1146
1147,11.4699999999998,1790648369345269441,23.36281394958496,2.4882516860961914,0.1369611769914627,0.24306651949882507,23.365222930908203,2.48858380317688,0.13708126544952393,0.243152916431427,0.45388448852720475,0.45388448852720475,0.13174296475119895,14,0,2185,8,1.3992178528855166,14,21,0.1998804736203253,0.19988826469793095,0.19990668052779875,0.24488335847854614,0.004621037747710943,0.018870362512264326,0.006113921273307583,-0.0010492937386349264,-0.10492937386349264,0.06343499661293145,0,0,False,NOT_AVAILABLE_BOOLEAN_COSTMAP_VETO,1790648369345269441,1790648369345269441,23.095778,1.4451990136876702,1147
1148,11.4799999999998,1790648369410808625,23.365222930908203,2.48858380317688,0.13708126544952393,0.243152916431427,23.367631912231445,2.4889163970947266,0.13720136880874634,0.24322043359279633,0.45420447238139006,0.45420447238139006,0.13184542162780755,14,0,2185,8,1.3992178528855166,14,21,0.1998804736203253,0.19988826469793095,0.19990668052779875,0.2445729374885559,0.00405003922060132,0.016559637636894435,0.0053652711119564255,-0.0007486501613511573,-0.07486501613511573,0.06305498197371201,0,0,False,NOT_AVAILABLE_BOOLEAN_COSTMAP_VETO,1790648369410808625,1790648369410808625,22.5148,1.8710040021687746,1148
1149,11.4899999999998,1790648369476790383,23.367631912231445,2.4889163970947266,0.13720136880874634,0.24322043359279633,23.370040893554688,2.4892492294311523,0.13732151687145233,0.24326293170452118,0.4545246946508908,0.4545246946508908,0.13194789390849992,14,0,2185,8,1.3992178528855166,14,21,0.1998804736203253,0.19988826469793095,0.19990668052779875,0.24411433935165405,0.003715779632329941,0.015221472209288158,0.004931717012621689,-0.0004335540993347367,-0.043355409933473664,0.06267471420862031,0,0,False,NOT_AVAILABLE_BOOLEAN_COSTMAP_VETO,1790648369476790383,1790648369476790383,17.255335,1.4875029446557164,1149
1150,11.4999999999998,1790648369536178042,23.370040893554688,2.4892492294311523,0.13732151687145233,0.24326293170452118,23.37244987487793,2.4895825386047363,0.13744166493415833,0.24327774345874786,0.454845393751021,0.454845393751021,0.1320503370327133,14,0,2185,8,1.3992178528855166,14,21,0.1998804736203253,0.19988826469793095,0.19990668052779875,0.24357452988624573,0.0036096014082431793,0.014819289233274665,0.004801412814679917,-0.00013030419794177184,-0.013030419794177184,0.062293972550701404,0,0,False,NOT_AVAILABLE_BOOLEAN_COSTMAP_VETO,1790648369536178042,1790648369536178042,19.267816,1.4840469229966402,1150
1151,11.509999999999799,1790648369597197017,23.37244987487793,2.4895825386047363,0.13744166493415833,0.24327774345874786,23.374858856201172,2.4899158477783203,0.13756181299686432,0.24323157966136932,0.4551660928511517,0.4551660928511517,0.13215275086983924,14,0,2185,8,1.3992178528855166,14,21,0.1998804736203253,0.19988826469793095,0.19990668052779875,0.24303506314754486,0.0037071802653372288,0.015253684868864482,0.004942153659944335,0.0001407408452644178,0.01407408452644178,0.06191323383779829,0,0,False,NOT_AVAILABLE_BOOLEAN_COSTMAP_VETO,1790648369597197017,1790648369597197017,17.282472,1.4526230515912175,1151
1152,11.519999999999799,1790648369655557667,23.374858856201172,2.4899158477783203,0.13756181299686435,0.24323157966136932,23.377267837524414,2.4902493953704834,0.13768193125724792,0.24310123920440674,0.45548703036659693,0.45548703036659693,0.13225510576092736,14,0,2185,8,1.3992178528855166,14,21,0.1998804736203253,0.19988826469793095,0.19990668052779875,0.24254630506038666,0.0039573488757014275,0.016315848945693764,0.005286285816423149,0.0003441321564788139,0.034413215647881384,0.0615322714156587,0,0,False,NOT_AVAILABLE_BOOLEAN_COSTMAP_VETO,1790648369655557667,1790648369655557667,18.242312,1.378412009216845,1152
1153,11.529999999999799,1790648369714228855,23.377267837524414,2.4902493953704834,0.1376819312572479,0.24310123920440674,23.379674911499023,2.4905829429626465,0.13780194520950317,0.24291673302650452,0.45580797786265237,0.45580797786265237,0.1323573411800938,14,0,2185,8,1.3992178528855166,14,21,0.1998804736203253,0.19988826469793095,0.19990668052779875,0.24213118851184845,0.004266861826181412,0.017622107471597436,0.0057095007797934635,0.0004232149633703148,0.04232149633703148,0.06115135310863157,0,0,False,NOT_AVAILABLE_BOOLEAN_COSTMAP_VETO,1790648369714228855,1790648369714228855,18.382412,1.6271559288725257,1153
1154,11.539999999999798,1790648369773216246,23.379674911499023,2.4905829429626465,0.13780194520950317,0.24291673302650452,23.382080078125,2.4909167289733887,0.13792188465595245,0.2427050918340683,0.456129173754632,0.456129173754632,0.1324594870049447,14,0,2185,8,1.3992178528855166,14,21,0.1998804736203253,0.19988826469793095,0.19990668052779875,0.24180400371551514,0.004549114499241114,0.018813230671702166,0.006095411246795346,0.0003859104670018822,0.03859104670018822,0.060770228728972586,0,0,False,NOT_AVAILABLE_BOOLEAN_COSTMAP_VETO,1790648369773216246,1790648369773216246,18.512208,1.390667981468141,1154
1155,11.549999999999798,1790648369831522270,23.382080078125,2.4909167289733887,0.13792188465595245,0.2427050918340683,23.384483337402344,2.4912502765655518,0.138041689991951,0.24248725175857544,0.45645014121190697,0.45645014121190697,0.13256148377509502,14,0,2185,8,1.3992178528855166,14,21,0.1998804736203253,0.19988826469793095,0.19990668052779875,0.24155978858470917,0.0047440845519304276,0.019639380294733087,0.006363073336575353,0.0002676620897800073,0.026766208978000732,0.06038939863195142,0,0,False,NOT_AVAILABLE_BOOLEAN_COSTMAP_VETO,1790648369831522270,1790648369831522270,19.588979,1.2834969675168395,1155
1156,11.559999999999798,1790648369891522973,23.384483337402344,2.4912502765655518,0.138041689991951,0.24248725175857544,23.386884689331055,2.491584062576294,0.13816142082214355,0.24227531254291534,0.45677135706510663,0.45677135706510663,0.1326633911706434,14,0,2185,8,1.3992178528855166,14,21,0.1998804736203253,0.19988826469793095,0.19990668052779875,0.2413729876279831,0.004827556200325489,0.020000399579782207,0.006480038761434347,0.0001169654248589936,0.01169654248589936,0.06000836244979818,0,0,False,NOT_AVAILABLE_BOOLEAN_COSTMAP_VETO,1790648369891522973,1790648369891522973,19.496687,1.6463249921798706,1156
1157,11.569999999999798,1790648369951553276,23.386884689331055,2.491584062576294,0.13816142082214355,0.24227531254291534,23.389284133911133,2.491917610168457,0.13828101754188538,0.24207566678524017,0.45709234448360153,0.45709234448360153,0.13276514966231412,14,0,2185,8,1.3992178528855166,14,21,0.1998804736203253,0.19988826469793095,0.19990668052779875,0.24122565984725952,0.004794446285814047,0.0198753577411699,0.006439526896287813,-4.0511865146533425e-05,-0.0040511865146533425,0.05962762053487064,0,0,False,NOT_AVAILABLE_BOOLEAN_COSTMAP_VETO,1790648369951553276,1790648369951553276,20.601651,1.3088739942759275,1157
1158,11.579999999999798,1790648370012075852,23.389284133911133,2.491917610168457,0.13828101754188538,0.24207566678524017,23.391681671142578,2.492251396179199,0.13840055465698242,0.24189487099647522,0.4574135802980207,0.4574135802980207,0.13286683376180086,14,0,2185,8,1.3992178528855166,14,21,0.1998804736203253,0.19988826469793095,0.19990668052779875,0.24112507700920105,0.00465157488361001,0.019291128659473737,0.0062502442946461905,-0.00018928260164162262,-0.018928260164162262,0.05924666664268646,0,0,False,NOT_AVAILABLE_BOOLEAN_COSTMAP_VETO,1790648370012075852,1790648370012075852,20.180774,1.3406190555542707,1158
1159,11.589999999999797,1790648370072150253,23.391681671142578,2.492251396179199,0.13840055465698242,0.24189487099647522,23.39407730102539,2.4925851821899414,0.13851997256278992,0.24174100160598755,0.4577348260930496,0.4577348260930496,0.1329683840088305,14,0,2185,8,1.3992178528855166,14,21,0.1998804736203253,0.19988826469793095,0.19990668052779875,0.24108590185642242,0.004410404711961746,0.018293913820760628,0.005927158667532693,-0.0003230856271134973,-0.03230856271134973,0.058865762705209324,0,0,False,NOT_AVAILABLE_BOOLEAN_COSTMAP_VETO,1790648370072150253,1790648370072150253,18.799897,1.721526961773634,1159
1160,11.599999999999797,1790648370131690364,23.39407730102539,2.4925851821899414,0.13851997256278992,0.24174100160598755,23.39647102355957,2.4929189682006836,0.13863934576511383,0.2416202872991562,0.45805608186868885,0.45805608186868885,0.13306987498432488,14,0,2185,8,1.3992178528855166,14,21,0.1998804736203253,0.19988826469793095,0.19990668052779875,0.24110634624958038,0.004108304623514414,0.01703938816799835,0.005520705678706624,-0.0004064529888260695,-0.04064529888260695,0.05848487931984997,0,0,False,NOT_AVAILABLE_BOOLEAN_COSTMAP_VETO,1790648370131690364,1790648370131690364,20.286697,1.9651510519906878,1160
1161,11.609999999999797,1790648370193746717,23.39647102355957,2.4929189682006836,0.13863934576511383,0.2416202872991562,23.398862838745117,2.493252992630005,0.13875865936279297,0.24153642356395721,0.45837758604025264,0.45837758604025264,0.13317129172268904,14,0,2185,8,1.3992178528855166,14,21,0.1998804736203253,0.19988826469793095,0.19990668052779875,0.24117934703826904,0.0037729803007096052,0.01564387808094915,0.005068573093168662,-0.0004521325855379619,-0.04521325855379619,0.05810378394396948,0,0,False,NOT_AVAILABLE_BOOLEAN_COSTMAP_VETO,1790648370193746717,1790648370193746717,20.765976,1.8403789727017283,1161
1162,11.619999999999797,1790648370255356463,23.398862838745117,2.493252992630005,0.13875865936279297,0.24153642356395721,23.401254653930664,2.4935872554779053,0.13887794315814972,0.2414892017841339,0.45869932862713114,0.45869932862713114,0.13327265006185351,14,0,2185,8,1.3992178528855166,14,21,0.1998804736203253,0.19988826469793095,0.19990668052779875,0.24128815531730652,0.003439820371568203,0.014256068090224568,0.004618933213341106,-0.00044963987982755624,-0.044963987982755624,0.057722464817515806,0,0,False,NOT_AVAILABLE_BOOLEAN_COSTMAP_VETO,1790648370255356463,1790648370255356463,19.241959,1.8040250288322568,1162
1163,11.629999999999797,1790648370315425968,23.401254653930664,2.4935872554779053,0.13887794315814972,0.2414892017841339,23.40364646911621,2.4939217567443848,0.13899721205234528,0.24147534370422363,0.45902130962932497,0.45902130962932497,0.1333739646999179,14,0,2185,8,1.3992178528855166,14,21,0.1998804736203253,0.19988826469793095,0.19990668052779875,0.24141636490821838,0.0031222342513501644,0.01293298510453993,0.004190262649067643,-0.00042867056427346294,-0.04286705642734629,0.05734091606116304,0,0,False,NOT_AVAILABLE_BOOLEAN_COSTMAP_VETO,1790648370315425968,1790648370315425968,20.411213,1.417933963239193,1163
1164,11.639999999999796,1790648370375853244,23.40364646911621,2.4939217567443848,0.13899721205234528,0.24147534370422363,23.406038284301758,2.4942564964294434,0.13911648094654083,0.2414790838956833,0.4593435290468338,0.4593435290468338,0.13347525047377484,14,0,2185,8,1.3992178528855166,14,21,0.1998804736203253,0.19988826469793095,0.19990668052779875,0.24155405163764954,0.0028183315880596638,0.011667498719033649,0.0037802515778850867,-0.000410011071182556,-0.0410011071182556,0.05695913179703699,0,0,False,NOT_AVAILABLE_BOOLEAN_COSTMAP_VETO,1790648370375853244,1790648370375853244,19.034433,1.4591190265491605,1164
1165,11.649999999999796,1790648370434866747,23.406038284301758,2.4942564964294434,0.13911648094654086,0.2414790838956833,23.408430099487305,2.494591474533081,0.1392357498407364,0.24148905277252197,0.4596659868796575,0.4596659868796575,0.1335765076696065,14,0,2185,8,1.3992178528855166,14,21,0.1998804736203253,0.19988826469793095,0.19990668052779875,0.24168884754180908,0.002537115942686796,0.01049744731083592,0.0034011598139047977,-0.000379091763980289,-0.0379091763980289,0.0565771120258069,0,0,False,NOT_AVAILABLE_BOOLEAN_COSTMAP_VETO,1790648370434866747,1790648370434866747,19.399341,1.721750944852829,1165
1166,11.659999999999796,1790648370495340265,23.408430099487305,2.494591474533081,0.1392357498407364,0.24148905277252197,23.41082191467285,2.494926929473877,0.13935503363609314,0.2415045201778412,0.45998892154311116,0.45998892154311116,0.1336777510547975,14,0,2185,8,1.3992178528855166,14,21,0.1998804736203253,0.19988826469793095,0.19990668052779875,0.24181443452835083,0.002277426654472947,0.009418075719569739,0.003051447062095971,-0.00034971275180882685,-0.03497127518088269,0.05619461245283891,0,0,False,NOT_AVAILABLE_BOOLEAN_COSTMAP_VETO,1790648370495340265,1790648370495340265,19.739479,1.7749040853232145,1166
1167,11.669999999999796,1790648370555858776,23.41082191467285,2.494926929473877,0.13935503363609314,0.2415045201778412,23.4132137298584,2.495262384414673,0.1394743174314499,0.24152463674545288,0.46031185620656456,0.46031185620656456,0.13377896559351443,14,0,2185,8,1.3992178528855166,14,21,0.1998804736203253,0.19988826469793095,0.19990668052779875,0.2419276237487793,0.0020245639607310295,0.008368469583421207,0.0027113775007169528,-0.00034006956137901806,-0.034006956137901806,0.05581211579341233,0,0,False,NOT_AVAILABLE_BOOLEAN_COSTMAP_VETO,1790648370555858776,1790648370555858776,19.872827,1.8413059879094362,1167
1168,11.679999999999795,1790648370617030108,23.4132137298584,2.495262384414673,0.1394743174314499,0.24152463674545288,23.415605545043945,2.495598316192627,0.13959361612796783,0.24154876172542572,0.4606352677006481,0.4606352677006481,0.13388016647444223,14,0,2185,8,1.3992178528855166,14,21,0.1998804736203253,0.19988826469793095,0.19990668052779875,0.24203190207481384,0.0017875304911285639,0.007385516024148027,0.0023929026245736074,-0.0003184748761433454,-0.031847487614334535,0.05542913933504251,0,0,False,NOT_AVAILABLE_BOOLEAN_COSTMAP_VETO,1790648370617030108,1790648370617030108,19.507087,1.8188420217484236,1168
1169,11.689999999999795,1790648370680736529,23.415605545043945,2.495598316192627,0.13959361612796783,0.24154876172542572,23.417997360229492,2.49593448638916,0.13971292972564697,0.24157625436782837,0.46095891761004687,0.46095891761004687,0.13398135356313334,14,0,2185,8,1.3992178528855166,14,21,0.1998804736203253,0.19988826469793095,0.19990668052779875,0.24212682247161865,0.0015703535173088312,0.006485665244679379,0.0021013524463025257,-0.0002915501782710817,-0.029155017827108172,0.05504592149807025,0,0,False,NOT_AVAILABLE_BOOLEAN_COSTMAP_VETO,1790648370680736529,1790648370680736529,20.850651,1.8341389950364828,1169
1170,11.699999999999795,1790648370742944758,23.417997360229492,2.49593448638916,0.13971292972564697,0.24157625436782837,23.42038917541504,2.4962711334228516,0.1398322582244873,0.24160625040531158,0.46128304435007533,0.46128304435007533,0.13408252672424492,14,0,2185,8,1.3992178528855166,14,21,0.1998804736203253,0.19988826469793095,0.19990668052779875,0.24220706522464752,0.0013743797317147255,0.0056743998381714655,0.0018385034761259323,-0.00026284897017659335,-0.026284897017659334,0.05466222386567948,0,0,False,NOT_AVAILABLE_BOOLEAN_COSTMAP_VETO,1790648370742944758,1790648370742944758,20.091139,1.8896290566772223,1170
1171,11.709999999999795,1790648370803628907,23.42038917541504,2.4962711334228516,0.1398322582244873,0.24160625040531158,23.422780990600586,2.496608018875122,0.13995160162448883,0.24163778126239777,0.4616074095054188,0.4616074095054188,0.13418368624664145,14,0,2185,8,1.3992178528855166,14,21,0.1998804736203253,0.19988826469793095,0.19990668052779875,0.2422693818807602,0.0012015232350677252,0.004959451440954637,0.0016068608838952553,-0.00023164259223067704,-0.023164259223067703,0.0542782848582119,0,0,False,NOT_AVAILABLE_BOOLEAN_COSTMAP_VETO,1790648370803628907,1790648370803628907,19.433581,1.8393549835309386,1171
1172,11.719999999999795,1790648370863410818,23.422780990600586,2.496608018875122,0.13995160162448886,0.24163778126239777,23.425174713134766,2.496945381164551,0.14007095992565155,0.2416696697473526,0.46193224151078216,0.46193224151078216,0.13428481723520136,14,0,2185,8,1.3992178528855166,14,21,0.1998804736203253,0.19988826469793095,0.19990668052779875,0.24230848252773285,0.0010569039732217789,0.004361811696380928,0.0014132260487912758,-0.0001936348351039795,-0.01936348351039795,0.053893866058852324,0,0,False,NOT_AVAILABLE_BOOLEAN_COSTMAP_VETO,1790648370863410818,1790648370863410818,19.482703,1.7883449327200651,1172
1173,11.729999999999794,1790648370923700042,23.425174713134766,2.496945381164551,0.14007095992565155,0.2416696697473526,23.427568435668945,2.4972829818725586,0.14019033312797546,0.24170076847076416,0.46225731193146097,0.46225731193146097,0.13438593455176262,14,0,2185,8,1.3992178528855166,14,21,0.1998804736203253,0.19988826469793095,0.19990668052779875,0.24232365190982819,0.0009357829694636166,0.003861707109844291,0.0012511924506824928,-0.000162033598108783,-0.0162033598108783,0.053509205887944666,0,0,False,NOT_AVAILABLE_BOOLEAN_COSTMAP_VETO,1790648370923700042,1790648370923700042,19.534832,1.5278890496119857,1173
1174,11.739999999999794,1790648370983398879,23.427568435668945,2.4972829818725586,0.14019033312797546,0.24170076847076416,23.429962158203125,2.4976208209991455,0.14030972123146057,0.24173001945018768,0.46258262076745454,0.46258262076745454,0.134487037918404,14,0,2185,8,1.3992178528855166,14,21,0.1998804736203253,0.19988826469793095,0.19990668052779875,0.24231600761413574,0.0008299634791910648,0.003425128563989464,0.0011097411991741561,-0.00014145125150833663,-0.014145125150833663,0.05312430434725329,0,0,False,NOT_AVAILABLE_BOOLEAN_COSTMAP_VETO,1790648370983398879,1790648370983398879,18.784761,1.7161830328404903,1174
1175,11.749999999999794,1790648371042492737,23.429962158203125,2.4976208209991455,0.14030972123146057,0.24173001945018768,23.432355880737305,2.4979588985443115,0.14042912423610687,0.24175655841827393,0.4629081680187628,0.4629081680187628,0.13458812762579164,14,0,2185,8,1.3992178528855166,14,21,0.1998804736203253,0.19988826469793095,0.19990668052779875,0.24228808283805847,0.0007315019611269236,0.003019141315406123,0.0009782014741849339,-0.00013153972498922226,-0.013153972498922226,0.0527391614385439,0,0,False,NOT_AVAILABLE_BOOLEAN_COSTMAP_VETO,1790648371042492737,1790648371042492737,18.5076,1.6919580521062016,1175
1176,11.759999999999794,1790648371101944558,23.432355880737305,2.4979588985443115,0.14042912423610687,0.24175655841827393,23.434749603271484,2.4982974529266357,0.14054852724075317,0.24177971482276917,0.4632341921007014,0.4632341921007014,0.13468918849394873,14,0,2185,8,1.3992178528855166,14,21,0.1998804736203253,0.19988826469793095,0.19990668052779875,0.24224360287189484,0.0006361266714520752,0.0026259792370594685,0.0008508170675079761,-0.00012738440667695776,-0.012738440667695776,0.05235354461808156,0,0,False,NOT_AVAILABLE_BOOLEAN_COSTMAP_VETO,1790648371101944558,1790648371101944558,19.404813,1.3698360417038202,1176
1177,11.769999999999794,1790648371161675204,23.434749603271484,2.4982974529266357,0.14054852724075317,0.24177971482276917,23.437143325805664,2.498636245727539,0.14066794514656067,0.24179904162883759,0.46356045459795503,0.46356045459795503,0.13479023557255587,14,0,2185,8,1.3992178528855166,14,21,0.1998804736203253,0.19988826469793095,0.19990668052779875,0.24218617379665375,0.000541606277693063,0.002236322037722148,0.0007245682134227304,-0.0001262488540852457,-0.012624885408524569,0.05196768643240385,0,0,False,NOT_AVAILABLE_BOOLEAN_COSTMAP_VETO,1790648371161675204,1790648371161675204,19.170021,1.6978461062535644,1177
1178,11.779999999999793,1790648371222069167,23.437143325805664,2.498636245727539,0.14066794514656067,0.24179904162883759,23.439537048339844,2.4989755153656006,0.14078737795352936,0.24181412160396576,0.463887193925838,0.463887193925838,0.13489126901102466,14,0,2185,8,1.3992178528855166,14,21,0.1998804736203253,0.19988826469793095,0.19990668052779875,0.24211618304252625,0.00044698192505165935,0.001846146422080137,0.0005981513694174128,-0.00012641684400531764,-0.012641684400531764,0.05158134846469825,0,0,False,NOT_AVAILABLE_BOOLEAN_COSTMAP_VETO,1790648371222069167,1790648371222069167,19.418669,1.7331440467387438,1178
1179,11.789999999999793,1790648371282396536,23.439537048339844,2.4989755153656006,0.14078737795352936,0.24181412160396576,23.441930770874023,2.499315023422241,0.14090681076049805,0.24182450771331787,0.4642141716690365,0.4642141716690365,0.13499227362803978,14,0,2185,8,1.3992178528855166,14,21,0.1998804736203253,0.19988826469793095,0.19990668052779875,0.24203258752822876,0.00034736294765025377,0.0014351908195409434,0.00046500179201600035,-0.00013314957740141243,-0.013314957740141242,0.05119477500729336,0,0,False,NOT_AVAILABLE_BOOLEAN_COSTMAP_VETO,1790648371282396536,1790648371282396536,20.696885,1.7476399661973119,1179
1180,11.799999999999793,1790648371343686400,23.441930770874023,2.499315023422241,0.14090681076049805,0.24182450771331787,23.444324493408203,2.499654769897461,0.14102625846862793,0.24182988703250885,0.46454138782754995,0.46454138782754995,0.13509326447395065,14,0,2185,8,1.3992178528855166,14,21,0.1998804736203253,0.19988826469793095,0.19990668052779875,0.24193768203258514,0.00023963284911587834,0.0009904734438333737,0.0003209133847855482,-0.00014408840723045217,-0.014408840723045217,0.050807960189244106,0,0,False,NOT_AVAILABLE_BOOLEAN_COSTMAP_VETO,1790648371343686400,1790648371343686400,20.556562,1.834747032262385,1180
1181,11.809999999999793,1790648371405994344,23.444324493408203,2.499654769897461,0.14102625846862796,0.24182988703250885,23.446718215942383,2.4999947547912598,0.1411457061767578,0.24183015525341034,0.46486884240137794,0.46486884240137794,0.13519422665374403,14,0,2185,8,1.3992178528855166,14,21,0.1998804736203253,0.19988826469793095,0.19990668052779875,0.24183538556098938,0.00012313685147091746,0.0005091763191944593,0.00016497312592236133,-0.00015594025886318686,-0.015594025886318686,0.0504209098835699,0,0,False,NOT_AVAILABLE_BOOLEAN_COSTMAP_VETO,1790648371405994344,1790648371405994344,20.109923,1.6956699546426535,1181
1182,11.819999999999792,1790648371467063017,23.446718215942383,2.4999947547912598,0.1411457061767578,0.24183015525341034,23.449111938476562,2.500335216522217,0.1412651389837265,0.24181191623210907,0.46519663882932344,0.46519663882932344,0.1352895811582293,14,0,2185,8,1.3992178528855166,14,21,0.1998804736203253,0.19988826469793095,0.19990668052779875,0.24173429608345032,-2.0029256120324135e-06,-8.285649345101506e-06,-2.6845503878064387e-06,-0.00016765767631016776,-0.016765767631016774,0.05003339154324776,0,0,False,NOT_AVAILABLE_BOOLEAN_COSTMAP_VETO,1790648371467063017,1790648371467063017,20.293993,1.7752880230545998,1182
1183,11.829999999999792,1790648371527958180,23.449111938476562,2.500335216522217,0.1412651389837265,0.24181191623210907,23.451505661010742,2.500675678253174,0.141145721077919,0.24177944660186768,0.46552086644828544,0.46552086644828544,0.13515160788341074,14,0,2185,8,1.3992178528855166,14,21,0.1998804736203253,0.19988826469793095,0.19990668052779875,0.24164120852947235,-0.00013225956354290247,-0.0005473386114387486,-0.0001773377082471432,-0.00017465315785933678,-0.017465315785933678,0.04973998055040524,0,0,False,NOT_AVAILABLE_BOOLEAN_COSTMAP_VETO,1790648371527958180,1790648371527958180,22.112227,1.7951619811356068,1183
1184,11.839999999999792,1790648371591298094,23.451505661010742,2.500675678253174,0.141145721077919,0.24177944660186768,23.453899383544922,2.5010156631469727,0.1410263031721115,0.24173599481582642,0.4658446172410446,0.4658446172410446,0.13501360596930478,14,0,2185,8,1.3992178528855166,14,21,0.1998804736203253,0.19988826469793095,0.19990668052779875,0.2415509670972824,-0.00026411202270537615,-0.001093400808447219,-0.00035426184711677227,-0.00017692413886962906,-0.017692413886962906,0.049447049324883696,0,0,False,NOT_AVAILABLE_BOOLEAN_COSTMAP_VETO,1790648371591298094,1790648371591298094,19.759255,1.8290180014446378,1184
1185,11.849999999999792,1790648371651790588,23.453899383544922,2.5010156631469727,0.1410263031721115,0.24173599481582642,23.4562931060791,2.5013554096221924,0.1409069299697876,0.24168337881565094,0.4661681296207026,0.4661681296207026,0.13487562011179488,14,0,2185,8,1.3992178528855166,14,21,0.1998804736203253,0.19988826469793095,0.19990668052779875,0.24145936965942383,-0.0004014778241980821,-0.001662713792239095,-0.000538719216570052,-0.00018445736945327978,-0.018445736945327976,0.04915434183148698,0,0,False,NOT_AVAILABLE_BOOLEAN_COSTMAP_VETO,1790648371651790588,1790648371651790588,20.757751,1.3891960261389613,1185
1186,11.859999999999792,1790648371713374285,23.4562931060791,2.5013554096221924,0.1409069299697876,0.24168337881565094,23.45868492126465,2.501694679260254,0.14078757166862488,0.2416246384382248,0.46649117810347224,0.46649117810347224,0.13473763538256245,14,0,2185,8,1.3992178528855166,14,21,0.1998804736203253,0.19988826469793095,0.19990668052779875,0.24137455224990845,-0.0005481301923282444,-0.0022708698461333028,-0.0007357616973801219,-0.00019704248081006985,-0.019704248081006983,0.04886210822953102,0,0,False,NOT_AVAILABLE_BOOLEAN_COSTMAP_VETO,1790648371713374285,1790648371713374285,20.705079,1.3685550075024366,1186
1187,11.869999999999791,1790648371774440110,23.45868492126465,2.501694679260254,0.14078757166862488,0.2416246384382248,23.461076736450195,2.5020337104797363,0.14066825807094574,0.24156276881694794,0.4668139881731409,0.4668139881731409,0.13459966675343127,14,0,2185,8,1.3992178528855166,14,21,0.1998804736203253,0.19988826469793095,0.19990668052779875,0.2412993609905243,-0.0006986668449826539,-0.0028954359519008017,-0.0009381209732114208,-0.00020235927583129893,-0.020235927583129892,0.04857009835324594,0,0,False,NOT_AVAILABLE_BOOLEAN_COSTMAP_VETO,1790648371774440110,1790648371774440110,19.823258,1.714998041279614,1187
1188,11.879999999999791,1790648371835008703,23.461076736450195,2.5020337104797363,0.14066825807094574,0.24156276881694794,23.463468551635742,2.5023722648620605,0.1405489593744278,0.2415006309747696,0.46713632141660677,0.46713632141660677,0.13446168444758433,14,0,2185,8,1.3992178528855166,14,21,0.1998804736203253,0.19988826469793095,0.19990668052779875,0.24123609066009521,-0.0008462548721581697,-0.0035079944706555284,-0.0011365897190628944,-0.0001984687458514736,-0.01984687458514736,0.048278562363409605,0,0,False,NOT_AVAILABLE_BOOLEAN_COSTMAP_VETO,1790648371835008703,1790648371835008703,19.895836,1.7608240013942122,1188
1189,11.889999999999791,1790648371895694483,23.463468551635742,2.5023722648620605,0.14054895937442777,0.2415006309747696,23.46586036682129,2.5027105808258057,0.14042967557907104,0.24149245023727417,0.4674584162469712,0.4674584162469712,0.13432368844966547,14,0,2185,8,1.3992178528855166,14,21,0.1998804736203253,0.19988826469793095,0.19990668052779875,0.24145758152008057,-0.0007680649287067354,-0.003180951800607926,-0.0010306280184878085,0.00010596170057508591,0.01059617005750859,0.04798726183967944,0,0,False,NOT_AVAILABLE_BOOLEAN_COSTMAP_VETO,1790648371895694483,1790648371895694483,21.044065,1.6170110320672393,1189
1190,11.89999999999979,1790648371957356583,23.46586036682129,2.5027105808258057,0.14042967557907104,0.24149245023727417,23.468252182006836,2.5030484199523926,0.1403103917837143,0.24150067567825317,0.4677800342511333,0.4677800342511333,0.13418566387954733,14,0,2185,8,1.3992178528855166,14,21,0.1998804736203253,0.19988826469793095,0.19990668052779875,0.24166537821292877,-0.0006457074778154492,-0.00267190725701107,-0.0008656977350108295,0.00016493028347697907,0.016493028347697905,0.04769644107267784,0,0,False,NOT_AVAILABLE_BOOLEAN_COSTMAP_VETO,1790648371957356583,1790648371957356583,19.160837,1.393996994011104,1190
1191,11.90999999999979,1790648372016849525,23.468252182006836,2.5030484199523926,0.1403103917837143,0.24150067567825317,23.470643997192383,2.5033860206604004,0.14019110798835754,0.24151930212974548,0.46810141384219406,0.46810141384219406,0.13404761073095717,14,0,2185,8,1.3992178528855166,14,21,0.1998804736203253,0.19988826469793095,0.19990668052779875,0.24189253151416779,-0.00045716052409261465,-0.001889932364719737,-0.000612338009635538,0.0002533597253752915,0.025335972537529148,0.04740586164315602,0,0,False,NOT_AVAILABLE_BOOLEAN_COSTMAP_VETO,1790648372016849525,1790648372016849525,20.058977,1.3460270129144192,1191
1192,11.91999999999979,1790648372076853972,23.470643997192383,2.5033860206604004,0.14019110798835754,0.24151930212974548,23.47303581237793,2.503723382949829,0.1400718092918396,0.24154694378376007,0.4684225550201531,0.4684225550201531,0.1339095140872515,14,0,2185,8,1.3992178528855166,14,21,0.1998804736203253,0.19988826469793095,0.19990668052779875,0.24210047721862793,-0.0002925292938016355,-0.0012082970556785313,-0.00039148822603961894,0.000220849783595919,0.0220849783595919,0.047115529424981595,0,0,False,NOT_AVAILABLE_BOOLEAN_COSTMAP_VETO,1790648372076853972,1790648372076853972,19.614419,1.354956068098545,1192
1193,11.92999999999979,1790648372136847347,23.47303581237793,2.503723382949829,0.1400718092918396,0.24154694378376007,23.475427627563477,2.5040605068206787,0.13995249569416046,0.2415827065706253,0.4687434577850113,0.4687434577850113,0.13377137396950545,14,0,2185,8,1.3992178528855166,14,21,0.1998804736203253,0.19988826469793095,0.19990668052779875,0.24229906499385834,-0.00016653171041980386,-0.0006872981966481175,-0.00022268461203312943,0.0001688036140064895,0.01688036140064895,0.04682544441857733,0,0,False,NOT_AVAILABLE_BOOLEAN_COSTMAP_VETO,1790648372136847347,1790648372136847347,19.008991,1.4277580194175243,1193
1194,11.93999999999979,1790648372196329025,23.475427627563477,2.5040605068206787,0.13995249569416046,0.2415827065706253,23.477819442749023,2.504397392272949,0.13983316719532013,0.24162539839744568,0.46906412213676835,0.46906412213676835,0.13363319039890653,14,0,2185,8,1.3992178528855166,14,21,0.1998804736203253,0.19988826469793095,0.19990668052779875,0.24248068034648895,-8.50643846206367e-05,-0.00035080891598903997,-0.00011366208829097945,0.00010902252374214998,0.010902252374214997,0.04653560662436779,0,0,False,NOT_AVAILABLE_BOOLEAN_COSTMAP_VETO,1790648372196329025,1790648372196329025,18.860219,1.7218150896951556,1194
1195,11.94999999999979,1790648372255678410,23.477819442749023,2.504397392272949,0.13983316719532013,0.24162539839744568,23.480213165283203,2.5047342777252197,0.13983316719532013,0.24167399108409882,0.4693847735592104,0.4693847735592104,0.1336142916618046,14,0,2185,8,1.3992178528855166,14,21,0.1998804736203253,0.19988826469793095,0.19990668052779875,0.24264726042747498,-3.75933013856411e-05,-0.0001549298406230199,-5.019726831969666e-05,6.34648199712828e-05,0.006346481997128279,0.04619872117209728,0,0,False,NOT_AVAILABLE_BOOLEAN_COSTMAP_VETO,1790648372255678410,1790648372255678410,19.302409,1.7542639980092645,1195
1196,11.95999999999979,1790648372315546277,23.480213165283203,2.5047342777252197,0.13983316719532013,0.24167399108409882,23.482606887817383,2.5050711631774902,0.13983316719532013,0.24172742664813995,0.46970542498165246,0.46970542498165246,0.13359536427782936,14,0,2185,8,1.3992178528855166,14,21,0.1998804736203253,0.19988826469793095,0.19990668052779875,0.24279779195785522,-7.627531886100769e-06,-3.141516166433982e-05,-1.0178512378894597e-05,4.0018755940802063e-05,0.004001875594080206,0.04586183571982677,0,0,False,NOT_AVAILABLE_BOOLEAN_COSTMAP_VETO,1790648372315546277,1790648372315546277,19.342347,1.7425519181415439,1196
1197,11.96999999999979,1790648372375301660,23.482606887817383,2.5050711631774902,0.13983316719532013,0.24172742664813995,23.485000610351562,2.5054080486297607,0.13983316719532013,0.24178482592105865,0.47002607640409494,0.47002607640409494,0.1335764083049824,14,0,2185,8,1.3992178528855166,14,21,0.1998804736203253,0.19988826469793095,0.19990668052779875,0.24293440580368042,2.2242049453780055e-05,9.155578181772345e-05,2.9664073300241364e-05,3.984258567913596e-05,0.003984258567913596,0.04552495026755626,0,0,False,NOT_AVAILABLE_BOOLEAN_COSTMAP_VETO,1790648372375301660,1790648372375301660,19.545841,1.6010110266506672,1197
1198,11.979999999999789,1790648372435737768,23.485000610351562,2.5054080486297607,0.13983316719532013,0.24178482592105865,23.487394332885742,2.5057451725006104,0.13983316719532013,0.24184545874595642,0.4703469662396383,0.4703469662396383,0.13355742367228363,14,0,2185,8,1.3992178528855166,14,21,0.1998804736203253,0.19988826469793095,0.19990668052779875,0.24306003749370575,6.242713425308466e-05,0.00025683833054909847,8.321561890582298e-05,5.355154560558161e-05,0.005355154560558161,0.045187826396706654,0,0,False,NOT_AVAILABLE_BOOLEAN_COSTMAP_VETO,1790648372435737768,1790648372435737768,18.793113,1.695798011496663,1198
1199,11.989999999999789,1790648372495444093,23.487394332885742,2.5057451725006104,0.13983316719532013,0.24184545874595642,23.489789962768555,2.50608229637146,0.1399526447057724,0.24190875887870789,0.4706678431458673,0.4706678431458673,0.1336578728141884,14,0,2185,8,1.3992178528855166,14,21,0.1998804736203253,0.19988826469793095,0.19990668052779875,0.2431766241788864,0.00011375028407201171,0.000467768168326633,0.00015155688537743433,6.834126647161135e-05,0.006834126647161135,0.04480359611879886,0,0,False,NOT_AVAILABLE_BOOLEAN_COSTMAP_VETO,1790648372495444093,1790648372495444093,19.183845,1.6398609150201082,1199
1200,11.999999999999789,1790648372555116145,23.489789962768555,2.50608229637146,0.1399526447057724,0.24190875887870789,23.492185592651367,2.5064198970794678,0.14007213711738586,0.24197418987751007,0.47098919687829915,0.47098919687829915,0.1337583081016036,14,0,2185,8,1.3992178528855166,14,21,0.1998804736203253,0.19988826469793095,0.19990668052779875,0.243284672498703,0.00017206039046868682,0.0007072389259113892,0.00022914540798466354,7.758852260722921e-05,0.007758852260722921,0.044418886055575146,0,0,False,NOT_AVAILABLE_BOOLEAN_COSTMAP_VETO,1790648372555116145,1790648372555116145,19.053697,1.6849179519340396,1200
1201,12.009999999999788,1790648372614877192,23.492185592651367,2.5064198970794678,0.14007213711738586,0.24197418987751007,23.49458122253418,2.506757974624634,0.1401916742324829,0.24204127490520477,0.47131102743693337,0.47131102743693337,0.13385875950620107,14,0,2185,8,1.3992178528855166,14,21,0.1998804736203253,0.19988826469793095,0.19990668052779875,0.24338501691818237,0.0002333336160518229,0.0009587016448521216,0.0003106193229421178,8.147391495745427e-05,0.008147391495745426,0.044033684460463796,0,0,False,NOT_AVAILABLE_BOOLEAN_COSTMAP_VETO,1790648372614877192,1790648372614877192,19.243624,1.783417072147131,1201
1202,12.019999999999788,1790648372675146928,23.49458122253418,2.506757974624634,0.1401916742324829,0.24204127490520477,23.496978759765625,2.507096529006958,0.14031122624874115,0.24210938811302185,0.47163332189245594,0.47163332189245594,0.13395918184046796,14,0,2185,8,1.3992178528855166,14,21,0.1998804736203253,0.19988826469793095,0.19990668052779875,0.24347372353076935,0.000294489786028862,0.0012095341614621728,0.0003918890482520246,8.126972530990678e-05,0.008126972530990678,0.043648003085033416,0,0,False,NOT_AVAILABLE_BOOLEAN_COSTMAP_VETO,1790648372675146928,1790648372675146928,19.538801,1.8397059757262468,1202
1203,12.029999999999788,1790648372735635070,23.496978759765625,2.507096529006958,0.14031122624874115,0.24210938811302185,23.49937629699707,2.5074353218078613,0.14043082296848297,0.2421777844429016,0.4719558547610794,0.4719558547610794,0.13405962017752238,14,0,2185,8,1.3992178528855166,14,21,0.1998804736203253,0.19988826469793095,0.19990668052779875,0.24354776740074158,0.0003506799112074077,0.0014398814448189432,0.00046652155427638387,7.463250602435928e-05,0.007463250602435928,0.04326206860275689,0,0,False,NOT_AVAILABLE_BOOLEAN_COSTMAP_VETO,1790648372735635070,1790648372735635070,19.950718,1.4318530447781086,1203
1204,12.039999999999788,1790648372796185934,23.49937629699707,2.5074353218078613,0.14043082296848297,0.2421777844429016,23.501773834228516,2.507774591445923,0.14055044949054718,0.2422456592321396,0.4722788644559059,0.4722788644559059,0.13416005961896316,14,0,2185,8,1.3992178528855166,14,21,0.1998804736203253,0.19988826469793095,0.19990668052779875,0.2436051070690155,0.0003960980102419853,0.0016259840157200284,0.0005268187723558711,6.02972180794872e-05,0.00602972180794872,0.04287564847209263,0,0,False,NOT_AVAILABLE_BOOLEAN_COSTMAP_VETO,1790648372796185934,1790648372796185934,18.735255,1.7859450308606029,1204
1205,12.049999999999788,1790648372855580025,23.501773834228516,2.507774591445923,0.14055044949054718,0.2422456592321396,23.504173278808594,2.5081140995025635,0.14067012071609497,0.24231228232383728,0.4726020996345187,0.4726020996345187,0.13426049972322662,14,0,2185,8,1.3992178528855166,14,21,0.1998804736203253,0.19988826469793095,0.19990668052779875,0.24364690482616425,0.00042665499495342374,0.0017511201107103373,0.0005673628549919919,4.0544082636120816e-05,0.004054408263612082,0.042488975241782245,0,0,False,NOT_AVAILABLE_BOOLEAN_COSTMAP_VETO,1790648372855580025,1790648372855580025,18.718103,1.7368230037391186,1205
1206,12.059999999999787,1790648372915472469,23.504173278808594,2.5081140995025635,0.14067012071609497,0.24231228232383728,23.506572723388672,2.5084540843963623,0.14078980684280396,0.2423771470785141,0.4729258116393346,0.4729258116393346,0.13436092599042748,14,0,2185,8,1.3992178528855166,14,21,0.1998804736203253,0.19988826469793095,0.19990668052779875,0.24367646872997284,0.0004411355475895107,0.0018103329791698097,0.0005865478179860293,1.9184962994037375e-05,0.0019184962994037375,0.04210182224189757,0,0,False,NOT_AVAILABLE_BOOLEAN_COSTMAP_VETO,1790648372915472469,1790648372915472469,19.445614,1.713015022687614,1206
1207,12.069999999999787,1790648372975517717,23.506572723388672,2.5084540843963623,0.14078980684280396,0.2423771470785141,23.50897216796875,2.5087943077087402,0.14090953767299652,0.2424398511648178,0.4732497620572513,0.4732497620572513,0.13446136818820564,14,0,2185,8,1.3992178528855166,14,21,0.1998804736203253,0.19988826469793095,0.19990668052779875,0.24369587004184723,0.00043898337753489614,0.001801357476675802,0.0005836397561735038,-2.9080618125255095e-06,-0.00029080618125255095,0.041714416148842914,0,0,False,NOT_AVAILABLE_BOOLEAN_COSTMAP_VETO,1790648372975517717,1790648372975517717,19.198054,1.7833530437201262,1207
1208,12.079999999999787,1790648373035307981,23.50897216796875,2.5087943077087402,0.1409095376729965,0.2424398511648178,23.51137351989746,2.5091350078582764,0.14102929830551147,0.24250011146068573,0.4735741763720566,0.4735741763720566,0.13456179611627528,14,0,2185,8,1.3992178528855166,14,21,0.1998804736203253,0.19988826469793095,0.19990668052779875,0.24370712041854858,0.0004204054130241275,0.0017250436191692427,0.000558914074412047,-2.4725681761456715e-05,-0.0024725681761456715,0.04132652441962187,0,0,False,NOT_AVAILABLE_BOOLEAN_COSTMAP_VETO,1790648373035307981,1790648373035307981,20.537393,2.1011229837313294,1208
1209,12.089999999999787,1790648373097765786,23.51137351989746,2.5091350078582764,0.14102929830551147,0.24250011146068573,23.513774871826172,2.5094759464263916,0.14114908874034882,0.2425578087568283,0.47389882909996317,0.47389882909996317,0.13466222503346348,14,0,2185,8,1.3992178528855166,14,21,0.1998804736203253,0.19988826469793095,0.19990668052779875,0.24371348321437836,0.000387077743653208,0.0015882491955224395,0.0005145926939269164,-4.432138048513065e-05,-0.004432138048513065,0.040938385475688566,0,0,False,NOT_AVAILABLE_BOOLEAN_COSTMAP_VETO,1790648373097765786,1790648373097765786,20.882428,1.827578991651535,1209
1210,12.099999999999786,1790648373159777433,23.513774871826172,2.5094759464263916,0.14114908874034882,0.2425578087568283,23.516176223754883,2.509817361831665,0.14126889407634735,0.24261292815208435,0.4742239586540719,0.4742239586540719,0.13476264007882977,14,0,2185,8,1.3992178528855166,14,21,0.1998804736203253,0.19988826469793095,0.19990668052779875,0.24371713399887085,0.000342619139701128,0.0014058065351396894,0.00045548128588672145,-5.911140804019493e-05,-0.005911140804019493,0.04054976677221561,0,0,False,NOT_AVAILABLE_BOOLEAN_COSTMAP_VETO,1790648373159777433,1790648373159777433,20.719351,1.7795129679143429,1210
1211,12.109999999999786,1790648373221422348,23.516176223754883,2.509817361831665,0.14126889407634735,0.24261292815208435,23.518577575683594,2.5101590156555176,0.14138874411582947,0.24266554415225983,0.4745493266212824,0.4745493266212824,0.13486307105747075,14,0,2185,8,1.3992178528855166,14,21,0.1998804736203253,0.19988826469793095,0.19990668052779875,0.24371939897537231,0.0002910859475377947,0.0011943487008484242,0.0003869689597593358,-6.851232612738563e-05,-0.0068512326127385635,0.04016089498854675,0,0,False,NOT_AVAILABLE_BOOLEAN_COSTMAP_VETO,1790648373221422348,1790648373221422348,20.364779,1.7906820867210627,1211
1212,12.119999999999786,1790648373282855672,23.518577575683594,2.5101590156555176,0.14138874411582947,0.24266554415225983,23.520980834960938,2.5105011463165283,0.14150860905647278,0.2427157163619995,0.474875158485381,0.474875158485381,0.13496347266389375,14,0,2185,8,1.3992178528855166,14,21,0.1998804736203253,0.19988826469793095,0.19990668052779875,0.24372054636478424,0.0002359326754231006,0.0009680458990518292,0.0003136468610078566,-7.332209875147923e-05,-0.007332209875147923,0.0397715434503631,0,0,False,NOT_AVAILABLE_BOOLEAN_COSTMAP_VETO,1790648373282855672,1790648373282855672,21.407052,1.5454899985343218,1212
1213,12.129999999999786,1790648373344767252,23.520980834960938,2.5105011463165283,0.14150860905647278,0.2427157163619995,23.52338409423828,2.510843515396118,0.14162850379943848,0.2427634745836258,0.47520122876258036,0.47520122876258036,0.13506387526212515,14,0,2185,8,1.3992178528855166,14,21,0.1998804736203253,0.19988826469793095,0.19990668052779875,0.24372006952762604,0.0001787168439477682,0.0007332873500904298,0.00023758509695900269,-7.60617640488539e-05,-0.00760617640488539,0.03938194470825235,0,0,False,NOT_AVAILABLE_BOOLEAN_COSTMAP_VETO,1790648373344767252,1790648373344767252,20.928381,1.790137030184269,1213
1214,12.139999999999786,1790648373407119422,23.52338409423828,2.510843515396118,0.14162850379943848,0.2427634745836258,23.525787353515625,2.511186361312866,0.14174841344356537,0.24280887842178345,0.47552777586598277,0.47552777586598277,0.13516426391594516,14,0,2185,8,1.3992178528855166,14,21,0.1998804736203253,0.19988826469793095,0.19990668052779875,0.24371835589408875,0.00012069212971255183,0.0004952114881531546,0.00016044852078477437,-7.713657617422831e-05,-0.007713657617422831,0.03899186621592382,0,0,False,NOT_AVAILABLE_BOOLEAN_COSTMAP_VETO,1790648373407119422,1790648373407119422,20.474287,1.6903579235076904,1214
1215,12.149999999999785,1790648373469947799,23.525787353515625,2.511186361312866,0.14174841344356537,0.24280887842178345,23.52819061279297,2.5115294456481934,0.14174841344356537,0.24285206198692322,0.47585456138248683,0.47585456138248683,0.1351447140447828,14,0,2185,8,1.3992178528855166,14,21,0.1998804736203253,0.19988826469793095,0.19990668052779875,0.24371714890003204,6.482496974058449e-05,0.0002659844415264123,8.617895884121258e-05,-7.42695619435618e-05,-0.00742695619435618,0.03864878188059667,0,0,False,NOT_AVAILABLE_BOOLEAN_COSTMAP_VETO,1790648373469947799,1790648373469947799,29.635155,2.1333160111680627,1215
1216,12.159999999999785,1790648373541427525,23.52819061279297,2.5115294456481934,0.14174841344356537,0.24285206198692322,23.530595779418945,2.5118725299835205,0.14186836779117584,0.24286675453186035,0.4761813339696758,0.4761813339696758,0.13524507434873856,14,0,2185,8,1.3992178528855166,14,21,0.1998804736203253,0.19988826469793095,0.19990668052779875,0.24316109716892242,0.0012441385770216584,0.0051165198360548746,0.0016577509083039808,0.0015715719494627683,0.15715719494627683,0.0382584503203362,0,0,False,NOT_AVAILABLE_BOOLEAN_COSTMAP_VETO,1790648373541427525,1790648373541427525,50.673652,1.4710229588672519,1216
1217,12.169999999999785,1790648373634243485,23.530595779418945,2.5118725299835205,0.14186836779117581,0.24286675453186035,23.53299903869629,2.512216091156006,0.14198832213878632,0.24283567070960999,0.476508596312382,0.476508596312382,0.13534542123836335,14,0,2185,8,1.3992178528855166,14,21,0.1998804736203253,0.19988826469793095,0.19990668052779875,0.24270331859588623,0.0023103095591068268,0.009519068682178234,0.003084168474020519,0.0014264175657165382,0.14264175657165382,0.03786764488356126,0,0,False,NOT_AVAILABLE_BOOLEAN_COSTMAP_VETO,1790648373634243485,1790648373634243485,45.775352,1.8493710085749626,1217
1218,12.179999999999785,1790648373722480130,23.53299903869629,2.512216091156006,0.14198832213878634,0.24283567070960999,23.535402297973633,2.512559652328491,0.14210821688175201,0.24270562827587128,0.47683585865508826,0.47683585865508826,0.13544567972650645,14,0,2185,8,1.3992178528855166,14,21,0.1998804736203253,0.19988826469793095,0.19990668052779875,0.24215196073055267,0.0033464073203504086,0.013819451679245425,0.0044774724227391125,0.0013933039487185935,0.13933039487185936,0.03747686588131377,0,0,False,NOT_AVAILABLE_BOOLEAN_COSTMAP_VETO,1790648373722480130,1790648373722480130,44.044929,1.7900730017572641,1218
1219,12.189999999999785,1790648373810539682,23.535402297973633,2.512559652328491,0.14210821688175201,0.24270562827587128,23.537803649902344,2.5129034519195557,0.14222805202007294,0.24250538647174835,0.4771633723402101,0.4771633723402101,0.13554586536805235,14,0,2185,8,1.3992178528855166,14,21,0.1998804736203253,0.19988826469793095,0.19990668052779875,0.24165283143520355,0.0043817744590342045,0.01813251859293495,0.005874868434619811,0.0013973960118806982,0.13973960118806983,0.03708587489128029,0,0,False,NOT_AVAILABLE_BOOLEAN_COSTMAP_VETO,1790648373810539682,1790648373810539682,43.723831,1.7960569821298122,1219
1220,12.199999999999784,1790648373898797992,23.537803649902344,2.5129034519195557,0.14222805202007294,0.24250538647174835,23.540203094482422,2.513247013092041,0.14234773814678192,0.24225181341171265,0.4774906605415456,0.4774906605415456,0.13564588890336093,14,0,2185,8,1.3992178528855166,14,21,0.1998804736203253,0.19988826469793095,0.19990668052779875,0.2411721795797348,0.005509502720087767,0.022844686023440156,0.0074015431094478215,0.0015266746748280107,0.15266746748280108,0.036695183952281496,0,0,False,NOT_AVAILABLE_BOOLEAN_COSTMAP_VETO,1790648373898797992,1790648373898797992,43.681109,1.8359939567744732,1220
1221,12.209999999999784,1790648373988692003,23.540203094482422,2.513247013092041,0.14234773814678192,0.24225181341171265,23.542600631713867,2.5135905742645264,0.14246734976768494,0.24197889864444733,0.4778179616721956,0.4778179616721956,0.13574582490948606,14,0,2185,8,1.3992178528855166,14,21,0.1998804736203253,0.19988826469793095,0.19990668052779875,0.24081692099571228,0.0066042449325323105,0.027424339225107435,0.008885252078132178,0.001483708968684356,0.1483708968684356,0.03630452529940048,0,0,False,NOT_AVAILABLE_BOOLEAN_COSTMAP_VETO,1790648373988692003,1790648373988692003,44.107682,1.940542017109692,1221
1222,12.219999999999784,1790648374079675136,23.542600631713867,2.5135905742645264,0.14246734976768494,0.24197889864444733,23.544994354248047,2.5139341354370117,0.14258678257465363,0.24172690510749817,0.478145288661474,0.478145288661474,0.13584558484622145,14,0,2185,8,1.3992178528855166,14,21,0.1998804736203253,0.19988826469793095,0.19990668052779875,0.24065399169921875,0.007465233560651541,0.03102060974738353,0.010050339151848041,0.0011650870737158637,0.11650870737158636,0.03591393999562981,0,0,False,NOT_AVAILABLE_BOOLEAN_COSTMAP_VETO,1790648374079675136,1790648374079675136,44.373931,1.5529460506513715,1222
1223,12.229999999999784,1790648374169416150,23.544994354248047,2.5139341354370117,0.14258678257465363,0.24172690510749817,23.547386169433594,2.514277696609497,0.14270614087581635,0.24153374135494232,0.4784726285800672,0.4784726285800672,0.1359452573648996,14,0,2185,8,1.3992178528855166,14,21,0.1998804736203253,0.19988826469793095,0.19990668052779875,0.24071133136749268,0.00812480691820383,0.033753321341568804,0.01093564016921236,0.0008853010173643181,0.0885301017364318,0.03552338696317808,0,0,False,NOT_AVAILABLE_BOOLEAN_COSTMAP_VETO,1790648374169416150,1790648374169416150,44.407916,1.779736950993538,1223
1224,12.239999999999783,1790648374259698237,23.547386169433594,2.514277696609497,0.14270614087581635,0.24153374135494232,23.549776077270508,2.5146212577819824,0.1428253948688507,0.24142108857631683,0.4787999814279753,0.4787999814279753,0.13604481281064063,14,0,2185,8,1.3992178528855166,14,21,0.1998804736203253,0.19988826469793095,0.19990668052779875,0.24094147980213165,0.008634492754936218,0.03583647266559134,0.011610495403312281,0.000674855234099922,0.0674855234099922,0.03513287792941727,0,0,False,NOT_AVAILABLE_BOOLEAN_COSTMAP_VETO,1790648374259698237,1790648374259698237,44.421197,1.7661360325291753,1224
1225,12.249999999999783,1790648374350019813,23.549776077270508,2.5146212577819824,0.1428253948688507,0.24142108857631683,23.552165985107422,2.514965057373047,0.14294463396072388,0.24144551157951355,0.47912757268898426,0.47912757268898426,0.1361443248195009,15,0,2185,8,1.3992452613180366,15,22,0.1998804736203253,0.19989218018829094,0.19990878609449175,0.24193471670150757,0.00782474223524332,0.03234237046226513,0.01047854449856799,-0.0011319509047442913,-0.11319509047442912,0.03474213927434294,0,0,False,NOT_AVAILABLE_BOOLEAN_COSTMAP_VETO,1790648374350019813,1790648374350019813,22.16506,2.14608502574265,1225
1226,12.259999999999783,1790648374419529204,23.552165985107422,2.514965057373047,0.14294463396072388,0.24144551157951355,23.554555892944336,2.5153090953826904,0.14306390285491943,0.2415069043636322,0.47945540236309453,0.47945540236309453,0.1362438382513913,15,0,2185,8,1.3992452613180366,15,22,0.1998804736203253,0.19989218018829094,0.19990878609449175,0.2427365630865097,0.006932287476956844,0.028558892771692674,0.009252817190157607,-0.0012257273084103834,-0.12257273084103834,0.03435115340142242,0,0,False,NOT_AVAILABLE_BOOLEAN_COSTMAP_VETO,1790648374419529204,1790648374419529204,22.455406,2.089153975248337,1226
1227,12.269999999999783,1790648374486569940,23.554555892944336,2.5153090953826904,0.14306390285491943,0.2415069043636322,23.55694580078125,2.515653610229492,0.14318320155143738,0.2415991723537445,0.4797837088634077,0.4797837088634077,0.13634335295512878,15,0,2185,8,1.3992452613180366,15,22,0.1998804736203253,0.19989218018829094,0.19990878609449175,0.2434474527835846,0.005934786517173052,0.024378100692016066,0.007898340377336626,-0.001354476812820981,-0.13544768128209808,0.03395968189494408,0,0,False,NOT_AVAILABLE_BOOLEAN_COSTMAP_VETO,1790648374486569940,1790648374486569940,21.926909,1.458285958506167,1227
1228,12.279999999999783,1790648374552156229,23.55694580078125,2.515653610229492,0.14318320155143735,0.2415991723537445,23.559337615966797,2.515998601913452,0.1433025598526001,0.24170956015586853,0.4801124792606087,0.4801124792606087,0.13644288297956564,15,0,2185,8,1.3992452613180366,15,22,0.1998804736203253,0.19989218018829094,0.19990878609449175,0.24392074346542358,0.00483671622350812,0.019829048381831194,0.006424523284593096,-0.0014738170927435295,-0.14738170927435296,0.03356771302850853,0,0,False,NOT_AVAILABLE_BOOLEAN_COSTMAP_VETO,1790648374552156229,1790648374552156229,22.944798,1.8437710823491216,1228
1229,12.289999999999782,1790648374618708309,23.559337615966797,2.515998601913452,0.1433025598526001,0.24170956015586853,23.561731338500977,2.5163440704345703,0.1434219628572464,0.2418261617422104,0.48044171355469817,0.48044171355469817,0.13654241335806816,15,0,2185,8,1.3992452613180366,15,22,0.1998804736203253,0.19989218018829094,0.19990878609449175,0.24416185915470123,0.0037678873632103205,0.015431924446573708,0.004999901856060135,-0.001424621428532961,-0.1424621428532961,0.03317525267145499,0,0,False,NOT_AVAILABLE_BOOLEAN_COSTMAP_VETO,1790648374618708309,1790648374618708309,23.251816,1.617396017536521,1229
1230,12.299999999999782,1790648374685513581,23.561731338500977,2.5163440704345703,0.1434219628572464,0.2418261617422104,23.564125061035156,2.5166897773742676,0.14354144036769867,0.24193629622459412,0.48077118626188853,0.48077118626188853,0.13664198970607444,15,0,2185,8,1.3992452613180366,15,22,0.1998804736203253,0.19989218018829094,0.19990878609449175,0.2441423386335373,0.0028996486216783524,0.011876877390081796,0.0038480892803732527,-0.0011518125756868826,-0.11518125756868826,0.032782527518538884,0,0,False,NOT_AVAILABLE_BOOLEAN_COSTMAP_VETO,1790648374685513581,1790648374685513581,23.847803,1.971135032363236,1230
1231,12.309999999999782,1790648374752259588,23.564125061035156,2.5166897773742676,0.14354144036769867,0.24193629622459412,23.56652069091797,2.517036199569702,0.14366094768047333,0.24202945828437805,0.48110136127906833,0.48110136127906833,0.13674155142146915,15,0,2185,8,1.3992452613180366,15,22,0.1998804736203253,0.19989218018829094,0.19990878609449175,0.24389556050300598,0.0022692640777677298,0.009304245116588587,0.0030145662860073734,-0.0008335229943658793,-0.08335229943658792,0.032389078329377596,0,0,False,NOT_AVAILABLE_BOOLEAN_COSTMAP_VETO,1790648374752259588,1790648374752259588,23.188998,1.45598198287189,1231
1232,12.319999999999782,1790648374817959096,23.56652069091797,2.517036199569702,0.14366094768047333,0.24202945828437805,23.56891632080078,2.517382860183716,0.14378051459789276,0.24209891259670258,0.4814317747093499,0.4814317747093499,0.13684114416518778,15,0,2185,8,1.3992452613180366,15,22,0.1998804736203253,0.19989218018829094,0.19990878609449175,0.2434900552034378,0.0019125693943351507,0.007854815231518118,0.002544954640615216,-0.00046961164539215724,-0.04696116453921572,0.031995370217680896,0,0,False,NOT_AVAILABLE_BOOLEAN_COSTMAP_VETO,1790648374817959096,1790648374817959096,21.649557,1.788345049135387,1232
1233,12.329999999999782,1790648374881677518,23.56891632080078,2.517382860183716,0.14378051459789276,0.24209891259670258,23.571311950683594,2.5177299976348877,0.1439000964164734,0.2421419769525528,0.4817626649658337,0.4817626649658337,0.13694072308091876,15,0,2185,8,1.3992452613180366,15,22,0.1998804736203253,0.19989218018829094,0.19990878609449175,0.2430046796798706,0.0018228384433314204,0.007501248312307362,0.002430399667846892,-0.00011455497276832401,-0.011455497276832401,0.031601182358341695,0,0,False,NOT_AVAILABLE_BOOLEAN_COSTMAP_VETO,1790648374881677518,1790648374881677518,20.688277,1.8871319480240345,1233
1234,12.339999999999781,1790648374944821073,23.571311950683594,2.5177299976348877,0.1439000964164734,0.2421419769525528,23.573707580566406,2.5180773735046387,0.1440196931362152,0.24216000735759735,0.4820937936354186,0.4820937936354186,0.13704028840445215,15,0,2185,8,1.3992452613180366,15,22,0.1998804736203253,0.19989218018829094,0.19990878609449175,0.24252116680145264,0.001959635643288493,0.008080266432549407,0.0026180003429362485,0.00018760067508935638,0.01876006750893564,0.031206753171716783,0,0,False,NOT_AVAILABLE_BOOLEAN_COSTMAP_VETO,1790648374944821073,1790648374944821073,21.297385,1.8821080448105931,1234
1235,12.349999999999781,1790648375008812623,23.573707580566406,2.5180773735046387,0.14401969313621518,0.24216000735759735,23.57610321044922,2.518425226211548,0.14413928985595703,0.24214784801006317,0.4824253991312065,0.4824253991312065,0.13713982515970002,15,0,2185,8,1.3992452613180366,15,22,0.1998804736203253,0.19989218018829094,0.19990878609449175,0.24209609627723694,0.0022394699044525623,0.00925033463525173,0.002997099447869055,0.0003790991049328063,0.03790991049328063,0.0308118501030627,0,0,False,NOT_AVAILABLE_BOOLEAN_COSTMAP_VETO,1790648375008812623,1790648375008812623,21.016512,1.873563975095749,1235
1236,12.359999999999781,1790648375072230747,23.57610321044922,2.518425226211548,0.14413928985595703,0.24214784801006317,23.57849884033203,2.518773078918457,0.14425887167453766,0.24207401275634766,0.48275700462699433,0.48275700462699433,0.13723931837013126,15,0,2185,8,1.3992452613180366,15,22,0.1998804736203253,0.19989218018829094,0.19990878609449175,0.24175968766212463,0.002577040111646056,0.010659511255026283,0.0034536679149842105,0.00045656846711515566,0.04565684671151556,0.030416955851901573,0,0,False,NOT_AVAILABLE_BOOLEAN_COSTMAP_VETO,1790648375072230747,1790648375072230747,20.907228,1.8778529483824968,1236
1237,12.36999999999978,1790648375135750251,23.57849884033203,2.518773078918457,0.14425887167453766,0.24207401275634766,23.580894470214844,2.5191211700439453,0.1443784236907959,0.24196889996528625,0.4830888485358831,0.4830888485358831,0.13733875329347134,15,0,2185,8,1.3992452613180366,15,22,0.1998804736203253,0.19989218018829094,0.19990878609449175,0.24152137339115143,0.002891331445425749,0.011971327443319673,0.0038786906408661568,0.0004250227258819463,0.042502272588194626,0.030021837860543854,0,0,False,NOT_AVAILABLE_BOOLEAN_COSTMAP_VETO,1790648375135750251,1790648375135750251,21.920413,1.4229899970814586,1237
1238,12.37999999999978,1790648375199268122,23.580894470214844,2.5191211700439453,0.1443784236907959,0.24196889996528625,23.583288192749023,2.5194692611694336,0.14449790120124817,0.2418481558561325,0.48342070537408666,0.48342070537408666,0.13743810113331856,15,0,2185,8,1.3992452613180366,15,22,0.1998804736203253,0.19989218018829094,0.19990878609449175,0.24133405089378357,0.003118525492027402,0.01292202853463034,0.004186712782694497,0.00030802214182834055,0.030802214182834055,0.029626752128894374,0,0,False,NOT_AVAILABLE_BOOLEAN_COSTMAP_VETO,1790648375199268122,1790648375199268122,20.854459,1.9500140333548188,1238
1239,12.38999999999978,1790648375263302105,23.583288192749023,2.5194692611694336,0.14449790120124817,0.2418481558561325,23.58568000793457,2.519817590713501,0.14461733400821686,0.2417221963405609,0.4837528135547064,0.4837528135547064,0.1375373917626086,15,0,2185,8,1.3992452613180366,15,22,0.1998804736203253,0.19989218018829094,0.19990878609449175,0.24118593335151672,0.0032395601738244295,0.013431795664065237,0.004351874321841873,0.00016516153914737566,0.016516153914737566,0.029231448512349878,0,0,False,NOT_AVAILABLE_BOOLEAN_COSTMAP_VETO,1790648375263302105,1790648375263302105,21.240775,1.4593430096283555,1239
1240,12.39999999999978,1790648375325993454,23.58568000793457,2.519817590713501,0.14461733400821686,0.2417221963405609,23.588071823120117,2.5201659202575684,0.14473667740821838,0.24159768223762512,0.48408492173532564,0.48408492173532564,0.1376365645994464,15,0,2185,8,1.3992452613180366,15,22,0.1998804736203253,0.19989218018829094,0.19990878609449175,0.2410675436258316,0.003227140288800001,0.013386871746654313,0.004337319247339065,-1.4555074502807866e-05,-0.0014555074502807866,0.028836183007501404,0,0,False,NOT_AVAILABLE_BOOLEAN_COSTMAP_VETO,1790648375325993454,1790648375325993454,20.529552,1.8818839453160763,1240
1241,12.40999999999978,1790648375388784774,23.588071823120117,2.5201659202575684,0.14473667740821838,0.24159768223762512,23.59046173095703,2.520514488220215,0.14485599100589752,0.24148108065128326,0.48441728125836064,0.48441728125836064,0.1377356952229949,15,0,2185,8,1.3992452613180366,15,22,0.1998804736203253,0.19989218018829094,0.19990878609449175,0.24098464846611023,0.0031026650685817003,0.012874949040656544,0.004171459293048923,-0.00016585995429014167,-0.016585995429014167,0.028440693750415302,0,0,False,NOT_AVAILABLE_BOOLEAN_COSTMAP_VETO,1790648375388784774,1790648375388784774,20.996639,1.866844017058611,1241
1242,12.41999999999978,1790648375452414169,23.59046173095703,2.520514488220215,0.14485599100589752,0.24148108065128326,23.592851638793945,2.5208630561828613,0.1449752300977707,0.24137720465660095,0.4847496407813957,0.4847496407813957,0.13783472300634747,15,0,2185,8,1.3992452613180366,15,22,0.1998804736203253,0.19989218018829094,0.19990878609449175,0.24093496799468994,0.0028880059253424406,0.011986661584988737,0.0038836588279278,-0.0002878004651211234,-0.028780046512112342,0.028045236736578605,0,0,False,NOT_AVAILABLE_BOOLEAN_COSTMAP_VETO,1790648375452414169,1790648375452414169,21.686838,1.8778519006446004,1242
1243,12.42999999999978,1790648375516490682,23.592851638793945,2.5208630561828613,0.14497523009777066,0.24137720465660095,23.595239639282227,2.521211862564087,0.14509443938732147,0.24128970503807068,0.4850822516468468,0.4850822516468468,0.13793370859351484,15,0,2185,8,1.3992452613180366,15,22,0.1998804736203253,0.19989218018829094,0.19990878609449175,0.2409171760082245,0.0026128729805350304,0.010845523859394033,0.003513935267317968,-0.0003697235606098322,-0.036972356060983216,0.02764955596521873,0,0,False,NOT_AVAILABLE_BOOLEAN_COSTMAP_VETO,1790648375516490682,1790648375516490682,21.321962,1.904316945001483,1243
1244,12.43999999999978,1790648375580357748,23.595239639282227,2.521211862564087,0.14509443938732147,0.24128970503807068,23.597627639770508,2.5215606689453125,0.14521358907222748,0.24122044444084167,0.485414862512298,0.485414862512298,0.13803260629246372,15,0,2185,8,1.3992452613180366,15,22,0.1998804736203253,0.19989218018829094,0.19990878609449175,0.24092552065849304,0.002306894399225712,0.00957513505800694,0.0031023338059778345,-0.00041160146134013335,-0.04116014613401334,0.027253901570868766,0,0,False,NOT_AVAILABLE_BOOLEAN_COSTMAP_VETO,1790648375580357748,1790648375580357748,21.029536,1.8758359365165234,1244
1245,12.449999999999779,1790648375644056841,23.597627639770508,2.5215606689453125,0.14521358907222745,0.24122044444084167,23.600013732910156,2.5219099521636963,0.1453327238559723,0.24116969108581543,0.4857479631332661,0.4857479631332661,0.13813147687096672,15,0,2185,8,1.3992452613180366,15,22,0.1998804736203253,0.19989218018829094,0.19990878609449175,0.24095356464385986,0.001992641482502222,0.00826981532913794,0.002679413754554674,-0.0004229200514231607,-0.04229200514231607,0.026857779137485494,0,0,False,NOT_AVAILABLE_BOOLEAN_COSTMAP_VETO,1790648375644056841,1790648375644056841,20.769048,1.5274720499292016,1245
1246,12.459999999999779,1790648375706840288,23.600013732910156,2.5219099521636963,0.1453327238559723,0.24116969108581543,23.602399826049805,2.52225923538208,0.14545182883739471,0.24113616347312927,0.48608106375423427,0.48608106375423427,0.13823028933532244,15,0,2185,8,1.3992452613180366,15,22,0.1998804736203253,0.19989218018829094,0.19990878609449175,0.24099339544773102,0.001681990223005414,0.006979403812625315,0.0022613229807961713,-0.00041809077375850245,-0.04180907737585025,0.026461671359799765,0,0,False,NOT_AVAILABLE_BOOLEAN_COSTMAP_VETO,1790648375706840288,1790648375706840288,20.387468,1.8058819696307182,1246
1247,12.469999999999779,1790648375769470067,23.602399826049805,2.52225923538208,0.14545182883739471,0.24113616347312927,23.604785919189453,2.522608995437622,0.14557091891765594,0.24111725389957428,0.486414641201405,0.486414641201405,0.13832905858941125,15,0,2185,8,1.3992452613180366,15,22,0.1998804736203253,0.19989218018829094,0.19990878609449175,0.24103674292564392,0.001382018905133009,0.0057336441256150734,0.0018576985596965494,-0.00040362442109962197,-0.0403624421099622,0.02606509554146913,0,0,False,NOT_AVAILABLE_BOOLEAN_COSTMAP_VETO,1790648375769470067,1790648375769470067,20.306825,1.8158340826630592,1247
1248,12.479999999999778,1790648375832072389,23.604785919189453,2.522608995437622,0.14557091891765594,0.24111725389957428,23.6071720123291,2.522958755493164,0.14569000899791718,0.24110999703407288,0.4867482186485756,0.4867482186485756,0.13842779945766326,15,0,2185,8,1.3992452613180366,15,22,0.1998804736203253,0.19989218018829094,0.19990878609449175,0.24107912182807922,0.0010944781824946404,0.004539912764719401,0.0014709306749147988,-0.00038676788478175057,-0.03867678847817506,0.0256685226619357,0,0,False,NOT_AVAILABLE_BOOLEAN_COSTMAP_VETO,1790648375832072389,1790648375832072389,20.774296,1.3771000085398555,1248
1249,12.489999999999778,1790648375893979489,23.6071720123291,2.522958755493164,0.14569000899791718,0.24110999703407288,23.60955810546875,2.5233089923858643,0.1458090990781784,0.24111053347587585,0.48708227292194883,0.48708227292194883,0.13852651202202804,15,0,2185,8,1.3992452613180366,15,22,0.1998804736203253,0.19989218018829094,0.19990878609449175,0.24112114310264587,0.0008214994450099766,0.0034069987991897596,0.0011038671625748606,-0.0003670635123399382,-0.03670635123399382,0.025271475884703853,0,0,False,NOT_AVAILABLE_BOOLEAN_COSTMAP_VETO,1790648375893979489,1790648375893979489,20.340043,1.3365549966692924,1249
1250,12.499999999999778,1790648375955473263,23.60955810546875,2.5233089923858643,0.1458090990781784,0.24111053347587585,23.6119441986084,2.5236594676971436,0.14592818915843964,0.24111294746398926,0.48741656560842334,0.48741656560842334,0.1386251962852243,15,0,2185,8,1.3992452613180366,15,22,0.1998804736203253,0.19989218018829094,0.19990878609449175,0.24116124212741852,0.0005623485194519162,0.0023318362208252234,0.0007555147917974036,-0.00034835237077745704,-0.034835237077745704,0.024874193629017938,0,0,False,NOT_AVAILABLE_BOOLEAN_COSTMAP_VETO,1790648375955473263,1790648375955473263,20.402317,1.4777110191062093,1250
1251,12.509999999999778,1790648376017717333,23.6119441986084,2.5236594676971436,0.14592818915843964,0.24111294746398926,23.614330291748047,2.524010181427002,0.14604727923870087,0.24111703038215637,0.4877510967079996,0.4877510967079996,0.13872385224997208,15,0,2185,8,1.3992452613180366,15,22,0.1998804736203253,0.19989218018829094,0.19990878609449175,0.24119865894317627,0.00032194616505876184,0.0013347759331224507,0.00043246737537049816,-0.0003230474164269054,-0.03230474164269054,0.024476675895540978,0,0,False,NOT_AVAILABLE_BOOLEAN_COSTMAP_VETO,1790648376017717333,1790648376017717333,21.347435,1.4591830549761653,1251
1252,12.519999999999778,1790648376081417002,23.614330291748047,2.524010181427002,0.14604727923870087,0.24111703038215637,23.616716384887695,2.5243611335754395,0.1461663693189621,0.24112246930599213,0.48808586622067673,0.48808586622067673,0.1388224799189901,15,0,2185,8,1.3992452613180366,15,22,0.1998804736203253,0.19989218018829094,0.19990878609449175,0.24123133718967438,0.00010416528675705194,0.0004318066133967881,0.0001399053418277467,-0.0002925620335427515,-0.02925620335427515,0.02407892268493822,0,0,False,NOT_AVAILABLE_BOOLEAN_COSTMAP_VETO,1790648376081417002,1790648376081417002,21.516464,1.8680280772969127,1252
1253,12.529999999999777,1790648376145296325,23.616716384887695,2.5243611335754395,0.14616636931896207,0.24112246930599213,23.619102478027344,2.524712562561035,0.14628545939922333,0.2411288172006607,0.48842111255955645,0.48842111255955645,0.13892107929499797,15,0,2185,8,1.3992452613180366,15,22,0.1998804736203253,0.19989218018829094,0.19990878609449175,0.2412559539079666,-8.582760347053409e-05,-0.00035575330714231933,-0.00011526407100365277,-0.00025516941283139946,-0.025516941283139947,0.023680695579293143,0,0,False,NOT_AVAILABLE_BOOLEAN_COSTMAP_VETO,1790648376145296325,1790648376145296325,21.684597,1.8831640481948853,1253
1254,12.539999999999777,1790648376209347653,23.619102478027344,2.524712562561035,0.14628545939922333,0.2411288172006607,23.621488571166992,2.525063991546631,0.1461663544178009,0.24113567173480988,0.48875635889843644,0.48875635889843644,0.13878145515880513,15,0,2185,8,1.3992452613180366,15,22,0.1998804736203253,0.19989218018829094,0.19990878609449175,0.24127289652824402,-0.0002487102465238422,-0.001030825468184022,-0.0003339874392731224,-0.0002187233682694696,-0.021872336826946958,0.023376070569551544,0,0,False,NOT_AVAILABLE_BOOLEAN_COSTMAP_VETO,1790648376209347653,1790648376209347653,22.546577,1.6563090030103922,1254
1255,12.549999999999777,1790648376273858772,23.621488571166992,2.525063991546631,0.1461663544178009,0.24113567173480988,23.62387466430664,2.5254149436950684,0.14604724943637848,0.2411426603794098,0.4890911284111136,0.4890911284111136,0.13864180289504535,15,0,2185,8,1.3992452613180366,15,22,0.1998804736203253,0.19989218018829094,0.19990878609449175,0.24128256738185883,-0.00038541131652891636,-0.0015973442288474838,-0.000517539483939427,-0.00018355204466630458,-0.018355204466630456,0.023071925339820776,0,0,False,NOT_AVAILABLE_BOOLEAN_COSTMAP_VETO,1790648376273858772,1790648376273858772,21.972862,1.6707420581951737,1255
1256,12.559999999999777,1790648376337801489,23.62387466430664,2.5254149436950684,0.14604724943637848,0.2411426603794098,23.62626075744629,2.525765895843506,0.14592814445495605,0.24114932119846344,0.48942589792379104,0.48942589792379104,0.1385021225071008,15,0,2185,8,1.3992452613180366,15,22,0.1998804736203253,0.19989218018829094,0.19990878609449175,0.24128270149230957,-0.0004992246977053583,-0.002069044712354856,-0.0006703703863822637,-0.00015283090244283678,-0.015283090244283678,0.02276778305227828,0,0,False,NOT_AVAILABLE_BOOLEAN_COSTMAP_VETO,1790648376337801489,1790648376337801489,22.598642,1.4846880221739411,1256
1257,12.569999999999776,1790648376402402627,23.62626075744629,2.525765895843506,0.14592814445495605,0.24114932119846344,23.628646850585938,2.526116371154785,0.14580903947353363,0.24115490913391113,0.4897601906102656,0.4897601906102656,0.1383624135156878,15,0,2185,8,1.3992452613180366,15,22,0.1998804736203253,0.19989218018829094,0.19990878609449175,0.24126672744750977,-0.000593510631006211,-0.0024599771269137633,-0.0007970324203455642,-0.00012666203396330042,-0.012666203396330043,0.022464120543417898,0,0,False,NOT_AVAILABLE_BOOLEAN_COSTMAP_VETO,1790648376402402627,1790648376402402627,19.976511,1.7502319533377886,1257
1258,12.579999999999776,1790648376463254333,23.628646850585938,2.526116371154785,0.14580903947353363,0.24115490913391113,23.631032943725586,2.5264666080474854,0.1456899344921112,0.24115875363349915,0.49009424488363873,0.49009424488363873,0.13822267656663634,15,0,2185,8,1.3992452613180366,15,22,0.1998804736203253,0.19989218018829094,0.19990878609449175,0.24123582243919373,-0.0006835088133811951,-0.002833363662453081,-0.0009180095687531034,-0.00012097714840753927,-0.012097714840753927,0.022160699393997507,0,0,False,NOT_AVAILABLE_BOOLEAN_COSTMAP_VETO,1790648376463254333,1790648376463254333,18.752727,1.5187690733000636,1258
1259,12.589999999999776,1790648376522535300,23.631032943725586,2.5264666080474854,0.1456899344921112,0.24115875363349915,23.633419036865234,2.5268166065216064,0.14557082951068878,0.24116022884845734,0.49042806074391093,0.49042806074391093,0.13808291118000104,15,0,2185,8,1.3992452613180366,15,22,0.1998804736203253,0.19989218018829094,0.19990878609449175,0.241189643740654,-0.0007663925644010305,-0.00317755170792124,-0.0010295263896262165,-0.00011151682087311306,-0.011151682087311305,0.02185751960335186,0,0,False,NOT_AVAILABLE_BOOLEAN_COSTMAP_VETO,1790648376522535300,1790648376522535300,19.473326,1.8282500095665455,1259
1260,12.599999999999776,1790648376582822412,23.633419036865234,2.5268166065216064,0.14557082951068878,0.24116022884845734,23.635805130004883,2.5271663665771484,0.14545172452926636,0.24115419387817383,0.49076163819108154,0.49076163819108154,0.13794311751938926,15,0,2185,8,1.3992452613180366,15,22,0.1998804736203253,0.19989218018829094,0.19990878609449175,0.24112850427627563,-0.0008478350937366486,-0.0035161131044268087,-0.0011392201529988263,-0.00010969376337260982,-0.01096937633726098,0.021554581170817044,0,0,False,NOT_AVAILABLE_BOOLEAN_COSTMAP_VETO,1790648376582822412,1790648376582822412,18.470447,1.7497200751677155,1260
1261,12.609999999999776,1790648376642209879,23.635805130004883,2.5271663665771484,0.14545172452926636,0.24115419387817383,23.63819122314453,2.5275156497955322,0.14533261954784393,0.2411346137523651,0.4910947388120496,0.4910947388120496,0.1378032955875197,15,0,2185,8,1.3992452613180366,15,22,0.1998804736203253,0.19989218018829094,0.19990878609449175,0.24105124175548553,-0.0009295202326029539,-0.0038561105341487047,-0.0012493791629916838,-0.00011015900999285753,-0.011015900999285753,0.021252122514307803,0,0,False,NOT_AVAILABLE_BOOLEAN_COSTMAP_VETO,1790648376642209879,1790648376642209879,20.928221,1.8017530674114823,1261
1262,12.619999999999775,1790648376703860939,23.63819122314453,2.5275156497955322,0.14533261954784393,0.2411346137523651,23.64057731628418,2.527864694595337,0.1452135294675827,0.24110166728496552,0.4914276010199165,0.4914276010199165,0.13766346045026445,15,0,2185,8,1.3992452613180366,15,22,0.1998804736203253,0.19989218018829094,0.19990878609449175,0.24096141755580902,-0.0010131426388397813,-0.004204584489569279,-0.0013622845319019154,-0.00011290536891023152,-0.011290536891023151,0.020949899355833856,0,0,False,NOT_AVAILABLE_BOOLEAN_COSTMAP_VETO,1790648376703860939,1790648376703860939,20.604083,1.4111489290371537,1262
1263,12.629999999999775,1790648376764387514,23.64057731628418,2.527864694595337,0.1452135294675827,0.24110166728496552,23.642963409423828,2.5282132625579834,0.14509445428848267,0.24105648696422577,0.4917599864015804,0.4917599864015804,0.13752361194879148,15,0,2185,8,1.3992452613180366,15,22,0.1998804736203253,0.19989218018829094,0.19990878609449175,0.24086415767669678,-0.0010998825309798121,-0.0045664018324226745,-0.0014795131141727919,-0.00011722858227087652,-0.011722858227087652,0.020648150112207275,0,0,False,NOT_AVAILABLE_BOOLEAN_COSTMAP_VETO,1790648376764387514,1790648376764387514,20.092771,1.372427912428975,1263
1264,12.639999999999775,1790648376824312502,23.642963409423828,2.5282132625579834,0.14509445428848267,0.24105648696422577,23.645347595214844,2.528561592102051,0.14497540891170502,0.24100062251091003,0.4920921462994578,0.4920921462994578,0.13738378155507913,15,0,2185,8,1.3992452613180366,15,22,0.1998804736203253,0.19989218018829094,0.19990878609449175,0.24076279997825623,-0.0011893576011061668,-0.004939955845394638,-0.0016005443271791772,-0.00012103121300638528,-0.012103121300638528,0.020346630503601026,0,0,False,NOT_AVAILABLE_BOOLEAN_COSTMAP_VETO,1790648376824312502,1790648376824312502,20.438829,1.3071460416540504,1264
1265,12.649999999999775,1790648376884830982,23.645347595214844,2.528561592102051,0.14497540891170502,0.24100062251091003,23.64773178100586,2.52890944480896,0.14485639333724976,0.24093583226203918,0.49242382937113266,0.49242382937113266,0.13724395274871481,15,0,2185,8,1.3992452613180366,15,22,0.1998804736203253,0.19989218018829094,0.19990878609449175,0.24065998196601868,-0.0012814177898690104,-0.005324598545220316,-0.0017251682171643698,-0.00012462388998519267,-0.012462388998519267,0.020045578945727616,0,0,False,NOT_AVAILABLE_BOOLEAN_COSTMAP_VETO,1790648376884830982,1790648376884830982,29.227303,2.362955012358725,1265
1266,12.659999999999775,1790648376956950024,23.64773178100586,2.52890944480896,0.14485639333724976,0.24093583226203918,23.650115966796875,2.52925705909729,0.14473742246627808,0.24086417257785797,0.4927514530005212,0.4927514530005212,0.13709662795109567,15,0,2185,8,1.3992452613180366,15,22,0.1998804736203253,0.19989218018829094,0.19990878609449175,0.24055905640125275,-0.0013776251580566168,-0.005726764889527737,-0.001855469694886955,-0.00013030147772258522,-0.013030147772258522,0.01974475115692681,0,0,False,NOT_AVAILABLE_BOOLEAN_COSTMAP_VETO,1790648376956950024,1790648376956950024,29.743511,1.83740200009197,1266
1267,12.669999999999774,1790648377027431734,23.650115966796875,2.52925705909729,0.14473742246627808,0.24086417257785797,23.652498245239258,2.529604196548462,0.1446184664964676,0.24078767001628876,0.49307827410303995,0.49307827410303995,0.13695680394970333,15,0,2185,8,1.3992452613180366,15,22,0.1998804736203253,0.19989218018829094,0.19990878609449175,0.24046193063259125,-0.0014773511793464422,-0.0061438048653270185,-0.0019905901471577183,-0.00013512045227076323,-0.013512045227076323,0.019444397272979586,0,0,False,NOT_AVAILABLE_BOOLEAN_COSTMAP_VETO,1790648377027431734,1790648377027431734,21.045921,1.9593910546973348,1267
1268,12.679999999999774,1790648377090706301,23.652498245239258,2.529604196548462,0.14461846649646762,0.24078767001628876,23.65488052368164,2.5299510955810547,0.14449957013130188,0.24070803821086884,0.4934048567956393,0.4934048567956393,0.13681701140501668,15,0,2185,8,1.3992452613180366,15,22,0.1998804736203253,0.19989218018829094,0.19990878609449175,0.2403690218925476,-0.0015794172650203109,-0.006570802063363886,-0.002128936652146963,-0.00013834650498924456,-0.013834650498924456,0.019144261290697517,0,0,False,NOT_AVAILABLE_BOOLEAN_COSTMAP_VETO,1790648377090706301,1790648377090706301,20.570481,1.8005379242822528,1268
1269,12.689999999999774,1790648377153246445,23.65488052368164,2.5299510955810547,0.14449957013130188,0.24070803821086884,23.657262802124023,2.5302975177764893,0.14438068866729736,0.24062715470790863,0.49373096266839894,0.49373096266839894,0.13667720562935726,15,0,2185,8,1.3992452613180366,15,22,0.1998804736203253,0.19989218018829094,0.19990878609449175,0.2402827888727188,-0.0016832540277391672,-0.007005304190267288,-0.002269714660081046,-0.00014077800793408334,-0.014077800793408334,0.018844599207546497,0,0,False,NOT_AVAILABLE_BOOLEAN_COSTMAP_VETO,1790648377153246445,1790648377153246445,20.889852,1.8963490147143602,1269
1270,12.699999999999774,1790648377216390896,23.657262802124023,2.5302975177764893,0.14438068866729736,0.24062715470790863,23.659643173217773,2.5306434631347656,0.14426186680793762,0.24054686725139618,0.49405660797731626,0.49405660797731626,0.13653744809999946,15,0,2185,8,1.3992452613180366,15,22,0.1998804736203253,0.19989218018829094,0.19990878609449175,0.2402050495147705,-0.0017877253703773022,-0.007442497041542721,-0.002411364367679767,-0.0001416497075987207,-0.01416497075987207,0.018545393436723845,0,0,False,NOT_AVAILABLE_BOOLEAN_COSTMAP_VETO,1790648377216390896,1790648377216390896,24.473231,1.4313420979306102,1270
1271,12.709999999999773,1790648377282706649,23.659643173217773,2.5306434631347656,0.14426186680793762,0.24054686725139618,23.662023544311523,2.530988931655884,0.14414307475090027,0.24046890437602997,0.4943817764663942,0.4943817764663942,0.13639769230438192,15,0,2185,8,1.3992452613180366,15,22,0.1998804736203253,0.19989218018829094,0.19990878609449175,0.240136981010437,-0.0018909305799752474,-0.007874383079268672,-0.002551294582121342,-0.0001399302144415751,-0.013993021444157509,0.018246655697271297,0,0,False,NOT_AVAILABLE_BOOLEAN_COSTMAP_VETO,1790648377282706649,1790648377282706649,31.578609,1.4962080167606473,1271
1272,12.719999999999773,1790648377356957567,23.662023544311523,2.530988931655884,0.14414307475090027,0.24046890437602997,23.66440200805664,2.531334161758423,0.1440243273973465,0.2403947114944458,0.49470672280154987,0.49470672280154987,0.136257969933407,15,0,2185,8,1.3992452613180366,15,22,0.1998804736203253,0.19989218018829094,0.19990878609449175,0.24007880687713623,-0.001991837052628398,-0.008296596765610174,-0.0026880908774741153,-0.00013679629535277328,-0.013679629535277328,0.01794814170534148,0,0,False,NOT_AVAILABLE_BOOLEAN_COSTMAP_VETO,1790648377356957567,1790648377356957567,31.643092,2.2204869892448187,1272
1273,12.729999999999773,1790648377432477358,23.66440200805664,2.531334161758423,0.14402432739734647,0.2403947114944458,23.666780471801758,2.5316789150238037,0.14390559494495392,0.24038079380989075,0.4950311923168657,0.4950311923168657,0.13611823443969673,15,0,2185,8,1.3992452613180366,15,22,0.1998804736203253,0.19989218018829094,0.19990878609449175,0.2403215616941452,-0.0018676543841138482,-0.007771480723360116,-0.0025179544329988093,0.00017013644447530594,0.017013644447530594,0.01765010160112207,0,0,False,NOT_AVAILABLE_BOOLEAN_COSTMAP_VETO,1790648377432477358,1790648377432477358,31.782104,2.4140930036082864,1273
1274,12.739999999999773,1790648377508736885,23.666780471801758,2.5316789150238037,0.14390559494495392,0.24038079380989075,23.669158935546875,2.5320236682891846,0.14378686249256134,0.24038852751255035,0.49535566183218155,0.49535566183218155,0.1359784709064895,15,0,2185,8,1.3992452613180366,15,22,0.1998804736203253,0.19989218018829094,0.19990878609449175,0.24054349958896637,-0.001703415415249765,-0.007081527533109441,-0.002294410894546893,0.0002235435384519164,0.02235435384519164,0.017352064408843126,0,0,False,NOT_AVAILABLE_BOOLEAN_COSTMAP_VETO,1790648377508736885,1790648377508736885,31.674805,1.460685976780951,1274
1275,12.749999999999773,1790648377584952282,23.669158935546875,2.5320236682891846,0.14378686249256134,0.24038852751255035,23.671537399291992,2.5323679447174072,0.14366813004016876,0.24040736258029938,0.49567965452765844,0.49567965452765844,0.13583867933869076,15,0,2185,8,1.3992452613180366,15,22,0.1998804736203253,0.19989218018829094,0.19990878609449175,0.24078473448753357,-0.001477619051001966,-0.006136680774829056,-0.0019882819509719116,0.0003061289435749813,0.03061289435749813,0.017054506965003824,0,0,False,NOT_AVAILABLE_BOOLEAN_COSTMAP_VETO,1790648377584952282,1790648377584952282,31.634099,2.405325067229569,1275
1276,12.759999999999772,1790648377662306051,23.671537399291992,2.5323679447174072,0.14366813004016876,0.24040736258029938,23.673917770385742,2.532711982727051,0.143549382686615,0.2404358685016632,0.4960033925572179,0.4960033925572179,0.13569882798627653,15,0,2185,8,1.3992452613180366,15,22,0.1998804736203253,0.19989218018829094,0.19990878609449175,0.24100686609745026,-0.001280848402529955,-0.005314572249622334,-0.0017219197070406822,0.0002663622439312294,0.02663622439312294,0.016757196714240308,0,0,False,NOT_AVAILABLE_BOOLEAN_COSTMAP_VETO,1790648377662306051,1790648377662306051,31.581714,1.4617430279031396,1276
1277,12.769999999999772,1790648377738249408,23.673917770385742,2.532711982727051,0.143549382686615,0.2404358685016632,23.676298141479492,2.5330557823181152,0.14343062043190002,0.24047313630580902,0.49632689217685755,0.49632689217685755,0.13555893363211657,15,0,2185,8,1.3992452613180366,15,22,0.1998804736203253,0.19989218018829094,0.19990878609449175,0.2412196695804596,-0.0011303036008030176,-0.004685785378816304,-0.0015181932963019892,0.00020372641073869305,0.020372641073869303,0.016460133656990006,0,0,False,NOT_AVAILABLE_BOOLEAN_COSTMAP_VETO,1790648377738249408,1790648377738249408,34.526064,1.4800470089539886,1277
1278,12.779999999999772,1790648377817426148,23.676298141479492,2.5330557823181152,0.14343062043190005,0.24047313630580902,23.678678512573242,2.5333993434906006,0.14331182837486267,0.24051783978939056,0.4966501533865772,0.4966501533865772,0.13541898144193132,15,0,2185,8,1.3992452613180366,15,22,0.1998804736203253,0.19989218018829094,0.19990878609449175,0.24141322076320648,-0.0010295216925442219,-0.004264562186318878,-0.0013817172690682065,0.00013647602723378268,0.013647602723378267,0.016163323658295148,0,0,False,NOT_AVAILABLE_BOOLEAN_COSTMAP_VETO,1790648377817426148,1790648377817426148,20.790713,1.9748150371015072,1278
1279,12.789999999999772,1790648377882596808,23.678678512573242,2.5333993434906006,0.14331182837486267,0.24051783978939056,23.681058883666992,2.533742666244507,0.14319302141666412,0.24056868255138397,0.49697317618637765,0.49697317618637765,0.13527898630119806,15,0,2185,8,1.3992452613180366,15,22,0.1998804736203253,0.19989218018829094,0.19990878609449175,0.24158695340156555,-0.0009605215163901448,-0.003975883229064804,-0.0012881854536688647,9.353181539934179e-05,0.00935318153993418,0.015866760854716666,0,0,False,NOT_AVAILABLE_BOOLEAN_COSTMAP_VETO,1790648377882596808,1790648377882596808,22.987103,1.46775902248919,1279
1280,12.799999999999772,1790648377948869455,23.681058883666992,2.533742666244507,0.14319302141666415,0.24056868255138397,23.683441162109375,2.534085988998413,0.1430741846561432,0.24062436819076538,0.4972961827301802,0.4972961827301802,0.13513891629768926,15,0,2185,8,1.3992452613180366,15,22,0.1998804736203253,0.19989218018829094,0.19990878609449175,0.2417396903038025,-0.000909343478269875,-0.0037616639498754723,-0.0012187785162928646,6.940693737600011e-05,0.006940693737600011,0.015570212693446439,0,0,False,NOT_AVAILABLE_BOOLEAN_COSTMAP_VETO,1790648377948869455,1790648377948869455,22.07165,1.8531789537519217,1280
1281,12.809999999999771,1790648378015204120,23.683441162109375,2.534085988998413,0.1430741846561432,0.24062436819076538,23.685823440551758,2.534428834915161,0.14295533299446106,0.24068377912044525,0.4976187124541438,0.4976187124541438,0.13499880330855119,15,0,2185,8,1.3992452613180366,15,22,0.1998804736203253,0.19989218018829094,0.19990878609449175,0.2418738752603531,-0.0008643744513392448,-0.0035736577603051674,-0.001157864596908042,6.091391938482251e-05,0.006091391938482251,0.015274150147473076,0,0,False,NOT_AVAILABLE_BOOLEAN_COSTMAP_VETO,1790648378015204120,1790648378015204120,22.131556,1.6007230151444674,1281
1282,12.819999999999771,1790648378079204311,23.685823440551758,2.534428834915161,0.14295533299446106,0.24068377912044525,23.68820571899414,2.534771680831909,0.14283643662929535,0.2407461553812027,0.4979412421781069,0.4979412421781069,0.1348586175156239,15,0,2185,8,1.3992452613180366,15,22,0.1998804736203253,0.19989218018829094,0.19990878609449175,0.24199551343917847,-0.0008181059965863824,-0.003380665967561418,-0.0010953353354433654,6.25292614646767e-05,0.00625292614646767,0.014978108112204847,0,0,False,NOT_AVAILABLE_BOOLEAN_COSTMAP_VETO,1790648378079204311,1790648378079204311,19.443438,1.3252909993752837,1282
1283,12.829999999999771,1790648378139952653,23.68820571899414,2.534771680831909,0.14283643662929535,0.2407461553812027,23.690589904785156,2.535114288330078,0.14271752536296844,0.24081102013587952,0.4982635172361531,0.4982635172361531,0.13471837170506884,15,0,2185,8,1.3992452613180366,15,22,0.1998804736203253,0.19989218018829094,0.19990878609449175,0.2421102076768875,-0.0007702887523919344,-0.0031815624784393105,-0.0010308258778949715,6.450945754839384e-05,0.006450945754839384,0.014682313275983627,0,0,False,NOT_AVAILABLE_BOOLEAN_COSTMAP_VETO,1790648378139952653,1790648378139952653,18.587891,1.8335309578105807,1283
1284,12.83999999999977,1790648378200916331,23.690589904785156,2.535114288330078,0.14271752536296844,0.24081102013587952,23.692974090576172,2.535456657409668,0.14259856939315796,0.24087806046009064,0.49858555388427966,0.49858555388427966,0.13457805309737614,15,0,2185,8,1.3992452613180366,15,22,0.1998804736203253,0.19989218018829094,0.19990878609449175,0.2422209084033966,-0.0007237852551043034,-0.0029881204718252715,-0.000968150730383604,6.267514751136748e-05,0.0062675147511367475,0.014386777372836501,0,0,False,NOT_AVAILABLE_BOOLEAN_COSTMAP_VETO,1790648378200916331,1790648378200916331,18.683637,1.7026789719238877,1284
1285,12.84999999999977,1790648378260076591,23.692974090576172,2.535456657409668,0.14259856939315796,0.24087806046009064,23.695358276367188,2.5357987880706787,0.14247958362102509,0.2409469485282898,0.4989073521224867,0.4989073521224867,0.13443767651521554,15,0,2185,8,1.3992452613180366,15,22,0.1998804736203253,0.19989218018829094,0.19990878609449175,0.2423267662525177,-0.0006816554814577103,-0.002812959921841189,-0.0009113987623260316,5.675196805757243e-05,0.005675196805757243,0.014091494538226168,0,0,False,NOT_AVAILABLE_BOOLEAN_COSTMAP_VETO,1790648378260076591,1790648378260076591,18.581426,1.7467120196670294,1285
1286,12.85999999999977,1790648378319086798,23.695358276367188,2.5357987880706787,0.14247958362102509,0.2409469485282898,23.697744369506836,2.5361409187316895,0.14236055314540863,0.2410172075033188,0.49922913410469605,0.49922913410469605,0.1342972099947306,15,0,2185,8,1.3992452613180366,15,22,0.1998804736203253,0.19989218018829094,0.19990878609449175,0.24242466688156128,-0.0006451786030083895,-0.0026613570776755865,-0.0008622794794577843,4.91192828682473e-05,0.00491192828682473,0.01379623222262899,0,0,False,NOT_AVAILABLE_BOOLEAN_COSTMAP_VETO,1790648378319086798,1790648378319086798,19.227782,1.727671013213694,1286
1287,12.86999999999977,1790648378378786883,23.697744369506836,2.5361409187316895,0.14236055314540866,0.2410172075033188,23.700130462646484,2.536482810974121,0.1422414928674698,0.24108822643756866,0.49955067767698547,0.49955067767698547,0.13415668559010419,15,0,2185,8,1.3992452613180366,15,22,0.1998804736203253,0.19989218018829094,0.19990878609449175,0.24251066148281097,-0.0006165456725284457,-0.0025423446076911806,-0.0008237194665902279,3.8560012867556396e-05,0.0038560012867556396,0.013501222979355354,0,0,False,NOT_AVAILABLE_BOOLEAN_COSTMAP_VETO,1790648378378786883,1790648378378786883,19.019456,1.7326630186289549,1287
1288,12.87999999999977,1790648378438436694,23.700130462646484,2.536482810974121,0.1422414928674698,0.24108822643756866,23.702516555786133,2.5368244647979736,0.14212238788604736,0.24115926027297974,0.49987198283935547,0.49987198283935547,0.13401608827958755,15,0,2185,8,1.3992452613180366,15,22,0.1998804736203253,0.19989218018829094,0.19990878609449175,0.2425820529460907,-0.0005947082536295056,-0.00245157564793826,-0.0007943103428808317,2.940912370939623e-05,0.002940912370939623,0.013206472678190806,0,0,False,NOT_AVAILABLE_BOOLEAN_COSTMAP_VETO,1790648378438436694,1790648378438436694,18.018336,1.4924639835953712,1288
1289,12.88999999999977,1790648378496440661,23.702516555786133,2.5368244647979736,0.14212238788604736,0.24115926027297974,23.704904556274414,2.537165880203247,0.14200326800346375,0.2412295788526535,0.5001930333358083,0.5001930333358083,0.13387543073558783,15,0,2185,8,1.3992452613180366,15,22,0.1998804736203253,0.19989218018829094,0.19990878609449175,0.24263811111450195,-0.0005794422468170524,-0.0023880924730064813,-0.0007737418068470807,2.056853603375102e-05,0.002056853603375102,0.012911969584512295,0,0,False,NOT_AVAILABLE_BOOLEAN_COSTMAP_VETO,1790648378496440661,1790648378496440661,16.850874,1.6765659675002098,1289
1290,12.89999999999977,1790648378553913187,23.704904556274414,2.537165880203247,0.14200326800346375,0.2412295788526535,23.707292556762695,2.5375072956085205,0.14188410341739655,0.24129854142665863,0.5005140838322613,0.5005140838322613,0.13373470029242585,15,0,2185,8,1.3992452613180366,15,22,0.1998804736203253,0.19989218018829094,0.19990878609449175,0.24267975986003876,-0.0005703172646462917,-0.0023500817084012777,-0.0007614263263712533,1.2315480475827358e-05,0.0012315480475827358,0.012617487018148299,0,0,False,NOT_AVAILABLE_BOOLEAN_COSTMAP_VETO,1790648378553913187,1790648378553913187,17.756983,1.7754810396581888,1290
1291,12.90999999999977,1790648378611830431,23.707292556762695,2.5375072956085205,0.14188410341739655,0.24129854142665863,23.70968246459961,2.537848472595215,0.14176490902900696,0.24136562645435333,0.5008348796627972,0.5008348796627972,0.13359389463457294,15,0,2185,8,1.3992452613180366,15,22,0.1998804736203253,0.19989218018829094,0.19990878609449175,0.24270941317081451,-0.0005673678824678063,-0.002337642677535968,-0.0007573960826951625,4.0302436760908346e-06,0.00040302436760908346,0.012323257530945486,0,0,False,NOT_AVAILABLE_BOOLEAN_COSTMAP_VETO,1790648378611830431,1790648378611830431,18.293641,1.7358959885314107,1291
1292,12.919999999999769,1790648378670692825,23.70968246459961,2.537848472595215,0.14176490902900696,0.24136562645435333,23.712072372436523,2.53818941116333,0.1416456699371338,0.24143049120903015,0.5011554370834129,0.5011554370834129,0.1334530160846188,15,0,2185,8,1.3992452613180366,15,22,0.1998804736203253,0.19989218018829094,0.19990878609449175,0.2427297979593277,-0.0005702419439330697,-0.0023492869385102057,-0.0007611688210757893,-3.7727383806268004e-06,-0.00037727383806268004,0.012029286994149568,0,0,False,NOT_AVAILABLE_BOOLEAN_COSTMAP_VETO,1790648378670692825,1790648378670692825,18.37518,1.7242800677195191,1292
1293,12.929999999999769,1790648378729925215,23.712072372436523,2.53818941116333,0.1416456699371338,0.24143049120903015,23.714462280273438,2.538530111312866,0.14152641594409943,0.24149294197559357,0.5014757560941094,0.5014757560941094,0.1333120944077657,15,0,2185,8,1.3992452613180366,15,22,0.1998804736203253,0.19989218018829094,0.19990878609449175,0.24274380505084991,-0.000579045619815588,-0.0023854187327017043,-0.000772875515506381,-1.1706694430591697e-05,-0.0011706694430591697,0.01173556367021139,0,0,False,NOT_AVAILABLE_BOOLEAN_COSTMAP_VETO,1790648378729925215,1790648378729925215,19.386028,1.7654330004006624,1293
1294,12.939999999999769,1790648378790397709,23.714462280273438,2.538530111312866,0.14152641594409943,0.24149294197559357,23.716854095458984,2.5388708114624023,0.14140711724758148,0.24155285954475403,0.5017960588488081,0.5017960588488081,0.13317108251756737,15,0,2185,8,1.3992452613180366,15,22,0.1998804736203253,0.19989218018829094,0.19990878609449175,0.2427530437707901,-0.0005932083586230874,-0.002443670115968559,-0.0007917489521334992,-1.887343662711823e-05,-0.001887343662711823,0.011441860881881538,0,0,False,NOT_AVAILABLE_BOOLEAN_COSTMAP_VETO,1790648378790397709,1790648378790397709,18.395852,1.7961219418793917,1294
1295,12.949999999999768,1790648378850326089,23.716854095458984,2.5388708114624023,0.14140711724758148,0.24155285954475403,23.71924591064453,2.5392110347747803,0.14128780364990234,0.24161021411418915,0.5021158847836675,0.5021158847836675,0.13303002750770698,15,0,2185,8,1.3992452613180366,15,22,0.1998804736203253,0.19989218018829094,0.19990878609449175,0.2427590787410736,-0.0006120082689449191,-0.0025210520328168076,-0.0008168206769727629,-2.5071724839263688e-05,-0.002507172483926369,0.011148643727307117,0,0,False,NOT_AVAILABLE_BOOLEAN_COSTMAP_VETO,1790648378850326089,1790648378850326089,19.133028,1.7832890152931213,1295
1296,12.959999999999768,1790648378910280711,23.71924591064453,2.5392110347747803,0.14128780364990234,0.24161021411418915,23.721637725830078,2.539551258087158,0.14116844534873962,0.2416650354862213,0.5024357107185272,0.5024357107185272,0.13288889949620764,15,0,2185,8,1.3992452613180366,15,22,0.1998804736203253,0.19989218018829094,0.19990878609449175,0.2427629828453064,-0.000635223463177681,-0.002616640542691216,-0.0008477913327151817,-3.097065574241876e-05,-0.0030970655742418762,0.010855447112118444,0,0,False,NOT_AVAILABLE_BOOLEAN_COSTMAP_VETO,1790648378910280711,1790648378910280711,18.499215,1.512784045189619,1296
1297,12.969999999999768,1790648378968825271,23.721637725830078,2.539551258087158,0.14116844534873962,0.2416650354862213,23.724031448364258,2.539891242980957,0.1410490721464157,0.24171732366085052,0.5027552819874695,0.5027552819874695,0.132747711018522,15,0,2185,8,1.3992452613180366,15,22,0.1998804736203253,0.19989218018829094,0.19990878609449175,0.2427646815776825,-0.000662241771351546,-0.0027279164623443576,-0.0008838447036518012,-3.60533709366195e-05,-0.0036053370936619503,0.010562497714422026,0,0,False,NOT_AVAILABLE_BOOLEAN_COSTMAP_VETO,1790648378968825271,1790648378968825271,18.265096,1.7358949407935143,1297
1298,12.979999999999768,1790648379027376423,23.724031448364258,2.539891242980957,0.1410490721464157,0.24171732366085052,23.726425170898438,2.5402309894561768,0.1409296691417694,0.24176709353923798,0.5030746148464924,0.5030746148464924,0.13260646440516943,15,0,2185,8,1.3992452613180366,15,22,0.1998804736203253,0.19989218018829094,0.19990878609449175,0.24276401102542877,-0.0006923722103238106,-0.0028520381064691125,-0.0009240600834815935,-4.0215379829792314e-05,-0.004021537982979231,0.010269801406555146,0,0,False,NOT_AVAILABLE_BOOLEAN_COSTMAP_VETO,1790648379027376423,1790648379027376423,18.614388,1.759065082296729,1298
1299,12.989999999999768,1790648379086607565,23.726425170898438,2.5402309894561768,0.1409296691417694,0.24176709353923798,23.728818893432617,2.5405704975128174,0.14081025123596191,0.24181433022022247,0.503393709295595,0.503393709295595,0.13246517473228714,15,0,2185,8,1.3992452613180366,15,22,0.1998804736203253,0.19989218018829094,0.19990878609449175,0.24276050925254822,-0.0007250865455716848,-0.0029868389541783504,-0.0009677355190550189,-4.367543557342538e-05,-0.004367543557342538,0.009977352317763255,0,0,False,NOT_AVAILABLE_BOOLEAN_COSTMAP_VETO,1790648379086607565,1790648379086607565,18.236392,1.469551003538072,1299
1300,12.999999999999767,1790648379144790898,23.728818893432617,2.5405704975128174,0.1408102512359619,0.24181433022022247,23.731212615966797,2.540909767150879,0.14069080352783203,0.24185900390148163,0.503712565334778,0.503712565334778,0.13232382697635892,15,0,2185,8,1.3992452613180366,15,22,0.1998804736203253,0.19989218018829094,0.19990878609449175,0.24275383353233337,-0.0007600487442687154,-0.0031309443530064024,-0.001014425622405876,-4.669010335085712e-05,-0.004669010335085711,0.00968515632111372,0,0,False,NOT_AVAILABLE_BOOLEAN_COSTMAP_VETO,1790648379144790898,1790648379144790898,18.707478,1.7440560040995479,1300
1301,13.009999999999767,1790648379203717550,23.731212615966797,2.540909767150879,0.14069080352783203,0.24185900390148163,23.73360824584961,2.5412487983703613,0.14057134091854095,0.24190106987953186,0.5040311667080443,0.5040311667080443,0.13218241846904943,15,0,2185,8,1.3992452613180366,15,22,0.1998804736203253,0.19989218018829094,0.19990878609449175,0.24274370074272156,-0.000796707347035408,-0.003282092777681674,-0.001063397659133488,-4.8972036727612045e-05,-0.0048972036727612045,0.009393207545119242,0,0,False,NOT_AVAILABLE_BOOLEAN_COSTMAP_VETO,1790648379203717550,1790648379203717550,20.008544,1.4410699950531125,1301
1302,13.019999999999767,1790648379263751918,23.73360824584961,2.5412487983703613,0.14057134091854095,0.24190106987953186,23.736003875732422,2.5415875911712646,0.1404518485069275,0.24194052815437317,0.5043495296713906,0.5043495296713906,0.13204095201414923,15,0,2185,8,1.3992452613180366,15,22,0.1998804736203253,0.19989218018829094,0.19990878609449175,0.24273088574409485,-0.0008346638642251492,-0.0034386388928894468,-0.001114118540325647,-5.072088119215893e-05,-0.005072088119215893,0.00910151186357816,0,0,False,NOT_AVAILABLE_BOOLEAN_COSTMAP_VETO,1790648379263751918,1790648379263751918,20.068097,1.440174994058907,1302
1303,13.029999999999767,1790648379323797838,23.736003875732422,2.5415875911712646,0.1404518485069275,0.24194052815437317,23.738399505615234,2.541926145553589,0.14033234119415283,0.24197736382484436,0.5046676542248166,0.5046676542248166,0.1318994422618478,15,0,2185,8,1.3992452613180366,15,22,0.1998804736203253,0.19989218018829094,0.19990878609449175,0.24271513521671295,-0.0008736886666156352,-0.003599646416098218,-0.0011662849100139907,-5.2166369688343714e-05,-0.005216636968834371,0.008810063404271762,0,0,False,NOT_AVAILABLE_BOOLEAN_COSTMAP_VETO,1790648379323797838,1790648379323797838,20.245224,1.3962039956822991,1303
1304,13.039999999999766,1790648379383840334,23.738399505615234,2.541926145553589,0.14033234119415283,0.24197736382484436,23.740795135498047,2.542264699935913,0.14045186340808868,0.24198593199253082,0.5049857787782435,0.5049857787782435,0.13199693373029575,15,0,2185,8,1.3992452613180366,15,22,0.1998804736203253,0.19989218018829094,0.19990878609449175,0.24215765297412872,0.00034206220880150795,0.0014125599773551353,0.00045766940070838825,0.001623954310722379,0.1623954310722379,0.008424397225555935,0,0,False,NOT_AVAILABLE_BOOLEAN_COSTMAP_VETO,1790648379383840334,1790648379383840334,46.485967,1.6431889962404966,1304
1305,13.049999999999766,1790648379471072884,23.740795135498047,2.542264699935913,0.14045186340808868,0.24198593199253082,23.74319076538086,2.5426034927368164,0.14057137072086334,0.24193137884140015,0.5053041417415897,0.5053041417415897,0.13209438208234126,15,0,2185,8,1.3992452613180366,15,22,0.1998804736203253,0.19989218018829094,0.19990878609449175,0.24169908463954926,0.0014507351443171501,0.006002236816414348,0.0019447222769038153,0.001487052876195427,0.1487052876195427,0.00803850143264756,0,0,False,NOT_AVAILABLE_BOOLEAN_COSTMAP_VETO,1790648379471072884,1790648379471072884,44.34689,1.452398020774126,1305
1306,13.059999999999766,1790648379557029808,23.74319076538086,2.5426034927368164,0.14057137072086331,0.24193137884140015,23.745586395263672,2.542942523956299,0.14069081842899323,0.24178043007850647,0.5056227431148558,0.5056227431148558,0.13219174244807075,15,0,2185,8,1.3992452613180366,15,22,0.1998804736203253,0.19989218018829094,0.19990878609449175,0.24113775789737701,0.002517489716410637,0.010440047789952604,0.0033825625830967584,0.001437840306192943,0.14378403061929432,0.007652393643050537,0,0,False,NOT_AVAILABLE_BOOLEAN_COSTMAP_VETO,1790648379557029808,1790648379557029808,40.397708,1.5167520614340901,1306
1307,13.069999999999766,1790648379639470653,23.745586395263672,2.542942523956299,0.14069081842899323,0.24178043007850647,23.74798011779785,2.5432815551757812,0.14081020653247833,0.24155931174755096,0.505941360744119,0.505941360744119,0.13228903254246793,15,0,2185,8,1.3992452613180366,15,22,0.1998804736203253,0.19989218018829094,0.19990878609449175,0.24061788618564606,0.003585946513339877,0.014903075453722422,0.00482855892073586,0.0014459963376391017,0.14459963376391016,0.007266312271632269,0,0,False,NOT_AVAILABLE_BOOLEAN_COSTMAP_VETO,1790648379639470653,1790648379639470653,45.042112,1.7332390416413546,1307
1308,13.079999999999766,1790648379729039661,23.74798011779785,2.5432815551757812,0.14081020653247833,0.24155931174755096,23.7503719329834,2.5436205863952637,0.1409294605255127,0.24140611290931702,0.5062599946293798,0.5062599946293798,0.13238617784613282,16,0,2185,8,1.399220174627448,16,23,0.1998780325407104,0.1998885963753497,0.19990878609449175,0.24075384438037872,0.0035496694035828114,0.014743978077353215,0.004777012559829001,-5.154636090685949e-05,-0.005154636090685949,0.006880286674242064,0,0,False,NOT_AVAILABLE_BOOLEAN_COSTMAP_VETO,1790648379729039661,1790648379729039661,17.928253,1.6826459905132651,1308
1309,13.089999999999765,1790648379791326133,23.7503719329834,2.5436205863952637,0.1409294605255127,0.24140611290931702,23.752761840820312,2.543959856033325,0.14104868471622467,0.24132320284843445,0.5065788831805574,0.5065788831805574,0.13248328282546717,16,0,2185,8,1.399220174627448,16,23,0.1998780325407104,0.1998885963753497,0.19990878609449175,0.2409701943397522,0.0035662315785884857,0.01479947172869161,0.004794992091019993,1.7979531190992666e-05,0.0017979531190992666,0.006494037322280988,0,0,False,NOT_AVAILABLE_BOOLEAN_COSTMAP_VETO,1790648379791326133,1790648379791326133,17.638548,1.49639998562634,1309
1310,13.099999999999765,1790648379850390677,23.752761840820312,2.543959856033325,0.14104868471622467,0.24132320284843445,23.755151748657227,2.5442991256713867,0.14116787910461426,0.2413281351327896,0.5068977717317352,0.5068977717317352,0.13258032977472656,16,0,2185,8,1.399220174627448,16,23,0.1998780325407104,0.1998885963753497,0.19990878609449175,0.24142682552337646,0.003514252370223403,0.014556180170140749,0.004716167408779866,-7.882468224012715e-05,-0.007882468224012715,0.006107802632806247,0,0,False,NOT_AVAILABLE_BOOLEAN_COSTMAP_VETO,1790648379850390677,1790648379850390677,17.43483,1.4902240363880992,1310
1311,13.109999999999765,1790648379909879556,23.755151748657227,2.5442991256713867,0.14116787910461426,0.2413281351327896,23.75754165649414,2.5446388721466064,0.14128707349300385,0.24136003851890564,0.5072171371027525,0.5072171371027525,0.13267734876006765,16,0,2185,8,1.399220174627448,16,23,0.1998780325407104,0.1998885963753497,0.19990878609449175,0.24199903011322021,0.003257518168538809,0.013460872826700032,0.004361295143727612,-0.00035487226505225445,-0.03548722650522544,0.0057210940255016385,0,0,False,NOT_AVAILABLE_BOOLEAN_COSTMAP_VETO,1790648379909879556,1790648379909879556,17.33889,1.4163010055199265,1311
1312,13.119999999999765,1790648379967604058,23.75754165649414,2.5446388721466064,0.14128707349300385,0.24136003851890564,23.759931564331055,2.5449788570404053,0.14140629768371582,0.24141867458820343,0.5075367408836895,0.5075367408836895,0.1327743692433181,16,0,2185,8,1.399220174627448,16,23,0.1998780325407104,0.1998885963753497,0.19990878609449175,0.24259305000305176,0.002795303473249078,0.011522603278263386,0.0037333061176498413,-0.0006279890260777704,-0.06279890260777704,0.005334138178708148,0,0,False,NOT_AVAILABLE_BOOLEAN_COSTMAP_VETO,1790648379967604058,1790648379967604058,18.470095,1.6625169664621353,1312
1313,13.129999999999765,1790648380026453267,23.759931564331055,2.5449788570404053,0.14140629768371582,0.24141867458820343,23.76232147216797,2.5453193187713623,0.14152555167675018,0.24149656295776367,0.5078568214844661,0.5078568214844661,0.13287139131538162,16,0,2185,8,1.399220174627448,16,23,0.1998780325407104,0.1998885963753497,0.19990878609449175,0.2430567741394043,0.002205128548666835,0.009072483400121536,0.0029394761554092127,-0.0007938299622406286,-0.07938299622406285,0.004946696676705276,0,0,False,NOT_AVAILABLE_BOOLEAN_COSTMAP_VETO,1790648380026453267,1790648380026453267,19.238376,1.741143991239369,1313
1314,13.139999999999764,1790648380086972483,23.76232147216797,2.5453193187713623,0.14152555167675018,0.24149656295776367,23.764713287353516,2.5456600189208984,0.14164486527442932,0.2415827512741089,0.5081771242391647,0.5081771242391647,0.13296842726178904,16,0,2185,8,1.399220174627448,16,23,0.1998780325407104,0.1998885963753497,0.19990878609449175,0.24330928921699524,0.0015621425118297338,0.006420398156013427,0.002080206002014488,-0.0008592701533947245,-0.08592701533947245,0.004558996201487975,0,0,False,NOT_AVAILABLE_BOOLEAN_COSTMAP_VETO,1790648380086972483,1790648380086972483,20.622355,1.4523990685120225,1314
1315,13.149999999999764,1790648380148728666,23.764713287353516,2.5456600189208984,0.14164486527442932,0.2415827512741089,23.767105102539062,2.5460011959075928,0.14176419377326965,0.24166572093963623,0.5084979038137036,0.5084979038137036,0.13306544968710377,16,0,2185,8,1.399220174627448,16,23,0.1998780325407104,0.1998885963753497,0.19990878609449175,0.24332761764526367,0.000952882575802505,0.0039160477755207776,0.0012687987984095462,-0.000811407203604942,-0.0811407203604942,0.00417081594760188,0,0,False,NOT_AVAILABLE_BOOLEAN_COSTMAP_VETO,1790648380148728666,1790648380148728666,19.561233,1.4470219612121582,1315
1316,13.159999999999764,1790648380209002849,23.767105102539062,2.5460011959075928,0.14176419377326965,0.24166572093963623,23.76949691772461,2.5463428497314453,0.14188358187675476,0.24173614382743835,0.5088191602080813,0.5088191602080813,0.13316250373355842,16,0,2185,8,1.399220174627448,16,23,0.1998780325407104,0.1998885963753497,0.19990878609449175,0.24314679205417633,0.000460417359136045,0.0018935777652927368,0.0006135191189774687,-0.0006552796794320775,-0.06552796794320774,0.003782138309844363,0,0,False,NOT_AVAILABLE_BOOLEAN_COSTMAP_VETO,1790648380209002849,1790648380209002849,18.138052,1.4471180038526654,1316
1317,13.169999999999764,1790648380267729047,23.76949691772461,2.5463428497314453,0.14188358187675476,0.24173614382743835,23.77189064025879,2.546684980392456,0.14200298488140106,0.24178887903690338,0.5091408771663016,0.5091408771663016,0.13325952659306006,16,0,2185,8,1.399220174627448,16,23,0.1998780325407104,0.1998885963753497,0.19990878609449175,0.2428453415632248,0.00015846017049625516,0.0006525147630019497,0.00021141478006281859,-0.0004021043389146501,-0.04021043389146501,0.0033929808991476906,0,0,False,NOT_AVAILABLE_BOOLEAN_COSTMAP_VETO,1790648380267729047,1790648380267729047,19.118339,1.500431913882494,1317
1318,13.179999999999763,1790648380327553008,23.77189064025879,2.546684980392456,0.14200298488140106,0.24178887903690338,23.77428436279297,2.547027111053467,0.14200298488140106,0.24182379245758057,0.5094625941245217,0.5094625941245217,0.1332371181684997,16,0,2185,8,1.399220174627448,16,23,0.1998780325407104,0.1998885963753497,0.19990878609449175,0.24252310395240784,4.813994746655226e-05,0.00019849633573879678,6.431281269070128e-05,-0.00014710196737211732,-0.014710196737211731,0.0030508502381369484,0,0,False,NOT_AVAILABLE_BOOLEAN_COSTMAP_VETO,1790648380327553008,1790648380327553008,20.137476,1.7541040433570743,1318
1319,13.189999999999763,1790648380391415562,23.77428436279297,2.547027111053467,0.14200298488140106,0.24182379245758057,23.77667808532715,2.5473694801330566,0.14212243258953094,0.24184377491474152,0.5097845494926616,0.5097845494926616,0.1333341293518524,16,0,2185,8,1.399220174627448,16,23,0.1998780325407104,0.1998885963753497,0.19990878609449175,0.2422439306974411,9.629596024751663e-05,0.00039751650318037805,0.00012879534631827976,6.448253362757848e-05,0.006448253362757848,0.0026614397383350474,0,0,False,NOT_AVAILABLE_BOOLEAN_COSTMAP_VETO,1790648380391415562,1790648380391415562,17.195174,1.5651700086891651,1319
1320,13.199999999999763,1790648380449929017,23.77667808532715,2.5473694801330566,0.14212243258953094,0.24184377491474152,23.779071807861328,2.5477123260498047,0.14224188029766083,0.24185308814048767,0.510106981680641,0.510106981680641,0.13343111226547721,16,0,2185,8,1.399220174627448,16,23,0.1998780325407104,0.1998885963753497,0.19990878609449175,0.2420394867658615,0.000240348803345114,0.0009930148446299467,0.0003217367985586204,0.00019294145224034066,0.019294145224034064,0.002271555338489939,0,0,False,NOT_AVAILABLE_BOOLEAN_COSTMAP_VETO,1790648380449929017,1790648380449929017,23.76988,1.7590000061318278,1320
1321,13.209999999999763,1790648380514835829,23.779071807861328,2.5477123260498047,0.14224188029766086,0.24185308814048767,23.781465530395508,2.5480551719665527,0.1423613280057907,0.24185575544834137,0.5104294138686204,0.5104294138686204,0.13352806708901088,16,0,2185,8,1.399220174627448,16,23,0.1998780325407104,0.1998885963753497,0.19990878609449175,0.24190908670425415,0.00041543866973370314,0.0017173338769270684,0.0005564161187024242,0.00023467932014380378,0.02346793201438038,0.001881673876430845,0,0,False,NOT_AVAILABLE_BOOLEAN_COSTMAP_VETO,1790648380514835829,1790648380514835829,20.366636,1.713847042992711,1321
1322,13.219999999999763,1790648380575619981,23.781465530395508,2.5480551719665527,0.1423613280057907,0.24185575544834137,23.783859252929688,2.548398494720459,0.1424807757139206,0.24185068905353546,0.5107523228764397,0.5107523228764397,0.13362499365250402,16,0,2185,8,1.399220174627448,16,23,0.1998780325407104,0.1998885963753497,0.19990878609449175,0.24182908236980438,0.0005672271363437176,0.002345570395360122,0.0007599646617917229,0.0002035485430892987,0.02035485430892987,0.0014913185156710251,0,0,False,NOT_AVAILABLE_BOOLEAN_COSTMAP_VETO,1790648380575619981,1790648380575619981,17.139653,1.4645899645984173,1322
1323,13.229999999999762,1790648380633877076,23.783859252929688,2.548398494720459,0.1424807757139206,0.24185068905353546,23.786252975463867,2.5487420558929443,0.14260022342205048,0.24183517694473267,0.5110754702941782,0.5110754702941782,0.13372189196058049,16,0,2185,8,1.399220174627448,16,23,0.1998780325407104,0.1998885963753497,0.19990878609449175,0.24176910519599915,0.0006605322123505175,0.002732078657506849,0.0008851932538293774,0.00012522859203765448,0.012522859203765448,0.0011007276754592676,0,0,False,NOT_AVAILABLE_BOOLEAN_COSTMAP_VETO,1790648380633877076,1790648380633877076,26.071746,1.4396300539374352,1323
1324,13.239999999999762,1790648380702775855,23.786252975463867,2.5487420558929443,0.14260022342205045,0.24183517694473267,23.788646697998047,2.549085855484009,0.14271967113018036,0.24181093275547028,0.5113988561218366,0.5113988561218366,0.1338187621057001,16,0,2185,8,1.399220174627448,16,23,0.1998780325407104,0.1998885963753497,0.19990878609449175,0.2417076975107193,0.0006820568814873695,0.002821825239790394,0.0009142711229481257,2.907786911874829e-05,0.002907786911874829,0.0007099013564679235,0,0,False,NOT_AVAILABLE_BOOLEAN_COSTMAP_VETO,1790648380702775855,1790648380702775855,17.177925,1.6424210043624043,1324
1325,13.249999999999762,1790648380760250909,23.788646697998047,2.549085855484009,0.14271967113018033,0.24181093275547028,23.791040420532227,2.5494298934936523,0.14283908903598785,0.24177667498588562,0.5117224803594151,0.5117224803594151,0.1339155742904934,16,0,2185,8,1.399220174627448,16,23,0.1998780325407104,0.1998885963753497,0.19990878609449175,0.24163083732128143,0.0006363638676702976,0.0026336202561106237,0.0008532927558832044,-6.097836706492126e-05,-0.006097836706492126,0.0003188512914837349,0,0,False,NOT_AVAILABLE_BOOLEAN_COSTMAP_VETO,1790648380760250909,1790648380760250909,21.631347,1.7888250295072794,1325
1326,13.259999999999762,1790648380823219994,23.791040420532227,2.5494298934936523,0.14283908903598785,0.24177667498588562,23.793434143066406,2.549774169921875,0.14295849204063416,0.24173088371753693,0.512046343006913,0.512046343006913,0.13401234342107493,16,0,2185,8,1.399220174627448,16,23,0.1998780325407104,0.1998885963753497,0.19990878609449175,0.24153591692447662,0.0005316961323842406,0.0022013129109510086,0.0007132252622111841,-0.00014006749367202027,-0.014006749367202026,-7.242838671644991e-05,1,0,False,NOT_AVAILABLE_BOOLEAN_COSTMAP_VETO,1790648380823219994,1790648380823219994,17.213574,1.851866953074932,1326
