{
  "type": "FeatureCollection",
  "coordinate_frame": "speed_course_map",
  "coordinate_units": "meters",
  "geographic_crs": false,
  "features": [
    {
      "type": "Feature",
      "properties": {
        "id": "left_physical_boundary"
      },
      "geometry": {
        "type": "LineString",
        "coordinates": [
          [
            20.62863090812533,
            2.755887754872269
          ],
          [
            20.6536131276382,
            2.755887754872269
          ],
          [
            20.67859534715107,
            2.755887754872269
          ],
          [
            20.703577566663938,
            2.755887754872269
          ],
          [
            20.72855978617681,
            2.755887754872269
          ],
          [
            20.753542005689678,
            2.755887754872269
          ],
          [
            20.77852422520255,
            2.755887754872269
          ],
          [
            20.803506444715417,
            2.755887754872269
          ],
          [
            20.82848866422829,
            2.755887754872269
          ],
          [
            20.853470883741156,
            2.755887754872269
          ],
          [
            20.878453103254028,
            2.755887754872269
          ],
          [
            20.903435322766896,
            2.755887754872269
          ],
          [
            20.928417542279767,
            2.755887754872269
          ],
          [
            20.953399761792635,
            2.755887754872269
          ],
          [
            20.978381981305507,
            2.755887754872269
          ],
          [
            21.003364200818375,
            2.755887754872269
          ],
          [
            21.028346420331246,
            2.755887754872269
          ],
          [
            21.053328639844114,
            2.755887754872269
          ],
          [
            21.078310859356986,
            2.755887754872269
          ],
          [
            21.103293078869854,
            2.755887754872269
          ],
          [
            21.128275298382725,
            2.755887754872269
          ],
          [
            21.153257517895593,
            2.755887754872269
          ],
          [
            21.178239737408465,
            2.755887754872269
          ],
          [
            21.203221956921332,
            2.755887754872269
          ],
          [
            21.228204176434204,
            2.755887754872269
          ],
          [
            21.253186395947072,
            2.755887754872269
          ],
          [
            21.278168615459943,
            2.755887754872269
          ],
          [
            21.30315083497281,
            2.755887754872269
          ],
          [
            21.328133054485683,
            2.755887754872269
          ],
          [
            21.35311527399855,
            2.755887754872269
          ],
          [
            21.378097493511422,
            2.755887754872269
          ],
          [
            21.40307971302429,
            2.755887754872269
          ],
          [
            21.42806193253716,
            2.755887754872269
          ],
          [
            21.45304415205003,
            2.755887754872269
          ],
          [
            21.4780263715629,
            2.755887754872269
          ],
          [
            21.50300859107577,
            2.755887754872269
          ],
          [
            21.52799081058864,
            2.755887754872269
          ],
          [
            21.55297303010151,
            2.755887754872269
          ],
          [
            21.57795524961438,
            2.755887754872269
          ],
          [
            21.602937469127248,
            2.755887754872269
          ],
          [
            21.62791968864012,
            2.755887754872269
          ],
          [
            21.652901908152987,
            2.755887754872269
          ],
          [
            21.67788412766586,
            2.755887754872269
          ],
          [
            21.702866347178727,
            2.755887754872269
          ],
          [
            21.7278485666916,
            2.755887754872269
          ],
          [
            21.752830786204466,
            2.755887754872269
          ],
          [
            21.777813005717334,
            2.755887754872269
          ],
          [
            21.802795225230206,
            2.755887754872269
          ],
          [
            21.827777444743077,
            2.755887754872269
          ],
          [
            21.852759664255945,
            2.755887754872269
          ],
          [
            21.877741883768813,
            2.755887754872269
          ],
          [
            21.902724103281685,
            2.755887754872269
          ],
          [
            21.927706322794553,
            2.755887754872269
          ],
          [
            21.952688542307424,
            2.755887754872269
          ],
          [
            21.977670761820292,
            2.755887754872269
          ],
          [
            22.002652981333163,
            2.755887754872269
          ],
          [
            22.02763520084603,
            2.755887754872269
          ],
          [
            22.052617420358903,
            2.755887754872269
          ],
          [
            22.07759963987177,
            2.755887754872269
          ],
          [
            22.102581859384642,
            2.755887754872269
          ],
          [
            22.12756407889751,
            2.755887754872269
          ],
          [
            22.152546298410382,
            2.755887754872269
          ],
          [
            22.17752851792325,
            2.755887754872269
          ],
          [
            22.20251073743612,
            2.755887754872269
          ],
          [
            22.22749295694899,
            2.755887754872269
          ],
          [
            22.25247517646186,
            2.755887754872269
          ],
          [
            22.27745739597473,
            2.755887754872269
          ],
          [
            22.3024396154876,
            2.755887754872269
          ],
          [
            22.327421835000468,
            2.755887754872269
          ],
          [
            22.35240405451334,
            2.755887754872269
          ],
          [
            22.377386274026208,
            2.755887754872269
          ],
          [
            22.40236849353908,
            2.755887754872269
          ],
          [
            22.427350713051947,
            2.755887754872269
          ],
          [
            22.45233293256482,
            2.755887754872269
          ],
          [
            22.477315152077686,
            2.755887754872269
          ],
          [
            22.502297371590558,
            2.755887754872269
          ],
          [
            22.527279591103426,
            2.755887754872269
          ],
          [
            22.552261810616297,
            2.755887754872269
          ],
          [
            22.577244030129165,
            2.755887754872269
          ],
          [
            22.602226249642037,
            2.755887754872269
          ],
          [
            22.627208469154905,
            2.755887754872269
          ],
          [
            22.652190688667776,
            2.755887754872269
          ],
          [
            22.677172908180644,
            2.755887754872269
          ],
          [
            22.702155127693516,
            2.755887754872269
          ],
          [
            22.727137347206384,
            2.755887754872269
          ],
          [
            22.752119566719255,
            2.755887754872269
          ],
          [
            22.777101786232123,
            2.755887754872269
          ],
          [
            22.802084005744994,
            2.755887754872269
          ],
          [
            22.827066225257862,
            2.755887754872269
          ],
          [
            22.852048444770734,
            2.755887754872269
          ],
          [
            22.877030664283602,
            2.755887754872269
          ],
          [
            22.902012883796473,
            2.755887754872269
          ],
          [
            22.92699510330934,
            2.755887754872269
          ],
          [
            22.95197732282221,
            2.755887754872269
          ],
          [
            22.97695954233508,
            2.755887754872269
          ],
          [
            23.001941761847952,
            2.755887754872269
          ],
          [
            23.02692398136082,
            2.755887754872269
          ],
          [
            23.051906200873688,
            2.755887754872269
          ],
          [
            23.07688842038656,
            2.755887754872269
          ],
          [
            23.10187063989943,
            2.755887754872269
          ],
          [
            23.1268528594123,
            2.755887754872269
          ],
          [
            23.151835078925167,
            2.755887754872269
          ],
          [
            23.17681729843804,
            2.755887754872269
          ],
          [
            23.201799517950906,
            2.755887754872269
          ],
          [
            23.226781737463778,
            2.755887754872269
          ],
          [
            23.251763956976646,
            2.755887754872269
          ],
          [
            23.276746176489517,
            2.755887754872269
          ],
          [
            23.301728396002385,
            2.755887754872269
          ],
          [
            23.326710615515257,
            2.755887754872269
          ],
          [
            23.351692835028125,
            2.755887754872269
          ],
          [
            23.376675054540996,
            2.755887754872269
          ],
          [
            23.401657274053864,
            2.755887754872269
          ],
          [
            23.426639493566736,
            2.755887754872269
          ],
          [
            23.451621713079604,
            2.755887754872269
          ],
          [
            23.476603932592475,
            2.755887754872269
          ],
          [
            23.501586152105343,
            2.755887754872269
          ],
          [
            23.526568371618215,
            2.755887754872269
          ],
          [
            23.551550591131083,
            2.755887754872269
          ],
          [
            23.576532810643954,
            2.755887754872269
          ],
          [
            23.601515030156822,
            2.755887754872269
          ],
          [
            23.626497249669693,
            2.755887754872269
          ],
          [
            23.65147946918256,
            2.755887754872269
          ],
          [
            23.676461688695433,
            2.755887754872269
          ],
          [
            23.7014439082083,
            2.755887754872269
          ],
          [
            23.726426127721172,
            2.755887754872269
          ],
          [
            23.75140834723404,
            2.755887754872269
          ],
          [
            23.77639056674691,
            2.755887754872269
          ],
          [
            23.80137278625978,
            2.755887754872269
          ],
          [
            23.82635500577265,
            2.755887754872269
          ],
          [
            23.85133722528552,
            2.755887754872269
          ],
          [
            23.87631944479839,
            2.755887754872269
          ],
          [
            23.90130166431126,
            2.755887754872269
          ],
          [
            23.92628388382413,
            2.755887754872269
          ],
          [
            23.951266103336998,
            2.755887754872269
          ],
          [
            23.97624832284987,
            2.755887754872269
          ],
          [
            24.001230542362737,
            2.755887754872269
          ],
          [
            24.02621276187561,
            2.755887754872269
          ],
          [
            24.051194981388477,
            2.755887754872269
          ],
          [
            24.07617720090135,
            2.755887754872269
          ],
          [
            24.101159420414216,
            2.755887754872269
          ],
          [
            24.126141639927084,
            2.755887754872269
          ],
          [
            24.151123859439956,
            2.755887754872269
          ],
          [
            24.176106078952824,
            2.755887754872269
          ],
          [
            24.201088298465695,
            2.755887754872269
          ],
          [
            24.226070517978563,
            2.755887754872269
          ],
          [
            24.251052737491435,
            2.755887754872269
          ],
          [
            24.276034957004303,
            2.755887754872269
          ],
          [
            24.301017176517174,
            2.755887754872269
          ],
          [
            24.325999396030042,
            2.755887754872269
          ],
          [
            24.350981615542914,
            2.755887754872269
          ],
          [
            24.37596383505578,
            2.755887754872269
          ],
          [
            24.400946054568653,
            2.755887754872269
          ],
          [
            24.42592827408152,
            2.755887754872269
          ],
          [
            24.450910493594392,
            2.755887754872269
          ],
          [
            24.47589271310726,
            2.755887754872269
          ],
          [
            24.500874932620132,
            2.755887754872269
          ],
          [
            24.525857152133,
            2.755887754872269
          ],
          [
            24.55083937164587,
            2.755887754872269
          ],
          [
            24.57582159115874,
            2.755887754872269
          ],
          [
            24.60080381067161,
            2.755887754872269
          ],
          [
            24.62578603018448,
            2.755887754872269
          ],
          [
            24.65076824969735,
            2.755887754872269
          ],
          [
            24.675750469210218,
            2.755887754872269
          ],
          [
            24.70073268872309,
            2.755887754872269
          ],
          [
            24.725714908235958,
            2.755887754872269
          ],
          [
            24.75069712774883,
            2.755887754872269
          ],
          [
            24.775679347261697,
            2.755887754872269
          ],
          [
            24.80066156677457,
            2.755887754872269
          ],
          [
            24.825643786287436,
            2.755887754872269
          ],
          [
            24.850626005800308,
            2.755887754872269
          ],
          [
            24.875608225313176,
            2.755887754872269
          ],
          [
            24.900590444826044,
            2.755887754872269
          ],
          [
            24.925572664338915,
            2.755887754872269
          ],
          [
            24.950554883851787,
            2.755887754872269
          ],
          [
            24.975537103364655,
            2.755887754872269
          ],
          [
            25.000519322877523,
            2.755887754872269
          ],
          [
            25.025501542390394,
            2.755887754872269
          ],
          [
            25.050483761903266,
            2.755887754872269
          ],
          [
            25.075465981416134,
            2.755887754872269
          ],
          [
            25.100448200929,
            2.755887754872269
          ],
          [
            25.125430420441873,
            2.755887754872269
          ],
          [
            25.150412639954745,
            2.755887754872269
          ],
          [
            25.175394859467612,
            2.755887754872269
          ],
          [
            25.20037707898048,
            2.755887754872269
          ],
          [
            25.225359298493352,
            2.755887754872269
          ],
          [
            25.250341518006223,
            2.755887754872269
          ],
          [
            25.27532373751909,
            2.755887754872269
          ],
          [
            25.30030595703196,
            2.755887754872269
          ],
          [
            25.32528817654483,
            2.755887754872269
          ],
          [
            25.350270396057702,
            2.755887754872269
          ],
          [
            25.37525261557057,
            2.755887754872269
          ],
          [
            25.400234835083438,
            2.755887754872269
          ],
          [
            25.42521705459631,
            2.755887754872269
          ],
          [
            25.450199274109178,
            2.755887754872269
          ],
          [
            25.47518149362205,
            2.755887754872269
          ],
          [
            25.500163713134917,
            2.755887754872269
          ],
          [
            25.52514593264779,
            2.755887754872269
          ],
          [
            25.550128152160656,
            2.755887754872269
          ],
          [
            25.575110371673528,
            2.755887754872269
          ],
          [
            25.600092591186396,
            2.755887754872269
          ],
          [
            25.625074810699267,
            2.755887754872269
          ],
          [
            25.650057030212135,
            2.755887754872269
          ],
          [
            25.675039249725007,
            2.755887754872269
          ],
          [
            25.700021469237875,
            2.755887754872269
          ],
          [
            25.725003688750746,
            2.755887754872269
          ],
          [
            25.749985908263614,
            2.755887754872269
          ],
          [
            25.774968127776486,
            2.755887754872269
          ],
          [
            25.799950347289354,
            2.755887754872269
          ],
          [
            25.824932566802225,
            2.755887754872269
          ],
          [
            25.849914786315093,
            2.755887754872269
          ],
          [
            25.874897005827965,
            2.755887754872269
          ],
          [
            25.899879225340833,
            2.755887754872269
          ],
          [
            25.924861444853704,
            2.755887754872269
          ],
          [
            25.949843664366572,
            2.755887754872269
          ],
          [
            25.974825883879443,
            2.755887754872269
          ],
          [
            25.99980810339231,
            2.755887754872269
          ],
          [
            26.024790322905183,
            2.755887754872269
          ],
          [
            26.04977254241805,
            2.755887754872269
          ],
          [
            26.074754761930922,
            2.755887754872269
          ],
          [
            26.09973698144379,
            2.755887754872269
          ],
          [
            26.124719200956662,
            2.755887754872269
          ],
          [
            26.14970142046953,
            2.755887754872269
          ],
          [
            26.1746836399824,
            2.755887754872269
          ],
          [
            26.19966585949527,
            2.755887754872269
          ],
          [
            26.22464807900814,
            2.755887754872269
          ],
          [
            26.24963029852101,
            2.755887754872269
          ],
          [
            26.274612518033877,
            2.755887754872269
          ],
          [
            26.299594737546748,
            2.755887754872269
          ],
          [
            26.32457695705962,
            2.755887754872269
          ],
          [
            26.349559176572487,
            2.755887754872269
          ],
          [
            26.374541396085355,
            2.755887754872269
          ],
          [
            26.399523615598227,
            2.755887754872269
          ],
          [
            26.4245058351111,
            2.755887754872269
          ],
          [
            26.449488054623966,
            2.755887754872269
          ],
          [
            26.474470274136834,
            2.755887754872269
          ],
          [
            26.499452493649706,
            2.755887754872269
          ],
          [
            26.524434713162577,
            2.755887754872269
          ],
          [
            26.549416932675445,
            2.755887754872269
          ],
          [
            26.574399152188313,
            2.755887754872269
          ],
          [
            26.599381371701185,
            2.755887754872269
          ],
          [
            26.624363591214056,
            2.755887754872269
          ],
          [
            26.649345810726924,
            2.755887754872269
          ],
          [
            26.674328030239792,
            2.755887754872269
          ],
          [
            26.699310249752664,
            2.755887754872269
          ],
          [
            26.724292469265535,
            2.755887754872269
          ],
          [
            26.749274688778403,
            2.755887754872269
          ],
          [
            26.77425690829127,
            2.755887754872269
          ],
          [
            26.799239127804142,
            2.755887754872269
          ],
          [
            26.82422134731701,
            2.755887754872269
          ],
          [
            26.849203566829882,
            2.755887754872269
          ],
          [
            26.87418578634275,
            2.755887754872269
          ],
          [
            26.89916800585562,
            2.755887754872269
          ],
          [
            26.92415022536849,
            2.755887754872269
          ],
          [
            26.94913244488136,
            2.755887754872269
          ],
          [
            26.97411466439423,
            2.755887754872269
          ],
          [
            26.9990968839071,
            2.755887754872269
          ],
          [
            27.024079103419968,
            2.755887754872269
          ],
          [
            27.049061322932836,
            2.755887754872269
          ],
          [
            27.074043542445708,
            2.755887754872269
          ],
          [
            27.09902576195858,
            2.755887754872269
          ],
          [
            27.124007981471447,
            2.755887754872269
          ],
          [
            27.148990200984315,
            2.755887754872269
          ],
          [
            27.173972420497186,
            2.755887754872269
          ],
          [
            27.198954640010058,
            2.755887754872269
          ],
          [
            27.223936859522926,
            2.755887754872269
          ],
          [
            27.248919079035794,
            2.755887754872269
          ],
          [
            27.273901298548665,
            2.755887754872269
          ],
          [
            27.298883518061537,
            2.755887754872269
          ],
          [
            27.323865737574405,
            2.755887754872269
          ],
          [
            27.348847957087273,
            2.755887754872269
          ],
          [
            27.373830176600144,
            2.7558877548722687
          ],
          [
            27.397986789340486,
            2.7559055477041734
          ],
          [
            27.422143349658793,
            2.7559589261612722
          ],
          [
            27.44629980513314,
            2.7560478901277294
          ],
          [
            27.470456103341846,
            2.756172439410488
          ],
          [
            27.494612191863546,
            2.7563325737392605
          ],
          [
            27.518768018277356,
            2.756528292766543
          ],
          [
            27.542923530162938,
            2.7567595960676092
          ],
          [
            27.567078675100653,
            2.7570264831405074
          ],
          [
            27.591233400671648,
            2.757328953406071
          ],
          [
            27.61538765445798,
            2.7576670062079134
          ],
          [
            27.639541384042747,
            2.7580406408124194
          ],
          [
            27.663694537010162,
            2.75844985640878
          ],
          [
            27.6878470609457,
            2.7588946521089555
          ],
          [
            27.7119989034362,
            2.7593750269476987
          ],
          [
            27.73615001206998,
            2.759890979882554
          ],
          [
            27.76030033443695,
            2.76044250979386
          ],
          [
            27.784449818128728,
            2.761029615484737
          ],
          [
            27.808598410738746,
            2.7616522956811216
          ],
          [
            27.832746059862377,
            2.762310549031737
          ],
          [
            27.85689271309704,
            2.7630043741081165
          ],
          [
            27.881038318042307,
            2.7637337694046
          ],
          [
            27.90518282230004,
            2.764498733338324
          ],
          [
            27.929326173474482,
            2.765299264249255
          ],
          [
            27.95346831917237,
            2.7661353604001664
          ],
          [
            27.977609207003066,
            2.767007019976656
          ],
          [
            28.00174878457867,
            2.7679142410871407
          ],
          [
            28.025886999514096,
            2.768857021762872
          ],
          [
            28.05002379942725,
            2.769835359957927
          ],
          [
            28.074159131939094,
            2.770849253549224
          ],
          [
            28.098292944673766,
            2.7718987003365245
          ],
          [
            28.122425185258717,
            2.7729836980424314
          ],
          [
            28.14655580132479,
            2.7741042443124053
          ],
          [
            28.17068474050638,
            2.775260336714757
          ],
          [
            28.1948119504415,
            2.776451972740658
          ],
          [
            28.218937378771926,
            2.777679149804154
          ],
          [
            28.243060973143294,
            2.7789418652421634
          ],
          [
            28.267182681205224,
            2.780240116314473
          ],
          [
            28.291302450611422,
            2.7815739002037634
          ],
          [
            28.315420229019814,
            2.782943214015602
          ],
          [
            28.33953596409264,
            2.7843480547784543
          ],
          [
            28.363649603496572,
            2.7857884194436933
          ],
          [
            28.387761094902825,
            2.7872643048855887
          ],
          [
            28.411870385987296,
            2.7887757079013418
          ],
          [
            28.43597742443063,
            2.790322625211071
          ],
          [
            28.460082157918382,
            2.791905053457825
          ],
          [
            28.484184534141097,
            2.7935229892075872
          ],
          [
            28.50828450079444,
            2.7951764289493006
          ],
          [
            28.532382005579297,
            2.7968653690948404
          ],
          [
            28.556476996201912,
            2.7985898059790593
          ],
          [
            28.580569420373973,
            2.800349735859776
          ],
          [
            28.604659225812746,
            2.80214515491778
          ],
          [
            28.628746360241166,
            2.803976059256847
          ],
          [
            28.65283077138798,
            2.8058424449037522
          ],
          [
            28.676912406987828,
            2.8077443078082713
          ],
          [
            28.70099121478139,
            2.8096816438431866
          ],
          [
            28.72506714251548,
            2.8116544488043056
          ],
          [
            28.74914013794315,
            2.813662718410465
          ],
          [
            28.773210148823825,
            2.815706448303532
          ],
          [
            28.797277122923404,
            2.817785634048433
          ],
          [
            28.82134100801438,
            2.8199002711331493
          ],
          [
            28.845401751875944,
            2.822050354968719
          ],
          [
            28.869459302294096,
            2.8242358808892707
          ],
          [
            28.893513607061795,
            2.826456844152016
          ],
          [
            28.917564613979007,
            2.8287132399372648
          ],
          [
            28.941612270852882,
            2.831005063348427
          ],
          [
            28.96565652549783,
            2.8333323094120484
          ],
          [
            28.989697325735637,
            2.83569497307779
          ],
          [
            29.013734619395596,
            2.838093049218454
          ],
          [
            29.03776835431461,
            2.8405265326300064
          ],
          [
            29.061798478337295,
            2.8429954180315624
          ],
          [
            29.08582493931611,
            2.8454997000654187
          ],
          [
            29.10984768511146,
            2.8480393732970564
          ],
          [
            29.13386666359182,
            2.850614432215153
          ],
          [
            29.15788182263383,
            2.8532248712316055
          ],
          [
            29.181893110122424,
            2.855870684681519
          ],
          [
            29.205900473950937,
            2.858551866823237
          ],
          [
            29.229903862021217,
            2.861268411838356
          ],
          [
            29.25390322224374,
            2.8640203138317295
          ],
          [
            29.277898502537727,
            2.866807566831474
          ],
          [
            29.30188965083125,
            2.8696301647890032
          ],
          [
            29.325876615061343,
            2.8724881015790236
          ],
          [
            29.349859343174135,
            2.875381370999556
          ],
          [
            29.37383778312492,
            2.8783099667719414
          ],
          [
            29.397811882878333,
            2.8812738825408633
          ],
          [
            29.42178159040839,
            2.8842731118743536
          ],
          [
            29.445746853698676,
            2.8873076482638163
          ],
          [
            29.46970762074239,
            2.8903774851240365
          ],
          [
            29.493663839542513,
            2.893482615793181
          ],
          [
            29.51761545811187,
            2.8966230335328422
          ],
          [
            29.541562424473288,
            2.89979873152803
          ],
          [
            29.565504686659686,
            2.903009702887192
          ],
          [
            29.589442192714195,
            2.906255940642226
          ],
          [
            29.61337489069025,
            2.9095374377485084
          ],
          [
            29.63730272865174,
            2.912854187084886
          ],
          [
            29.661225654673085,
            2.9162061814537235
          ],
          [
            29.68514361683938,
            2.9195934135808783
          ],
          [
            29.70905656324648,
            2.923015876115759
          ],
          [
            29.732964442001137,
            2.9264735616313073
          ],
          [
            29.75686720122108,
            2.929966462624039
          ],
          [
            29.780764789035167,
            2.9334945715140366
          ],
          [
            29.804657153583467,
            2.937057880644986
          ],
          [
            29.82854424301739,
            2.940656382284186
          ],
          [
            29.852426005499794,
            2.944290068622562
          ],
          [
            29.876302389205094,
            2.9479589317746866
          ],
          [
            29.900173342319373,
            2.9516629637787943
          ],
          [
            29.924038813040507,
            2.9554021565967985
          ],
          [
            29.947898749578272,
            2.9591765021143153
          ],
          [
            29.971753100154437,
            2.962985992140677
          ],
          [
            29.995601813002914,
            2.9668306184089364
          ],
          [
            30.019444836369832,
            2.9707103725759145
          ],
          [
            30.04328211851368,
            2.974625246222195
          ],
          [
            30.06711360770539,
            2.9785752308521394
          ],
          [
            30.090939252228484,
            2.9825603178939333
          ],
          [
            30.114759000379163,
            2.9865804986995723
          ],
          [
            30.13857280046641,
            2.990635764544897
          ],
          [
            30.16238060081213,
            2.994726106629623
          ],
          [
            30.18618234975124,
            2.998851516077332
          ],
          [
            30.209977995631792,
            3.003011983935511
          ],
          [
            30.233767486815086,
            3.007207501175574
          ],
          [
            30.257550771675767,
            3.0114380586928657
          ],
          [
            30.281327798601968,
            3.015703647306693
          ],
          [
            30.305098515995383,
            3.0200042577603456
          ],
          [
            30.328862872271404,
            3.0243398807211066
          ],
          [
            30.35262081585923,
            3.028710506780287
          ],
          [
            30.37637229520198,
            3.0331161264532276
          ],
          [
            30.40011725875679,
            3.037556730179334
          ],
          [
            30.423855654994945,
            3.042032308322103
          ],
          [
            30.447587432401978,
            3.0465428511691193
          ],
          [
            30.471312539477783,
            3.0510883489320983
          ],
          [
            30.495030924736735,
            3.055668791746898
          ],
          [
            30.518742536707784,
            3.060284169673541
          ],
          [
            30.5424473239346,
            3.064934472696246
          ],
          [
            30.56614523497565,
            3.069619690723429
          ],
          [
            30.589836218404315,
            3.074339813587748
          ],
          [
            30.61352022280903,
            3.0790948310461066
          ],
          [
            30.637197196793345,
            3.0838847327796866
          ],
          [
            30.66080139584314,
            3.0887001912440084
          ],
          [
            30.68439686701469,
            3.0935582354180147
          ],
          [
            30.7079835334767,
            3.0984588494830008
          ],
          [
            30.731561318426543,
            3.103402017481643
          ],
          [
            30.755130145090522,
            3.1083877233180575
          ],
          [
            30.778689936724103,
            3.113415950757851
          ],
          [
            30.80224061661217,
            3.118486683428166
          ],
          [
            30.82578210806928,
            3.123599904817744
          ],
          [
            30.849314334439907,
            3.128755598276974
          ],
          [
            30.872837219098695,
            3.1339537470179484
          ],
          [
            30.896350685450706,
            3.1391943341145154
          ],
          [
            30.919854656931676,
            3.1444773425023427
          ],
          [
            30.943349057008245,
            3.149802754978955
          ],
          [
            30.96683380917823,
            3.155170554203809
          ],
          [
            30.990308836970858,
            3.1605807226983442
          ],
          [
            31.01377406394703,
            3.1660332428460305
          ],
          [
            31.03722941369954,
            3.1715280968924375
          ],
          [
            31.060674809853364,
            3.1770652669452875
          ],
          [
            31.08411017606588,
            3.1826447349745126
          ],
          [
            31.10753543602713,
            3.188266482812316
          ],
          [
            31.13095051346006,
            3.193930492153226
          ],
          [
            31.154355332120772,
            3.1996367445541685
          ],
          [
            31.17774981579877,
            3.2053852214345064
          ],
          [
            31.20113388831722,
            3.21117590407612
          ],
          [
            31.22450747353318,
            3.2170087736234603
          ],
          [
            31.247870495337857,
            3.222883811083601
          ],
          [
            31.271222877656864,
            3.228800997326318
          ],
          [
            31.29456454445044,
            3.234760313084141
          ],
          [
            31.31789541971374,
            3.240761738952413
          ],
          [
            31.34121542747704,
            3.246805255389367
          ],
          [
            31.364524491806,
            3.252890842716174
          ],
          [
            31.387822536801934,
            3.259018481117016
          ],
          [
            31.41110948660202,
            3.265188150639152
          ],
          [
            31.434385265379564,
            3.271399831192976
          ],
          [
            31.457649797344256,
            3.2776535025520865
          ],
          [
            31.480903006742405,
            3.2839491443533557
          ],
          [
            31.50414481785718,
            3.2902867360969865
          ],
          [
            31.52737515500888,
            3.2966662571465917
          ],
          [
            31.550593942555157,
            3.3030876867292482
          ],
          [
            31.57380110489126,
            3.3095510039355727
          ],
          [
            31.596996566450315,
            3.3160561877197914
          ],
          [
            31.620180251703527,
            3.322603216899798
          ],
          [
            31.643352085160462,
            3.329192070157237
          ],
          [
            31.66651199136927,
            3.3358227260375637
          ],
          [
            31.689659894916932,
            3.342495162950112
          ],
          [
            31.712795720429533,
            3.3492093591681713
          ],
          [
            31.73591939257246,
            3.355965292829059
          ],
          [
            31.759030836050695,
            3.3627629419341845
          ],
          [
            31.782129975609028,
            3.3696022843491216
          ],
          [
            31.805216736032307,
            3.376483297803684
          ],
          [
            31.828291042145707,
            3.3834059598920003
          ],
          [
            31.851352818814945,
            3.3903702480725766
          ],
          [
            31.874401990946538,
            3.397376139668385
          ],
          [
            31.897438483488045,
            3.40442361186692
          ],
          [
            31.92046222142831,
            3.411512641720289
          ],
          [
            31.94347312979771,
            3.418643206145278
          ],
          [
            31.96647113366841,
            3.4258152819234247
          ],
          [
            31.989456158154564,
            3.4330288457011044
          ],
          [
            32.01242812841262,
            3.440283873989594
          ],
          [
            32.035386969641536,
            3.447580343165159
          ],
          [
            32.058332607082974,
            3.4549182294691185
          ],
          [
            32.08126496602164,
            3.462297509007941
          ],
          [
            32.10418397178546,
            3.4697181577533
          ],
          [
            32.12708954974584,
            3.477180151542167
          ],
          [
            32.1499816253179,
            3.4846834660768886
          ],
          [
            32.172860123960746,
            3.49222807692526
          ],
          [
            32.195724971177675,
            3.499813959520607
          ],
          [
            32.21857609251644,
            3.507441089161871
          ],
          [
            32.24141341356951,
            3.515109441013685
          ],
          [
            32.26423685997426,
            3.5228189901064484
          ],
          [
            32.287046357413246,
            3.530569711336423
          ],
          [
            32.30984183161446,
            3.5383615794658
          ],
          [
            32.332623208351556,
            3.546194569122789
          ],
          [
            32.35539041344408,
            3.554068654801709
          ],
          [
            32.378143372757734,
            3.561983810863051
          ],
          [
            32.40088201220458,
            3.5699400115335744
          ],
          [
            32.42360625774337,
            3.577937230906401
          ],
          [
            32.44631603537966,
            3.585975442941074
          ],
          [
            32.469011271166146,
            3.594054621463665
          ],
          [
            32.49169189120287,
            3.602174740166851
          ],
          [
            32.51435782163746,
            3.6103357726099956
          ],
          [
            32.53700898866539,
            3.6185376922192396
          ],
          [
            32.55964531853021,
            3.6267804722875945
          ],
          [
            32.58226673752375,
            3.635064085975015
          ],
          [
            32.60487317198644,
            3.6433885063084976
          ],
          [
            32.62746454830745,
            3.651753706182163
          ],
          [
            32.65004079292502,
            3.6601596583573484
          ],
          [
            32.67260183232666,
            3.6686063354626914
          ],
          [
            32.69514759304936,
            3.6770937099942183
          ],
          [
            32.71767800167991,
            3.685621754315448
          ],
          [
            32.74019298485503,
            3.694190440657459
          ],
          [
            32.76269246926172,
            3.7027997411189975
          ],
          [
            32.78517638163743,
            3.711449627666563
          ],
          [
            32.807644648770285,
            3.720140072134497
          ],
          [
            32.830097197499406,
            3.7288710462250774
          ],
          [
            32.852533954715064,
            3.73764252150861
          ],
          [
            32.87495484735896,
            3.746454469423521
          ],
          [
            32.89735980242444,
            3.755306861276451
          ],
          [
            32.919748746956756,
            3.764199668242347
          ],
          [
            32.942121608053306,
            3.7731328613645534
          ],
          [
            32.964478312863825,
            3.782106411554916
          ],
          [
            32.986818788590696,
            3.7911202895938683
          ],
          [
            33.00914296248912,
            3.8001744661305263
          ],
          [
            33.03145076186738,
            3.8092689116827883
          ],
          [
            33.0537421140871,
            3.8184035966374257
          ],
          [
            33.07601694656343,
            3.82757849125019
          ],
          [
            33.098275186765335,
            3.8367935656458974
          ],
          [
            33.12051676221579,
            3.8460487898185316
          ],
          [
            33.142741600492045,
            3.8553441336313403
          ],
          [
            33.164949629225845,
            3.8646795668169363
          ],
          [
            33.18714077610367,
            3.8740550589773948
          ],
          [
            33.20931496886697,
            3.8834705795843463
          ],
          [
            33.2314721353124,
            3.8929260979790854
          ],
          [
            33.25361220329207,
            3.902421583372669
          ],
          [
            33.27573510071374,
            3.911957004846006
          ],
          [
            33.297840755541095,
            3.9215323313499733
          ],
          [
            33.31992909579398,
            3.9311475317055047
          ],
          [
            33.34200004954859,
            3.9408025746036985
          ],
          [
            33.36405354493774,
            3.950497428605919
          ],
          [
            33.386089510151116,
            3.960232062143899
          ],
          [
            33.408107873435476,
            3.9700064435198428
          ],
          [
            33.43010856309486,
            3.9798205409065197
          ],
          [
            33.452091507490906,
            3.9896743223473856
          ],
          [
            33.474056635043006,
            3.9995677557566767
          ],
          [
            33.49600387422857,
            4.009500808919508
          ],
          [
            33.51793315358326,
            4.019473449491995
          ],
          [
            33.53984440170121,
            4.02948564500134
          ],
          [
            33.56173754723529,
            4.0395373628459526
          ],
          [
            33.58361251889729,
            4.049628570295548
          ],
          [
            33.60546924545818,
            4.059759234491253
          ],
          [
            33.62730765574836,
            4.069929322445726
          ],
          [
            33.649127678657855,
            4.080138801043244
          ],
          [
            33.67092924313656,
            4.090387637039823
          ],
          [
            33.69271227819449,
            4.100675797063327
          ],
          [
            33.71447671290197,
            4.1110032476135725
          ],
          [
            33.735975527300305,
            4.121258925965506
          ],
          [
            33.757450572208576,
            4.131564284046609
          ],
          [
            33.77890173282644,
            4.141919266766951
          ],
          [
            33.80032889448124,
            4.1523238187713165
          ],
          [
            33.82173194262858,
            4.162777884439509
          ],
          [
            33.84311076285299,
            4.173281407886652
          ],
          [
            33.86446524086851,
            4.183834332963461
          ],
          [
            33.885795262519316,
            4.19443660325658
          ],
          [
            33.907100713780316,
            4.205088162088856
          ],
          [
            33.928381480757764,
            4.215788952519655
          ],
          [
            33.94963744968987,
            4.226538917345161
          ],
          [
            33.970868506947404,
            4.237337999098687
          ],
          [
            33.99207453903433,
            4.248186140050973
          ],
          [
            34.01325543258836,
            4.259083282210506
          ],
          [
            34.03441107438161,
            4.270029367323824
          ],
          [
            34.055541351321175,
            4.281024336875824
          ],
          [
            34.076646150449754,
            4.292068132090082
          ],
          [
            34.09772535894624,
            4.303160693929164
          ],
          [
            34.11877886412633,
            4.3143019630949375
          ],
          [
            34.139806553443115,
            4.325491880028901
          ],
          [
            34.1608083144877,
            4.3367303849124825
          ],
          [
            34.181784034989796,
            4.348017417667381
          ],
          [
            34.20273360281832,
            4.3593529179558725
          ],
          [
            34.22365690598199,
            4.370736825181138
          ],
          [
            34.244553832629926,
            4.382169078487584
          ],
          [
            34.265424271052275,
            4.393649616761176
          ],
          [
            34.28626810968075,
            4.405178378629756
          ],
          [
            34.30708523708927,
            4.416755302463378
          ],
          [
            34.327875541994565,
            4.428380326374629
          ],
          [
            34.34863891325673,
            4.440053388218967
          ],
          [
            34.369375239879844,
            4.451774425595054
          ],
          [
            34.390084411012566,
            4.463543375845081
          ],
          [
            34.410766315948734,
            4.475360176055114
          ],
          [
            34.431420844127906,
            4.487224763055417
          ],
          [
            34.45204788513603,
            4.499137073420809
          ],
          [
            34.472647328705975,
            4.511097043470981
          ],
          [
            34.49321906471813,
            4.523104609270851
          ],
          [
            34.51376298320103,
            4.535159706630902
          ],
          [
            34.53427897433189,
            4.547262271107526
          ],
          [
            34.554766928437225,
            4.559412238003365
          ],
          [
            34.57522673599343,
            4.571609542367659
          ],
          [
            34.59565828762737,
            4.5838541189965945
          ],
          [
            34.616061474116954,
            4.596145902433656
          ],
          [
            34.63643618639171,
            4.6084848269699625
          ],
          [
            34.65678231553343,
            4.620870826644639
          ],
          [
            34.67709975277664,
            4.633303835245149
          ],
          [
            34.69738838950929,
            4.645783786307664
          ],
          [
            34.71764811727328,
            4.6583106131174095
          ],
          [
            34.737878827765044,
            4.670884248709024
          ],
          [
            34.75808041283614,
            4.683504625866923
          ],
          [
            34.778252764493814,
            4.696171677125644
          ],
          [
            34.798395774901614,
            4.708885334770226
          ],
          [
            34.818509336379904,
            4.721645530836554
          ],
          [
            34.8385933414065,
            4.734452197111734
          ],
          [
            34.85864768261722,
            4.747305265134454
          ],
          [
            34.87867225280642,
            4.760204666195346
          ],
          [
            34.898666944927655,
            4.773150331337359
          ],
          [
            34.91863165209418,
            4.786142191356125
          ],
          [
            34.93856626757953,
            4.799180176800333
          ],
          [
            34.958470684818124,
            4.81226421797209
          ],
          [
            34.978344797405796,
            4.825394244927304
          ],
          [
            34.998188499100394,
            4.8385701874760585
          ],
          [
            35.018001683822334,
            4.851791975182976
          ],
          [
            35.037784245655146,
            4.865059537367603
          ],
          [
            35.0575360788461,
            4.878372803104794
          ],
          [
            35.0772570778067,
            4.8917317012250745
          ],
          [
            35.09694713711331,
            4.905136160315036
          ],
          [
            35.11660615150767,
            4.918586108717708
          ],
          [
            35.136234015897486,
            4.932081474532951
          ],
          [
            35.155830625356984,
            4.945622185617831
          ],
          [
            35.17539587512747,
            4.959208169587009
          ],
          [
            35.194929660617895,
            4.972839353813127
          ],
          [
            35.2144318774054,
            4.986515665427204
          ],
          [
            35.23390242123589,
            5.000237031319014
          ],
          [
            35.25334118802461,
            5.014003378137478
          ],
          [
            35.27274807385663,
            5.02781463229107
          ],
          [
            35.292122974987485,
            5.041670719948194
          ],
          [
            35.31146578784367,
            5.055571567037582
          ],
          [
            35.330776409023244,
            5.0695170992487
          ],
          [
            35.350054735296325,
            5.083507242032135
          ],
          [
            35.369300663605685,
            5.097541920599996
          ],
          [
            35.38851409106729,
            5.111621059926313
          ],
          [
            35.40769491497084,
            5.125744584747448
          ],
          [
            35.42684303278034,
            5.139912419562479
          ],
          [
            35.4459583421346,
            5.154124488633615
          ],
          [
            35.465040740847876,
            5.168380715986606
          ],
          [
            35.48409012691029,
            5.182681025411138
          ],
          [
            35.50310639848848,
            5.197025340461245
          ],
          [
            35.52208945392609,
            5.211413584455718
          ],
          [
            35.54103919174436,
            5.225845680478517
          ],
          [
            35.559955510642595,
            5.240321551379174
          ],
          [
            35.57883830949877,
            5.254841119773217
          ],
          [
            35.59768748737006,
            5.269404308042576
          ],
          [
            35.61650294349335,
            5.284011038335997
          ],
          [
            35.6352845772858,
            5.298661232569466
          ],
          [
            35.65403228834539,
            5.313354812426619
          ],
          [
            35.67274597645142,
            5.328091699359161
          ],
          [
            35.691425541565074,
            5.342871814587293
          ],
          [
            35.71007088382997,
            5.35769507910012
          ],
          [
            35.72868190357264,
            5.37256141365609
          ],
          [
            35.74725850130313,
            5.387470738783402
          ],
          [
            35.76580057771547,
            5.4024229747804435
          ],
          [
            35.78430803368824,
            5.4174180417162106
          ],
          [
            35.8027807702851,
            5.43245585943073
          ],
          [
            35.821218688755316,
            5.4475363475354985
          ],
          [
            35.83962169053426,
            5.462659425413905
          ],
          [
            35.85798967724398,
            5.477825012221668
          ],
          [
            35.8763225506937,
            5.4930330268872565
          ],
          [
            35.89462021288035,
            5.508283388112336
          ],
          [
            35.912882565989094,
            5.523576014372196
          ],
          [
            35.93110951239385,
            5.538910823916187
          ],
          [
            35.94930095465781,
            5.554287734768159
          ],
          [
            35.96745679553395,
            5.569706664726895
          ],
          [
            35.985576937965575,
            5.585167531366561
          ],
          [
            36.00366128508684,
            5.600670252037136
          ],
          [
            36.02170974022324,
            5.6162147438648535
          ],
          [
            36.0397222068921,
            5.631800923752657
          ],
          [
            36.057698588803206,
            5.6474287083806285
          ],
          [
            36.07563878985919,
            5.663098014206444
          ],
          [
            36.09354271415613,
            5.67880875746582
          ],
          [
            36.11141026598399,
            5.694560854172952
          ],
          [
            36.12924134982721,
            5.710354220120978
          ],
          [
            36.147035870365166,
            5.7261887708824135
          ],
          [
            36.16479373247269,
            5.742064421809615
          ],
          [
            36.18251484122059,
            5.757981088035225
          ],
          [
            36.20019910187613,
            5.77393868447263
          ],
          [
            36.217603580434826,
            5.789731689370367
          ],
          [
            36.23495680259276,
            5.805580997189244
          ],
          [
            36.25225858621268,
            5.821486441576916
          ],
          [
            36.26950874969726,
            5.837447855591833
          ],
          [
            36.28670711199093,
            5.853465071705
          ],
          [
            36.30385349258184,
            5.869537921801726
          ],
          [
            36.32094771150373,
            5.885666237183393
          ],
          [
            36.33798958933782,
            5.901849848569228
          ],
          [
            36.354978947214725,
            5.918088586098077
          ],
          [
            36.371915606816245,
            5.934382279330189
          ],
          [
            36.38879939037735,
            5.950730757249005
          ],
          [
            36.40563012068795,
            5.967133848262952
          ],
          [
            36.42240762109483,
            5.983591380207246
          ],
          [
            36.43913171550343,
            6.0001031803457
          ],
          [
            36.45580222837977,
            6.016669075372527
          ],
          [
            36.47241898475223,
            6.033288891414177
          ],
          [
            36.48898181021343,
            6.049962454031144
          ],
          [
            36.505490530922025,
            6.066689588219809
          ],
          [
            36.52194497360456,
            6.083470118414271
          ],
          [
            36.53834496555727,
            6.10030386848819
          ],
          [
            36.554690334647894,
            6.11719066175664
          ],
          [
            36.57098090931749,
            6.134130320977958
          ],
          [
            36.58721651858224,
            6.151122668355605
          ],
          [
            36.603396992035215,
            6.1681675255400386
          ],
          [
            36.619522159848195,
            6.185264713630574
          ],
          [
            36.63559185277346,
            6.202414053177275
          ],
          [
            36.65160590214551,
            6.219615364182823
          ],
          [
            36.6675641398829,
            6.236868466104418
          ],
          [
            36.683466398489976,
            6.254173177855666
          ],
          [
            36.69931251105862,
            6.271529317808487
          ],
          [
            36.71510231127003,
            6.288936703795015
          ],
          [
            36.73083563339643,
            6.306395153109508
          ],
          [
            36.74651231230287,
            6.323904482510277
          ],
          [
            36.76213218344888,
            6.341464508221597
          ],
          [
            36.77769508289025,
            6.35907504593564
          ],
          [
            36.79320084728075,
            6.376735910814418
          ],
          [
            36.80864931387382,
            6.394446917491704
          ],
          [
            36.8240403205243,
            6.412207880074997
          ],
          [
            36.83937370569009,
            6.4300186121474665
          ],
          [
            36.85464930843394,
            6.447878926769899
          ],
          [
            36.86986696842502,
            6.465788636482675
          ],
          [
            36.885026525940695,
            6.483747553307733
          ],
          [
            36.90012782186813,
            6.501755488750531
          ],
          [
            36.91517069770603,
            6.519812253802044
          ],
          [
            36.93015499556627,
            6.53791765894073
          ],
          [
            36.94508055817552,
            6.556071514134527
          ],
          [
            36.959947228876956,
            6.574273628842853
          ],
          [
            36.97475485163187,
            6.5925238120185945
          ],
          [
            36.98950327102133,
            6.610821872110122
          ],
          [
            37.00419233224774,
            6.62916761706329
          ],
          [
            37.01882188113658,
            6.647560854323466
          ],
          [
            37.03339176413794,
            6.666001390837538
          ],
          [
            37.04790182832815,
            6.684489033055948
          ],
          [
            37.062351921411405,
            6.703023586934727
          ],
          [
            37.07674189172133,
            6.721604857937523
          ],
          [
            37.09107158822263,
            6.740232651037646
          ],
          [
            37.105340860512584,
            6.758906770720119
          ],
          [
            37.119549558822705,
            6.777627020983726
          ],
          [
            37.13369753402027,
            6.79639320534307
          ],
          [
            37.14778463760994,
            6.8152051268306355
          ],
          [
            37.16181072173521,
            6.8340625879988535
          ],
          [
            37.175775639180074,
            6.852965390922181
          ],
          [
            37.18967924337051,
            6.87191333719917
          ],
          [
            37.20352138837604,
            6.890906227954556
          ],
          [
            37.21730192891124,
            6.909943863841342
          ],
          [
            37.23102072033729,
            6.929026045042888
          ],
          [
            37.244677618663474,
            6.948152571275017
          ],
          [
            37.258272480548705,
            6.967323241788111
          ],
          [
            37.271805163303014,
            6.9865378553692175
          ],
          [
            37.28527552488907,
            7.005796210344165
          ],
          [
            37.29868342392364,
            7.025098104579677
          ],
          [
            37.312028719679105,
            7.044443335485493
          ],
          [
            37.32531127208491,
            7.0638317000164985
          ],
          [
            37.338530941729054,
            7.083262994674854
          ],
          [
            37.35168758985954,
            7.102737015512128
          ],
          [
            37.36478107838585,
            7.122253558131441
          ],
          [
            37.37781126988037,
            7.141812417689615
          ],
          [
            37.390778027579834,
            7.161413388899312
          ],
          [
            37.4036812153868,
            7.1810562660312
          ],
          [
            37.416520697871,
            7.2007408429161055
          ],
          [
            37.429296340270874,
            7.22046691294718
          ],
          [
            37.442008008494845,
            7.240234269082069
          ],
          [
            37.45465556912287,
            7.260042703845083
          ],
          [
            37.46723888940773,
            7.2798920093293775
          ],
          [
            37.47975783727646,
            7.299781977199133
          ],
          [
            37.49221228133178,
            7.3197123986917445
          ],
          [
            37.50460209085339,
            7.339683064620008
          ],
          [
            37.51692713579941,
            7.359693765374321
          ],
          [
            37.52918728680771,
            7.379744290924881
          ],
          [
            37.5413824151973,
            7.399834430823888
          ],
          [
            37.55351239296962,
            7.419963974207755
          ],
          [
            37.56557709280997,
            7.440132709799321
          ],
          [
            37.57757638808875,
            7.460340425910069
          ],
          [
            37.58951015286288,
            7.480586910442348
          ],
          [
            37.59884662324322,
            7.4967362143451055
          ],
          [
            37.607962602526385,
            7.51301099905691
          ],
          [
            37.61685640458724,
            7.529408254333601
          ],
          [
            37.62552638439538,
            7.545924947278412
          ],
          [
            37.63397093831938,
            7.562558022902939
          ],
          [
            37.64218850442343,
            7.579304404692215
          ],
          [
            37.65017756275621,
            7.596160995173744
          ],
          [
            37.65793663563206,
            7.613124676490425
          ],
          [
            37.665464287904264,
            7.6301923109772405
          ],
          [
            37.67275912723049,
            7.647360741741614
          ],
          [
            37.6798198043304,
            7.664626793247314
          ],
          [
            37.68664501323512,
            7.681987271901821
          ],
          [
            37.69323349152886,
            7.699438966647019
          ],
          [
            37.69958402058239,
            7.7169786495531305
          ],
          [
            37.70569542577845,
            7.73460307641576
          ],
          [
            37.71156657672902,
            7.75230898735596
          ],
          [
            37.71719638748437,
            7.770093107423187
          ],
          [
            37.722583816733966,
            7.787952147201049
          ],
          [
            37.72772786799903,
            7.80588280341573
          ],
          [
            37.73262758981687,
            7.82388175954697
          ],
          [
            37.73728207591691,
            7.841945686441508
          ],
          [
            37.741690465388224,
            7.860071242928851
          ],
          [
            37.74585194283886,
            7.878255076439267
          ],
          [
            37.7497657385466,
            7.896493823623892
          ],
          [
            37.75343112860138,
            7.9147841109768295
          ],
          [
            37.75684743503912,
            7.93312255545912
          ],
          [
            37.76001402596722,
            7.951505765124484
          ],
          [
            37.76293031568134,
            7.96993033974671
          ],
          [
            37.765595764773785,
            7.98839287144857
          ],
          [
            37.768009880233265,
            8.006889945332158
          ],
          [
            37.77017221553609,
            8.025418140110517
          ],
          [
            37.77208237072876,
            8.043974028740454
          ],
          [
            37.77373999250192,
            8.062554179056416
          ],
          [
            37.775144774255736,
            8.081155154405327
          ],
          [
            37.776296456156615,
            8.09977351428223
          ],
          [
            37.777194825185205,
            8.118405814966662
          ],
          [
            37.77783971517587,
            8.137048610159619
          ],
          [
            37.778231006847385,
            8.155698451620996
          ],
          [
            37.778368627824996,
            8.174351889807378
          ],
          [
            37.77825255265382,
            8.19300547451009
          ],
          [
            37.77788280280355,
            8.211655755493359
          ],
          [
            37.77725944666447,
            8.230299283132474
          ],
          [
            37.77638259953485,
            8.248932609051858
          ],
          [
            37.775252423599554,
            8.267552286762868
          ],
          [
            37.773869127900085,
            8.286154872301294
          ],
          [
            37.772232968295924,
            8.304736924864354
          ],
          [
            37.77034424741717,
            8.323295007447122
          ],
          [
            37.768203314608606,
            8.341825687478245
          ],
          [
            37.76581056586505,
            8.360325537454848
          ],
          [
            37.76316644375814,
            8.378791135576499
          ],
          [
            37.760271437354426,
            8.397219066378117
          ],
          [
            37.75712608212497,
            8.415605921361696
          ],
          [
            37.75373095984627,
            8.433948299626778
          ],
          [
            37.750086698492666,
            8.452242808499477
          ],
          [
            37.74619397212015,
            8.470486064160005
          ],
          [
            37.742053500741754,
            8.488674692268559
          ],
          [
            37.73766605019431,
            8.506805328589449
          ],
          [
            37.73303243199686,
            8.52487461961336
          ],
          [
            37.72815350320048,
            8.54287922317763
          ],
          [
            37.72303016622984,
            8.56081580908443
          ],
          [
            37.71766336871622,
            8.578681059716716
          ],
          [
            37.71205410332227,
            8.596471670651894
          ],
          [
            37.70620340755839,
            8.614184351272996
          ],
          [
            37.70011236359083,
            8.631815825377332
          ],
          [
            37.69378209804154,
            8.649362831782476
          ],
          [
            37.68721378177976,
            8.666822124929444
          ],
          [
            37.68040862970546,
            8.684190475483035
          ],
          [
            37.673367900524674,
            8.701464670929116
          ],
          [
            37.666092896516595,
            8.718641516168832
          ],
          [
            37.6585849632928,
            8.735717834109584
          ],
          [
            37.650845489548274,
            8.752690466252668
          ],
          [
            37.64287590680461,
            8.76955627327749
          ],
          [
            37.63467768914521,
            8.786312135622222
          ],
          [
            37.626252352942615,
            8.802954954060814
          ],
          [
            37.617601456578065,
            8.819481650276224
          ],
          [
            37.60872660015323,
            8.835889167429814
          ],
          [
            37.59962942519429,
            8.85217447072674
          ],
          [
            37.59031161434822,
            8.868334547977284
          ],
          [
            37.58077489107166,
            8.884366410153998
          ],
          [
            37.57102101931212,
            8.900267091944567
          ],
          [
            37.56105180318164,
            8.916033652300285
          ],
          [
            37.55086908662321,
            8.931663174980045
          ],
          [
            37.540474753069574,
            8.94715276908972
          ],
          [
            37.529870725095,
            8.962499569616902
          ],
          [
            37.51905896405958,
            8.977700737960804
          ],
          [
            37.50804146974648,
            8.992753462457301
          ],
          [
            37.49682027999206,
            9.007654958898996
          ],
          [
            37.485397470308925,
            9.022402471050185
          ],
          [
            37.47377515350205,
            9.036993271156668
          ],
          [
            37.46195547927799,
            9.051424660450284
          ],
          [
            37.44994063384726,
            9.06569396964808
          ],
          [
            37.43773283951995,
            9.079798559446036
          ],
          [
            37.425334354294684,
            9.093735821007243
          ],
          [
            37.41274747144098,
            9.107503176444432
          ],
          [
            37.399974519075094,
            9.121098079296804
          ],
          [
            37.38701785972937,
            9.134518015001023
          ],
          [
            37.37387988991526,
            9.147760501356318
          ],
          [
            37.360563039680095,
            9.160823088983612
          ],
          [
            37.34706977215755,
            9.17370336177855
          ],
          [
            37.333402583112154,
            9.186398937358408
          ],
          [
            37.31956400047754,
            9.198907467502735
          ],
          [
            37.30555658388895,
            9.211226638587695
          ],
          [
            37.291382924209806,
            9.223354172014002
          ],
          [
            37.27704564305241,
            9.235287824628376
          ],
          [
            37.26254739229314,
            9.247025389138448
          ],
          [
            37.2478908535819,
            9.258564694521027
          ],
          [
            37.23307873784609,
            9.269903606423659
          ],
          [
            37.218113784789246,
            9.281040027559412
          ],
          [
            37.20299876238422,
            9.291971898094786
          ],
          [
            37.187736466361265,
            9.302697196030719
          ],
          [
            37.172329719690914,
            9.313213937576572
          ],
          [
            37.156781372061815,
            9.323520177517073
          ],
          [
            37.14109429935363,
            9.333614009572099
          ],
          [
            37.125271403105174,
            9.343493566749268
          ],
          [
            37.10931560997762,
            9.353157021689276
          ],
          [
            37.093229871213296,
            9.362602587003881
          ],
          [
            37.07701716208971,
            9.37182851560651
          ],
          [
            37.06068048136932,
            9.380833101035405
          ],
          [
            37.04422285074476,
            9.38961467776926
          ],
          [
            37.02764731428009,
            9.398171621535278
          ],
          [
            37.0109569378476,
            9.406502349609603
          ],
          [
            36.983035947716125,
            9.420439541751803
          ],
          [
            36.95530781139557,
            9.43475657604383
          ],
          [
            36.92777769602376,
            9.449450784506542
          ],
          [
            36.90045073183734,
            9.464519428874388
          ],
          [
            36.873332011215716,
            9.479959701105688
          ],
          [
            36.846426587732104,
            9.49576872390592
          ],
          [
            36.81973947521182,
            9.511943551263897
          ],
          [
            36.79327564679792,
            9.528481169000756
          ],
          [
            36.76704003402449,
            9.545378495331654
          ],
          [
            36.741037525897596,
            9.562632381440054
          ],
          [
            36.71527296798429,
            9.580239612064512
          ],
          [
            36.689751161509605,
            9.598196906097831
          ],
          [
            36.66447686246183,
            9.616500917198518
          ],
          [
            36.639454780706245,
            9.635148234414341
          ],
          [
            36.61468957910746,
            9.65413538281799
          ],
          [
            36.59018587266046,
            9.673458824154611
          ],
          [
            36.565948227630614,
            9.693114957501173
          ],
          [
            36.54198116070275,
            9.713100119937485
          ],
          [
            36.518289138139465,
            9.733410587228798
          ],
          [
            36.494876574948854,
            9.754042574519802
          ],
          [
            36.47174783406175,
            9.774992237039942
          ],
          [
            36.44890722551871,
            9.796255670819887
          ],
          [
            36.426359005666825,
            9.817828913419039
          ],
          [
            36.40410737636657,
            9.839707944663921
          ],
          [
            36.382156484208764,
            9.86188868739736
          ],
          [
            36.36051041974187,
            9.884367008238243
          ],
          [
            36.33917321670971,
            9.907138718351778
          ],
          [
            36.31814885129978,
            9.930199574230095
          ],
          [
            36.297441241402296,
            9.953545278483006
          ],
          [
            36.277054245880095,
            9.977171480638836
          ],
          [
            36.25699166384951,
            10.00107377795513
          ],
          [
            36.23725723397243,
            10.025247716239104
          ],
          [
            36.21785463375961,
            10.049688790677678
          ],
          [
            36.19878747888533,
            10.074392446676962
          ],
          [
            36.18005932251365,
            10.099354080710985
          ],
          [
            36.16167365463626,
            10.124569041179583
          ],
          [
            36.14363390142213,
            10.15003262927521
          ],
          [
            36.12594342457901,
            10.175740099858562
          ],
          [
            36.10860552072705,
            10.201686662342842
          ],
          [
            36.09162342078438,
            10.227867481586475
          ],
          [
            36.07500028936511,
            10.254277678794148
          ],
          [
            36.05873922418955,
            10.280912332425965
          ],
          [
            36.04284325550698,
            10.307766479114573
          ],
          [
            36.02731534553095,
            10.334835114590101
          ],
          [
            36.01215838788728,
            10.362113194612688
          ],
          [
            35.997375207074825,
            10.389595635912485
          ],
          [
            35.98296855793913,
            10.417277317136927
          ],
          [
            35.96894112515906,
            10.445153079805083
          ],
          [
            35.95529552274655,
            10.473217729268956
          ],
          [
            35.9420342935594,
            10.501466035681492
          ],
          [
            35.92915990882751,
            10.529892734971169
          ],
          [
            35.916674767692285,
            10.558492529822956
          ],
          [
            35.90458119675963,
            10.587260090665463
          ],
          [
            35.89288144966631,
            10.616190056664113
          ],
          [
            35.881577706660046,
            10.645277036720127
          ],
          [
            35.8706720741932,
            10.674515610475162
          ],
          [
            35.860166584530226,
            10.703900329321387
          ],
          [
            35.85006319536899,
            10.733425717416843
          ],
          [
            35.84036378947592,
            10.763086272705849
          ],
          [
            35.831070174335196,
            10.792876467944327
          ],
          [
            35.82218408181185,
            10.822790751729787
          ],
          [
            35.81370716782911,
            10.85282354953585
          ],
          [
            35.805641012059795,
            10.882969264751045
          ],
          [
            35.797987117631905,
            10.913222279721746
          ],
          [
            35.79074691084859,
            10.943576956799015
          ],
          [
            35.78392174092227,
            10.974027639389188
          ],
          [
            35.77751287972327,
            11.004568653007968
          ],
          [
            35.77152152154278,
            11.03519430633788
          ],
          [
            35.765948782870346,
            11.06589889228883
          ],
          [
            35.760795702185725,
            11.096676689061638
          ],
          [
            35.75606323976544,
            11.127521961214292
          ],
          [
            35.75175227750378,
            11.158428960730731
          ],
          [
            35.74786361874854,
            11.189391928092013
          ],
          [
            35.74439798815119,
            11.220405093349584
          ],
          [
            35.74135603153198,
            11.25146267720051
          ],
          [
            35.73873831575946,
            11.282558892064461
          ],
          [
            35.736545328644944,
            11.313687943162208
          ],
          [
            35.73477747885154,
            11.344844029595498
          ],
          [
            35.73343509581804,
            11.376021345428036
          ],
          [
            35.73251842969751,
            11.40721408076744
          ],
          [
            35.73202765131065,
            11.438416422847896
          ],
          [
            35.73196285211402,
            11.469622557113366
          ],
          [
            35.73232404418296,
            11.500826668301157
          ],
          [
            35.73311116020931,
            11.53202294152556
          ],
          [
            35.73432405351402,
            11.563205563361478
          ],
          [
            35.73596249807445,
            11.594368722927753
          ],
          [
            35.73802618856645,
            11.625506612970012
          ],
          [
            35.740514740421354,
            11.656613430942862
          ],
          [
            35.74342768989754,
            11.687683380091192
          ],
          [
            35.74676449416692,
            11.718710670530392
          ],
          [
            35.750524531416055,
            11.749689520325305
          ],
          [
            35.75470710096205,
            11.780614156567681
          ],
          [
            35.75931142338314,
            11.811478816451979
          ],
          [
            35.7643366406639,
            11.842277748349233
          ],
          [
            35.769781816355156,
            11.873005212878901
          ],
          [
            35.775645935748486,
            11.903655483978378
          ],
          [
            35.78192790606533,
            11.934222849970052
          ],
          [
            35.78862655666058,
            11.96470161462568
          ],
          [
            35.79574063924082,
            11.995086098227878
          ],
          [
            35.80326882809683,
            12.025370638628532
          ],
          [
            35.81120972035073,
            12.05554959230394
          ],
          [
            35.81956183621735,
            12.085617335406496
          ],
          [
            35.82832361928001,
            12.115568264812667
          ],
          [
            35.837493436780555,
            12.14539679916716
          ],
          [
            35.84706957992362,
            12.175097379923
          ],
          [
            35.85705026419505,
            12.20466447237736
          ],
          [
            35.867433629694474,
            12.234092566702953
          ],
          [
            35.87821774148186,
            12.263376178974797
          ],
          [
            35.889400589938134,
            12.292509852192138
          ],
          [
            35.90098009113962,
            12.321488157295358
          ],
          [
            35.91295408724643,
            12.35030569417769
          ],
          [
            35.925320346904556,
            12.378957092691525
          ],
          [
            35.93807656566167,
            12.407437013649128
          ],
          [
            35.951220366396576,
            12.43574014981761
          ],
          [
            35.96474929976218,
            12.463861226907927
          ],
          [
            35.978660844641944,
            12.491795004557735
          ],
          [
            35.99295240861965,
            12.519536277307948
          ],
          [
            36.007621328462555,
            12.547079875572756
          ],
          [
            36.02266487061763,
            12.574420666602993
          ],
          [
            36.038080231721004,
            12.601553555442614
          ],
          [
            36.05386453912033,
            12.628473485878144
          ],
          [
            36.07001485141016,
            12.655175441380916
          ],
          [
            36.08652815897999,
            12.681654446041867
          ],
          [
            36.103401384575186,
            12.707905565498839
          ],
          [
            36.120631383870375,
            12.733923907856074
          ],
          [
            36.138214946055434,
            12.759704624595814
          ],
          [
            36.156148794433776,
            12.785242911481847
          ],
          [
            36.174429587032996,
            12.81053400945475
          ],
          [
            36.19305391722763,
            12.835573205518754
          ],
          [
            36.21201831437401,
            12.860355833620009
          ],
          [
            36.23131924445698,
            12.884877275516097
          ],
          [
            36.250953110748455,
            12.909132961636649
          ],
          [
            36.27091625447774,
            12.93311837193488
          ],
          [
            36.291204955513265,
            12.956829036729905
          ],
          [
            36.31181543305584,
            12.980260537539655
          ],
          [
            36.33274384634328,
            13.003408507904265
          ],
          [
            36.35398629536603,
            13.02626863419977
          ],
          [
            36.375538821594006,
            13.048836656441939
          ],
          [
            36.397397408714234,
            13.071108369080127
          ],
          [
            36.41955798337929,
            13.093079621780985
          ],
          [
            36.442016415966386,
            13.114746320201867
          ],
          [
            36.46476852134691,
            13.136104426753809
          ],
          [
            36.48781005966633,
            13.15714996135394
          ],
          [
            36.51113673713429,
            13.177879002167172
          ],
          [
            36.53474420682475,
            13.198287686337023
          ],
          [
            36.55862806948605,
            13.218372210705471
          ],
          [
            36.58278387436069,
            13.238128832521673
          ],
          [
            36.607207120014785,
            13.257553870139414
          ],
          [
            36.631893255176806,
            13.276643703703193
          ],
          [
            36.65683767958581,
            13.295394775822782
          ],
          [
            36.68203574484864,
            13.313803592236143
          ],
          [
            36.70748275530617,
            13.331866722460582
          ],
          [
            36.73317396890834,
            13.349580800432024
          ],
          [
            36.759104598097835,
            13.366942525132275
          ],
          [
            36.78526981070226,
            13.38394866120417
          ],
          [
            36.81166473083459,
            13.400596039554483
          ],
          [
            36.838284439801825,
            13.416881557944471
          ],
          [
            36.86512397702153,
            13.43280218156801
          ],
          [
            36.89217834094632,
            13.448354943617096
          ],
          [
            36.919442489995845,
            13.46353694583473
          ],
          [
            36.946911343496275,
            13.478345359055
          ],
          [
            36.974579782627146,
            13.492777423730303
          ],
          [
            37.00244265137518,
            13.506830450445577
          ],
          [
            37.03049475749517,
            13.520501820419485
          ],
          [
            37.058730873477515,
            13.533788985992413
          ],
          [
            37.08714573752237,
            13.546689471101233
          ],
          [
            37.1157340545202,
            13.55920087174072
          ],
          [
            37.14449049703853,
            13.57132085641153
          ],
          [
            37.17340970631467,
            13.583047166554683
          ],
          [
            37.20248629325437,
            13.59437761697244
          ],
          [
            37.23171483943602,
            13.605310096235517
          ],
          [
            37.261089898120446,
            13.61584256707655
          ],
          [
            37.29060599526584,
            13.625973066769738
          ],
          [
            37.32025763054792,
            13.6356997074966
          ],
          [
            37.35003927838483,
            13.645020676697767
          ],
          [
            37.379945388966895,
            13.653934237410748
          ],
          [
            37.409970389290805,
            13.66243872859363
          ],
          [
            37.44010868419815,
            13.67053256543459
          ],
          [
            37.4703546574181,
            13.678214239647243
          ],
          [
            37.50070267261391,
            13.685482319751701
          ],
          [
            37.53114707443339,
            13.692335451341336
          ],
          [
            37.56168218956265,
            13.698772357335166
          ],
          [
            37.5923023277834,
            13.704791838215844
          ],
          [
            37.62300178303329,
            13.71039277225319
          ],
          [
            37.65377483446924,
            13.71557411571322
          ],
          [
            37.684615747533535,
            13.720334903052654
          ],
          [
            37.71551877502243,
            13.724674247098829
          ],
          [
            37.74647815815717,
            13.728591339215042
          ],
          [
            37.77748812765712,
            13.73208544945123
          ],
          [
            37.808542904814885,
            13.73515592668
          ],
          [
            37.83963670257315,
            13.737802198717954
          ],
          [
            37.870763726603116,
            13.74002377243234
          ],
          [
            37.90191817638427,
            13.741820233832922
          ],
          [
            37.93309424628533,
            13.743191248149145
          ],
          [
            37.964286126646066,
            13.744136559892508
          ],
          [
            37.99548800485999,
            13.74465599290418
          ],
          [
            38.02669406645753,
            13.744749450387827
          ],
          [
            38.057898496189516,
            13.74441691492765
          ],
          [
            38.08909547911089,
            13.743658448491622
          ],
          [
            38.12027920166428,
            13.742474192419959
          ],
          [
            38.15144385276343,
            13.74086436739876
          ],
          [
            38.18258362487602,
            13.738829273418897
          ],
          [
            38.21369271510592,
            13.736369289720107
          ],
          [
            38.24476532627459,
            13.733484874720322
          ],
          [
            38.275795668001365,
            13.730176565930234
          ],
          [
            38.306777957782465,
            13.726444979853145
          ],
          [
            38.33770642206859,
            13.722290811870069
          ],
          [
            38.368575297340875,
            13.71771483611015
          ],
          [
            38.399378831184784,
            13.71271790530642
          ],
          [
            38.43011128336223,
            13.707300950636858
          ],
          [
            38.460766926881135,
            13.701464981550899
          ],
          [
            38.49134004906276,
            13.695211085581303
          ],
          [
            38.521824952606174,
            13.688540428141499
          ],
          [
            38.552215956650016,
            13.681454252308415
          ],
          [
            38.5825073978311,
            13.673953878590817
          ],
          [
            38.61269363133976,
            13.666040704683253
          ],
          [
            38.64276903197178,
            13.657716205205572
          ],
          [
            38.67272799517666,
            13.648981931428143
          ],
          [
            38.70256493810201,
            13.639839510982764
          ],
          [
            38.73227430063391,
            13.630290647559363
          ],
          [
            38.76185054643305,
            13.620337120588513
          ],
          [
            38.79128816396642,
            13.609980784909833
          ],
          [
            38.82058166753439,
            13.599223570426336
          ],
          [
            38.84972559829296,
            13.588067481744798
          ],
          [
            38.87871452527102,
            13.576514597802197
          ],
          [
            38.90754304638242,
            13.564567071478297
          ],
          [
            38.936205789432634,
            13.552227129194472
          ],
          [
            38.96469741311987,
            13.539497070498804
          ],
          [
            38.993012608030455,
            13.526379267637555
          ],
          [
            39.021146097628176,
            13.512876165113116
          ],
          [
            39.04909263923763,
            13.498990279228464
          ],
          [
            39.076847025021166,
            13.484724197618243
          ],
          [
            39.10440408294935,
            13.470080578766574
          ],
          [
            39.13175867776482,
            13.455062151511632
          ],
          [
            39.1589057119392,
            13.439671714537136
          ],
          [
            39.18584012662302,
            13.423912135850813
          ],
          [
            39.212556902588474,
            13.407786352249937
          ],
          [
            39.23905106116472,
            13.391297368774067
          ],
          [
            39.265317665165654,
            13.374448258145053
          ],
          [
            39.291351819809975,
            13.357242160194438
          ],
          [
            39.31714867363331,
            13.339682281278343
          ],
          [
            39.3427034193923,
            13.321771893679971
          ],
          [
            39.36801129496041,
            13.303514334999807
          ],
          [
            39.39306758421537,
            13.284913007533673
          ],
          [
            39.41786761791801,
            13.265971377638689
          ],
          [
            39.44240677458239,
            13.246692975087333
          ],
          [
            39.466680481336965,
            13.227081392409666
          ],
          [
            39.49068421477684,
            13.207140284223856
          ],
          [
            39.514413501806594,
            13.186873366555146
          ],
          [
            39.53786392047391,
            13.166284416143373
          ],
          [
            39.56103110079357,
            13.14537726973917
          ],
          [
            39.58391072556184,
            13.124155823388993
          ],
          [
            39.606498531160966,
            13.102624031709082
          ],
          [
            39.62708114206113,
            13.082569968728427
          ],
          [
            39.64749865216588,
            13.06234783742082
          ],
          [
            39.66774968915029,
            13.041958996979162
          ],
          [
            39.68783289187864,
            13.021404817801388
          ],
          [
            39.707746910495835,
            13.000686681398381
          ],
          [
            39.727490406518214,
            12.979805980301098
          ],
          [
            39.74706205292344,
            12.958764117966973
          ],
          [
            39.76646053423977,
            12.937562508685605
          ],
          [
            39.78568454663439,
            12.916202577483677
          ],
          [
            39.80473279800111,
            12.894685760029185
          ],
          [
            39.82360400804719,
            12.873013502534953
          ],
          [
            39.84229690837939,
            12.851187261661403
          ],
          [
            39.86081024258921,
            12.829208504418672
          ],
          [
            39.87914276633739,
            12.807078708068
          ],
          [
            39.89729324743747,
            12.784799360022435
          ],
          [
            39.915260465938665,
            12.762371957746872
          ],
          [
            39.93304321420784,
            12.739798008657386
          ],
          [
            39.95064029701069,
            12.717079030019931
          ],
          [
            39.96805053159207,
            12.694216548848344
          ],
          [
            39.985272747755474,
            12.671212101801725
          ],
          [
            40.002305787941715,
            12.648067235081143
          ],
          [
            40.01914850730672,
            12.624783504325714
          ],
          [
            40.035799773798466,
            12.60136247450804
          ],
          [
            40.05225846823309,
            12.577805719829025
          ],
          [
            40.0685234843701,
            12.554114823612068
          ],
          [
            40.08459372898671,
            12.53029137819664
          ],
          [
            40.10046812195137,
            12.506336984831265
          ],
          [
            40.11614559629631,
            12.482253253565876
          ],
          [
            40.131625098289284,
            12.458041803143626
          ],
          [
            40.146905587504406,
            12.433704260892068
          ],
          [
            40.16198603689203,
            12.409242262613782
          ],
          [
            40.17686543284784,
            12.384657452476429
          ],
          [
            40.19154277528096,
            12.359951482902238
          ],
          [
            40.20601707768113,
            12.33512601445695
          ],
          [
            40.22028736718508,
            12.310182715738193
          ],
          [
            40.23435268464187,
            12.285123263263342
          ],
          [
            40.248212084677384,
            12.25994934135683
          ],
          [
            40.26186463575786,
            12.234662642036936
          ],
          [
            40.2753094202525,
            12.209264864902067
          ],
          [
            40.288545534495135,
            12.183757717016515
          ],
          [
            40.30157208884502,
            12.158142912795729
          ],
          [
            40.314388207746546,
            12.132422173891072
          ],
          [
            40.32699302978815,
            12.106597229074113
          ],
          [
            40.33938570776021,
            12.080669814120423
          ],
          [
            40.35156540871192,
            12.05464167169292
          ],
          [
            40.36353131400738,
            12.028514551224722
          ],
          [
            40.37528261938056,
            12.002290208801584
          ],
          [
            40.38681853498934,
            11.975970407043842
          ],
          [
            40.398138285468626,
            11.949556914987959
          ],
          [
            40.40924110998249,
            11.923051507967614
          ],
          [
            40.42012626227523,
            11.896455967494383
          ],
          [
            40.430793010721644,
            11.869772081137993
          ],
          [
            40.44124063837606,
            11.843001642406172
          ],
          [
            40.451468443020666,
            11.816146450624109
          ],
          [
            40.461475737212616,
            11.789208310813507
          ],
          [
            40.47126184833026,
            11.762189033571271
          ],
          [
            40.48082611861837,
            11.735090434947805
          ],
          [
            40.49016790523231,
            11.70791433632495
          ],
          [
            40.499286580281314,
            11.68066256429357
          ],
          [
            40.50818153087061,
            11.653336950530772
          ],
          [
            40.51685215914266,
            11.625939331676797
          ],
          [
            40.52529788231732,
            11.598471549211578
          ],
          [
            40.53351813273105,
            11.570935449330962
          ],
          [
            40.54151235787502,
            11.543332882822625
          ],
          [
            40.54928002043227,
            11.515665704941672
          ],
          [
            40.55682059831384,
            11.487935775285944
          ],
          [
            40.564133584693806,
            11.46014495767102
          ],
          [
            40.571218488043435,
            11.432295120004953
          ],
          [
            40.57807483216412,
            11.404388134162726
          ],
          [
            40.584702156219464,
            11.376425875860416
          ],
          [
            40.59110001476623,
            11.348410224529148
          ],
          [
            40.59726797778428,
            11.320343063188751
          ],
          [
            40.603205630705425,
            11.292226278321213
          ],
          [
            40.60856783702776,
            11.266040317312827
          ],
          [
            40.61382319106425,
            11.239832702684113
          ],
          [
            40.618971605382626,
            11.213603870445862
          ],
          [
            40.62401299432975,
            11.187354256961855
          ],
          [
            40.628947274033074,
            11.16108429894161
          ],
          [
            40.633774362401965,
            11.134794433433113
          ],
          [
            40.63849417912914,
            11.108485097815544
          ],
          [
            40.64310664569195,
            11.082156729792004
          ],
          [
            40.64761168535372,
            11.055809767382234
          ],
          [
            40.65200922316503,
            11.029444648915325
          ],
          [
            40.656299185964926,
            11.003061813022429
          ],
          [
            40.660481502382154,
            10.976661698629453
          ],
          [
            40.66455610283637,
            10.95024474494977
          ],
          [
            40.66852291953927,
            10.923811391476903
          ],
          [
            40.67238188649572,
            10.897362077977212
          ],
          [
            40.67613293950488,
            10.87089724448258
          ],
          [
            40.67977601616121,
            10.844417331283099
          ],
          [
            40.68331105585562,
            10.817922778919735
          ],
          [
            40.68673799977633,
            10.791414028177003
          ],
          [
            40.690056790909985,
            10.764891520075636
          ],
          [
            40.69326737404253,
            10.73835569586524
          ],
          [
            40.696369695760126,
            10.711806997016964
          ],
          [
            40.69936370445009,
            10.685245865216146
          ],
          [
            40.702249350301706,
            10.658672742354971
          ],
          [
            40.70502658530706,
            10.632088070525116
          ],
          [
            40.70769536326185,
            10.605492292010396
          ],
          [
            40.71025563976615,
            10.578885849279407
          ],
          [
            40.71270737222518,
            10.552269184978158
          ],
          [
            40.715050519849946,
            10.52564274192272
          ],
          [
            40.71728504365798,
            10.499006963091844
          ],
          [
            40.71941090647396,
            10.472362291619602
          ],
          [
            40.72142807293032,
            10.445709170788014
          ],
          [
            40.7233365094679,
            10.419048044019663
          ],
          [
            40.72513618433641,
            10.392379354870332
          ],
          [
            40.72682706759501,
            10.365703547021612
          ],
          [
            40.72840913111284,
            10.339021064273535
          ],
          [
            40.72988234856942,
            10.31233235053717
          ],
          [
            40.73124669545513,
            10.285637849827259
          ],
          [
            40.73250214907159,
            10.258938006254816
          ],
          [
            40.7336486885321,
            10.232233264019747
          ],
          [
            40.73468629476189,
            10.20552406740345
          ],
          [
            40.73561495049853,
            10.17881086076144
          ],
          [
            40.73643464029217,
            10.152094088515934
          ],
          [
            40.73714535050576,
            10.125374195148478
          ],
          [
            40.7377470693154,
            10.098651625192538
          ],
          [
            40.73823978671039,
            10.071926823226113
          ],
          [
            40.738623494493496,
            10.045200233864334
          ],
          [
            40.738898186281055,
            10.018472301752066
          ],
          [
            40.739063857503076,
            9.991743471556525
          ],
          [
            40.73912050540331,
            9.96501418795985
          ],
          [
            40.73906812903932,
            9.938284895651739
          ],
          [
            40.73890672928248,
            9.911556039322026
          ],
          [
            40.73863630881798,
            9.884828063653293
          ],
          [
            40.73825687214473,
            9.858101413313472
          ],
          [
            40.73776842557536,
            9.831376532948449
          ],
          [
            40.73717097723604,
            9.804653867174654
          ],
          [
            40.736464537066404,
            9.777933860571686
          ],
          [
            40.73564911681936,
            9.751216957674892
          ],
          [
            40.73472473006088,
            9.724503602967989
          ],
          [
            40.73369139216981,
            9.697794240875666
          ],
          [
            40.73254912033758,
            9.671089315756182
          ],
          [
            40.73129793356793,
            9.644389271893981
          ],
          [
            40.729937852676606,
            9.6176945534923
          ],
          [
            40.728468900291006,
            9.591005604665776
          ],
          [
            40.726891100849784,
            9.56432286943306
          ],
          [
            40.725204480602464,
            9.537646791709424
          ],
          [
            40.723409067609026,
            9.510977815299391
          ],
          [
            40.721504891739386,
            9.484316383889327
          ],
          [
            40.71949198467292,
            9.457662941040086
          ],
          [
            40.71737037989797,
            9.43101793017961
          ],
          [
            40.71514011271125,
            9.404381794595562
          ],
          [
            40.71280122021725,
            9.377754977427948
          ],
          [
            40.710353741327665,
            9.351137921661747
          ],
          [
            40.7077977167607,
            9.324531070119539
          ],
          [
            40.705133189040424,
            9.29793486545414
          ],
          [
            40.70236020249604,
            9.27134975014123
          ],
          [
            40.699478803261165,
            9.244776166472008
          ],
          [
            40.69648903927306,
            9.21821455654581
          ],
          [
            40.69339096027183,
            9.19166536226278
          ],
          [
            40.690184617799574,
            9.165129025316496
          ],
          [
            40.68687006519958,
            9.13860598718664
          ],
          [
            40.68344735761538,
            9.112096689131636
          ],
          [
            40.67991655198986,
            9.08560157218132
          ],
          [
            40.67627770706435,
            9.059121077129602
          ],
          [
            40.672530883377554,
            9.03265564452713
          ],
          [
            40.668676143264626,
            9.006205714673957
          ],
          [
            40.6647135508561,
            8.979771727612224
          ],
          [
            40.660643172076824,
            8.953354123118835
          ],
          [
            40.65646507464486,
            8.926953340698136
          ],
          [
            40.65217932807039,
            8.900569819574613
          ],
          [
            40.647786003654495,
            8.874203998685578
          ],
          [
            40.643285174488035,
            8.847856316673862
          ],
          [
            40.6386769154504,
            8.821527211880536
          ],
          [
            40.63396130320825,
            8.795217122337593
          ],
          [
            40.62913841621429,
            8.768926485760678
          ],
          [
            40.6242083347059,
            8.7426557395418
          ],
          [
            40.61917114070387,
            8.716405320742057
          ],
          [
            40.61402691801096,
            8.690175666084366
          ],
          [
            40.60877575221057,
            8.663967211946192
          ],
          [
            40.60341773066529,
            8.637780394352289
          ],
          [
            40.59795294251544,
            8.611615648967453
          ],
          [
            40.592381478677595,
            8.58547341108927
          ],
          [
            40.58670343184306,
            8.559354115640867
          ],
          [
            40.58091889647638,
            8.533258197163688
          ],
          [
            40.575027968813686,
            8.507186089810256
          ],
          [
            40.56903074686115,
            8.481138227336954
          ],
          [
            40.56292733039335,
            8.45511504309681
          ],
          [
            40.55671782095158,
            8.42911697003228
          ],
          [
            40.550402321842206,
            8.403144440668054
          ],
          [
            40.54398093813491,
            8.37719788710386
          ],
          [
            40.53745377666095,
            8.351277741007264
          ],
          [
            40.530820946011396,
            8.325384433606503
          ],
          [
            40.52408255653531,
            8.2995183956833
          ],
          [
            40.51723872033793,
            8.273680057565704
          ],
          [
            40.510289551278746,
            8.247869849120923
          ],
          [
            40.5032351649697,
            8.222088199748185
          ],
          [
            40.4960756787732,
            8.19633553837158
          ],
          [
            40.488811211800154,
            8.170612293432935
          ],
          [
            40.48144188490804,
            8.144918892884679
          ],
          [
            40.47396782069886,
            8.119255764182725
          ],
          [
            40.46638914351711,
            8.093623334279362
          ],
          [
            40.45870597944771,
            8.068022029616149
          ],
          [
            40.45091845631391,
            8.04245227611682
          ],
          [
            40.44302670367515,
            8.016914499180196
          ],
          [
            40.43503085282495,
            7.9914091236731135
          ],
          [
            40.42693103678864,
            7.965936573923354
          ],
          [
            40.41872739032124,
            7.940497273712583
          ],
          [
            40.410420049905134,
            7.915091646269296
          ],
          [
            40.40200915374789,
            7.889720114261787
          ],
          [
            40.393494841779884,
            7.864383099791107
          ],
          [
            40.384877255652,
            7.839081024384048
          ],
          [
            40.376156538733284,
            7.813814308986126
          ],
          [
            40.36733283610853,
            7.788583373954584
          ],
          [
            40.35840629457591,
            7.763388639051387
          ],
          [
            40.34937706264447,
            7.738230523436252
          ],
          [
            40.340245290531755,
            7.713109445659669
          ],
          [
            40.33101113016117,
            7.688025823655929
          ],
          [
            40.32167473515961,
            7.662980074736187
          ],
          [
            40.312236260854775,
            7.637972615581508
          ],
          [
            40.30269586427266,
            7.613003862235938
          ],
          [
            40.29305370413491,
            7.588074230099581
          ],
          [
            40.283309940856206,
            7.563184133921693
          ],
          [
            40.27346473654156,
            7.538333987793776
          ],
          [
            40.263518254983644,
            7.513524205142689
          ],
          [
            40.25347066166008,
            7.488755198723775
          ],
          [
            40.243322123730636,
            7.464027380613991
          ],
          [
            40.233072810034486,
            7.43934116220505
          ],
          [
            40.22272289108739,
            7.4146969541965815
          ],
          [
            40.212272539078874,
            7.3900951665892975
          ],
          [
            40.20172192786932,
            7.365536208678165
          ],
          [
            40.19107123298711,
            7.341020489045607
          ],
          [
            40.18032063162571,
            7.316548415554699
          ],
          [
            40.16947030264072,
            7.292120395342386
          ],
          [
            40.158520426546836,
            7.267736834812702
          ],
          [
            40.147471185514966,
            7.243398139630019
          ],
          [
            40.13632276336909,
            7.219104714712292
          ],
          [
            40.12507534558325,
            7.194856964224322
          ],
          [
            40.11400704174575,
            7.171206301035325
          ],
          [
            40.10287445597531,
            7.147585827856689
          ],
          [
            40.09167767061766,
            7.123995719404767
          ],
          [
            40.08041676849339,
            7.100436150171305
          ],
          [
            40.06909183289735,
            7.076907294422161
          ],
          [
            40.05770294759802,
            7.053409326196008
          ],
          [
            40.04625019683691,
            7.029942419303052
          ],
          [
            40.034733665327956,
            7.00650674732374
          ],
          [
            40.02315343825684,
            6.983102483607482
          ],
          [
            40.01150960128041,
            6.959729801271368
          ],
          [
            39.999802240526,
            6.936388873198885
          ],
          [
            39.98803144259084,
            6.913079872038639
          ],
          [
            39.976197294541386,
            6.889802970203082
          ],
          [
            39.964299883912666,
            6.866558339867227
          ],
          [
            39.9523392987077,
            6.843346152967387
          ],
          [
            39.94031562739673,
            6.8201665811998895
          ],
          [
            39.928228958916684,
            6.797019796019821
          ],
          [
            39.91607938267045,
            6.773905968639749
          ],
          [
            39.903866988526254,
            6.7508252700284554
          ],
          [
            39.89159186681694,
            6.72777787090968
          ],
          [
            39.87925410833936,
            6.704763941760846
          ],
          [
            39.86685380435367,
            6.681783652811809
          ],
          [
            39.85439104658268,
            6.658837174043595
          ],
          [
            39.84186592721112,
            6.63592467518714
          ],
          [
            39.82927853888505,
            6.613046325722038
          ],
          [
            39.81662897471108,
            6.5902022948752865
          ],
          [
            39.80391732825576,
            6.567392751620032
          ],
          [
            39.79114369354479,
            6.544617864674326
          ],
          [
            39.77830816506247,
            6.521877802499871
          ],
          [
            39.76541083775085,
            6.499172733300776
          ],
          [
            39.75245180700912,
            6.476502825022317
          ],
          [
            39.73943116869289,
            6.453868245349691
          ],
          [
            39.72634901911345,
            6.43126916170677
          ],
          [
            39.71320545503708,
            6.4087057412548765
          ],
          [
            39.700000573684335,
            6.3861781508915305
          ],
          [
            39.686734472729334,
            6.363686557249229
          ],
          [
            39.673407250299014,
            6.341231126694206
          ],
          [
            39.66001900497242,
            6.318812025325205
          ],
          [
            39.646569835779964,
            6.296429418972247
          ],
          [
            39.63305984220273,
            6.274083473195407
          ],
          [
            39.61948912417164,
            6.25177435328359
          ],
          [
            39.60585778206689,
            6.229502224253302
          ],
          [
            39.59216591671701,
            6.2072672508474405
          ],
          [
            39.57841362939825,
            6.185069597534064
          ],
          [
            39.564601021833774,
            6.162909428505184
          ],
          [
            39.55072819619294,
            6.140786907675549
          ],
          [
            39.53679525509052,
            6.118702198681426
          ],
          [
            39.52280230158595,
            6.096655464879398
          ],
          [
            39.50874943918255,
            6.074646869345154
          ],
          [
            39.49463677182682,
            6.052676574872273
          ],
          [
            39.48046440390757,
            6.0307447439710415
          ],
          [
            39.466232440255254,
            6.008851538867226
          ],
          [
            39.45194098614111,
            5.98699712150089
          ],
          [
            39.43759014727643,
            5.96518165352519
          ],
          [
            39.423180029811775,
            5.943405296305183
          ],
          [
            39.408710740336154,
            5.921668210916628
          ],
          [
            39.39418238587628,
            5.899970558144798
          ],
          [
            39.37959507389575,
            5.878312498483291
          ],
          [
            39.36494891229426,
            5.856694192132842
          ],
          [
            39.350244009406815,
            5.835115799000139
          ],
          [
            39.33548047400291,
            5.813577478696637
          ],
          [
            39.320658415285735,
            5.79207939053738
          ],
          [
            39.30577794289136,
            5.770621693539822
          ],
          [
            39.29083916688794,
            5.749204546422652
          ],
          [
            39.2758421977749,
            5.727828107604621
          ],
          [
            39.26078714648209,
            5.70649253520336
          ],
          [
            39.24567412436898,
            5.685197987034228
          ],
          [
            39.23050324322387,
            5.66394462060913
          ],
          [
            39.215274615263,
            5.642732593135359
          ],
          [
            39.19998835312977,
            5.62156206151443
          ],
          [
            39.18464456989388,
            5.600433182340921
          ],
          [
            39.16924337905051,
            5.579346111901313
          ],
          [
            39.15378489451948,
            5.558301006172841
          ],
          [
            39.13826923064439,
            5.537298020822329
          ],
          [
            39.122696502191786,
            5.516337311205045
          ],
          [
            39.10706682435031,
            5.495419032363554
          ],
          [
            39.091380312729854,
            5.474543339026564
          ],
          [
            39.075637083360704,
            5.453710385607788
          ],
          [
            39.05983725269265,
            5.432920326204804
          ],
          [
            39.043980937594185,
            5.412173314597901
          ],
          [
            39.0280682553516,
            5.391469504248959
          ],
          [
            39.012099323668096,
            5.370809048300305
          ],
          [
            38.99607426066297,
            5.350192099573576
          ],
          [
            38.97999318487071,
            5.329618810568602
          ],
          [
            38.9638562152401,
            5.309089333462266
          ],
          [
            38.94766347113339,
            5.288603820107381
          ],
          [
            38.93141507232536,
            5.268162422031571
          ],
          [
            38.91511113900246,
            5.247765290436143
          ],
          [
            38.898751791761924,
            5.22741257619498
          ],
          [
            38.88233715161089,
            5.20710442985341
          ],
          [
            38.865867339965455,
            5.186841001627104
          ],
          [
            38.84934247864984,
            5.166622441400965
          ],
          [
            38.83276268989542,
            5.146448898728008
          ],
          [
            38.816128096339895,
            5.126320522828265
          ],
          [
            38.799438821026335,
            5.106237462587681
          ],
          [
            38.78269498740229,
            5.086199866557004
          ],
          [
            38.76589671931883,
            5.0662078829506925
          ],
          [
            38.749044141029714,
            5.04626165964582
          ],
          [
            38.7321373771904,
            5.026361344180979
          ],
          [
            38.715176552857145,
            5.006507083755187
          ],
          [
            38.69816179348608,
            4.986699025226807
          ],
          [
            38.68109322493231,
            4.9669373151124505
          ],
          [
            38.663970973448926,
            4.947222099585896
          ],
          [
            38.646795165686115,
            4.927553524477016
          ],
          [
            38.62956592869021,
            4.9079317352706875
          ],
          [
            38.61228338990275,
            4.888356877105724
          ],
          [
            38.59494767715953,
            4.868829094773794
          ],
          [
            38.57755891868967,
            4.849348532718363
          ],
          [
            38.56011724311466,
            4.829915335033605
          ],
          [
            38.54262277944741,
            4.810529645463357
          ],
          [
            38.52507565709129,
            4.791191607400046
          ],
          [
            38.50747600583918,
            4.771901363883628
          ],
          [
            38.4898239558725,
            4.752659057600529
          ],
          [
            38.472119637760265,
            4.733464830882599
          ],
          [
            38.454363182458096,
            4.714318825706044
          ],
          [
            38.43655472130727,
            4.695221183690389
          ],
          [
            38.418694386033735,
            4.676172046097425
          ],
          [
            38.400782308747154,
            4.657171553830162
          ],
          [
            38.382818621939904,
            4.638219847431794
          ],
          [
            38.364803458486136,
            4.619317067084651
          ],
          [
            38.346736951640715,
            4.600463352609165
          ],
          [
            38.328619235038325,
            4.581658843462841
          ],
          [
            38.31045044269242,
            4.562903678739216
          ],
          [
            38.292230708994275,
            4.544197997166841
          ],
          [
            38.27396016871194,
            4.525541937108246
          ],
          [
            38.255638956989266,
            4.506935636558915
          ],
          [
            38.23726720934496,
            4.488379233146279
          ],
          [
            38.21884506167148,
            4.469872864128686
          ],
          [
            38.20037265023412,
            4.451416666394382
          ],
          [
            38.18185011166996,
            4.433010776460515
          ],
          [
            38.16327758298684,
            4.414655330472109
          ],
          [
            38.14465520156238,
            4.396350464201064
          ],
          [
            38.12598310514297,
            4.3780963130451545
          ],
          [
            38.10726143184271,
            4.35989301202702
          ],
          [
            38.088490320142405,
            4.341740695793174
          ],
          [
            38.06966990888858,
            4.323639498613002
          ],
          [
            38.05080033729239,
            4.305589554377775
          ],
          [
            38.031881744928626,
            4.287590996599651
          ],
          [
            38.01291427173469,
            4.269643958410694
          ],
          [
            37.99389805800952,
            4.251748572561886
          ],
          [
            37.97503744998684,
            4.234084118968325
          ],
          [
            37.956140794747384,
            4.216458232423092
          ],
          [
            37.937208171154694,
            4.198870986486288
          ],
          [
            37.91823965822241,
            4.181322454556744
          ],
          [
            37.89923533511397,
            4.1638127098717295
          ],
          [
            37.88019528114226,
            4.146341825506628
          ],
          [
            37.86111957576927,
            4.128909874374655
          ],
          [
            37.84200829860581,
            4.111516929226532
          ],
          [
            37.82286152941111,
            4.094163062650198
          ],
          [
            37.80367934809254,
            4.076848347070498
          ],
          [
            37.78446183470526,
            4.059572854748883
          ],
          [
            37.765209069451885,
            4.042336657783114
          ],
          [
            37.745921132682156,
            4.025139828106951
          ],
          [
            37.72659810489257,
            4.007982437489863
          ],
          [
            37.707240066726115,
            3.9908645575367174
          ],
          [
            37.68784709897186,
            3.9737862596874907
          ],
          [
            37.66841928256466,
            3.9567476152169703
          ],
          [
            37.64895669858483,
            3.9397486952344463
          ],
          [
            37.629459428257746,
            3.9227895706834297
          ],
          [
            37.609927552953565,
            3.905870312341342
          ],
          [
            37.590361154186866,
            3.8889909908192313
          ],
          [
            37.570760313616304,
            3.8721516765614696
          ],
          [
            37.551125113044264,
            3.855352439845469
          ],
          [
            37.53145563441655,
            3.8385933507813697
          ],
          [
            37.51175195982202,
            3.821874479311767
          ],
          [
            37.49201417149222,
            3.8051958952114133
          ],
          [
            37.47224235180111,
            3.788557668086919
          ],
          [
            37.45243658326462,
            3.771959867376475
          ],
          [
            37.43259694854043,
            3.7554025623495497
          ],
          [
            37.412723530427485,
            3.7388858221066084
          ],
          [
            37.39281641186579,
            3.7224097155788267
          ],
          [
            37.37287567593595,
            3.7059743115277923
          ],
          [
            37.35290140585889,
            3.6895796785452304
          ],
          [
            37.332893684995476,
            3.673225885052707
          ],
          [
            37.31285259684618,
            3.656912999301353
          ],
          [
            37.292778225050746,
            3.640641089371571
          ],
          [
            37.2726706533878,
            3.6244102231727546
          ],
          [
            37.25252996577454,
            3.608220468443009
          ],
          [
            37.23235624626636,
            3.592071892748856
          ],
          [
            37.21214957905653,
            3.575964563484969
          ],
          [
            37.19191004847579,
            3.559898547873878
          ],
          [
            37.17163773899207,
            3.5438739129656973
          ],
          [
            37.15133273521007,
            3.5278907256378376
          ],
          [
            37.13099512187096,
            3.511949052594737
          ],
          [
            37.11062498385198,
            3.4960489603675744
          ],
          [
            37.090222406166134,
            3.480190515313995
          ],
          [
            37.069787473961796,
            3.4643737836178365
          ],
          [
            37.049320272522365,
            3.4485988312888445
          ],
          [
            37.028820887265915,
            3.432865724162403
          ],
          [
            37.00828940374484,
            3.417174527899263
          ],
          [
            36.987725907645505,
            3.4015253079852603
          ],
          [
            36.96713048478786,
            3.3859181297310457
          ],
          [
            36.946503221125084,
            3.3703530582718138
          ],
          [
            36.92584420274328,
            3.354830158567033
          ],
          [
            36.90515351586105,
            3.339349495400167
          ],
          [
            36.88443124682917,
            3.3239111333784113
          ],
          [
            36.86367748213022,
            3.308515136932422
          ],
          [
            36.84289230837822,
            3.2931615703160437
          ],
          [
            36.82207581231828,
            3.2778504976060465
          ],
          [
            36.80122808082623,
            3.2625819827018545
          ],
          [
            36.78034920090825,
            3.2473560893252795
          ],
          [
            36.759439259700514,
            3.2321728810202592
          ],
          [
            36.73849834446885,
            3.2170324211525854
          ],
          [
            36.71752654260833,
            3.201934772909643
          ],
          [
            36.69652394164295,
            3.1868799993001518
          ],
          [
            36.67549062922521,
            3.171868163153891
          ],
          [
            36.65442669313581,
            3.1568993271214487
          ],
          [
            36.633332221283254,
            3.141973553673955
          ],
          [
            36.612207301703464,
            3.12709090510282
          ],
          [
            36.59105202255947,
            3.1122514435194777
          ],
          [
            36.569866472140944,
            3.097455230855124
          ],
          [
            36.548650738863955,
            3.0827023288604614
          ],
          [
            36.527404911270516,
            3.0679927991054354
          ],
          [
            36.506129078028216,
            3.053326702978984
          ],
          [
            36.484823327929895,
            3.0387041016887766
          ],
          [
            36.46348774989324,
            3.024125056260966
          ],
          [
            36.442122432960424,
            3.0095896275399223
          ],
          [
            36.42072746629773,
            2.9950978761879847
          ],
          [
            36.39930293919517,
            2.9806498626852167
          ],
          [
            36.37784894106615,
            2.9662456473291363
          ],
          [
            36.35636556144705,
            2.951885290234481
          ],
          [
            36.33485288999688,
            2.937568851332942
          ],
          [
            36.3133110164969,
            2.9232963903729297
          ],
          [
            36.29174003085022,
            2.909067966919314
          ],
          [
            36.27014002308149,
            2.8948836403531732
          ],
          [
            36.24851108333643,
            2.8807434698715575
          ],
          [
            36.226853301881555,
            2.8666475144872337
          ],
          [
            36.2051667691037,
            2.852595833028436
          ],
          [
            36.18345157550973,
            2.8385884841386355
          ],
          [
            36.161707811726096,
            2.8246255262762747
          ],
          [
            36.139935568498515,
            2.810707017714538
          ],
          [
            36.11813493669152,
            2.7968330165411066
          ],
          [
            36.096306007288156,
            2.7830035806579123
          ],
          [
            36.07444887138955,
            2.7692187677808975
          ],
          [
            36.052563620214556,
            2.755478635439773
          ],
          [
            36.03065034509935,
            2.7417832409777825
          ],
          [
            36.008709137497064,
            2.728132641551458
          ],
          [
            35.98674008897743,
            2.7145268941303815
          ],
          [
            35.964743291226334,
            2.700966055496954
          ],
          [
            35.9427188360455,
            2.687450182246147
          ],
          [
            35.92066681535207,
            2.6739793307852824
          ],
          [
            35.89858732117822,
            2.6605535573337757
          ],
          [
            35.876480445670786,
            2.647172917922923
          ],
          [
            35.85434628109088,
            2.6338374683956536
          ],
          [
            35.83218491981353,
            2.6205472644062997
          ],
          [
            35.809996454327205,
            2.6073023614203676
          ],
          [
            35.787780977233545,
            2.5941028147143035
          ],
          [
            35.765538581246915,
            2.5809486793752603
          ],
          [
            35.74326935919398,
            2.5678400103008743
          ],
          [
            35.72097340401342,
            2.5547768621990268
          ],
          [
            35.698650808755445,
            2.5417592895876306
          ],
          [
            35.67630166658146,
            2.528787346794386
          ],
          [
            35.65392607076365,
            2.5158610879565604
          ],
          [
            35.631524114684616,
            2.502980567020768
          ],
          [
            35.609095891836965,
            2.490145837742738
          ],
          [
            35.58664149582292,
            2.4773569536870923
          ],
          [
            35.564161020353936,
            2.4646139682271166
          ],
          [
            35.54165455925034,
            2.451916934544553
          ],
          [
            35.51912220644085,
            2.4392659056293584
          ],
          [
            35.49656405596228,
            2.4266609342794974
          ],
          [
            35.47398020195911,
            2.4141020731007163
          ],
          [
            35.451370738683075,
            2.401589374506328
          ],
          [
            35.4287357604928,
            2.3891228907169855
          ],
          [
            35.40607536185338,
            2.3767026737604677
          ],
          [
            35.38338963733601,
            2.364328775471466
          ],
          [
            35.36067868161759,
            2.3520012474913643
          ],
          [
            35.3379425894803,
            2.3397201412680237
          ],
          [
            35.315181455811235,
            2.3274855080555676
          ],
          [
            35.292395375602005,
            2.3152973989141694
          ],
          [
            35.26958444394831,
            2.303155864709837
          ],
          [
            35.2467487560496,
            2.291060956114204
          ],
          [
            35.2238884072086,
            2.2790127236043123
          ],
          [
            35.201003492831,
            2.26701121746241
          ],
          [
            35.17809410842497,
            2.255056487775732
          ],
          [
            35.15516034960085,
            2.2431485844363
          ],
          [
            35.13220231207066,
            2.2312875571407074
          ],
          [
            35.10922009164777,
            2.2194734553899176
          ],
          [
            35.08621378424647,
            2.2077063284890497
          ],
          [
            35.06318348588157,
            2.19598622554718
          ],
          [
            35.040129292668006,
            2.1843131954771344
          ],
          [
            35.01705130082045,
            2.172687286995285
          ],
          [
            34.993949606652876,
            2.1611085486213444
          ],
          [
            34.97082430657819,
            2.149577028678165
          ],
          [
            34.9476754971078,
            2.1380927752915375
          ],
          [
            34.924503274851254,
            2.1266558363899914
          ],
          [
            34.9013077365158,
            2.115266259704593
          ],
          [
            34.87808897890597,
            2.103924092768741
          ],
          [
            34.85484709892325,
            2.092629382917983
          ],
          [
            34.83177658684994,
            2.0814703156987604
          ],
          [
            34.808687886994484,
            2.070348928756836
          ],
          [
            34.785581060898714,
            2.059265251735745
          ],
          [
            34.762456170152824,
            2.0482193141785143
          ],
          [
            34.73931327639512,
            2.03721114552758
          ],
          [
            34.71615244131192,
            2.0262407751246982
          ],
          [
            34.69297372663734,
            2.015308232210888
          ],
          [
            34.66977719415318,
            2.0044135459263264
          ],
          [
            34.64656290568871,
            1.9935567453102976
          ],
          [
            34.62333092312054,
            1.9827378593011016
          ],
          [
            34.60008130837244,
            1.9719569167359725
          ],
          [
            34.576814123415176,
            1.9612139463510092
          ],
          [
            34.553529430266344,
            1.9505089767811048
          ],
          [
            34.53022729099022,
            1.9398420365598543
          ],
          [
            34.50690776769756,
            1.9292131541194923
          ],
          [
            34.48357092254548,
            1.9186223577908135
          ],
          [
            34.460216817737255,
            1.9080696758030875
          ],
          [
            34.436845515522165,
            1.8975551362839989
          ],
          [
            34.413457078195314,
            1.8870787672595666
          ],
          [
            34.39005156809751,
            1.8766405966540638
          ],
          [
            34.36662904761506,
            1.8662406522899495
          ],
          [
            34.343189579179594,
            1.8558789618877902
          ],
          [
            34.31973322526791,
            1.8455555530661913
          ],
          [
            34.296260048401855,
            1.8352704533417215
          ],
          [
            34.27277011114807,
            1.8250236901288293
          ],
          [
            34.249263476117896,
            1.8148152907397894
          ],
          [
            34.225740205967185,
            1.8046452823846169
          ],
          [
            34.20220036339611,
            1.7945136921709945
          ],
          [
            34.17864401114903,
            1.7844205471042072
          ],
          [
            34.155071212014306,
            1.7743658740870596
          ],
          [
            34.131482028824145,
            1.764349699919817
          ],
          [
            34.107876524454404,
            1.7543720513001293
          ],
          [
            34.08425476182447,
            1.74443295482295
          ],
          [
            34.06061680389704,
            1.73453243698048
          ],
          [
            34.03696271367801,
            1.7246705241620928
          ],
          [
            34.01329255421624,
            1.7148472426542547
          ],
          [
            33.98960638860344,
            1.7050626186404645
          ],
          [
            33.965904279974005,
            1.695316678201189
          ],
          [
            33.94218629150478,
            1.6856094473137742
          ],
          [
            33.91845248641498,
            1.6759409518523907
          ],
          [
            33.894702927965945,
            1.66631121758797
          ],
          [
            33.87093767946101,
            1.6567202701881143
          ],
          [
            33.847156804245365,
            1.6471681352170562
          ],
          [
            33.8233603657058,
            1.6376548381355578
          ],
          [
            33.799548427270636,
            1.6281804043008783
          ],
          [
            33.77572105240949,
            1.618744858966675
          ],
          [
            33.7518783046331,
            1.6093482272829576
          ],
          [
            33.72802024749322,
            1.5999905342960121
          ],
          [
            33.70414694458239,
            1.5906718049483302
          ],
          [
            33.68025845953378,
            1.5813920640785566
          ],
          [
            33.65635485602104,
            1.5721513364214044
          ],
          [
            33.632436197758125,
            1.5629496466076085
          ],
          [
            33.60850254849909,
            1.5537870191638399
          ],
          [
            33.584553972037966,
            1.5446634785126618
          ],
          [
            33.560590532208586,
            1.5355790489724412
          ],
          [
            33.536612292884364,
            1.5265337547573066
          ],
          [
            33.5126193179782,
            1.5175276199770704
          ],
          [
            33.48861167144224,
            1.508560668637164
          ],
          [
            33.46458941726776,
            1.4996329246385776
          ],
          [
            33.440552619484954,
            1.4907444117777997
          ],
          [
            33.41650134216279,
            1.4818951537467484
          ],
          [
            33.39243564940883,
            1.473085174132711
          ],
          [
            33.36835560536907,
            1.4643144964182748
          ],
          [
            33.34426127422772,
            1.4555831439812768
          ],
          [
            33.32015272020713,
            1.4468911400947293
          ],
          [
            33.2960300075675,
            1.4382385079267623
          ],
          [
            33.27189320060683,
            1.4296252705405694
          ],
          [
            33.24774236366065,
            1.4210514508943306
          ],
          [
            33.22357756110187,
            1.4125170718411648
          ],
          [
            33.19939885734067,
            1.4040221561290618
          ],
          [
            33.175206316824244,
            1.3955667264008267
          ],
          [
            33.151000004036696,
            1.387150805194012
          ],
          [
            33.12677998349883,
            1.3787744149408656
          ],
          [
            33.10254631976798,
            1.3704375779682665
          ],
          [
            33.07829907743785,
            1.3621403164976633
          ],
          [
            33.05403832113833,
            1.353882652645023
          ],
          [
            33.02976411553535,
            1.345664608420768
          ],
          [
            33.005476525330664,
            1.3374862057297054
          ],
          [
            32.981175615261726,
            1.3293474663709957
          ],
          [
            32.95686145010148,
            1.3212484120380596
          ],
          [
            32.93253409465819,
            1.3131890643185609
          ],
          [
            32.90819361377531,
            1.305169444694311
          ],
          [
            32.88384007233124,
            1.2971895745412318
          ],
          [
            32.859473535239225,
            1.2892494751293007
          ],
          [
            32.835094067447145,
            1.2813491676224782
          ],
          [
            32.810701733937314,
            1.2734886730786705
          ],
          [
            32.786296599726384,
            1.265668012449658
          ],
          [
            32.761878729865096,
            1.2578872065810491
          ],
          [
            32.737448189438155,
            1.2501462762122206
          ],
          [
            32.71300504356401,
            1.2424452419762633
          ],
          [
            32.68854935739476,
            1.2347841243999218
          ],
          [
            32.66408119611587,
            1.2271629439035538
          ],
          [
            32.63960062494611,
            1.2195817208010589
          ],
          [
            32.61510770913729,
            1.2120404752998333
          ],
          [
            32.59060251397413,
            1.2045392275007192
          ],
          [
            32.566085104774125,
            1.1970779973979448
          ],
          [
            32.541555546887245,
            1.1896568048790666
          ],
          [
            32.51701390569591,
            1.182275669724933
          ],
          [
            32.49246024661472,
            1.1749346116096144
          ],
          [
            32.46789463509032,
            1.1676336501003604
          ],
          [
            32.44331713660118,
            1.1603728046575457
          ],
          [
            32.4187278166575,
            1.1531520946346148
          ],
          [
            32.39412674080097,
            1.1459715392780347
          ],
          [
            32.369513974604615,
            1.1388311577272414
          ],
          [
            32.344889583672604,
            1.131730969014591
          ],
          [
            32.32025363364011,
            1.1246709920653064
          ],
          [
            32.295606190173125,
            1.1176512456974277
          ],
          [
            32.27094731896825,
            1.1106717486217597
          ],
          [
            32.24627708575257,
            1.1037325194418328
          ],
          [
            32.22159555628343,
            1.0968335766538377
          ],
          [
            32.19690279634832,
            1.0899749386465811
          ],
          [
            32.17219887176463,
            1.0831566237014478
          ],
          [
            32.14748384837952,
            1.0763786499923396
          ],
          [
            32.12275779206974,
            1.0696410355856312
          ],
          [
            32.098020768741456,
            1.062943798440117
          ],
          [
            32.07327284433003,
            1.0562869564069732
          ],
          [
            32.04851408479992,
            1.049670527229702
          ],
          [
            32.02374455614444,
            1.0430945285440898
          ],
          [
            31.99896432438562,
            1.0365589778781508
          ],
          [
            31.974173455574018,
            1.0300638926520982
          ],
          [
            31.949372015788544,
            1.023609290178275
          ],
          [
            31.924560071136277,
            1.0171951876611225
          ],
          [
            31.899737687752303,
            1.010821602197138
          ],
          [
            31.87490493179953,
            1.0044885507748111
          ],
          [
            31.850061869468515,
            0.9981960502746018
          ],
          [
            31.82520856697729,
            0.9919441174688746
          ],
          [
            31.800345090571174,
            0.9857327690218652
          ],
          [
            31.775471506522603,
            0.9795620214896339
          ],
          [
            31.750587881130965,
            0.9734318913200253
          ],
          [
            31.725694280722404,
            0.9673423948526122
          ],
          [
            31.700790771649654,
            0.9612935483186661
          ],
          [
            31.675877420291865,
            0.9552853678411035
          ],
          [
            31.650954293054408,
            0.9493178694344524
          ],
          [
            31.626021456368726,
            0.9433910690048031
          ],
          [
            31.60107897669214,
            0.9375049823497661
          ],
          [
            31.576126920507658,
            0.9316596251584303
          ],
          [
            31.551165354323835,
            0.9258550130113254
          ],
          [
            31.52619434467456,
            0.9200911613803759
          ],
          [
            31.501213958118903,
            0.9143680856288557
          ],
          [
            31.47622426124092,
            0.9086858010113601
          ],
          [
            31.45122532064948,
            0.9030443226737568
          ],
          [
            31.42621720297811,
            0.8974436656531379
          ],
          [
            31.40119997488478,
            0.8918838448778008
          ],
          [
            31.37617370305174,
            0.886364875167188
          ],
          [
            31.351138454185364,
            0.8808867712318524
          ],
          [
            31.326094295015942,
            0.8754495476734298
          ],
          [
            31.30104129229751,
            0.870053218984584
          ],
          [
            31.27597951280769,
            0.8646977995489811
          ],
          [
            31.25100980738099,
            0.8594011335144813
          ],
          [
            31.226032912646914,
            0.8541384735767474
          ],
          [
            31.20104887491815,
            0.848909829493922
          ],
          [
            31.17605774052062,
            0.8437152109610621
          ],
          [
            31.151059555793413,
            0.8385546276101459
          ],
          [
            31.126054367088692,
            0.8334280890100259
          ],
          [
            31.1010422207716,
            0.8283356046664432
          ],
          [
            31.07602316322018,
            0.8232771840219907
          ],
          [
            31.050997240825307,
            0.8182528364560921
          ],
          [
            31.025964499990565,
            0.8132625712850052
          ],
          [
            31.000924987132187,
            0.808306397761781
          ],
          [
            30.97587874867896,
            0.8033843250762616
          ],
          [
            30.95082583107216,
            0.7984963623550572
          ],
          [
            30.925766280765416,
            0.7936425186615281
          ],
          [
            30.900700144224682,
            0.7888228029957779
          ],
          [
            30.87562746792812,
            0.7840372242946237
          ],
          [
            30.850548298366007,
            0.7792857914315823
          ],
          [
            30.825462682040662,
            0.7745685132168654
          ],
          [
            30.80037066546637,
            0.7698853983973482
          ],
          [
            30.775272295169277,
            0.7652364556565573
          ],
          [
            30.750167617687303,
            0.7606216936146681
          ],
          [
            30.725056679570066,
            0.7560411208284569
          ],
          [
            30.699939527378806,
            0.751494745791333
          ],
          [
            30.67481620768627,
            0.7469825769332675
          ],
          [
            30.649686767076638,
            0.7425046226208245
          ],
          [
            30.624551252145455,
            0.738060891157122
          ],
          [
            30.599409709499515,
            0.7336513907818134
          ],
          [
            30.574262185756808,
            0.7292761296710981
          ],
          [
            30.54910872754638,
            0.7249351159376675
          ],
          [
            30.52394938150832,
            0.7206283576307302
          ],
          [
            30.49878419429361,
            0.7163558627359572
          ],
          [
            30.47361321256407,
            0.712117639175504
          ],
          [
            30.44843648299226,
            0.7079136948079738
          ],
          [
            30.42325405226141,
            0.7037440374284076
          ],
          [
            30.398065967065296,
            0.6996086747682718
          ],
          [
            30.372872274108214,
            0.6955076144954411
          ],
          [
            30.347673020104825,
            0.691440864214194
          ],
          [
            30.322468251780123,
            0.6874084314651779
          ],
          [
            30.297258015869318,
            0.6834103237254179
          ],
          [
            30.272042359117755,
            0.6794465484082859
          ],
          [
            30.246821328280838,
            0.6755171128634994
          ],
          [
            30.221594970123935,
            0.6716220243771001
          ],
          [
            30.196363331422287,
            0.6677612901714433
          ],
          [
            30.171126458960927,
            0.6639349174051861
          ],
          [
            30.145884399534598,
            0.660142913173263
          ],
          [
            30.120637199947655,
            0.656385284506896
          ],
          [
            30.09538490701399,
            0.6526620383735511
          ],
          [
            30.070127567556924,
            0.6489731816769566
          ],
          [
            30.044865228409165,
            0.6453187212570632
          ],
          [
            30.01959793641265,
            0.6416986638900473
          ],
          [
            29.994325738418546,
            0.6381130162883
          ],
          [
            29.96904868128708,
            0.6345617851004023
          ],
          [
            29.943766811887507,
            0.6310449769111244
          ],
          [
            29.918480177097997,
            0.627562598241397
          ],
          [
            29.89318882380557,
            0.6241146555483326
          ],
          [
            29.86789279890597,
            0.6207011552251679
          ],
          [
            29.842592149303634,
            0.6173221036012961
          ],
          [
            29.81728692191154,
            0.6139775069422164
          ],
          [
            29.79197716365119,
            0.6106673714495586
          ],
          [
            29.766662921452458,
            0.6073917032610405
          ],
          [
            29.74134424225355,
            0.6041505084504782
          ],
          [
            29.71602117300089,
            0.600943793027757
          ],
          [
            29.69069376064905,
            0.5977715629388423
          ],
          [
            29.665362052160642,
            0.5946338240657505
          ],
          [
            29.64002609450626,
            0.5915305822265386
          ],
          [
            29.61468593466437,
            0.588461843175307
          ],
          [
            29.589341619621223,
            0.5854276126021709
          ],
          [
            29.56399319637078,
            0.5824278961332672
          ],
          [
            29.538640711914628,
            0.5794626993307366
          ],
          [
            29.513284213261873,
            0.5765320276927022
          ],
          [
            29.48792374742906,
            0.5736358866532827
          ],
          [
            29.46255936144011,
            0.5707742815825646
          ],
          [
            29.437191102326192,
            0.5679472177865907
          ],
          [
            29.411819017125676,
            0.5651547005073643
          ],
          [
            29.386443152884002,
            0.5623967349228294
          ],
          [
            29.361063556653637,
            0.5596733261468689
          ],
          [
            29.33568027549396,
            0.5569844792292752
          ],
          [
            29.310293356471195,
            0.5543301991557741
          ],
          [
            29.284902846658284,
            0.5517104908479796
          ],
          [
            29.25950879313486,
            0.5491253591634178
          ],
          [
            29.234111242987098,
            0.5465748088954842
          ],
          [
            29.208710243307674,
            0.5440588447734755
          ],
          [
            29.183305841195658,
            0.5415774714625325
          ],
          [
            29.157898083756425,
            0.5391306935636793
          ],
          [
            29.13248701810157,
            0.5367185156137759
          ],
          [
            29.10707269134883,
            0.5343409420855375
          ],
          [
            29.081655150621977,
            0.531997977387511
          ],
          [
            29.056234443050762,
            0.5296896258640693
          ],
          [
            29.030810615770783,
            0.5274158917954064
          ],
          [
            29.005383715923436,
            0.5251767793975275
          ],
          [
            28.97995379065582,
            0.5229722928222444
          ],
          [
            28.954520887120626,
            0.5208024361571583
          ],
          [
            28.929085052476093,
            0.5186672134256696
          ],
          [
            28.903646333885867,
            0.5165666285869428
          ],
          [
            28.878204778518967,
            0.5145006855359378
          ],
          [
            28.852760433549648,
            0.5124693881033637
          ],
          [
            28.827313346157354,
            0.5104727400556932
          ],
          [
            28.80186356352661,
            0.5085107450951585
          ],
          [
            28.77641113284694,
            0.5065834068597258
          ],
          [
            28.750956101312767,
            0.5046907289231071
          ],
          [
            28.72549851612336,
            0.5028327147947551
          ],
          [
            28.700038424482695,
            0.5010093679198251
          ],
          [
            28.674575873599416,
            0.4992206916792127
          ],
          [
            28.64911091068672,
            0.4974666893895194
          ],
          [
            28.623643582962277,
            0.49574736430305166
          ],
          [
            28.598173937648134,
            0.49406271960781734
          ],
          [
            28.572702021970656,
            0.4924127584275186
          ],
          [
            28.54722788316039,
            0.4907974838215517
          ],
          [
            28.52175156845203,
            0.4892168987849925
          ],
          [
            28.49627312508429,
            0.487671006248593
          ],
          [
            28.470792600299834,
            0.48615980907877754
          ],
          [
            28.445310041345188,
            0.48468331007764603
          ],
          [
            28.41982549547065,
            0.4832415119829495
          ],
          [
            28.394339009930203,
            0.4818344174681036
          ],
          [
            28.368850631981417,
            0.4804620291421675
          ],
          [
            28.343360408885385,
            0.4791243495498542
          ],
          [
            28.317868387906607,
            0.47782138117151657
          ],
          [
            28.292374616312934,
            0.476553126423154
          ],
          [
            28.26687914137544,
            0.47531958765638027
          ],
          [
            28.241382010368387,
            0.47412076715845586
          ],
          [
            28.215883270569076,
            0.47295666715225537
          ],
          [
            28.19038296925782,
            0.47182728979627847
          ],
          [
            28.164881153717797,
            0.47073263718463876
          ],
          [
            28.13937787123503,
            0.4696727113470677
          ],
          [
            28.11387316909822,
            0.4686475142488997
          ],
          [
            28.088367094598738,
            0.46765704779107636
          ],
          [
            28.062859695030472,
            0.4667013138101456
          ],
          [
            28.037351017689794,
            0.46578031407824444
          ],
          [
            28.011841109875412,
            0.4648940503031125
          ],
          [
            27.986330018888342,
            0.46404252412807484
          ],
          [
            27.960817792031794,
            0.46322573713205567
          ],
          [
            27.93530447661105,
            0.46244369082955356
          ],
          [
            27.909790119933458,
            0.4616963866706553
          ],
          [
            27.88427476930827,
            0.460983826041033
          ],
          [
            27.85875847204658,
            0.46030601026192525
          ],
          [
            27.833241275461248,
            0.4596629405901593
          ],
          [
            27.807723226866795,
            0.4590546182181218
          ],
          [
            27.78220437357932,
            0.4584810442737774
          ],
          [
            27.75668476291642,
            0.45794221982066424
          ],
          [
            27.731164442197095,
            0.45743814585787673
          ],
          [
            27.705643458741655,
            0.456968823320083
          ],
          [
            27.680121859871647,
            0.4565342530775071
          ],
          [
            27.65459969290976,
            0.4561344359359436
          ],
          [
            27.629077005179724,
            0.4557693726367355
          ],
          [
            27.603553844006253,
            0.45543906385679245
          ],
          [
            27.578030256714918,
            0.4551435102085836
          ],
          [
            27.5525062906321,
            0.45488271224012683
          ],
          [
            27.526981993084863,
            0.4546566704350028
          ],
          [
            27.50145741140091,
            0.45446538521234087
          ],
          [
            27.47593259290845,
            0.45430885692682627
          ],
          [
            27.450407584936137,
            0.45418708586869644
          ],
          [
            27.42488243481298,
            0.45410007226374427
          ],
          [
            27.399357189868244,
            0.4540478162733081
          ],
          [
            27.373829689190572,
            0.45403031798928795
          ],
          [
            27.34885538934108,
            0.45403032178367886
          ],
          [
            27.32388108949159,
            0.45403032557806966
          ],
          [
            27.298906789642096,
            0.4540303293724606
          ],
          [
            27.273932489792607,
            0.4540303331668515
          ],
          [
            27.248958189943114,
            0.4540303369612424
          ],
          [
            27.223983890093624,
            0.4540303407556332
          ],
          [
            27.19900959024413,
            0.4540303445500241
          ],
          [
            27.17403529039464,
            0.454030348344415
          ],
          [
            27.14906099054515,
            0.45403035213880594
          ],
          [
            27.124086690695655,
            0.45403035593319674
          ],
          [
            27.099112390846166,
            0.45403035972758765
          ],
          [
            27.074138090996673,
            0.45403036352197856
          ],
          [
            27.049163791147183,
            0.4540303673163695
          ],
          [
            27.02418949129769,
            0.4540303711107603
          ],
          [
            26.9992151914482,
            0.4540303749051512
          ],
          [
            26.974240891598708,
            0.4540303786995421
          ],
          [
            26.949266591749215,
            0.454030382493933
          ],
          [
            26.924292291899725,
            0.4540303862883238
          ],
          [
            26.899317992050232,
            0.45403039008271473
          ],
          [
            26.874343692200743,
            0.45403039387710564
          ],
          [
            26.84936939235125,
            0.45403039767149656
          ],
          [
            26.82439509250176,
            0.45403040146588736
          ],
          [
            26.799420792652267,
            0.45403040526027827
          ],
          [
            26.774446492802777,
            0.4540304090546692
          ],
          [
            26.749472192953284,
            0.4540304128490601
          ],
          [
            26.72449789310379,
            0.4540304166434509
          ],
          [
            26.699523593254302,
            0.4540304204378418
          ],
          [
            26.67454929340481,
            0.4540304242322327
          ],
          [
            26.64957499355532,
            0.4540304280266235
          ],
          [
            26.624600693705826,
            0.45403043182101444
          ],
          [
            26.599626393856337,
            0.45403043561540535
          ],
          [
            26.574652094006844,
            0.45403043940979626
          ],
          [
            26.54967779415735,
            0.45403044320418706
          ],
          [
            26.52470349430786,
            0.454030446998578
          ],
          [
            26.499729194458368,
            0.4540304507929689
          ],
          [
            26.47475489460888,
            0.4540304545873598
          ],
          [
            26.449780594759385,
            0.4540304583817506
          ],
          [
            26.424806294909896,
            0.4540304621761415
          ],
          [
            26.399831995060403,
            0.4540304659705324
          ],
          [
            26.374857695210913,
            0.45403046976492334
          ],
          [
            26.34988339536142,
            0.45403047355931414
          ],
          [
            26.324909095511927,
            0.45403047735370505
          ],
          [
            26.299934795662438,
            0.45403048114809597
          ],
          [
            26.274960495812945,
            0.4540304849424869
          ],
          [
            26.249986195963455,
            0.4540304887368777
          ],
          [
            26.225011896113962,
            0.4540304925312686
          ],
          [
            26.200037596264472,
            0.4540304963256595
          ],
          [
            26.17506329641498,
            0.4540305001200504
          ],
          [
            26.15008899656549,
            0.4540305039144412
          ],
          [
            26.125114696715997,
            0.45403050770883213
          ],
          [
            26.100140396866504,
            0.45403051150322304
          ],
          [
            26.075166097017014,
            0.45403051529761396
          ],
          [
            26.05019179716752,
            0.45403051909200476
          ],
          [
            26.02521749731803,
            0.45403052288639567
          ],
          [
            26.00024319746854,
            0.4540305266807866
          ],
          [
            25.97526889761905,
            0.4540305304751775
          ],
          [
            25.950294597769556,
            0.4540305342695683
          ],
          [
            25.925320297920063,
            0.4540305380639592
          ],
          [
            25.900345998070573,
            0.4540305418583501
          ],
          [
            25.87537169822108,
            0.4540305456527409
          ],
          [
            25.85039739837159,
            0.45403054944713184
          ],
          [
            25.825423098522098,
            0.45403055324152275
          ],
          [
            25.80044879867261,
            0.45403055703591366
          ],
          [
            25.775474498823115,
            0.45403056083030446
          ],
          [
            25.750500198973622,
            0.4540305646246954
          ],
          [
            25.725525899124133,
            0.4540305684190863
          ],
          [
            25.70055159927464,
            0.4540305722134772
          ],
          [
            25.67557729942515,
            0.454030576007868
          ],
          [
            25.650602999575657,
            0.4540305798022589
          ],
          [
            25.625628699726168,
            0.45403058359664983
          ],
          [
            25.600654399876674,
            0.45403058739104074
          ],
          [
            25.575680100027185,
            0.45403059118543154
          ],
          [
            25.550705800177692,
            0.45403059497982245
          ],
          [
            25.525731500328202,
            0.45403059877421337
          ],
          [
            25.50075720047871,
            0.4540306025686043
          ],
          [
            25.475782900629216,
            0.4540306063629951
          ],
          [
            25.450808600779727,
            0.454030610157386
          ],
          [
            25.425834300930234,
            0.4540306139517769
          ],
          [
            25.400860001080744,
            0.4540306177461678
          ],
          [
            25.37588570123125,
            0.4540306215405586
          ],
          [
            25.35091140138176,
            0.45403062533494953
          ],
          [
            25.32593710153227,
            0.45403062912934045
          ],
          [
            25.300962801682775,
            0.45403063292373136
          ],
          [
            25.275988501833286,
            0.45403063671812216
          ],
          [
            25.251014201983793,
            0.4540306405125131
          ],
          [
            25.226039902134303,
            0.454030644306904
          ],
          [
            25.20106560228481,
            0.4540306481012948
          ],
          [
            25.17609130243532,
            0.4540306518956857
          ],
          [
            25.151117002585828,
            0.4540306556900766
          ],
          [
            25.126142702736335,
            0.4540306594844675
          ],
          [
            25.101168402886845,
            0.4540306632788583
          ],
          [
            25.076194103037352,
            0.45403066707324924
          ],
          [
            25.051219803187863,
            0.45403067086764015
          ],
          [
            25.02624550333837,
            0.45403067466203106
          ],
          [
            25.00127120348888,
            0.45403067845642187
          ],
          [
            24.976296903639387,
            0.4540306822508128
          ],
          [
            24.951322603789894,
            0.4540306860452037
          ],
          [
            24.926348303940404,
            0.4540306898395946
          ],
          [
            24.90137400409091,
            0.4540306936339854
          ],
          [
            24.87639970424142,
            0.4540306974283763
          ],
          [
            24.85142540439193,
            0.45403070122276723
          ],
          [
            24.82645110454244,
            0.45403070501715814
          ],
          [
            24.801476804692946,
            0.45403070881154894
          ],
          [
            24.776502504843457,
            0.45403071260593986
          ],
          [
            24.751528204993964,
            0.45403071640033077
          ],
          [
            24.726553905144474,
            0.4540307201947217
          ],
          [
            24.70157960529498,
            0.4540307239891125
          ],
          [
            24.676605305445488,
            0.4540307277835034
          ],
          [
            24.651631005596,
            0.4540307315778943
          ],
          [
            24.626656705746505,
            0.4540307353722852
          ],
          [
            24.601682405897016,
            0.454030739166676
          ],
          [
            24.576708106047523,
            0.45403074296106694
          ],
          [
            24.551733806198033,
            0.45403074675545785
          ],
          [
            24.52675950634854,
            0.45403075054984865
          ],
          [
            24.501785206499047,
            0.45403075434423956
          ],
          [
            24.476810906649558,
            0.4540307581386305
          ],
          [
            24.451836606800065,
            0.4540307619330214
          ],
          [
            24.426862306950575,
            0.4540307657274122
          ],
          [
            24.401888007101082,
            0.4540307695218031
          ],
          [
            24.376913707251592,
            0.454030773316194
          ],
          [
            24.3519394074021,
            0.4540307771105849
          ],
          [
            24.326965107552606,
            0.45403078090497573
          ],
          [
            24.301990807703117,
            0.45403078469936664
          ],
          [
            24.277016507853624,
            0.45403078849375755
          ],
          [
            24.252042208004134,
            0.45403079228814847
          ],
          [
            24.22706790815464,
            0.45403079608253927
          ],
          [
            24.20209360830515,
            0.4540307998769302
          ],
          [
            24.17711930845566,
            0.4540308036713211
          ],
          [
            24.15214500860617,
            0.454030807465712
          ],
          [
            24.127170708756676,
            0.4540308112601028
          ],
          [
            24.102196408907187,
            0.4540308150544937
          ],
          [
            24.077222109057693,
            0.45403081884888463
          ],
          [
            24.0522478092082,
            0.45403082264327554
          ],
          [
            24.02727350935871,
            0.45403082643766635
          ],
          [
            24.002299209509218,
            0.45403083023205726
          ],
          [
            23.97732490965973,
            0.45403083402644817
          ],
          [
            23.952350609810235,
            0.4540308378208391
          ],
          [
            23.927376309960746,
            0.4540308416152299
          ],
          [
            23.902402010111253,
            0.4540308454096208
          ],
          [
            23.87742771026176,
            0.4540308492040117
          ],
          [
            23.85245341041227,
            0.4540308529984026
          ],
          [
            23.827479110562777,
            0.4540308567927934
          ],
          [
            23.802504810713287,
            0.45403086058718434
          ],
          [
            23.777530510863794,
            0.45403086438157525
          ],
          [
            23.752556211014305,
            0.45403086817596605
          ],
          [
            23.727581911164812,
            0.45403087197035696
          ],
          [
            23.70260761131532,
            0.4540308757647479
          ],
          [
            23.67763331146583,
            0.4540308795591388
          ],
          [
            23.652659011616336,
            0.4540308833535296
          ],
          [
            23.627684711766847,
            0.4540308871479205
          ],
          [
            23.602710411917354,
            0.4540308909423114
          ],
          [
            23.577736112067864,
            0.45403089473670233
          ],
          [
            23.55276181221837,
            0.45403089853109313
          ],
          [
            23.52778751236888,
            0.45403090232548404
          ],
          [
            23.50281321251939,
            0.45403090611987496
          ],
          [
            23.4778389126699,
            0.45403090991426587
          ],
          [
            23.452864612820406,
            0.45403091370865667
          ],
          [
            23.427890312970913,
            0.4540309175030476
          ],
          [
            23.402916013121423,
            0.4540309212974385
          ],
          [
            23.37794171327193,
            0.4540309250918294
          ],
          [
            23.352967413422437,
            0.4540309288862202
          ],
          [
            23.327993113572948,
            0.4540309326806111
          ],
          [
            23.303018813723458,
            0.45403093647500203
          ],
          [
            23.278044513873965,
            0.45403094026939295
          ],
          [
            23.253070214024472,
            0.45403094406378375
          ],
          [
            23.228095914174983,
            0.45403094785817466
          ],
          [
            23.20312161432549,
            0.4540309516525656
          ],
          [
            23.178147314476,
            0.4540309554469565
          ],
          [
            23.153173014626507,
            0.4540309592413473
          ],
          [
            23.128198714777017,
            0.4540309630357382
          ],
          [
            23.103224414927524,
            0.4540309668301291
          ],
          [
            23.07825011507803,
            0.4540309706245199
          ],
          [
            23.05327581522854,
            0.4540309744189108
          ],
          [
            23.02830151537905,
            0.45403097821330174
          ],
          [
            23.00332721552956,
            0.45403098200769265
          ],
          [
            22.978352915680066,
            0.45403098580208345
          ],
          [
            22.953378615830577,
            0.45403098959647437
          ],
          [
            22.928404315981084,
            0.4540309933908653
          ],
          [
            22.90343001613159,
            0.4540309971852562
          ],
          [
            22.8784557162821,
            0.454031000979647
          ],
          [
            22.85348141643261,
            0.4540310047740379
          ],
          [
            22.82850711658312,
            0.4540310085684288
          ],
          [
            22.803532816733625,
            0.45403101236281973
          ],
          [
            22.778558516884136,
            0.45403101615721053
          ],
          [
            22.753584217034643,
            0.45403101995160144
          ],
          [
            22.72860991718515,
            0.45403102374599236
          ],
          [
            22.70363561733566,
            0.45403102754038327
          ],
          [
            22.678661317486167,
            0.45403103133477407
          ],
          [
            22.653687017636678,
            0.454031035129165
          ],
          [
            22.628712717787185,
            0.4540310389235559
          ],
          [
            22.603738417937695,
            0.4540310427179468
          ],
          [
            22.578764118088202,
            0.4540310465123376
          ],
          [
            22.55378981823871,
            0.4540310503067285
          ],
          [
            22.52881551838922,
            0.45403105410111944
          ],
          [
            22.50384121853973,
            0.45403105789551035
          ],
          [
            22.478866918690237,
            0.45403106168990115
          ],
          [
            22.453892618840744,
            0.45403106548429206
          ],
          [
            22.428918318991254,
            0.454031069278683
          ],
          [
            22.40394401914176,
            0.4540310730730738
          ],
          [
            22.37896971929227,
            0.4540310768674647
          ],
          [
            22.35399541944278,
            0.4540310806618556
          ],
          [
            22.32902111959329,
            0.4540310844562465
          ],
          [
            22.304046819743796,
            0.4540310882506373
          ],
          [
            22.279072519894303,
            0.45403109204502823
          ],
          [
            22.254098220044813,
            0.45403109583941914
          ],
          [
            22.229123920195324,
            0.45403109963381005
          ],
          [
            22.20414962034583,
            0.45403110342820086
          ],
          [
            22.179175320496338,
            0.45403110722259177
          ],
          [
            22.15420102064685,
            0.4540311110169827
          ],
          [
            22.129226720797355,
            0.4540311148113736
          ],
          [
            22.104252420947866,
            0.4540311186057644
          ],
          [
            22.079278121098373,
            0.4540311224001553
          ],
          [
            22.054303821248883,
            0.4540311261945462
          ],
          [
            22.02932952139939,
            0.45403112998893713
          ],
          [
            22.004355221549897,
            0.45403113378332793
          ],
          [
            21.979380921700407,
            0.45403113757771885
          ],
          [
            21.954406621850914,
            0.45403114137210976
          ],
          [
            21.92943232200142,
            0.45403114516650067
          ],
          [
            21.904458022151932,
            0.4540311489608915
          ],
          [
            21.879483722302442,
            0.4540311527552824
          ],
          [
            21.85450942245295,
            0.4540311565496733
          ],
          [
            21.829535122603456,
            0.4540311603440642
          ],
          [
            21.804560822753967,
            0.454031164138455
          ],
          [
            21.779586522904474,
            0.4540311679328459
          ],
          [
            21.754612223054984,
            0.45403117172723684
          ],
          [
            21.72963792320549,
            0.45403117552162775
          ],
          [
            21.704663623356,
            0.45403117931601855
          ],
          [
            21.67968932350651,
            0.45403118311040946
          ],
          [
            21.654715023657015,
            0.4540311869048004
          ],
          [
            21.629740723807526,
            0.4540311906991912
          ],
          [
            21.604766423958033,
            0.4540311944935821
          ],
          [
            21.579792124108543,
            0.454031198287973
          ],
          [
            21.55481782425905,
            0.4540312020823639
          ],
          [
            21.52984352440956,
            0.4540312058767547
          ],
          [
            21.504869224560068,
            0.45403120967114563
          ],
          [
            21.479894924710575,
            0.45403121346553654
          ],
          [
            21.454920624861085,
            0.45403121725992746
          ],
          [
            21.429946325011596,
            0.45403122105431826
          ],
          [
            21.404972025162103,
            0.45403122484870917
          ],
          [
            21.37999772531261,
            0.4540312286431001
          ],
          [
            21.35502342546312,
            0.454031232437491
          ],
          [
            21.330049125613627,
            0.4540312362318818
          ],
          [
            21.305074825764134,
            0.4540312400262727
          ],
          [
            21.280100525914644,
            0.4540312438206636
          ],
          [
            21.25512622606515,
            0.45403124761505453
          ],
          [
            21.23015192621566,
            0.45403125140944534
          ],
          [
            21.20517762636617,
            0.45403125520383625
          ],
          [
            21.18020332651668,
            0.45403125899822716
          ],
          [
            21.155229026667186,
            0.4540312627926181
          ],
          [
            21.130254726817693,
            0.4540312665870089
          ],
          [
            21.105280426968203,
            0.4540312703813998
          ],
          [
            21.080306127118714,
            0.4540312741757907
          ],
          [
            21.05533182726922,
            0.4540312779701816
          ],
          [
            21.030357527419728,
            0.4540312817645724
          ],
          [
            21.00538322757024,
            0.4540312855589633
          ],
          [
            20.980408927720745,
            0.45403128935335424
          ],
          [
            20.955434627871256,
            0.45403129314774504
          ],
          [
            20.930460328021763,
            0.45403129694213595
          ],
          [
            20.905486028172273,
            0.45403130073652687
          ],
          [
            20.88051172832278,
            0.4540313045309178
          ],
          [
            20.855537428473287,
            0.4540313083253086
          ],
          [
            20.830563128623798,
            0.4540313121196995
          ],
          [
            20.805588828774308,
            0.4540313159140904
          ],
          [
            20.780614528924815,
            0.4540313197084813
          ],
          [
            20.755640229075322,
            0.4540313235028721
          ],
          [
            20.730665929225832,
            0.45403132729726303
          ],
          [
            20.70569162937634,
            0.45403133109165394
          ],
          [
            20.68071732952685,
            0.45403133488604486
          ],
          [
            20.655743029677357,
            0.45403133868043566
          ],
          [
            20.630768729827864,
            0.45403134247482657
          ],
          [
            20.605794429978374,
            0.4540313462692175
          ],
          [
            20.58082013012888,
            0.4540313500636084
          ],
          [
            20.55584583027939,
            0.4540313538579992
          ],
          [
            20.5308715304299,
            0.4540313576523901
          ],
          [
            20.50589723058041,
            0.454031361446781
          ],
          [
            20.480922930730916,
            0.45403136524117194
          ],
          [
            20.455948630881426,
            0.45403136903556274
          ],
          [
            20.430974331031933,
            0.45403137282995365
          ],
          [
            20.40600003118244,
            0.45403137662434456
          ],
          [
            20.38102573133295,
            0.4540313804187355
          ],
          [
            20.35605143148346,
            0.4540313842131263
          ],
          [
            20.33107713163397,
            0.4540313880075172
          ],
          [
            20.306102831784475,
            0.4540313918019081
          ],
          [
            20.281128531934986,
            0.4540313955962989
          ],
          [
            20.256154232085493,
            0.4540313993906898
          ],
          [
            20.231179932236,
            0.45403140318508073
          ],
          [
            20.20620563238651,
            0.45403140697947164
          ],
          [
            20.181231332537017,
            0.45403141077386244
          ],
          [
            20.156257032687524,
            0.45403141456825336
          ],
          [
            20.131282732838034,
            0.45403141836264427
          ],
          [
            20.106308432988545,
            0.4540314221570352
          ],
          [
            20.081334133139052,
            0.454031425951426
          ],
          [
            20.05635983328956,
            0.4540314297458169
          ],
          [
            20.03138553344007,
            0.4540314335402078
          ],
          [
            20.006411233590576,
            0.4540314373345987
          ],
          [
            19.981436933741087,
            0.4540314411289895
          ],
          [
            19.956462633891594,
            0.45403144492338043
          ],
          [
            19.931488334042104,
            0.45403144871777135
          ],
          [
            19.90651403419261,
            0.45403145251216226
          ],
          [
            19.88153973434312,
            0.45403145630655306
          ],
          [
            19.85656543449363,
            0.454031460100944
          ],
          [
            19.83159113464414,
            0.4540314638953349
          ],
          [
            19.806616834794646,
            0.4540314676897258
          ],
          [
            19.781642534945153,
            0.4540314714841166
          ],
          [
            19.756668235095663,
            0.4540314752785075
          ],
          [
            19.73169393524617,
            0.4540314790728984
          ],
          [
            19.706719635396677,
            0.45403148286728934
          ],
          [
            19.681745335547188,
            0.45403148666168014
          ],
          [
            19.656771035697698,
            0.45403149045607105
          ],
          [
            19.631796735848205,
            0.45403149425046196
          ],
          [
            19.606822435998712,
            0.45403149804485277
          ],
          [
            19.581848136149222,
            0.4540315018392437
          ],
          [
            19.55687383629973,
            0.4540315056336346
          ],
          [
            19.531899536450236,
            0.4540315094280255
          ],
          [
            19.506925236600747,
            0.4540315132224163
          ],
          [
            19.481950936751257,
            0.4540315170168072
          ],
          [
            19.456976636901764,
            0.45403152081119813
          ],
          [
            19.43200233705227,
            0.45403152460558904
          ],
          [
            19.40702803720278,
            0.45403152839997984
          ],
          [
            19.38205373735329,
            0.45403153219437076
          ],
          [
            19.3570794375038,
            0.45403153598876167
          ],
          [
            19.332105137654306,
            0.4540315397831526
          ],
          [
            19.307130837804817,
            0.4540315435775434
          ],
          [
            19.282156537955323,
            0.4540315473719343
          ],
          [
            19.25718223810583,
            0.4540315511663252
          ],
          [
            19.23220793825634,
            0.4540315549607161
          ],
          [
            19.20723363840685,
            0.4540315587551069
          ],
          [
            19.18225933855736,
            0.45403156254949784
          ],
          [
            19.157285038707865,
            0.45403156634388875
          ],
          [
            19.132310738858376,
            0.45403157013827966
          ],
          [
            19.107336439008886,
            0.45403157393267046
          ],
          [
            19.08236213915939,
            0.4540315777270614
          ],
          [
            19.0573878393099,
            0.4540315815214523
          ],
          [
            19.03241353946041,
            0.4540315853158432
          ],
          [
            19.007439239610918,
            0.454031589110234
          ],
          [
            18.982464939761424,
            0.4540315929046249
          ],
          [
            18.957490639911935,
            0.4540315966990158
          ],
          [
            18.932516340062442,
            0.45403160049340674
          ],
          [
            18.907542040212952,
            0.45403160428779754
          ],
          [
            18.88256774036346,
            0.45403160808218845
          ],
          [
            18.85759344051397,
            0.45403161187657937
          ],
          [
            18.832619140664477,
            0.45403161567097017
          ],
          [
            18.807644840814984,
            0.4540316194653611
          ],
          [
            18.782670540965494,
            0.454031623259752
          ],
          [
            18.757696241116,
            0.4540316270541429
          ],
          [
            18.73272194126651,
            0.4540316308485337
          ],
          [
            18.70774764141702,
            0.4540316346429246
          ],
          [
            18.68277334156753,
            0.45403163843731553
          ],
          [
            18.657799041718036,
            0.45403164223170644
          ],
          [
            18.632824741868543,
            0.45403164602609725
          ],
          [
            18.607850442019053,
            0.45403164982048816
          ],
          [
            18.582876142169564,
            0.45403165361487907
          ],
          [
            18.557901842320067,
            0.45403165740927
          ],
          [
            18.532927542470578,
            0.4540316612036608
          ],
          [
            18.507953242621088,
            0.4540316649980517
          ],
          [
            18.482978942771595,
            0.4540316687924426
          ],
          [
            18.458004642922102,
            0.4540316725868335
          ],
          [
            18.433030343072613,
            0.4540316763812243
          ],
          [
            18.408056043223123,
            0.45403168017561524
          ],
          [
            18.38308174337363,
            0.45403168397000615
          ],
          [
            18.358107443524137,
            0.45403168776439706
          ],
          [
            18.333133143674647,
            0.45403169155878786
          ],
          [
            18.308158843825154,
            0.4540316953531788
          ],
          [
            18.283184543975665,
            0.4540316991475697
          ],
          [
            18.25821024412617,
            0.4540317029419606
          ],
          [
            18.233235944276682,
            0.4540317067363514
          ],
          [
            18.20826164442719,
            0.4540317105307423
          ],
          [
            18.183287344577696,
            0.45403171432513323
          ],
          [
            18.158313044728207,
            0.45403171811952403
          ],
          [
            18.133338744878714,
            0.45403172191391494
          ],
          [
            18.10836444502922,
            0.45403172570830586
          ],
          [
            18.08339014517973,
            0.45403172950269677
          ],
          [
            18.05841584533024,
            0.45403173329708757
          ],
          [
            18.03344154548075,
            0.4540317370914785
          ],
          [
            18.008467245631255,
            0.4540317408858694
          ],
          [
            17.983492945781766,
            0.4540317446802603
          ],
          [
            17.958518645932276,
            0.4540317484746511
          ],
          [
            17.93354434608278,
            0.454031752269042
          ],
          [
            17.90857004623329,
            0.45403175606343293
          ],
          [
            17.8835957463838,
            0.45403175985782385
          ],
          [
            17.858621446534308,
            0.45403176365221465
          ],
          [
            17.833647146684815,
            0.45403176744660556
          ],
          [
            17.808672846835325,
            0.4540317712409965
          ],
          [
            17.783698546985836,
            0.4540317750353874
          ],
          [
            17.758724247136342,
            0.4540317788297782
          ],
          [
            17.73374994728685,
            0.4540317826241691
          ],
          [
            17.70877564743736,
            0.45403178641856
          ],
          [
            17.683801347587867,
            0.4540317902129509
          ],
          [
            17.658827047738377,
            0.4540317940073417
          ],
          [
            17.633852747888884,
            0.45403179780173264
          ],
          [
            17.608878448039395,
            0.45403180159612355
          ],
          [
            17.5839041481899,
            0.45403180539051446
          ],
          [
            17.55892984834041,
            0.45403180918490527
          ],
          [
            17.53395554849092,
            0.4540318129792962
          ],
          [
            17.50898124864143,
            0.4540318167736871
          ],
          [
            17.484006948791933,
            0.4540318205680779
          ],
          [
            17.459032648942443,
            0.4540318243624688
          ],
          [
            17.434058349092954,
            0.4540318281568597
          ],
          [
            17.40908404924346,
            0.45403183195125063
          ],
          [
            17.384109749393968,
            0.45403183574564143
          ],
          [
            17.35913544954448,
            0.45403183954003234
          ],
          [
            17.33416114969499,
            0.45403184333442326
          ],
          [
            17.309186849845492,
            0.45403184712881417
          ],
          [
            17.284212549996003,
            0.45403185092320497
          ],
          [
            17.259238250146513,
            0.4540318547175959
          ],
          [
            17.23426395029702,
            0.4540318585119868
          ],
          [
            17.209289650447527,
            0.4540318623063777
          ],
          [
            17.184315350598037,
            0.4540318661007685
          ],
          [
            17.159341050748548,
            0.4540318698951594
          ],
          [
            17.134366750899055,
            0.45403187368955034
          ],
          [
            17.109392451049562,
            0.45403187748394125
          ],
          [
            17.084418151200072,
            0.45403188127833205
          ],
          [
            17.05944385135058,
            0.45403188507272296
          ],
          [
            17.034469551501086,
            0.4540318888671139
          ],
          [
            17.009495251651597,
            0.4540318926615048
          ],
          [
            16.984520951802107,
            0.4540318964558956
          ],
          [
            16.959546651952614,
            0.4540319002502865
          ],
          [
            16.93457235210312,
            0.4540319040446774
          ],
          [
            16.90959805225363,
            0.4540319078390683
          ],
          [
            16.884623752404142,
            0.45403191163345913
          ],
          [
            16.859649452554645,
            0.45403191542785004
          ],
          [
            16.834675152705156,
            0.45403191922224095
          ],
          [
            16.809700852855666,
            0.45403192301663187
          ],
          [
            16.784726553006173,
            0.45403192681102267
          ],
          [
            16.75975225315668,
            0.4540319306054136
          ],
          [
            16.73477795330719,
            0.4540319343998045
          ],
          [
            16.7098036534577,
            0.4540319381941953
          ],
          [
            16.684829353608205,
            0.4540319419885862
          ],
          [
            16.659855053758715,
            0.4540319457829771
          ],
          [
            16.634880753909226,
            0.45403194957736803
          ],
          [
            16.609906454059733,
            0.45403195337175883
          ],
          [
            16.58493215421024,
            0.45403195716614975
          ],
          [
            16.55995785436075,
            0.45403196096054066
          ],
          [
            16.534983554511257,
            0.45403196475493157
          ],
          [
            16.510009254661767,
            0.4540319685493224
          ],
          [
            16.485034954812274,
            0.4540319723437133
          ],
          [
            16.460060654962785,
            0.4540319761381042
          ],
          [
            16.43508635511329,
            0.4540319799324951
          ],
          [
            16.4101120552638,
            0.4540319837268859
          ],
          [
            16.38513775541431,
            0.4540319875212768
          ],
          [
            16.36016345556482,
            0.45403199131566774
          ],
          [
            16.335189155715327,
            0.45403199511005865
          ],
          [
            16.310214855865834,
            0.45403199890444945
          ],
          [
            16.285240556016344,
            0.45403200269884036
          ],
          [
            16.260266256166855,
            0.4540320064932313
          ],
          [
            16.235291956317358,
            0.4540320102876222
          ],
          [
            16.21031765646787,
            0.454032014082013
          ],
          [
            16.18534335661838,
            0.4540320178764039
          ],
          [
            16.160369056768886,
            0.4540320216707948
          ],
          [
            16.135394756919393,
            0.45403202546518573
          ],
          [
            16.110420457069903,
            0.45403202925957653
          ],
          [
            16.08544615722041,
            0.45403203305396744
          ],
          [
            16.06047185737092,
            0.45403203684835836
          ],
          [
            16.035497557521428,
            0.45403204064274916
          ],
          [
            16.010523257671938,
            0.45403204443714007
          ],
          [
            15.985548957822445,
            0.454032048231531
          ],
          [
            15.960574657972952,
            0.4540320520259219
          ],
          [
            15.935600358123462,
            0.4540320558203127
          ],
          [
            15.91062605827397,
            0.4540320596147036
          ],
          [
            15.88565175842448,
            0.4540320634090945
          ],
          [
            15.860677458574987,
            0.45403206720348543
          ],
          [
            15.835703158725495,
            0.45403207099787624
          ],
          [
            15.810728858876004,
            0.45403207479226715
          ],
          [
            15.785754559026513,
            0.45403207858665806
          ],
          [
            15.760780259177022,
            0.454032082381049
          ],
          [
            15.73580595932753,
            0.4540320861754398
          ],
          [
            15.710831659478037,
            0.4540320899698307
          ],
          [
            15.685857359628548,
            0.4540320937642216
          ],
          [
            15.660883059779055,
            0.4540320975586125
          ],
          [
            15.635908759929563,
            0.4540321013530033
          ],
          [
            15.610934460080072,
            0.4540321051473942
          ],
          [
            15.58596016023058,
            0.45403210894178514
          ],
          [
            15.56098586038109,
            0.45403211273617605
          ],
          [
            15.536011560531598,
            0.45403211653056685
          ],
          [
            15.511037260682107,
            0.45403212032495777
          ],
          [
            15.486062960832616,
            0.4540321241193487
          ],
          [
            15.461088660983123,
            0.4540321279137396
          ],
          [
            15.436114361133633,
            0.4540321317081304
          ],
          [
            15.41114006128414,
            0.4540321355025213
          ],
          [
            15.386165761434649,
            0.4540321392969122
          ],
          [
            15.361191461585157,
            0.454032143091303
          ],
          [
            15.336217161735666,
            0.45403214688569393
          ],
          [
            15.311242861886175,
            0.45403215068008485
          ],
          [
            15.286268562036682,
            0.45403215447447576
          ],
          [
            15.26129426218719,
            0.45403215826886656
          ],
          [
            15.2363199623377,
            0.45403216206325747
          ],
          [
            15.211345662488208,
            0.4540321658576484
          ],
          [
            15.186371362638717,
            0.4540321696520393
          ],
          [
            15.161397062789225,
            0.4540321734464301
          ],
          [
            15.136422762939732,
            0.454032177240821
          ],
          [
            15.111448463090243,
            0.4540321810352119
          ],
          [
            15.08647416324075,
            0.45403218482960284
          ],
          [
            15.06149986339126,
            0.45403218862399364
          ],
          [
            15.036525563541767,
            0.45403219241838455
          ],
          [
            15.011551263692276,
            0.45403219621277546
          ],
          [
            14.986576963842785,
            0.4540322000071664
          ],
          [
            14.961602663993293,
            0.4540322038015572
          ],
          [
            14.936628364143802,
            0.4540322075959481
          ],
          [
            14.91165406429431,
            0.454032211390339
          ],
          [
            14.886679764444818,
            0.4540322151847299
          ],
          [
            14.861705464595328,
            0.4540322189791207
          ],
          [
            14.836731164745835,
            0.45403222277351163
          ],
          [
            14.811756864896346,
            0.45403222656790254
          ],
          [
            14.786782565046853,
            0.45403223036229345
          ],
          [
            14.761808265197361,
            0.45403223415668426
          ],
          [
            14.73683396534787,
            0.45403223795107517
          ],
          [
            14.711859665498379,
            0.4540322417454661
          ],
          [
            14.686885365648887,
            0.454032245539857
          ],
          [
            14.661911065799396,
            0.4540322493342478
          ],
          [
            14.636936765949903,
            0.4540322531286387
          ],
          [
            14.611962466100413,
            0.4540322569230296
          ],
          [
            14.58698816625092,
            0.4540322607174204
          ],
          [
            14.56201386640143,
            0.45403226451181133
          ],
          [
            14.537039566551938,
            0.45403226830620225
          ],
          [
            14.512065266702445,
            0.45403227210059316
          ],
          [
            14.487090966852955,
            0.45403227589498396
          ],
          [
            14.462116667003462,
            0.4540322796893749
          ],
          [
            14.437142367153971,
            0.4540322834837658
          ],
          [
            14.41216806730448,
            0.4540322872781567
          ],
          [
            14.387193767454988,
            0.4540322910725475
          ],
          [
            14.362219467605497,
            0.4540322948669384
          ],
          [
            14.337245167756006,
            0.4540322986613293
          ],
          [
            14.312270867906514,
            0.45403230245572024
          ],
          [
            14.287296568057023,
            0.45403230625011104
          ],
          [
            14.26232226820753,
            0.45403231004450195
          ],
          [
            14.23734796835804,
            0.45403231383889286
          ],
          [
            14.212373668508548,
            0.4540323176332838
          ],
          [
            14.187399368659056,
            0.4540323214276746
          ],
          [
            14.162425068809565,
            0.4540323252220655
          ],
          [
            14.137450768960074,
            0.4540323290164564
          ],
          [
            14.112476469110582,
            0.4540323328108473
          ],
          [
            14.087502169261091,
            0.4540323366052381
          ],
          [
            14.062527869411598,
            0.45403234039962903
          ],
          [
            14.037553569562109,
            0.45403234419401994
          ],
          [
            14.012579269712615,
            0.45403234798841086
          ],
          [
            13.987604969863126,
            0.45403235178280166
          ],
          [
            13.9626250420654,
            0.45403235561268657
          ],
          [
            13.937100283984998,
            0.45405005183471137
          ],
          [
            13.911575573664296,
            0.45410250431290977
          ],
          [
            13.886050958429728,
            0.4541897129500166
          ],
          [
            13.860526485607622,
            0.45431167758434043
          ],
          [
            13.835002202523984,
            0.4544683979897386
          ],
          [
            13.809478156504525,
            0.454659873875635
          ],
          [
            13.783954394874456,
            0.45488610488699865
          ],
          [
            13.75843096495852,
            0.45514709060436864
          ],
          [
            13.732907914080785,
            0.4554428305438402
          ],
          [
            13.707385289564684,
            0.45577332415706423
          ],
          [
            13.681863138732785,
            0.4561385708312656
          ],
          [
            13.656341508906854,
            0.4565385698892178
          ],
          [
            13.630820447407613,
            0.45697332058927187
          ],
          [
            13.605300001554808,
            0.45744282212533127
          ],
          [
            13.57978021866697,
            0.4579470736268768
          ],
          [
            13.55426114606147,
            0.45848607415895265
          ],
          [
            13.528742831054297,
            0.4590598227221696
          ],
          [
            13.503225320960095,
            0.4596683182527269
          ],
          [
            13.477708663091958,
            0.4603115596223764
          ],
          [
            13.452192904761462,
            0.4609895456384617
          ],
          [
            13.426678093278447,
            0.46170227504390055
          ],
          [
            13.401164275951066,
            0.462449746517185
          ],
          [
            13.375651500085562,
            0.4632319586723991
          ],
          [
            13.350139812986315,
            0.46404891005920823
          ],
          [
            13.324629261955616,
            0.46490059916286985
          ],
          [
            13.29911989429372,
            0.4657870244042268
          ],
          [
            13.273611757298617,
            0.46670818413972104
          ],
          [
            13.248104898266089,
            0.4676640766613869
          ],
          [
            13.222599364489472,
            0.46865470019686906
          ],
          [
            13.19709520325972,
            0.46968005290940823
          ],
          [
            13.171592461865169,
            0.4707401328978482
          ],
          [
            13.146091187591596,
            0.4718349381966577
          ],
          [
            13.120591427721985,
            0.47296446677590154
          ],
          [
            13.09509322953658,
            0.474128716541273
          ],
          [
            13.069596640312666,
            0.47532768533409026
          ],
          [
            13.044101707324607,
            0.47656137093128953
          ],
          [
            13.018608477843634,
            0.47782977104544627
          ],
          [
            12.99311699913788,
            0.4791328833247576
          ],
          [
            12.967627318472173,
            0.48047070535307457
          ],
          [
            12.942139483108068,
            0.48184323464987333
          ],
          [
            12.916653540303633,
            0.4832504686702951
          ],
          [
            12.891169537313493,
            0.48469240480512416
          ],
          [
            12.865687521388615,
            0.48616904038080644
          ],
          [
            12.840207539776339,
            0.4876803726594419
          ],
          [
            12.814729639720175,
            0.4892263988388101
          ],
          [
            12.789253868459836,
            0.49080711605234845
          ],
          [
            12.76378027323102,
            0.492422521369192
          ],
          [
            12.738308901265464,
            0.4940726117941412
          ],
          [
            12.712839799790705,
            0.49575738426769045
          ],
          [
            12.687373016030147,
            0.4974768356660356
          ],
          [
            12.661908597202821,
            0.4992309628010597
          ],
          [
            12.636446590523452,
            0.5010197624203615
          ],
          [
            12.610987043202213,
            0.5028432312072559
          ],
          [
            12.58553000244479,
            0.5047013657807631
          ],
          [
            12.560075515452157,
            0.5065941626956411
          ],
          [
            12.534623629420611,
            0.5085216184423672
          ],
          [
            12.50917439154157,
            0.5104837294471681
          ],
          [
            12.483727849001601,
            0.5124804920720045
          ],
          [
            12.458284048982213,
            0.5145119026145897
          ],
          [
            12.432843038659891,
            0.5165779573084037
          ],
          [
            12.407404865205883,
            0.5186786523226792
          ],
          [
            12.381969575786245,
            0.5208139837624304
          ],
          [
            12.35653721756162,
            0.5229839476684459
          ],
          [
            12.331107837687275,
            0.5251885400172994
          ],
          [
            12.305681483312897,
            0.5274277567213645
          ],
          [
            12.280258201582628,
            0.5297015936288076
          ],
          [
            12.254838039634842,
            0.5320100465236088
          ],
          [
            12.2294210446022,
            0.5343531111255668
          ],
          [
            12.20400726361142,
            0.536730783090309
          ],
          [
            12.178596743783334,
            0.5391430580092841
          ],
          [
            12.153189532232654,
            0.5415899314097923
          ],
          [
            12.127785676068024,
            0.5440713987549732
          ],
          [
            12.102385222391808,
            0.5465874554438391
          ],
          [
            12.076988218300121,
            0.5491380968112531
          ],
          [
            12.051594710882618,
            0.5517233181279656
          ],
          [
            12.026204747222534,
            0.5543431146005994
          ],
          [
            12.000818374396474,
            0.5569974813716829
          ],
          [
            11.975435639474444,
            0.5596864135196316
          ],
          [
            11.950056589519644,
            0.5624099060587917
          ],
          [
            11.9246812715885,
            0.5651679539394046
          ],
          [
            11.899309732730464,
            0.5679605520476634
          ],
          [
            11.873942019988034,
            0.5707876952056856
          ],
          [
            11.848578180396558,
            0.5736493781715415
          ],
          [
            11.823218260984264,
            0.5765455956392642
          ],
          [
            11.79786230877205,
            0.5794763422388515
          ],
          [
            11.772510370773515,
            0.582441612536275
          ],
          [
            11.747162493994757,
            0.5854414010334997
          ],
          [
            11.721818725434407,
            0.5884757021684902
          ],
          [
            11.696479112083416,
            0.5915445103152152
          ],
          [
            11.671143700925091,
            0.5946478197836613
          ],
          [
            11.645812538934885,
            0.5977856248198558
          ],
          [
            11.62048567308044,
            0.6009579196058473
          ],
          [
            11.595163150321362,
            0.6041646982597542
          ],
          [
            11.569845017609273,
            0.6074059548357456
          ],
          [
            11.54453132188759,
            0.6106816833240745
          ],
          [
            11.519222110091569,
            0.613991877651056
          ],
          [
            11.493917429148082,
            0.6173365316791293
          ],
          [
            11.46861732597567,
            0.620715639206817
          ],
          [
            11.443321847484322,
            0.6241291939687732
          ],
          [
            11.418031040575512,
            0.6275771896357756
          ],
          [
            11.392744952141994,
            0.6310596198147516
          ],
          [
            11.36746362906783,
            0.6345764780487668
          ],
          [
            11.342187118228193,
            0.6381277578170692
          ],
          [
            11.316915466489384,
            0.6417134525350743
          ],
          [
            11.29164872070864,
            0.6453335555543906
          ],
          [
            11.266386927734164,
            0.6489880601628271
          ],
          [
            11.241130134404912,
            0.6526769595844075
          ],
          [
            11.21587838755063,
            0.6564002469793853
          ],
          [
            11.190631733991646,
            0.6601579154442505
          ],
          [
            11.165390220538908,
            0.6639499580117447
          ],
          [
            11.140153893993777,
            0.6677763676508828
          ],
          [
            11.114922801148042,
            0.6716371372669452
          ],
          [
            11.089696988783743,
            0.6755322597015184
          ],
          [
            11.064476503673182,
            0.6794617277324841
          ],
          [
            11.039261392578727,
            0.6834255340740445
          ],
          [
            11.01405170225284,
            0.6874236713767333
          ],
          [
            10.988847479437865,
            0.6914561322274337
          ],
          [
            10.963648770866087,
            0.6955229091493823
          ],
          [
            10.938455623259488,
            0.699623994602191
          ],
          [
            10.913268083329807,
            0.7037593809818612
          ],
          [
            10.888086197778328,
            0.7079290606207951
          ],
          [
            10.862910013295908,
            0.7121330257878027
          ],
          [
            10.837739576562768,
            0.7163712686881384
          ],
          [
            10.812574934248545,
            0.720643781463483
          ],
          [
            10.787416133012057,
            0.7249505561919904
          ],
          [
            10.762263219501365,
            0.729291584888281
          ],
          [
            10.737116240353545,
            0.7336668595034666
          ],
          [
            10.711975242194736,
            0.7380763719251546
          ],
          [
            10.68684027163992,
            0.7425201139774913
          ],
          [
            10.661711375292969,
            0.746998077421122
          ],
          [
            10.636588599746428,
            0.7515102539532782
          ],
          [
            10.611471991581558,
            0.7560566352077271
          ],
          [
            10.586361597368123,
            0.7606372127548258
          ],
          [
            10.561257463664424,
            0.7652519781015286
          ],
          [
            10.536159637017093,
            0.7699009226914052
          ],
          [
            10.511068163961134,
            0.7745840379046339
          ],
          [
            10.485983091019703,
            0.7793013150580557
          ],
          [
            10.460904464704154,
            0.7840527454051595
          ],
          [
            10.435832331513826,
            0.7888383201361155
          ],
          [
            10.410766737936076,
            0.7936580303777755
          ],
          [
            10.385707730446086,
            0.7985118671937115
          ],
          [
            10.360655355506875,
            0.8033998215842062
          ],
          [
            10.33560965956911,
            0.8083218844863032
          ],
          [
            10.310570689071136,
            0.8132780467737819
          ],
          [
            10.285538490438757,
            0.8182682992572089
          ],
          [
            10.260513110085297,
            0.8232926326839436
          ],
          [
            10.235494594411366,
            0.8283510377381474
          ],
          [
            10.210482989804913,
            0.8334435050408157
          ],
          [
            10.185478342641003,
            0.8385700251497812
          ],
          [
            10.160480699281875,
            0.8437305885597399
          ],
          [
            10.135490106076713,
            0.8489251857022693
          ],
          [
            10.110506609361687,
            0.8541538069458405
          ],
          [
            10.08537686970814,
            0.8594523631355374
          ],
          [
            10.060255832677804,
            0.864792027101691
          ],
          [
            10.03514356551565,
            0.8701727845508787
          ],
          [
            10.010040135443143,
            0.8755946210796904
          ],
          [
            9.984945609658105,
            0.8810575221747435
          ],
          [
            9.959860055334502,
            0.8865614732127376
          ],
          [
            9.934783539622334,
            0.8921064594604866
          ],
          [
            9.90971612964736,
            0.8976924660749568
          ],
          [
            9.88465789251098,
            0.903319478103315
          ],
          [
            9.859608895290027,
            0.9089874804829643
          ],
          [
            9.834569205036637,
            0.9146964580415705
          ],
          [
            9.809538888777999,
            0.9204463954971325
          ],
          [
            9.784518013516216,
            0.9262372774579928
          ],
          [
            9.759506646228107,
            0.9320690884229053
          ],
          [
            9.734504853865088,
            0.9379418127810464
          ],
          [
            9.70951270335289,
            0.9438554348120881
          ],
          [
            9.68453026159146,
            0.9498099386862218
          ],
          [
            9.659557595454736,
            0.9558053084642055
          ],
          [
            9.63459477179053,
            0.9618415280973993
          ],
          [
            9.609641857420272,
            0.967918581427822
          ],
          [
            9.58469891913887,
            0.9740364521881885
          ],
          [
            9.559766023714523,
            0.9801951240019511
          ],
          [
            9.534843237888582,
            0.9863945803833327
          ],
          [
            9.5099306283753,
            0.9926348047373968
          ],
          [
            9.485028261861698,
            0.9989157803600726
          ],
          [
            9.460136205007373,
            1.0052374904382106
          ],
          [
            9.435254524444355,
            1.0115999180496063
          ],
          [
            9.410383286776863,
            1.0180030461630745
          ],
          [
            9.385522558581178,
            1.0244468576384775
          ],
          [
            9.360672406405428,
            1.0309313352267797
          ],
          [
            9.33583289676948,
            1.0374564615700752
          ],
          [
            9.311004096164664,
            1.0440222192016622
          ],
          [
            9.286186071053667,
            1.050628590546066
          ],
          [
            9.261378887870308,
            1.0572755579191095
          ],
          [
            9.236582613019428,
            1.0639631035279247
          ],
          [
            9.21179731287663,
            1.07069120947104
          ],
          [
            9.18702305378815,
            1.077459857738404
          ],
          [
            9.16225990207066,
            1.0842690302114437
          ],
          [
            9.137507924011135,
            1.0911187086631005
          ],
          [
            9.1127671858666,
            1.098008874757896
          ],
          [
            9.088037753864008,
            1.1049395100519714
          ],
          [
            9.06331969420003,
            1.1119105959931415
          ],
          [
            9.038613073040944,
            1.1189221139209298
          ],
          [
            9.01391795652236,
            1.1259740450666416
          ],
          [
            8.989234410749107,
            1.1330663705533972
          ],
          [
            8.964562501795031,
            1.1401990713961934
          ],
          [
            8.939902295702867,
            1.1473721285019371
          ],
          [
            8.915253858483979,
            1.1545855226695187
          ],
          [
            8.890617256118245,
            1.1618392345898478
          ],
          [
            8.865992554553854,
            1.16913324484592
          ],
          [
            8.84137981970717,
            1.1764675339128412
          ],
          [
            8.816779117462486,
            1.1838420821579068
          ],
          [
            8.792190513671903,
            1.1912568698406445
          ],
          [
            8.767614074155121,
            1.1987118771128769
          ],
          [
            8.74304986469932,
            1.206207084018744
          ],
          [
            8.718497951058893,
            1.2137424704947943
          ],
          [
            8.693958398955347,
            1.2213180163700195
          ],
          [
            8.669431274077073,
            1.2289337013659127
          ],
          [
            8.644916642079243,
            1.2365895050965063
          ],
          [
            8.620414568583552,
            1.2442854070684615
          ],
          [
            8.595925119178077,
            1.2520213866810903
          ],
          [
            8.5714483594171,
            1.2597974232264348
          ],
          [
            8.546984354820973,
            1.2676134958892917
          ],
          [
            8.522533170875867,
            1.2754695837473085
          ],
          [
            8.49809487303364,
            1.2833656657710046
          ],
          [
            8.47366952671165,
            1.2913017208238509
          ],
          [
            8.449257197292619,
            1.2992777276623073
          ],
          [
            8.424857950124393,
            1.3072936649358964
          ],
          [
            8.400471850519803,
            1.315349511187251
          ],
          [
            8.376098963756485,
            1.3234452448521798
          ],
          [
            8.351739355076731,
            1.3315808442597028
          ],
          [
            8.327393089687265,
            1.339756287632145
          ],
          [
            8.303060232759096,
            1.3479715530851637
          ],
          [
            8.278740849427331,
            1.3562266186278316
          ],
          [
            8.25443500479105,
            1.3645214621626613
          ],
          [
            8.230142763913053,
            1.3728560614857068
          ],
          [
            8.205864191819735,
            1.3812303942865933
          ],
          [
            8.181599353500898,
            1.3896444381485895
          ],
          [
            8.157348313909605,
            1.3980981705486548
          ],
          [
            8.133111137961956,
            1.4065915688575203
          ],
          [
            8.108887890536947,
            1.4151246103397332
          ],
          [
            8.08467863647628,
            1.4236972721537264
          ],
          [
            8.060483440584234,
            1.4323095313518626
          ],
          [
            8.036302367627421,
            1.4409613648805226
          ],
          [
            8.012135482334658,
            1.4496527495801486
          ],
          [
            7.987982849396777,
            1.4583836621853117
          ],
          [
            7.963844533466492,
            1.467154079324766
          ],
          [
            7.9397205991581545,
            1.4759639775215296
          ],
          [
            7.915611111047631,
            1.484813333192926
          ],
          [
            7.891516133672109,
            1.4937021226506733
          ],
          [
            7.867435731529968,
            1.5026303221009054
          ],
          [
            7.843369969080537,
            1.5115979076442856
          ],
          [
            7.819318910743965,
            1.5206048552760367
          ],
          [
            7.795282620901029,
            1.5296511408860247
          ],
          [
            7.771261163893015,
            1.5387367402587944
          ],
          [
            7.747254604021462,
            1.5478616290736738
          ],
          [
            7.723263005548047,
            1.557025782904811
          ],
          [
            7.6992864326943815,
            1.5662291772212544
          ],
          [
            7.675324949641898,
            1.5754717873869972
          ],
          [
            7.651378620531596,
            1.5847535886610737
          ],
          [
            7.627447509463923,
            1.5940745561976017
          ],
          [
            7.603531680498577,
            1.6034346650458664
          ],
          [
            7.579631197654387,
            1.6128338901503627
          ],
          [
            7.555746124909067,
            1.6222722063508852
          ],
          [
            7.531876526199089,
            1.6317495883825954
          ],
          [
            7.5080224654194945,
            1.641266010876078
          ],
          [
            7.484184006423768,
            1.6508214483573973
          ],
          [
            7.460361213023594,
            1.6604158752482032
          ],
          [
            7.436554148988737,
            1.6700492658657624
          ],
          [
            7.4127628780468395,
            1.679721594423059
          ],
          [
            7.388987463883311,
            1.68943283502882
          ],
          [
            7.365227970141071,
            1.699182961687631
          ],
          [
            7.3414844604204434,
            1.7089719482999832
          ],
          [
            7.317756998278947,
            1.7187997686623468
          ],
          [
            7.294045647231183,
            1.7286663964672262
          ],
          [
            7.270350470748588,
            1.7385718053032622
          ],
          [
            7.246671532259315,
            1.748515968655281
          ],
          [
            7.2230088951480385,
            1.7584988599043663
          ],
          [
            7.1993626227558325,
            1.7685204523279268
          ],
          [
            7.175732778379931,
            1.7785807190997849
          ],
          [
            7.1521194252736,
            1.7886796332902373
          ],
          [
            7.128522626645954,
            1.7988171678661276
          ],
          [
            7.1049424456618295,
            1.8089932956909083
          ],
          [
            7.081378945441542,
            1.8192079895247324
          ],
          [
            7.057832189060766,
            1.829461222024523
          ],
          [
            7.034302239550348,
            1.8397529657440415
          ],
          [
            7.010789159896178,
            1.850083193133939
          ],
          [
            6.987293013038953,
            1.860451876541881
          ],
          [
            6.9638138618740575,
            1.8708589882125735
          ],
          [
            6.9403517692513645,
            1.8813045002878743
          ],
          [
            6.916906797975125,
            1.8917883848068227
          ],
          [
            6.89347901080372,
            1.9023106137057628
          ],
          [
            6.870068470449546,
            1.9128711588183909
          ],
          [
            6.846675239578815,
            1.9234699918758449
          ],
          [
            6.823299380811448,
            1.9341070845067505
          ],
          [
            6.799940956720823,
            1.9447824082373368
          ],
          [
            6.776600029833659,
            1.9554959344914913
          ],
          [
            6.7532766626298315,
            1.9662476345908444
          ],
          [
            6.729970917542241,
            1.9770374797548225
          ],
          [
            6.706682856956585,
            1.9878654411007615
          ],
          [
            6.683412543211232,
            1.9987314896439612
          ],
          [
            6.660160038597034,
            2.0096355962977754
          ],
          [
            6.636925405357207,
            2.0205777318736615
          ],
          [
            6.613708705687094,
            2.031557867081302
          ],
          [
            6.590510001734039,
            2.04257597252865
          ],
          [
            6.567329355597207,
            2.053632018722026
          ],
          [
            6.544166829327463,
            2.064725976066172
          ],
          [
            6.521022484927128,
            2.075857814864369
          ],
          [
            6.497896384349866,
            2.0870275053184777
          ],
          [
            6.474788589500491,
            2.098235017529059
          ],
          [
            6.45169916223486,
            2.1094803214954014
          ],
          [
            6.428628164359616,
            2.1207633871156517
          ],
          [
            6.405575657632089,
            2.1320841841868665
          ],
          [
            6.382541703760096,
            2.1434426824051167
          ],
          [
            6.3595263644018285,
            2.154838851365523
          ],
          [
            6.336529701165612,
            2.1662726605623965
          ],
          [
            6.313326674764384,
            2.1778624636764055
          ],
          [
            6.290147461425643,
            2.189499819020046
          ],
          [
            6.266992158602673,
            2.2011846776659256
          ],
          [
            6.243860863648269,
            2.21291699048691
          ],
          [
            6.220753673814251,
            2.22469670815637
          ],
          [
            6.197670686251118,
            2.236523781148364
          ],
          [
            6.17461199800762,
            2.248398159737837
          ],
          [
            6.15157770603031,
            2.2603197940008775
          ],
          [
            6.128567907163204,
            2.272288633814865
          ],
          [
            6.105582698147338,
            2.2843046288587234
          ],
          [
            6.082622175620337,
            2.2963677286131268
          ],
          [
            6.059686436116071,
            2.3084778823606857
          ],
          [
            6.036775576064181,
            2.320635039186204
          ],
          [
            6.013889691789726,
            2.3328391479768484
          ],
          [
            5.9910288795127675,
            2.3450901574223884
          ],
          [
            5.968193235347922,
            2.3573880160154195
          ],
          [
            5.945382855304031,
            2.369732672051547
          ],
          [
            5.922597835283677,
            2.3821240736296456
          ],
          [
            5.89983827108285,
            2.3945621686520386
          ],
          [
            5.877104258390517,
            2.407046904824737
          ],
          [
            5.854395892788186,
            2.419578229657667
          ],
          [
            5.831713269749565,
            2.432156090464872
          ],
          [
            5.8090564846401325,
            2.444780434364737
          ],
          [
            5.786425632716706,
            2.457451208280232
          ],
          [
            5.763820809127112,
            2.4701683589391012
          ],
          [
            5.741242108909703,
            2.482931832874123
          ],
          [
            5.718689626993032,
            2.495741576423305
          ],
          [
            5.696163458195417,
            2.5085975357301193
          ],
          [
            5.673663697224523,
            2.5214996567437447
          ],
          [
            5.651190438677013,
            2.534447885219268
          ],
          [
            5.628743777038126,
            2.547442166717926
          ],
          [
            5.606323806681249,
            2.5604824466073435
          ],
          [
            5.583930621867587,
            2.573568670061737
          ],
          [
            5.561564316745697,
            2.5867007820621764
          ],
          [
            5.539224985351146,
            2.599878727396788
          ],
          [
            5.516912721606098,
            2.613102450660998
          ],
          [
            5.4946276193188845,
            2.626371896257787
          ],
          [
            5.472369772183683,
            2.6396870083978716
          ],
          [
            5.4501392737800405,
            2.653047731100002
          ],
          [
            5.427936217572548,
            2.666454008191145
          ],
          [
            5.405760696910422,
            2.679905783306746
          ],
          [
            5.383612805027081,
            2.693402999890971
          ],
          [
            5.361492635039812,
            2.7069456011969213
          ],
          [
            5.3394002799493485,
            2.720533530286886
          ],
          [
            5.317335832639453,
            2.7341667300325962
          ],
          [
            5.295299385876593,
            2.74784514311543
          ],
          [
            5.273291032309471,
            2.761568712026693
          ],
          [
            5.251310864468708,
            2.7753373790678233
          ],
          [
            5.229358974766421,
            2.789151086350653
          ],
          [
            5.207435455495808,
            2.8030097757976637
          ],
          [
            5.185540398830819,
            2.816913389142206
          ],
          [
            5.163673896825731,
            2.830861867928746
          ],
          [
            5.141836041414747,
            2.8448551535131426
          ],
          [
            5.120026924411662,
            2.858893187062852
          ],
          [
            5.098246637509407,
            2.87297590955721
          ],
          [
            5.076495272279734,
            2.8871032617876553
          ],
          [
            5.054772920172797,
            2.9012751843579796
          ],
          [
            5.03307967251674,
            2.9154916176846104
          ],
          [
            5.011415620517377,
            2.9297525019968114
          ],
          [
            4.9897808552577425,
            2.9440577773369814
          ],
          [
            4.968175467697759,
            2.958407383560866
          ],
          [
            4.946599548673845,
            2.972801260337833
          ],
          [
            4.925053188898486,
            2.9872393471511343
          ],
          [
            4.903536478959923,
            3.0017215832981305
          ],
          [
            4.882049509321741,
            3.0162479078905693
          ],
          [
            4.860592370322454,
            3.0308182598548465
          ],
          [
            4.839165152175198,
            3.045432577932228
          ],
          [
            4.817767944967272,
            3.060090800679163
          ],
          [
            4.796400838659832,
            3.0747928664674835
          ],
          [
            4.7750639230874725,
            3.089538713484695
          ],
          [
            4.753757287957831,
            3.1043282797342515
          ],
          [
            4.732481022851275,
            3.119161503035766
          ],
          [
            4.711235217220446,
            3.1340383210253315
          ],
          [
            4.6900199603899555,
            3.148958671155737
          ],
          [
            4.668835341555971,
            3.163922490696743
          ],
          [
            4.647681449785823,
            3.1789297167353734
          ],
          [
            4.626558374017684,
            3.1939802861761324
          ],
          [
            4.605466203060165,
            3.2090741357412953
          ],
          [
            4.584405025591914,
            3.2242112019711975
          ],
          [
            4.563374930161306,
            3.2393914212244415
          ],
          [
            4.542376005186005,
            3.254614729678237
          ],
          [
            4.521408338952652,
            3.2698810633286013
          ],
          [
            4.500472019616458,
            3.2851903579906656
          ],
          [
            4.479567135200821,
            3.3005425492989597
          ],
          [
            4.458693773597007,
            3.3159375727076297
          ],
          [
            4.4378520225637175,
            3.3313753634907695
          ],
          [
            4.417041969726777,
            3.3468558567426463
          ],
          [
            4.396263702578743,
            3.3623789873779883
          ],
          [
            4.375517308478502,
            3.377944690132286
          ],
          [
            4.354802874650967,
            3.393552899562017
          ],
          [
            4.33412048818668,
            3.4092035500449476
          ],
          [
            4.313470236041415,
            3.424896575780435
          ],
          [
            4.2928522050358815,
            3.4406319107896364
          ],
          [
            4.272266481855279,
            3.4564094889158654
          ],
          [
            4.251713153049006,
            3.4722292438248026
          ],
          [
            4.231192305030264,
            3.488091109004809
          ],
          [
            4.210704024075664,
            3.5039950177672163
          ],
          [
            4.190248396324922,
            3.5199409032465714
          ],
          [
            4.16982550778047,
            3.5359286984009364
          ],
          [
            4.149435444307066,
            3.5519583360121927
          ],
          [
            4.1290782916314965,
            3.568029748686272
          ],
          [
            4.108754135342141,
            3.5841428688534984
          ],
          [
            4.088463060888683,
            3.6002976287688253
          ],
          [
            4.068205153581714,
            3.616493960512133
          ],
          [
            4.047980498592355,
            3.6327317959885437
          ],
          [
            4.027789180951956,
            3.6490110669286557
          ],
          [
            4.007631285551676,
            3.6653317048888874
          ],
          [
            3.9875068971421745,
            3.681693641251713
          ],
          [
            3.967416100333242,
            3.6980968072259763
          ],
          [
            3.947358979593408,
            3.7145411338471956
          ],
          [
            3.9273356192496465,
            3.73102655197782
          ],
          [
            3.907346103486988,
            3.74755299230753
          ],
          [
            3.8873905163481446,
            3.7641203853535603
          ],
          [
            3.867468941733214,
            3.7807286614609343
          ],
          [
            3.8475814633992624,
            3.797377750802824
          ],
          [
            3.8277281649600257,
            3.8140675833807802
          ],
          [
            3.8079091298855383,
            3.830798089025059
          ],
          [
            3.7881244415017505,
            3.847569197394933
          ],
          [
            3.768374182990248,
            3.86438083797894
          ],
          [
            3.74865843738782,
            3.8812329400952343
          ],
          [
            3.7289772875861855,
            3.8981254328918333
          ],
          [
            3.709330816331602,
            3.915058245346944
          ],
          [
            3.6897191062245094,
            3.932031306269269
          ],
          [
            3.670142239719222,
            3.9490445442982702
          ],
          [
            3.6506002991235507,
            3.9660978879045135
          ],
          [
            3.6310933665984577,
            3.9831912653899333
          ],
          [
            3.61162152415774,
            4.000324604888149
          ],
          [
            3.592184853667642,
            4.017497834364773
          ],
          [
            3.5727834368465494,
            4.034710881617701
          ],
          [
            3.5534173552646147,
            4.0519636742774265
          ],
          [
            3.534086690343448,
            4.0692561398073295
          ],
          [
            3.5147915233557394,
            4.086588205504
          ],
          [
            3.49553193542494,
            4.103959798497538
          ],
          [
            3.476308007524907,
            4.121370845751853
          ],
          [
            3.4571198204795888,
            4.13882127406497
          ],
          [
            3.4379674549626493,
            4.15631101006935
          ],
          [
            3.4188509914971545,
            4.17383998023219
          ],
          [
            3.399770510455225,
            4.1914081108557335
          ],
          [
            3.380726092057692,
            4.209015328077579
          ],
          [
            3.361717816373781,
            4.2266615578709885
          ],
          [
            3.3427457633207527,
            4.244346726045206
          ],
          [
            3.323810012663569,
            4.2620707582457715
          ],
          [
            3.3049106440145843,
            4.2798335799548095
          ],
          [
            3.2860477368331686,
            4.297635116491373
          ],
          [
            3.2672213704254083,
            4.315475293011747
          ],
          [
            3.2484316239437545,
            4.333354034509751
          ],
          [
            3.229678576386694,
            4.351271265817079
          ],
          [
            3.2109623065984323,
            4.36922691160358
          ],
          [
            3.192282893268534,
            4.387220896377613
          ],
          [
            3.1736404149316093,
            4.40525314448634
          ],
          [
            3.154832225329758,
            4.423532929578716
          ],
          [
            3.1360740411690315,
            4.4418640251846835
          ],
          [
            3.117366002428843,
            4.460246294511898
          ],
          [
            3.0987082487143955,
            4.478679600386147
          ],
          [
            3.0801009192556528,
            4.497163805252368
          ],
          [
            3.0615441529062934,
            4.515698771175676
          ],
          [
            3.0430380881426897,
            4.53428435984238
          ],
          [
            3.024582863062851,
            4.55292043256104
          ],
          [
            3.006178615385408,
            4.571606850263481
          ],
          [
            2.9878254824485877,
            4.590343473505838
          ],
          [
            2.9695236012091764,
            4.609130162469599
          ],
          [
            2.951273108241508,
            4.627966776962648
          ],
          [
            2.933074139736435,
            4.646853176420306
          ],
          [
            2.91492683150033,
            4.665789219906379
          ],
          [
            2.8968313189540513,
            4.68477476611422
          ],
          [
            2.8787877371319417,
            4.703809673367782
          ],
          [
            2.860796220680826,
            4.722893799622653
          ],
          [
            2.8428569038589986,
            4.742027002467153
          ],
          [
            2.824969920535224,
            4.761209139123365
          ],
          [
            2.8071354041877328,
            4.780440066448222
          ],
          [
            2.789353487903241,
            4.799719640934552
          ],
          [
            2.771624304375939,
            4.819047718712175
          ],
          [
            2.7539479859065077,
            4.8384241555489655
          ],
          [
            2.7363246644011427,
            4.857848806851914
          ],
          [
            2.7187544713705476,
            4.877321527668232
          ],
          [
            2.701237537928971,
            4.896842172686418
          ],
          [
            2.683773994793219,
            4.916410596237348
          ],
          [
            2.66636397228169,
            4.936026652295349
          ],
          [
            2.6490076003133853,
            4.9556901944793115
          ],
          [
            2.6317050084069527,
            4.975401076053764
          ],
          [
            2.6144563256797158,
            4.99515914992998
          ],
          [
            2.597261680846717,
            5.014964268667056
          ],
          [
            2.5801212022197446,
            5.034816284473036
          ],
          [
            2.563035017706379,
            5.054715049206006
          ],
          [
            2.546003254809053,
            5.0746604143751854
          ],
          [
            2.529026040624078,
            5.094652231142055
          ],
          [
            2.5121035018407065,
            5.114690350321458
          ],
          [
            2.4952357647401886,
            5.134774622382716
          ],
          [
            2.478422955194832,
            5.154904897450737
          ],
          [
            2.4616651986670495,
            5.175081025307146
          ],
          [
            2.4449626202084325,
            5.195302855391405
          ],
          [
            2.4283153444588237,
            5.2155702368019154
          ],
          [
            2.411723495645373,
            5.2358830182971765
          ],
          [
            2.395187197581618,
            5.256241048296891
          ],
          [
            2.378706573666558,
            5.276644174883108
          ],
          [
            2.362281746883742,
            5.297092245801342
          ],
          [
            2.345912839800336,
            5.317585108461729
          ],
          [
            2.329599974566215,
            5.338122609940153
          ],
          [
            2.3133432729130607,
            5.358704596979381
          ],
          [
            2.297142856153436,
            5.3793309159902245
          ],
          [
            2.2809988451798935,
            5.400001413052674
          ],
          [
            2.2649113604640627,
            5.4207159339170525
          ],
          [
            2.2488805220557655,
            5.441474324005153
          ],
          [
            2.2329064495821043,
            5.46227642841141
          ],
          [
            2.216989262246575,
            5.483122091904052
          ],
          [
            2.2011290788281883,
            5.504011158926248
          ],
          [
            2.1853260176805644,
            5.52494347359728
          ],
          [
            2.169580196731064,
            5.545918879713704
          ],
          [
            2.1538917334798993,
            5.566937220750515
          ],
          [
            2.13826074499927,
            5.587998339862307
          ],
          [
            2.1226873479324735,
            5.609102079884457
          ],
          [
            2.1071716584930447,
            5.630248283334294
          ],
          [
            2.0917137924638833,
            5.651436792412266
          ],
          [
            2.0763138651964015,
            5.672667449003122
          ],
          [
            2.0609719916096445,
            5.6939400946770995
          ],
          [
            2.0456882861894434,
            5.7152545706911
          ],
          [
            2.0304628629875716,
            5.736610717989865
          ],
          [
            2.0152958356208703,
            5.75800837720718
          ],
          [
            2.000187317270418,
            5.779447388667055
          ],
          [
            1.985137420680676,
            5.8009275923849195
          ],
          [
            1.9701462581586624,
            5.822448828068802
          ],
          [
            1.955213941573093,
            5.844010935120547
          ],
          [
            1.9403405823535582,
            5.865613752637009
          ],
          [
            1.9255262914896973,
            5.887257119411233
          ],
          [
            1.910771179530357,
            5.908940873933685
          ],
          [
            1.896075356582772,
            5.930664854393441
          ],
          [
            1.881438932311745,
            5.952428898679403
          ],
          [
            1.866862015938834,
            5.974232844381495
          ],
          [
            1.8523447162415203,
            5.996076528791892
          ],
          [
            1.8378871415524087,
            6.017959788906227
          ],
          [
            1.8234893997584265,
            6.039882461424797
          ],
          [
            1.809151598300001,
            6.061844382753801
          ],
          [
            1.7948738441702676,
            6.08384538900655
          ],
          [
            1.7806562439142672,
            6.1058853160046915
          ],
          [
            1.7664989036281615,
            6.127963999279427
          ],
          [
            1.752401928958427,
            6.150081274072753
          ],
          [
            1.7383654251010738,
            6.172236975338688
          ],
          [
            1.7243894968008646,
            6.194430937744488
          ],
          [
            1.7104742483505235,
            6.216662995671902
          ],
          [
            1.6966197835899646,
            6.238932983218397
          ],
          [
            1.6828262059055115,
            6.2612407341984
          ],
          [
            1.6690936182291392,
            6.283586082144524
          ],
          [
            1.655422123037685,
            6.305968860308834
          ],
          [
            1.6418118223521012,
            6.328388901664077
          ],
          [
            1.6282628177366885,
            6.3508460389049235
          ],
          [
            1.614775210298334,
            6.373340104449229
          ],
          [
            1.6013491006857619,
            6.395870930439275
          ],
          [
            1.5879845890887767,
            6.418438348743035
          ],
          [
            1.574681775237527,
            6.441042190955404
          ],
          [
            1.5614407584017462,
            6.463682288399479
          ],
          [
            1.5482616373900218,
            6.486358472127813
          ],
          [
            1.5351445105490575,
            6.509070572923659
          ],
          [
            1.5220894757629355,
            6.531818421302259
          ],
          [
            1.509096630452386,
            6.554601847512089
          ],
          [
            1.4961660715740628,
            6.577420681536138
          ],
          [
            1.483297895619823,
            6.6002747530931565
          ],
          [
            1.470492198615997,
            6.623163891638957
          ],
          [
            1.4577490761226801,
            6.646087926367669
          ],
          [
            1.445068623233021,
            6.669046686213004
          ],
          [
            1.4324509345725014,
            6.692039999849555
          ],
          [
            1.4198961042982432,
            6.715067695694064
          ],
          [
            1.407404226098291,
            6.738129601906699
          ],
          [
            1.3949753931909328,
            6.761225546392336
          ],
          [
            1.3826096983239866,
            6.784355356801853
          ],
          [
            1.3703072337741102,
            6.807518860533411
          ],
          [
            1.358068091346127,
            6.8307158847337295
          ],
          [
            1.3458923623723267,
            6.853946256299401
          ],
          [
            1.3337801377117846,
            6.8772098018781636
          ],
          [
            1.321731507749687,
            6.9005063478702064
          ],
          [
            1.309746562396667,
            6.923835720429445
          ],
          [
            1.2978253910881143,
            6.947197745464847
          ],
          [
            1.2859680827835143,
            6.970592248641716
          ],
          [
            1.2741747259657954,
            6.9940190553829815
          ],
          [
            1.2624454086406545,
            7.017477990870526
          ],
          [
            1.250780218335907,
            7.040968880046473
          ],
          [
            1.2391792421008312,
            7.064491547614503
          ],
          [
            1.2276425665055237,
            7.088045818041143
          ],
          [
            1.2161702776402494,
            7.111631515557101
          ],
          [
            1.2047624611147905,
            7.135248464158569
          ],
          [
            1.1934192020578316,
            7.158896487608518
          ],
          [
            1.1821405851162978,
            7.182575409438043
          ],
          [
            1.1709266944547392,
            7.2062850529476625
          ],
          [
            1.159777613754694,
            7.230025241208641
          ],
          [
            1.1486934262140749,
            7.253795797064301
          ],
          [
            1.1376742145465375,
            7.27759654313136
          ],
          [
            1.1267200609808683,
            7.301427301801251
          ],
          [
            1.1158310472603699,
            7.325287895241429
          ],
          [
            1.10500725464225,
            7.349178145396724
          ],
          [
            1.094248763897018,
            7.373097873990656
          ],
          [
            1.0835556553078765,
            7.397046902526772
          ],
          [
            1.072928008670135,
            7.421025052289961
          ],
          [
            1.0623659032905959,
            7.445032144347811
          ],
          [
            1.0518694179869756,
            7.469067999551934
          ],
          [
            1.0414386310873112,
            7.4931324385393
          ],
          [
            1.0308459070338758,
            7.517800952195397
          ],
          [
            1.0203543316559147,
            7.542512654179714
          ],
          [
            1.009964081034758,
            7.567267129752886
          ],
          [
            0.9996753295511897,
            7.5920639634576705
          ],
          [
            0.9894882498825253,
            7.616902739125917
          ],
          [
            0.9794030129997063,
            7.641783039885568
          ],
          [
            0.969419788164436,
            7.666704448167637
          ],
          [
            0.9595387429263396,
            7.691666545713234
          ],
          [
            0.9497600431201496,
            7.716668913580571
          ],
          [
            0.9400838528629198,
            7.741711132151997
          ],
          [
            0.9305103345512789,
            7.76679278114105
          ],
          [
            0.9210396488586984,
            7.791913439599489
          ],
          [
            0.9116719547327983,
            7.817072685924385
          ],
          [
            0.9024074093926777,
            7.842270097865179
          ],
          [
            0.8932461683262807,
            7.867505252530775
          ],
          [
            0.8841883852877811,
            7.892777726396637
          ],
          [
            0.875234212295005,
            7.918087095311894
          ],
          [
            0.8663837996268782,
            7.943432934506469
          ],
          [
            0.8576372958209088,
            7.968814818598187
          ],
          [
            0.848994847670687,
            7.994232321599935
          ],
          [
            0.8404566002234255,
            8.019685016926807
          ],
          [
            0.8320226967775239,
            8.045172477403254
          ],
          [
            0.8236932788801654,
            8.070694275270261
          ],
          [
            0.8154684863249397,
            8.096249982192525
          ],
          [
            0.807348457149496,
            8.121839169265648
          ],
          [
            0.79933332763323,
            8.14746140702332
          ],
          [
            0.7914232322949928,
            8.173116265444548
          ],
          [
            0.7836183038908349,
            8.198803313960855
          ],
          [
            0.7759186734117759,
            8.224522121463522
          ],
          [
            0.7683244700816124,
            8.250272256310806
          ],
          [
            0.7608358213547404,
            8.2760532863352
          ],
          [
            0.7534528529140236,
            8.30186477885068
          ],
          [
            0.7461756886686801,
            8.327706300659962
          ],
          [
            0.7390044507522043,
            8.353577418061779
          ],
          [
            0.7319392595203169,
            8.379477696858155
          ],
          [
            0.7249802335489434,
            8.405406702361702
          ],
          [
            0.7181274896322267,
            8.431363999402901
          ],
          [
            0.7113811427805645,
            8.45734915233742
          ],
          [
            0.7047413062186814,
            8.483361725053413
          ],
          [
            0.6982080913837275,
            8.50940128097884
          ],
          [
            0.6917816079234071,
            8.535467383088813
          ],
          [
            0.6854619636941387,
            8.561559593912902
          ],
          [
            0.679249264759248,
            8.587677475542497
          ],
          [
            0.6731436153871844,
            8.613820589638156
          ],
          [
            0.6671451180497701,
            8.639988497436951
          ],
          [
            0.6612538734204829,
            8.666180759759845
          ],
          [
            0.6554699803727712,
            8.692396937019044
          ],
          [
            0.6497935359783804,
            8.718636589225401
          ],
          [
            0.6442246355057384,
            8.744899275995781
          ],
          [
            0.6387633724183519,
            8.771184556560453
          ],
          [
            0.6334098383732321,
            8.797491989770496
          ],
          [
            0.6281641232193638,
            8.823821134105202
          ],
          [
            0.6230263149961958,
            8.850171547679476
          ],
          [
            0.6179964999321608,
            8.876542788251257
          ],
          [
            0.613074762443231,
            8.902934413228952
          ],
          [
            0.6082611851314976,
            8.929345979678848
          ],
          [
            0.6035558487837902,
            8.955777044332548
          ],
          [
            0.5989588323703158,
            8.982227163594425
          ],
          [
            0.5944702130433356,
            9.008695893549046
          ],
          [
            0.5900900661358683,
            9.03518278996864
          ],
          [
            0.5858184651604317,
            9.06168740832054
          ],
          [
            0.5816554818078006,
            9.088209303774653
          ],
          [
            0.5776011859458091,
            9.114748031210924
          ],
          [
            0.5736556456181763,
            9.1413031452268
          ],
          [
            0.5698189270433645,
            9.167874200144716
          ],
          [
            0.5660910946134676,
            9.194460750019566
          ],
          [
            0.5624722108931309,
            9.22106234864619
          ],
          [
            0.5589623366185017,
            9.24767854956686
          ],
          [
            0.5555615306962086,
            9.274308906078781
          ],
          [
            0.5522698502023718,
            9.300952971241585
          ],
          [
            0.5490873503816487,
            9.327610297884824
          ],
          [
            0.5460140846463034,
            9.354280438615483
          ],
          [
            0.5430501045753137,
            9.38096294582549
          ],
          [
            0.5401954599135004,
            9.40765737169922
          ],
          [
            0.5374501985706969,
            9.434363268221016
          ],
          [
            0.5348143666209457,
            9.461080187182713
          ],
          [
            0.532288008301719,
            9.487807680191152
          ],
          [
            0.5298711660131836,
            9.514545298675705
          ],
          [
            0.5275638803174838,
            9.541292593895813
          ],
          [
            0.5253661899380648,
            9.568049116948508
          ],
          [
            0.5232781317590199,
            9.59481441877595
          ],
          [
            0.5212997408244708,
            9.62158805017297
          ],
          [
            0.5194310503379851,
            9.648369561794588
          ],
          [
            0.5176720916620108,
            9.675158504163587
          ],
          [
            0.5160228943173575,
            9.701954427678023
          ],
          [
            0.5144834859826941,
            9.7287568826188
          ],
          [
            0.5130538924940917,
            9.755565419157197
          ],
          [
            0.5117341378445832,
            9.782379587362428
          ],
          [
            0.5105242441837657,
            9.809198937209185
          ],
          [
            0.5094242318174231,
            9.8360230185852
          ],
          [
            0.5084341192071925,
            9.862851381298798
          ],
          [
            0.5075539229702488,
            9.88968357508644
          ],
          [
            0.5067836578790265,
            9.916519149620303
          ],
          [
            0.5061233368609768,
            9.943357654515813
          ],
          [
            0.5055729709983416,
            9.970198639339221
          ],
          [
            0.5051325695279774,
            9.99704165361516
          ],
          [
            0.5048021398411917,
            10.023886246834191
          ],
          [
            0.5045816874836236,
            10.050731968460388
          ],
          [
            0.5044712161551543,
            10.07757836793888
          ],
          [
            0.504470727709833,
            10.104424994703423
          ],
          [
            0.5045802221558604,
            10.131271398183955
          ],
          [
            0.5047996976555762,
            10.158117127814162
          ],
          [
            0.5051291505254978,
            10.184961733039046
          ],
          [
            0.5055685752363803,
            10.211804763322467
          ],
          [
            0.5061179644133083,
            10.23864576815473
          ],
          [
            0.5067773088358165,
            10.265484297060123
          ],
          [
            0.5075465974380542,
            10.292319899604498
          ],
          [
            0.5084258173089591,
            10.319152125402814
          ],
          [
            0.5094149536924824,
            10.345980524126704
          ],
          [
            0.510513989987833,
            10.372804645512034
          ],
          [
            0.5117229077497577,
            10.399624039366445
          ],
          [
            0.5130416866888474,
            10.426438255576937
          ],
          [
            0.5144703046718836,
            10.4532468441174
          ],
          [
            0.5160087377222022,
            10.480049355056169
          ],
          [
            0.5176569600201048,
            10.506845338563588
          ],
          [
            0.519414943903283,
            10.53363434491955
          ],
          [
            0.5212826598672906,
            10.560415924521044
          ],
          [
            0.523260076566031,
            10.587189627889698
          ],
          [
            0.5253471608122913,
            10.61395500567934
          ],
          [
            0.527543877578294,
            10.640711608683517
          ],
          [
            0.5298501899962843,
            10.66745898784305
          ],
          [
            0.5322660593591543,
            10.694196694253563
          ],
          [
            0.5347914451210859,
            10.720924279173017
          ],
          [
            0.5374263048982388,
            10.747641294029249
          ],
          [
            0.5401705944694519,
            10.774347290427484
          ],
          [
            0.5430242677769952,
            10.80104182015788
          ],
          [
            0.5459872769273366,
            10.82772443520304
          ],
          [
            0.5490595721919505,
            10.854394687745529
          ],
          [
            0.5522411020081479,
            10.881052130175403
          ],
          [
            0.555531812979942,
            10.907696315097693
          ],
          [
            0.558931649878949,
            10.934326795339956
          ],
          [
            0.5624405556453116,
            10.960943123959733
          ],
          [
            0.5660584713886536,
            10.98754485425209
          ],
          [
            0.5697853363890771,
            11.01413153975709
          ],
          [
            0.5736210880981698,
            11.0407027342673
          ],
          [
            0.5775656621400678,
            11.06725799183527
          ],
          [
            0.5816189923125242,
            11.093796866781021
          ],
          [
            0.5857810105880286,
            11.120318913699531
          ],
          [
            0.5900516471149415,
            11.1468236874682
          ],
          [
            0.5944308302186764,
            11.173310743254323
          ],
          [
            0.5989184864028911,
            11.199779636522562
          ],
          [
            0.6035145403507316,
            11.226229923042403
          ],
          [
            0.6082189149260883,
            11.252661158895615
          ],
          [
            0.6130315311748964,
            11.27907290048368
          ],
          [
            0.6179523083264578,
            11.30546470453528
          ],
          [
            0.622981163794796,
            11.33183612811369
          ],
          [
            0.6281180131800452,
            11.358186728624235
          ],
          [
            0.633725170486164,
            11.386043722957329
          ],
          [
            0.6395579707883345,
            11.413854346592275
          ],
          [
            0.6456160307604458,
            11.44161677184123
          ],
          [
            0.651898952272536,
            11.469329174183912
          ],
          [
            0.6584063224169538,
            11.496989732387481
          ],
          [
            0.6651377135354981,
            11.524596628626261
          ],
          [
            0.6720926832475218,
            11.552148048601182
          ],
          [
            0.6792707744790032,
            11.579642181659022
          ],
          [
            0.6866715154925865,
            11.607077220911398
          ],
          [
            0.6942944199185819,
            11.634451363353524
          ],
          [
            0.7021389867869332,
            11.661762809982685
          ],
          [
            0.710204700560136,
            11.689009765916484
          ],
          [
            0.7184910311671213,
            11.716190440510786
          ],
          [
            0.7269974340380918,
            11.743303047477404
          ],
          [
            0.7357233501403084,
            11.770345805001494
          ],
          [
            0.7446682060148315,
            11.797316935858646
          ],
          [
            0.7538314138142048,
            11.824214667531692
          ],
          [
            0.7632123713410927,
            11.851037232327181
          ],
          [
            0.7728104620878542,
            11.87778286749157
          ],
          [
            0.7826250552770558,
            11.904449815327046
          ],
          [
            0.7926555059029312,
            11.931036323307065
          ],
          [
            0.8029011547737661,
            11.957540644191498
          ],
          [
            0.8133613285552239,
            11.983961036141494
          ],
          [
            0.8240353398145905,
            12.010295762833916
          ],
          [
            0.8349224870659582,
            12.036543093575471
          ],
          [
            0.8460220548163238,
            12.06270130341645
          ],
          [
            0.8573333136126071,
            12.08876867326408
          ],
          [
            0.8688555200895964,
            12.114743489995506
          ],
          [
            0.8805879170187968,
            12.14062404657038
          ],
          [
            0.8925297333581953,
            12.16640864214304
          ],
          [
            0.904680184302936,
            12.192095582174291
          ],
          [
            0.91703847133689,
            12.217683178542767
          ],
          [
            0.9296037822851433,
            12.243169749655872
          ],
          [
            0.9423752913673609,
            12.268553620560294
          ],
          [
            0.9553521592520651,
            12.293833123052085
          ],
          [
            0.9685335331117918,
            12.319006595786291
          ],
          [
            0.9819185466791364,
            12.344072384386125
          ],
          [
            0.995506320303688,
            12.369028841551708
          ],
          [
            1.009295961009834,
            12.393874327168316
          ],
          [
            1.0232865625554501,
            12.418607208414166
          ],
          [
            1.0374772054914574,
            12.443225859867738
          ],
          [
            1.0518669572222425,
            12.467728663614572
          ],
          [
            1.0664548720669553,
            12.492114009353623
          ],
          [
            1.0812399913216486,
            12.516380294503065
          ],
          [
            1.0962213433222923,
            12.540525924305628
          ],
          [
            1.111397943508624,
            12.564549311933392
          ],
          [
            1.1267687944888563,
            12.588448878592082
          ],
          [
            1.1423328861052233,
            12.612223053624813
          ],
          [
            1.1580891955003667,
            12.635870274615325
          ],
          [
            1.1740366871845602,
            12.659388987490654
          ],
          [
            1.1901743131037557,
            12.68277764662327
          ],
          [
            1.2065010127084652,
            12.70603471493265
          ],
          [
            1.2230157130234582,
            12.729158663986297
          ],
          [
            1.2397173287182717,
            12.75214797410018
          ],
          [
            1.256604762178545,
            12.775001134438622
          ],
          [
            1.2736769035781472,
            12.797716643113567
          ],
          [
            1.290932630952119,
            12.82029300728331
          ],
          [
            1.3083708102704028,
            12.842728743250577
          ],
          [
            1.3259902955123717,
            12.86502237656006
          ],
          [
            1.343789928742149,
            12.88717244209529
          ],
          [
            1.3617685401846966,
            12.909177484174947
          ],
          [
            1.3799249483027045,
            12.93103605664851
          ],
          [
            1.3982579598742275,
            12.952746722991298
          ],
          [
            1.4185999103556322,
            12.976312326788761
          ],
          [
            1.4392608850824384,
            12.999598733876697
          ],
          [
            1.4602370524422372,
            13.022601625751864
          ],
          [
            1.4815245223696136,
            13.045316736489386
          ],
          [
            1.503119347067572,
            13.067739853533885
          ],
          [
            1.5250175217396582,
            13.089866818480704
          ],
          [
            1.5472149853326553,
            13.111693527847082
          ],
          [
            1.5697076212897172,
            13.13321593383317
          ],
          [
            1.5924912583137842,
            13.154430045072683
          ],
          [
            1.6155616711411647,
            13.175331927373115
          ],
          [
            1.6389145813251096,
            13.195917704445343
          ],
          [
            1.6625456580292644,
            13.216183558622486
          ],
          [
            1.6864505188308245,
            13.236125731567904
          ],
          [
            1.7106247305332667,
            13.255740524972177
          ],
          [
            1.7350638099884916,
            13.275024301238979
          ],
          [
            1.75976322492823,
            13.293973484159661
          ],
          [
            1.7847183948045617,
            13.312584559576473
          ],
          [
            1.8099246916393843,
            13.330854076034273
          ],
          [
            1.8353774408826775,
            13.348778645420587
          ],
          [
            1.8610719222794123,
            13.366354943593974
          ],
          [
            1.8870033707449239,
            13.383579711000454
          ],
          [
            1.9131669772486088,
            13.40044975327803
          ],
          [
            1.9395578897057644,
            13.416961941849072
          ],
          [
            1.9661712138774186,
            13.433113214500516
          ],
          [
            1.9930020142779745,
            13.448900575951766
          ],
          [
            2.0200453150905027,
            13.464321098410165
          ],
          [
            2.047296101089517,
            13.479371922113963
          ],
          [
            2.0747493185710537,
            13.494050255862662
          ],
          [
            2.102399876289895,
            13.50835337753466
          ],
          [
            2.130242646403741,
            13.52227863459205
          ],
          [
            2.1582724654241825,
            13.53582344457256
          ],
          [
            2.1864841351742776,
            13.548985295568468
          ],
          [
            2.21487242375256,
            13.561761746692431
          ],
          [
            2.2434320665033067,
            13.574150428530164
          ],
          [
            2.2721577669928763,
            13.586149043579844
          ],
          [
            2.3010441979919403,
            13.59775536667819
          ],
          [
            2.3300860024634282,
            13.608967245413119
          ],
          [
            2.359277794555998,
            13.619782600522917
          ],
          [
            2.3886141606028524,
            13.630199426281843
          ],
          [
            2.418089660125712,
            13.64021579087209
          ],
          [
            2.447698826843761,
            13.649829836742049
          ],
          [
            2.477436169687377,
            13.659039780950788
          ],
          [
            2.507296173816461,
            13.667843915498713
          ],
          [
            2.537273301643173,
            13.676240607644305
          ],
          [
            2.5673619938588863,
            13.684228300206923
          ],
          [
            2.597556670465172,
            13.691805511855591
          ],
          [
            2.6278517318086174,
            13.698970837383698
          ],
          [
            2.6582415596192925,
            13.70572294796961
          ],
          [
            2.688720518052667,
            13.712060591423096
          ],
          [
            2.719282954734786,
            13.717982592417549
          ],
          [
            2.7499232018105166,
            13.723487852707953
          ],
          [
            2.7806355769946536,
            13.728575351334555
          ],
          [
            2.8114143846257154,
            13.733244144812206
          ],
          [
            2.8422539167222123,
            13.737493367305321
          ],
          [
            2.873148454041199,
            13.741322230788468
          ],
          [
            2.904092267138922,
            13.74473002519249
          ],
          [
            2.9350796174333484,
            13.7477161185362
          ],
          [
            2.966104758268403,
            13.75027995704358
          ],
          [
            2.997161935979688,
            13.752421065246482
          ],
          [
            3.0282453909615143,
            13.754139046072796
          ],
          [
            3.059349358735032,
            13.755433580920098
          ],
          [
            3.0904680710172543,
            13.756304429714728
          ],
          [
            3.121595756790805,
            13.756751430956319
          ],
          [
            3.152726643374156,
            13.75677450174774
          ],
          [
            3.1838549574921844,
            13.756373637810476
          ],
          [
            3.2149749263468372,
            13.755548913485413
          ],
          [
            3.2460807786877,
            13.754300481719063
          ],
          [
            3.277166745882296,
            13.752628574035189
          ],
          [
            3.308227062985877,
            13.750533500491876
          ],
          [
            3.3392559698105475,
            13.748015649624023
          ],
          [
            3.3702477119935046,
            13.7450754883713
          ],
          [
            3.4011965420641856,
            13.741713561991538
          ],
          [
            3.432096720510156,
            13.737930493959626
          ],
          [
            3.4629425168415024,
            13.733726985851872
          ],
          [
            3.493728210653569,
            13.729103817215904
          ],
          [
            3.52444809268781,
            13.724061845426098
          ],
          [
            3.5550964658905855,
            13.71860200552458
          ],
          [
            3.58566764646969,
            13.712725310047812
          ],
          [
            3.616155964948417,
            13.70643284883883
          ],
          [
            3.6465557672169777,
            13.699725788845113
          ],
          [
            3.6768614155810604,
            13.692605373902188
          ],
          [
            3.707067289807355,
            13.685072924502945
          ],
          [
            3.7371677881658307,
            13.677129837552757
          ],
          [
            3.7671573284685897,
            13.668777586110417
          ],
          [
            3.7970303491050914,
            13.660017719114967
          ],
          [
            3.8267813100735624,
            13.650851861098424
          ],
          [
            3.8564046940083996,
            13.641281711884536
          ],
          [
            3.8858950072033744,
            13.63130904627352
          ],
          [
            3.9152467806304503,
            13.620935713712935
          ],
          [
            3.944454570954023,
            13.610163637954704
          ],
          [
            3.973512961540397,
            13.598994816698339
          ],
          [
            4.002416563462306,
            13.587431321220473
          ],
          [
            4.031160016498306,
            13.575475295990731
          ],
          [
            4.059737990126826,
            13.563128958274048
          ],
          [
            4.088145184514734,
            13.550394597719452
          ],
          [
            4.116376331500193,
            13.537274575935465
          ],
          [
            4.144426195569651,
            13.52377132605213
          ],
          [
            4.172289574828777,
            13.509887352269779
          ],
          [
            4.1999613019671616,
            13.495625229394637
          ],
          [
            4.2274362452166026,
            13.480987602361306
          ],
          [
            4.2547093093027994,
            13.46597718574227
          ],
          [
            4.28177543639028,
            13.450596763244457
          ],
          [
            4.308629607020388,
            13.434849187193016
          ],
          [
            4.335266841042147,
            13.418737378002334
          ],
          [
            4.361682198535834,
            13.402264323634443
          ],
          [
            4.387870780729108,
            13.3854330790449
          ],
          [
            4.413827730905482,
            13.368246765616242
          ],
          [
            4.4395482353050175,
            13.350708570579112
          ],
          [
            4.46502752401704,
            13.332821746421194
          ],
          [
            4.490260871864731,
            13.314589610284024
          ],
          [
            4.515243599281414,
            13.29601554334782
          ],
          [
            4.539971073178396,
            13.277102990204448
          ],
          [
            4.564438707804175,
            13.257855458218598
          ],
          [
            4.58864196559488,
            13.238276516877361
          ],
          [
            4.612576358015761,
            13.21836979712824
          ],
          [
            4.6362374463936105,
            13.198138990705793
          ],
          [
            4.659620842739907,
            13.177587849447
          ],
          [
            4.682722210564587,
            13.156720184595473
          ],
          [
            4.7055372656802446,
            13.135539866094648
          ],
          [
            4.728061776996651,
            13.114050821870114
          ],
          [
            4.750291567305408,
            13.09225703710116
          ],
          [
            4.772222514054623,
            13.070162553481714
          ],
          [
            4.793850550113446,
            13.047771468470819
          ],
          [
            4.815171664526319,
            13.025087934532737
          ],
          [
            4.836181903256819,
            13.00211615836688
          ],
          [
            4.85687736992094,
            12.978860400127658
          ],
          [
            4.877254226509684,
            12.955324972634438
          ],
          [
            4.897308694100824,
            12.931514240571715
          ],
          [
            4.9170370535597145,
            12.907432619679682
          ],
          [
            4.936435646229012,
            12.883084575935314
          ],
          [
            4.955500874607172,
            12.85847462472416
          ],
          [
            4.974229203015622,
            12.833607330002938
          ],
          [
            4.9926171582544505,
            12.808487303453157
          ],
          [
            5.010661330246524,
            12.783119203625867
          ],
          [
            5.028358372669885,
            12.757507735077722
          ],
          [
            5.04570500357834,
            12.731657647498512
          ],
          [
            5.062698006010096,
            12.705573734830335
          ],
          [
            5.079334228584355,
            12.679260834378528
          ],
          [
            5.095610586085743,
            12.652723825914615
          ],
          [
            5.1115240600364675,
            12.625967630771312
          ],
          [
            5.127071699256096,
            12.59899721092988
          ],
          [
            5.142250620408862,
            12.571817568099906
          ],
          [
            5.157058008538384,
            12.544433742791734
          ],
          [
            5.171491117589702,
            12.516850813381685
          ],
          [
            5.185547270918538,
            12.48907389517028
          ],
          [
            5.199223861787685,
            12.46110813943358
          ],
          [
            5.212518353850433,
            12.432958732467881
          ],
          [
            5.22542828162093,
            12.404630894627916
          ],
          [
            5.2379512509314266,
            12.376129879358716
          ],
          [
            5.2500849393762605,
            12.347460972221354
          ],
          [
            5.261827096742562,
            12.318629489912741
          ],
          [
            5.273175545427557,
            12.289640779279619
          ],
          [
            5.284128180842404,
            12.260500216326987
          ],
          [
            5.294682971802501,
            12.231213205221113
          ],
          [
            5.304837960904162,
            12.201785177287322
          ],
          [
            5.314591264887628,
            12.172221590002742
          ],
          [
            5.323941074986322,
            12.142527925984215
          ],
          [
            5.332885657262279,
            12.112709691971526
          ],
          [
            5.341423352927717,
            12.08277241780618
          ],
          [
            5.349552578652658,
            12.052721655405868
          ],
          [
            5.357271826858559,
            12.022562977734882
          ],
          [
            5.364579665997895,
            11.992301977770563
          ],
          [
            5.371474740819641,
            11.961944267466105
          ],
          [
            5.37795577262061,
            11.931495476709792
          ],
          [
            5.384021559482585,
            11.900961252280933
          ],
          [
            5.389670976495222,
            11.870347256802651
          ],
          [
            5.394902975964661,
            11.839659167691751
          ],
          [
            5.399716587607825,
            11.808902676105816
          ],
          [
            5.404110918732365,
            11.778083485887791
          ],
          [
            5.408085154402204,
            11.747207312508184
          ],
          [
            5.411638557588671,
            11.71627988200513
          ],
          [
            5.414770469307188,
            11.685306929922477
          ],
          [
            5.4174803087394725,
            11.654294200246133
          ],
          [
            5.419767573341259,
            11.62324744433882
          ],
          [
            5.421631838935492,
            11.592172419873487
          ],
          [
            5.42307275979099,
            11.561074889765534
          ],
          [
            5.424090068686562,
            11.529960621104069
          ],
          [
            5.424683576960572,
            11.49883538408239
          ],
          [
            5.424853174545909,
            11.467704950927905
          ],
          [
            5.424598829990422,
            11.436575094831644
          ],
          [
            5.423920590462733,
            11.405451588877623
          ],
          [
            5.4228185817435,
            11.374340204972217
          ],
          [
            5.4212930082020865,
            11.343246712773741
          ],
          [
            5.419344152758667,
            11.31217687862247
          ],
          [
            5.41697237683175,
            11.281136464471247
          ],
          [
            5.414178120271158,
            11.250131226816936
          ],
          [
            5.410961901276458,
            11.219166915632847
          ],
          [
            5.407324316300854,
            11.188249273302423
          ],
          [
            5.403266039940581,
            11.157384033554278
          ],
          [
            5.398787824809796,
            11.126576920398882
          ],
          [
            5.393890501401004,
            11.095833647067037
          ],
          [
            5.388574977931044,
            11.065159914950335
          ],
          [
            5.382842240172657,
            11.034561412543837
          ],
          [
            5.376693351271675,
            11.004043814391128
          ],
          [
            5.3701294515498565,
            10.973612780031962
          ],
          [
            5.363151758293411,
            10.943273952952692
          ],
          [
            5.3557615655272555,
            10.91303295953968
          ],
          [
            5.347960243775031,
            10.882895408035864
          ],
          [
            5.339749239804939,
            10.852866887500712
          ],
          [
            5.331130076361436,
            10.822952966773714
          ],
          [
            5.322104351882835,
            10.793159193441637
          ],
          [
            5.312673740204879,
            10.763491092809705
          ],
          [
            5.302839990250319,
            10.733954166876932
          ],
          [
            5.2926049257045715,
            10.704553893315769
          ],
          [
            5.281970444677522,
            10.67529572445625
          ],
          [
            5.270938519351512,
            10.646185086274851
          ],
          [
            5.259511195615591,
            10.617227377388247
          ],
          [
            5.247690592686112,
            10.588427968052109
          ],
          [
            5.2354789027137105,
            10.559792199165194
          ],
          [
            5.222878390376769,
            10.531325381278863
          ],
          [
            5.209891392461433,
            10.503032793612235
          ],
          [
            5.196520317428242,
            10.474919683073134
          ],
          [
            5.182767644965487,
            10.446991263285058
          ],
          [
            5.168635925529338,
            10.41925271362029
          ],
          [
            5.154127779870862,
            10.391709178239383
          ],
          [
            5.139245898550002,
            10.364365765137162
          ],
          [
            5.123993041436606,
            10.337227545195441
          ],
          [
            5.1083720371986026,
            10.31029955124262
          ],
          [
            5.092385782777426,
            10.283586777120334
          ],
          [
            5.076037242850765,
            10.257094176757342
          ],
          [
            5.0593294492827665,
            10.230826663250806
          ],
          [
            5.042265500561765,
            10.204789107955158
          ],
          [
            5.024848561225668,
            10.178986339578692
          ],
          [
            5.007081861275083,
            10.153423143288071
          ],
          [
            4.98896869557431,
            10.128104259820919
          ],
          [
            4.970512423240303,
            10.103034384606634
          ],
          [
            4.951716467019717,
            10.078218166895615
          ],
          [
            4.9325843126541535,
            10.053660208897053
          ],
          [
            4.913119508233725,
            10.029365064925443
          ],
          [
            4.893325663539052,
            10.005337240555974
          ],
          [
            4.873206449371826,
            9.981581191788973
          ],
          [
            4.852765596874056,
            9.95810132422352
          ],
          [
            4.832006896836114,
            9.934901992240427
          ],
          [
            4.810934198993737,
            9.911987498194723
          ],
          [
            4.789551411314075,
            9.889362091617748
          ],
          [
            4.767862499270962,
            9.867029968429097
          ],
          [
            4.745871485109512,
            9.844995270158467
          ],
          [
            4.723582447100176,
            9.823262083177603
          ],
          [
            4.70099951878243,
            9.801834437942475
          ],
          [
            4.678126888198205,
            9.780716308245829
          ],
          [
            4.654968797115197,
            9.759911610480227
          ],
          [
            4.631529540240235,
            9.739424202911763
          ],
          [
            4.6078134644228115,
            9.719257884964524
          ],
          [
            4.583824967848959,
            9.699416396515996
          ],
          [
            4.559568499225596,
            9.67990341720348
          ],
          [
            4.535048556955504,
            9.660722565741716
          ],
          [
            4.510269688303097,
            9.641877399251774
          ],
          [
            4.485236488551123,
            9.62337141260138
          ],
          [
            4.459953600148451,
            9.60520803775679
          ],
          [
            4.43442571184914,
            9.587390643146335
          ],
          [
            4.408657557842879,
            9.569922533035722
          ],
          [
            4.382653916877046,
            9.552806946915263
          ],
          [
            4.356419611370461,
            9.536047058899108
          ],
          [
            4.329959506519077,
            9.519645977136594
          ],
          [
            4.303278509393712,
            9.50360674323584
          ],
          [
            4.2763815680300254,
            9.487932331699671
          ],
          [
            4.249273670510897,
            9.472625649373988
          ],
          [
            4.221959844041385,
            9.457689534908699
          ],
          [
            4.194445154016408,
            9.443126758231282
          ],
          [
            4.178006036378611,
            9.4344265877439
          ],
          [
            4.1616864049576385,
            9.425504301853929
          ],
          [
            4.145489260664417,
            9.416361541222516
          ],
          [
            4.1294175818865115,
            9.406999987052473
          ],
          [
            4.113474323940451,
            9.397421360779141
          ],
          [
            4.097662418528293,
            9.38762742375383
          ],
          [
            4.081984773198527,
            9.377619976919956
          ],
          [
            4.0664442708114334,
            9.367400860481851
          ],
          [
            4.051043769008968,
            9.356971953566404
          ],
          [
            4.035786099689286,
            9.346335173877511
          ],
          [
            4.02067406848601,
            9.335492477343438
          ],
          [
            4.005710454252313,
            9.324445857757164
          ],
          [
            3.9908980085499373,
            9.313197346409748
          ],
          [
            3.976239455143228,
            9.301749011716812
          ],
          [
            3.9617374894982746,
            9.290102958838203
          ],
          [
            3.9473947782872627,
            9.278261329290867
          ],
          [
            3.9332139588981136,
            9.266226300555086
          ],
          [
            3.9191976389495147,
            9.254000085674047
          ],
          [
            3.905348395811422,
            9.241584932846926
          ],
          [
            3.891668776131121,
            9.228983125015462
          ],
          [
            3.8781612953649436,
            9.216196979444177
          ],
          [
            3.8648284373157145,
            9.203228847294254
          ],
          [
            3.8516726536760233,
            9.190081113191207
          ],
          [
            3.838696363577398,
            9.176756194786387
          ],
          [
            3.825901953145465,
            9.163256542312414
          ],
          [
            3.8132917750611828,
            9.14958463813262
          ],
          [
            3.8008681481282185,
            9.135742996284584
          ],
          [
            3.7886333568465638,
            9.121734162017837
          ],
          [
            3.776589650992448,
            9.107560711325846
          ],
          [
            3.764739245204645,
            9.093225250472313
          ],
          [
            3.753084318577234,
            9.078730415511941
          ],
          [
            3.741627014258904,
            9.064078871805696
          ],
          [
            3.730369439058862,
            9.049273313530703
          ],
          [
            3.7193136630594266,
            9.034316463184823
          ],
          [
            3.7084617192353706,
            9.019211071086028
          ],
          [
            3.6978156030800964,
            9.003959914866671
          ],
          [
            3.6873772722386917,
            8.988565798962725
          ],
          [
            3.6771486461479572,
            8.97303155409808
          ],
          [
            3.667131605683446,
            8.95736003676404
          ],
          [
            3.6573279928136087,
            8.941554128694044
          ],
          [
            3.647739610261083,
            8.925616736333774
          ],
          [
            3.638368221171201,
            8.9095507903067
          ],
          [
            3.6292155487877804,
            8.893359244875192
          ],
          [
            3.620283276136242,
            8.87704507739728
          ],
          [
            3.611573045714137,
            8.860611287779161
          ],
          [
            3.60308645918911,
            8.844060897923569
          ],
          [
            3.5948250771043866,
            8.827396951174105
          ],
          [
            3.5867904185918107,
            8.810622511755602
          ],
          [
            3.578983961092503,
            8.79374066421067
          ],
          [
            3.5714071400851832,
            8.77675451283251
          ],
          [
            3.5640613488222077,
            8.759667181094066
          ],
          [
            3.5569479380733786,
            8.74248181107369
          ],
          [
            3.550068215877553,
            8.725201562877352
          ],
          [
            3.5434234473021196,
            8.707829614057552
          ],
          [
            3.5370148542103754,
            8.690369159029027
          ],
          [
            3.53084361503684,
            8.672823408481335
          ],
          [
            3.524910864570567,
            8.655195588788482
          ],
          [
            3.51921769374647,
            8.637488941415631
          ],
          [
            3.513765149444721,
            8.619706722323059
          ],
          [
            3.5085542342982423,
            8.60185220136743
          ],
          [
            3.5035859065083472,
            8.58392866170053
          ],
          [
            3.498861079668531,
            8.565939399165547
          ],
          [
            3.494380622596487,
            8.547887721691021
          ],
          [
            3.490145359174337,
            8.529776948682564
          ],
          [
            3.486156068197139,
            8.511610410412493
          ],
          [
            3.482413483229676,
            8.49339144740742
          ],
          [
            3.478918292471567,
            8.475123409834021
          ],
          [
            3.4756711386307186,
            8.456809656882953
          ],
          [
            3.47267261880514,
            8.438453556151199
          ],
          [
            3.4699232843731496,
            8.420058483022778
          ],
          [
            3.4674236408919814,
            8.40162782004811
          ],
          [
            3.465174148004825,
            8.383164956321988
          ],
          [
            3.4631752193563043,
            8.364673286860391
          ],
          [
            3.461427222516413,
            8.346156211976206
          ],
          [
            3.459930478912926,
            8.327617136653952
          ],
          [
            3.458685263772294,
            8.309059469923666
          ],
          [
            3.4576918060690343,
            8.290486624234042
          ],
          [
            3.4569502884836254,
            8.271902014824928
          ],
          [
            3.4564608473689153,
            8.25330905909933
          ],
          [
            3.456223572725049,
            8.234711175995004
          ],
          [
            3.4562385081829183,
            8.21611178535577
          ],
          [
            3.456505650996139,
            8.197514307302653
          ],
          [
            3.4570249520415555,
            8.178922161604993
          ],
          [
            3.4577963158282743,
            8.160338767051593
          ],
          [
            3.458819600515224,
            8.141767540822068
          ],
          [
            3.460094617937236,
            8.123211897858473
          ],
          [
            3.4616211336396443,
            8.104675250237367
          ],
          [
            3.463398866921402,
            8.08616100654237
          ],
          [
            3.4654274908866918,
            8.067672571237395
          ],
          [
            3.467706632505041,
            8.049213344040616
          ],
          [
            3.4702358726799147,
            8.030786719299318
          ],
          [
            3.4730147463257794,
            8.012396085365735
          ],
          [
            3.476042742453626,
            7.9940448239739785
          ],
          [
            3.4793193042649313,
            7.975736309618208
          ],
          [
            3.482843829254046,
            7.957473908932101
          ],
          [
            3.486615669318982,
            7.939260980069798
          ],
          [
            3.49063413088059,
            7.921100872088383
          ],
          [
            3.494898475010098,
            7.902996924332053
          ],
          [
            3.4994079175649877,
            7.884952465818068
          ],
          [
            3.5041616293331828,
            7.866970814624595
          ],
          [
            3.5091587361855305,
            7.8490552772805735
          ],
          [
            3.514398319236537,
            7.831209148157697
          ],
          [
            3.5198794150133397,
            7.813435708864632
          ],
          [
            3.5256010156328674,
            7.7957382276435805
          ],
          [
            3.53156206898718,
            7.7781199587693175
          ],
          [
            3.5377614789369267,
            7.760584141950767
          ],
          [
            3.5441981055129164,
            7.743134001735284
          ],
          [
            3.550870765125733,
            7.725772746915706
          ],
          [
            3.557778230783378,
            7.708503569940319
          ],
          [
            3.564919232316898,
            7.6913296463258085
          ],
          [
            3.5722924566139445,
            7.674254134073339
          ],
          [
            3.5798965478602356,
            7.657280173087851
          ],
          [
            3.5877301077888664,
            7.640410884600682
          ],
          [
            3.595791695937427,
            7.623649370595623
          ],
          [
            3.604079829912883,
            7.606998713238519
          ],
          [
            3.6125929856641568,
            7.590461974310504
          ],
          [
            3.6213295977623834,
            7.574042194644993
          ],
          [
            3.6302880596887603,
            7.5577423935685255
          ],
          [
            3.6394667241299636,
            7.541565568345553
          ],
          [
            3.6488639032810597,
            7.525514693627302
          ],
          [
            3.6607796412868865,
            7.505547780448164
          ],
          [
            3.672759318313382,
            7.485619163525062
          ],
          [
            3.6848028112805506,
            7.46572904760593
          ],
          [
            3.6969099964527516,
            7.445877637043133
          ],
          [
            3.709080749439966,
            7.42606513579137
          ],
          [
            3.721314945199069,
            7.406291747405596
          ],
          [
            3.733612458035125,
            7.386557675038906
          ],
          [
            3.7459731616026777,
            7.366863121440462
          ],
          [
            3.7583969289070374,
            7.347208288953416
          ],
          [
            3.7708836323055994,
            7.327593379512813
          ],
          [
            3.783433143509149,
            7.308018594643526
          ],
          [
            3.7960453335831756,
            7.288484135458195
          ],
          [
            3.808720072949206,
            7.268990202655142
          ],
          [
            3.821457231386131,
            7.249536996516319
          ],
          [
            3.8342566780315415,
            7.230124716905259
          ],
          [
            3.847118281383074,
            7.2107535632649995
          ],
          [
            3.8600419092997718,
            7.191423734616051
          ],
          [
            3.873027429003422,
            7.172135429554361
          ],
          [
            3.8860747070799375,
            7.152888846249245
          ],
          [
            3.8991836094807226,
            7.133684182441371
          ],
          [
            3.9123540015240477,
            7.114521635440725
          ],
          [
            3.925585747896431,
            7.095401402124583
          ],
          [
            3.938878712654038,
            7.076323678935489
          ],
          [
            3.9522327592240702,
            7.057288661879225
          ],
          [
            3.9656477504061693,
            7.038296546522821
          ],
          [
            3.97912354837383,
            7.019347527992524
          ],
          [
            3.992660014675813,
            7.0004418009717995
          ],
          [
            4.006257010237566,
            6.981579559699343
          ],
          [
            4.019914395362662,
            6.962760997967065
          ],
          [
            4.033632029734222,
            6.9439863091181095
          ],
          [
            4.04740977241636,
            6.925255686044879
          ],
          [
            4.061247481855641,
            6.9065693211870265
          ],
          [
            4.075145015882524,
            6.887927406529499
          ],
          [
            4.089102231712821,
            6.869330133600567
          ],
          [
            4.103118985949178,
            6.850777693469836
          ],
          [
            4.117195134582534,
            6.832270276746303
          ],
          [
            4.131330532993607,
            6.813808073576395
          ],
          [
            4.14552503595438,
            6.795391273642005
          ],
          [
            4.159778497629592,
            6.777020066158551
          ],
          [
            4.174090771578232,
            6.7586946398730365
          ],
          [
            4.188461710755055,
            6.740415183062103
          ],
          [
            4.202891167512082,
            6.7221818835300935
          ],
          [
            4.217378993600116,
            6.7039949286071385
          ],
          [
            4.231925040170278,
            6.685854505147213
          ],
          [
            4.246529157775523,
            6.667760799526223
          ],
          [
            4.261191196372181,
            6.649713997640103
          ],
          [
            4.275911005321498,
            6.631714284902886
          ],
          [
            4.290688433391185,
            6.613761846244807
          ],
          [
            4.3055233287569665,
            6.595856866110413
          ],
          [
            4.3204155390041485,
            6.577999528456651
          ],
          [
            4.335364911129179,
            6.560190016750987
          ],
          [
            4.350371291541219,
            6.542428513969525
          ],
          [
            4.365434526063725,
            6.524715202595116
          ],
          [
            4.3805544599360315,
            6.507050264615493
          ],
          [
            4.395730937814934,
            6.489433881521398
          ],
          [
            4.410963803776298,
            6.471866234304715
          ],
          [
            4.426252901316651,
            6.454347503456611
          ],
          [
            4.441598073354797,
            6.436877868965683
          ],
          [
            4.456999162233419,
            6.419457510316118
          ],
          [
            4.472456009720716,
            6.4020866064858275
          ],
          [
            4.4879684570120135,
            6.384765335944625
          ],
          [
            4.503536344731401,
            6.367493876652391
          ],
          [
            4.519159512933373,
            6.35027240605724
          ],
          [
            4.534837801104468,
            6.333101101093698
          ],
          [
            4.550571048164911,
            6.3159801381808895
          ],
          [
            4.566359092470288,
            6.298909693220718
          ],
          [
            4.582201771813184,
            6.281889941596063
          ],
          [
            4.598098923424867,
            6.264921058168979
          ],
          [
            4.614050383976947,
            6.248003217278896
          ],
          [
            4.630055989583068,
            6.231136592740828
          ],
          [
            4.646115575800576,
            6.214321357843593
          ],
          [
            4.662228977632221,
            6.197557685348027
          ],
          [
            4.6783960295278515,
            6.180845747485202
          ],
          [
            4.694616565386103,
            6.164185715954683
          ],
          [
            4.710890418556118,
            6.147577761922728
          ],
          [
            4.727217421839257,
            6.131022056020556
          ],
          [
            4.743597407490804,
            6.1145187683425855
          ],
          [
            4.760030207221707,
            6.098068068444684
          ],
          [
            4.7765156522002945,
            6.081670125342429
          ],
          [
            4.793053573054014,
            6.065325107509374
          ],
          [
            4.809643799871172,
            6.049033182875314
          ],
          [
            4.826286162202688,
            6.032794518824553
          ],
          [
            4.842980489063823,
            6.0166092821942065
          ],
          [
            4.859726608935963,
            6.0004776392724635
          ],
          [
            4.8769650806290645,
            5.983963238219125
          ],
          [
            4.894241773227501,
            5.967488826505081
          ],
          [
            4.911556593965316,
            5.951054492588495
          ],
          [
            4.928909449871839,
            5.934660324712331
          ],
          [
            4.946300247772175,
            5.918306410903876
          ],
          [
            4.963728894287688,
            5.9019928389742935
          ],
          [
            4.981195295836532,
            5.885719696518116
          ],
          [
            4.998699358634128,
            5.869487070912804
          ],
          [
            5.0162409886936885,
            5.85329504931826
          ],
          [
            5.033820091826694,
            5.837143718676372
          ],
          [
            5.051436573643431,
            5.821033165710536
          ],
          [
            5.069090339553485,
            5.804963476925193
          ],
          [
            5.0867812947662285,
            5.788934738605379
          ],
          [
            5.10450934429137,
            5.772947036816236
          ],
          [
            5.1222743929394365,
            5.757000457402565
          ],
          [
            5.140076345322281,
            5.7410950859883725
          ],
          [
            5.157915105853616,
            5.725231007976396
          ],
          [
            5.175790578749513,
            5.709408308547648
          ],
          [
            5.19370266802892,
            5.693627072660962
          ],
          [
            5.211651277514165,
            5.677887385052544
          ],
          [
            5.2296363108314985,
            5.662189330235502
          ],
          [
            5.2476576714115915,
            5.6465329924994005
          ],
          [
            5.265715262490051,
            5.6309184559098115
          ],
          [
            5.283808987107955,
            5.615345804307856
          ],
          [
            5.301938748112362,
            5.599815121309754
          ],
          [
            5.320104448156837,
            5.58432649030638
          ],
          [
            5.338305989701977,
            5.568879994462812
          ],
          [
            5.356543275015914,
            5.553475716717896
          ],
          [
            5.374816206174875,
            5.53811373978378
          ],
          [
            5.3931246850636825,
            5.5227941461454835
          ],
          [
            5.411468613376287,
            5.507517018060451
          ],
          [
            5.429847892616297,
            5.4922824375581145
          ],
          [
            5.448262424097514,
            5.477090486439443
          ],
          [
            5.466712108944434,
            5.461941246276523
          ],
          [
            5.485196848092821,
            5.446834798412099
          ],
          [
            5.503716542290209,
            5.431771223959147
          ],
          [
            5.522271092096443,
            5.416750603800432
          ],
          [
            5.540860397884217,
            5.401773018588084
          ],
          [
            5.559484359839602,
            5.386838548743165
          ],
          [
            5.578142877962592,
            5.3719472744552155
          ],
          [
            5.596835852067615,
            5.357099275681866
          ],
          [
            5.61556318178411,
            5.342294632148362
          ],
          [
            5.6343247665570395,
            5.3275334233471625
          ],
          [
            5.653120505647436,
            5.312815728537506
          ],
          [
            5.671950298132945,
            5.298141626744989
          ],
          [
            5.690814042908365,
            5.283511196761128
          ],
          [
            5.709711638686176,
            5.268924517142966
          ],
          [
            5.7286429839971165,
            5.254381666212616
          ],
          [
            5.747607977190701,
            5.239882722056859
          ],
          [
            5.766606516435775,
            5.225427762526727
          ],
          [
            5.785638499721063,
            5.21101686523707
          ],
          [
            5.804703824855709,
            5.19665010756616
          ],
          [
            5.823802389469843,
            5.182327566655252
          ],
          [
            5.842934091015093,
            5.1680493194082
          ],
          [
            5.862098826765184,
            5.153815442491015
          ],
          [
            5.881296493816458,
            5.139626012331461
          ],
          [
            5.900526989088436,
            5.125481105118655
          ],
          [
            5.919790209324368,
            5.111380796802649
          ],
          [
            5.939086051091801,
            5.097325163094022
          ],
          [
            5.958414410783095,
            5.0833142794634885
          ],
          [
            5.9777751846160365,
            5.069348221141466
          ],
          [
            5.997168268634353,
            5.055427063117689
          ],
          [
            6.016593558708289,
            5.0415508801408055
          ],
          [
            6.036050950535158,
            5.027719746717976
          ],
          [
            6.055540339639908,
            5.013933737114466
          ],
          [
            6.075061621375686,
            5.000192925353247
          ],
          [
            6.094614690924371,
            4.986497385214619
          ],
          [
            6.114199443297184,
            4.972847190235791
          ],
          [
            6.133815773335218,
            4.959242413710491
          ],
          [
            6.1534635757100125,
            4.945683128688579
          ],
          [
            6.173142744924119,
            4.93216940797565
          ],
          [
            6.192853175311673,
            4.918701324132646
          ],
          [
            6.212594761038938,
            4.9052789494754725
          ],
          [
            6.232367396104905,
            4.89190235607459
          ],
          [
            6.2521709743418485,
            4.878571615754648
          ],
          [
            6.272005389415892,
            4.865286800094091
          ],
          [
            6.2918705348275825,
            4.852047980424768
          ],
          [
            6.311766303912463,
            4.83885522783156
          ],
          [
            6.331692589841655,
            4.8257086131519955
          ],
          [
            6.351649285622395,
            4.812608206975872
          ],
          [
            6.371636284098664,
            4.799554079644868
          ],
          [
            6.391653477951723,
            4.78654630125217
          ],
          [
            6.411700759700701,
            4.773584941642102
          ],
          [
            6.431778021703176,
            4.760670070409742
          ],
          [
            6.451885156155746,
            4.747801756900556
          ],
          [
            6.47202205509462,
            4.734980070210012
          ],
          [
            6.492188610396164,
            4.722205079183239
          ],
          [
            6.512384713777534,
            4.709476852414615
          ],
          [
            6.532610256797215,
            4.696795458247432
          ],
          [
            6.552865130855625,
            4.684160964773515
          ],
          [
            6.573149227195685,
            4.671573439832862
          ],
          [
            6.593462436903421,
            4.659032951013265
          ],
          [
            6.613804650908513,
            4.6465395656499835
          ],
          [
            6.634175759984927,
            4.634093350825334
          ],
          [
            6.654575654751471,
            4.621694373368366
          ],
          [
            6.675004225672389,
            4.609342699854489
          ],
          [
            6.695461363057956,
            4.597038396605118
          ],
          [
            6.7159469570650625,
            4.58478152968731
          ],
          [
            6.736460897697785,
            4.572572164913431
          ],
          [
            6.757003074808013,
            4.560410367840775
          ],
          [
            6.77757337809602,
            4.54829620377123
          ],
          [
            6.798171697111054,
            4.5362297377509195
          ],
          [
            6.818797921251938,
            4.524211034569859
          ],
          [
            6.839451939767658,
            4.512240158761601
          ],
          [
            6.860133641757967,
            4.500317174602888
          ],
          [
            6.880842916173954,
            4.488442146113329
          ],
          [
            6.901579651818678,
            4.476615137055023
          ],
          [
            6.922343737347745,
            4.464836210932237
          ],
          [
            6.943135061269903,
            4.4531054309910605
          ],
          [
            6.963953511947649,
            4.441422860219062
          ],
          [
            6.984798977597822,
            4.429788561344962
          ],
          [
            7.005671346292214,
            4.418202596838274
          ],
          [
            7.0265705059581425,
            4.406665028909006
          ],
          [
            7.047496344379095,
            4.395175919507287
          ],
          [
            7.068448749195298,
            4.383735330323054
          ],
          [
            7.089427607904336,
            4.3723433227857225
          ],
          [
            7.110432807861751,
            4.360999958063847
          ],
          [
            7.131464236281654,
            4.349705297064801
          ],
          [
            7.1525217802373,
            4.338459400434454
          ],
          [
            7.173605326661744,
            4.327262328556825
          ],
          [
            7.194714762348412,
            4.316114141553781
          ],
          [
            7.215849973951723,
            4.305014899284702
          ],
          [
            7.237010847987691,
            4.2939646613461635
          ],
          [
            7.258197270834541,
            4.2829634870716164
          ],
          [
            7.27940912873332,
            4.2720114355310645
          ],
          [
            7.3006463077884804,
            4.261108565530761
          ],
          [
            7.321908693968538,
            4.250254935612871
          ],
          [
            7.343196173106654,
            4.239450604055173
          ],
          [
            7.364508630901256,
            4.228695628870739
          ],
          [
            7.385845952916647,
            4.21799006780763
          ],
          [
            7.4072080245836345,
            4.207333978348573
          ],
          [
            7.428594731200106,
            4.196727417710678
          ],
          [
            7.450005957931705,
            4.1861704428450945
          ],
          [
            7.471441589812401,
            4.175663110436737
          ],
          [
            7.492901511745125,
            4.165205476903961
          ],
          [
            7.514622828826019,
            4.154675850741162
          ],
          [
            7.536363149305369,
            4.144185516699219
          ],
          [
            7.558122402106971,
            4.1337345090744515
          ],
          [
            7.579900516092685,
            4.123322862034638
          ],
          [
            7.601697420062748,
            4.112950609618849
          ],
          [
            7.623513042755936,
            4.102617785737379
          ],
          [
            7.645347312849824,
            4.092324424171617
          ],
          [
            7.667200158961061,
            4.082070558573923
          ],
          [
            7.689071509645515,
            4.071856222467546
          ],
          [
            7.710961293398604,
            4.061681449246486
          ],
          [
            7.732869438655451,
            4.051546272175416
          ],
          [
            7.754795873791141,
            4.0414507243895486
          ],
          [
            7.776740527121007,
            4.031394838894525
          ],
          [
            7.798703326900768,
            4.021378648566335
          ],
          [
            7.820684201326867,
            4.0114021861511775
          ],
          [
            7.842683078536617,
            4.001465484265378
          ],
          [
            7.864699886608479,
            3.9915685753952688
          ],
          [
            7.88673455356232,
            3.981711491897078
          ],
          [
            7.908787007359579,
            3.9718942659968475
          ],
          [
            7.930857175903589,
            3.962116929790293
          ],
          [
            7.9529449870397215,
            3.9523795152427375
          ],
          [
            7.975050368555713,
            3.9426820541889653
          ],
          [
            7.997173248181825,
            3.9330245783331557
          ],
          [
            8.019313553591111,
            3.9234071192487647
          ],
          [
            8.041471212399689,
            3.9138297083784037
          ],
          [
            8.063646152166893,
            3.9042923770337747
          ],
          [
            8.085838300395611,
            3.894795156395525
          ],
          [
            8.108047584532434,
            3.885338077513182
          ],
          [
            8.130273931967933,
            3.8759211713050408
          ],
          [
            8.15251727003692,
            3.8665444685580357
          ],
          [
            8.174777526018625,
            3.857207999927691
          ],
          [
            8.197054627137002,
            3.8479117959379674
          ],
          [
            8.219348500560908,
            3.8386558869812055
          ],
          [
            8.241659073404358,
            3.8294403033180022
          ],
          [
            8.263986272726811,
            3.820265075077113
          ],
          [
            8.28633002553332,
            3.811130232255368
          ],
          [
            8.308690258774869,
            3.8020358047175504
          ],
          [
            8.331066899348517,
            3.7929818221963245
          ],
          [
            8.353459874097698,
            3.783968314292129
          ],
          [
            8.375869109812466,
            3.7749953104730642
          ],
          [
            8.398294533229672,
            3.7660628400748233
          ],
          [
            8.42073607103329,
            3.757170932300568
          ],
          [
            8.44319364985457,
            3.7483196162208574
          ],
          [
            8.46566719627233,
            3.73950892077355
          ],
          [
            8.488156636813208,
            3.730738874763681
          ],
          [
            8.510661897951845,
            3.722009506863413
          ],
          [
            8.533182906111193,
            3.7133208456118982
          ],
          [
            8.555719587662693,
            3.704672919415218
          ],
          [
            8.578271868926544,
            3.6960657565462776
          ],
          [
            8.600839676171983,
            3.687499385144702
          ],
          [
            8.623422935617436,
            3.678973833216769
          ],
          [
            8.646021573430854,
            3.6704891286352965
          ],
          [
            8.668635515729887,
            3.662045299139563
          ],
          [
            8.691264688582141,
            3.6536423723352134
          ],
          [
            8.713909018005463,
            3.645280375694159
          ],
          [
            8.736568429968107,
            3.6369593365545096
          ],
          [
            8.759242850389063,
            3.6286792821204625
          ],
          [
            8.781932205138203,
            3.6204402394622326
          ],
          [
            8.80463642003662,
            3.6122422355159385
          ],
          [
            8.827355420856792,
            3.6040852970835413
          ],
          [
            8.850089133322864,
            3.595969450832752
          ],
          [
            8.872837483110901,
            3.5878947232969147
          ],
          [
            8.895600395849087,
            3.5798611408749674
          ],
          [
            8.918377797118024,
            3.5718687298313134
          ],
          [
            8.941169612450926,
            3.5639175162957635
          ],
          [
            8.963975767333874,
            3.556007526263444
          ],
          [
            8.986796187206105,
            3.5481387855946904
          ],
          [
            9.009630797460174,
            3.5403113200150016
          ],
          [
            9.032479523442285,
            3.5325251551149153
          ],
          [
            9.055342290452467,
            3.5247803163499603
          ],
          [
            9.078219023744834,
            3.5170768290405494
          ],
          [
            9.101109648527885,
            3.509414718371902
          ],
          [
            9.124014089964646,
            3.5017940093939677
          ],
          [
            9.146932273173029,
            3.4942147270213377
          ],
          [
            9.169864123225972,
            3.4866768960331633
          ],
          [
            9.192809565151745,
            3.479180541073091
          ],
          [
            9.215768523934207,
            3.47172568664915
          ],
          [
            9.238740924512985,
            3.464312357133707
          ],
          [
            9.261726691783807,
            3.456940576763355
          ],
          [
            9.284725750598659,
            3.449610369638863
          ],
          [
            9.30773802576608,
            3.4423217597250773
          ],
          [
            9.330763442051431,
            3.4350747708508442
          ],
          [
            9.353801924177066,
            3.4278694267089524
          ],
          [
            9.376853396822673,
            3.4207057508560212
          ],
          [
            9.399917784625426,
            3.413583766712454
          ],
          [
            9.42299501218028,
            3.406503497562355
          ],
          [
            9.446085004040249,
            3.399464966553432
          ],
          [
            9.469187684716566,
            3.3924681966969548
          ],
          [
            9.492302978679032,
            3.3855132108676464
          ],
          [
            9.515430810356166,
            3.3786000318036393
          ],
          [
            9.538571104135512,
            3.371728682106378
          ],
          [
            9.561723784363892,
            3.3648991842405502
          ],
          [
            9.584888775347594,
            3.3581115605340264
          ],
          [
            9.608066001352705,
            3.351365833177761
          ],
          [
            9.63125538660526,
            3.3446620242257556
          ],
          [
            9.65445685529159,
            3.3380001555949455
          ],
          [
            9.677670331558492,
            3.3313802490651656
          ],
          [
            9.700895739513497,
            3.32480232627906
          ],
          [
            9.72413300322517,
            3.318266408742006
          ],
          [
            9.747382046723263,
            3.311772517822063
          ],
          [
            9.77064279399907,
            3.305320674749877
          ],
          [
            9.793915169005578,
            3.298910900618644
          ],
          [
            9.817199095657765,
            3.292543216384014
          ],
          [
            9.840494497832875,
            3.286217642864025
          ],
          [
            9.863801299370595,
            3.2799342007390533
          ],
          [
            9.887119424073378,
            3.2736929105517216
          ],
          [
            9.910448795706628,
            3.2674937927068566
          ],
          [
            9.93378933799899,
            3.2613368674714005
          ],
          [
            9.957140974642606,
            3.2552221549743594
          ],
          [
            9.980503629293311,
            3.249149675206731
          ],
          [
            10.003877225570966,
            3.243119448021432
          ],
          [
            10.027261687059616,
            3.237131493133258
          ],
          [
            10.050656937307792,
            3.2311858301187915
          ],
          [
            10.074062899828787,
            3.225282478416347
          ],
          [
            10.097479498100824,
            3.2194214573259217
          ],
          [
            10.120906655567401,
            3.2136027860091008
          ],
          [
            10.144344295637461,
            3.2078264834890318
          ],
          [
            10.167792341685672,
            3.202092568650342
          ],
          [
            10.191250717052721,
            3.196401060239071
          ],
          [
            10.214719345045479,
            3.1907519768626256
          ],
          [
            10.238198148937338,
            3.185145336989706
          ],
          [
            10.26168705196839,
            3.1795811589502545
          ],
          [
            10.285185977345716,
            3.174059460935391
          ],
          [
            10.308694848243654,
            3.1685802609973512
          ],
          [
            10.332213587803992,
            3.163143577049439
          ],
          [
            10.35574211913629,
            3.1577494268659474
          ],
          [
            10.379280365318055,
            3.1523978280821243
          ],
          [
            10.40282824939508,
            3.147088798194094
          ],
          [
            10.426385694381608,
            3.141822354558814
          ],
          [
            10.449952623260636,
            3.136598514394015
          ],
          [
            10.473528958984174,
            3.1314172947781365
          ],
          [
            10.497114624473443,
            3.1262787126502865
          ],
          [
            10.520709542619207,
            3.121182784810167
          ],
          [
            10.544313636281942,
            3.1161295279180403
          ],
          [
            10.568035116955183,
            3.111091898818277
          ],
          [
            10.591764021570931,
            3.106089355663517
          ],
          [
            10.6155002982343,
            3.1011219093942746
          ],
          [
            10.639243895034323,
            3.096189570874298
          ],
          [
            10.662994760044029,
            3.0912923508905488
          ],
          [
            10.686752841320505,
            3.0864302601532065
          ],
          [
            10.710518086905097,
            3.0816033092956094
          ],
          [
            10.734290444823491,
            3.0768115088742367
          ],
          [
            10.758069863085767,
            3.072054869368715
          ],
          [
            10.781856289686626,
            3.067333401181754
          ],
          [
            10.805649672605378,
            3.0626471146391605
          ],
          [
            10.829449959806174,
            3.057996019989787
          ],
          [
            10.853257099238055,
            3.053380127405529
          ],
          [
            10.87707103883504,
            3.0487994469812985
          ],
          [
            10.900891726516313,
            3.044253988734985
          ],
          [
            10.924719110186306,
            3.0397437626074577
          ],
          [
            10.948553137734761,
            3.035268778462541
          ],
          [
            10.972393757036931,
            3.0308290460869673
          ],
          [
            10.99624091595366,
            3.0264245751903833
          ],
          [
            11.020094562331435,
            3.0220553754053245
          ],
          [
            11.043954644002609,
            3.0177214562871804
          ],
          [
            11.06782110878546,
            3.0134228273141805
          ],
          [
            11.091693904484254,
            3.009159497887393
          ],
          [
            11.115572978889464,
            3.0049314773306595
          ],
          [
            11.13945827977783,
            3.000738774890617
          ],
          [
            11.163349754912426,
            2.996581399736665
          ],
          [
            11.187247352042888,
            2.992459360960935
          ],
          [
            11.2111510189054,
            2.9883726675782816
          ],
          [
            11.235060703222917,
            2.984321328526259
          ],
          [
            11.258976352705234,
            2.980305352665099
          ],
          [
            11.282897915049057,
            2.9763247487777043
          ],
          [
            11.306825337938204,
            2.972379525569608
          ],
          [
            11.330758569043674,
            2.9684696916689646
          ],
          [
            11.354697556023723,
            2.964595255626546
          ],
          [
            11.37864224652406,
            2.9607562259157043
          ],
          [
            11.402592588177926,
            2.9569526109323423
          ],
          [
            11.42654852860615,
            2.9531844189949368
          ],
          [
            11.450510015417368,
            2.9494516583444814
          ],
          [
            11.474476996208082,
            2.94575433714448
          ],
          [
            11.498449418562737,
            2.942092463480932
          ],
          [
            11.522427230053935,
            2.938466045362319
          ],
          [
            11.546410378242435,
            2.9348750907195744
          ],
          [
            11.570398810677366,
            2.931319607406083
          ],
          [
            11.594392474896301,
            2.927799603197643
          ],
          [
            11.61839131842533,
            2.9243150857924674
          ],
          [
            11.642395288779257,
            2.9208660628111573
          ],
          [
            11.66640433346167,
            2.917452541796686
          ],
          [
            11.69041839996503,
            2.9140745302143904
          ],
          [
            11.714437435770838,
            2.9107320354519466
          ],
          [
            11.738461388349746,
            2.907425064819348
          ],
          [
            11.7624902051616,
            2.9041536255489118
          ],
          [
            11.78652383365565,
            2.900917724795235
          ],
          [
            11.810562221270631,
            2.897717369635192
          ],
          [
            11.83460531543482,
            2.894552567067937
          ],
          [
            11.858653063566246,
            2.89142332401485
          ],
          [
            11.882705413072758,
            2.888329647319551
          ],
          [
            11.906762311352104,
            2.885271543747884
          ],
          [
            11.93082370579213,
            2.8822490199878836
          ],
          [
            11.954889543770811,
            2.8792620826497766
          ],
          [
            11.978959772656426,
            2.876310738265965
          ],
          [
            12.003034339807662,
            2.8733949932910043
          ],
          [
            12.027113192573678,
            2.870514854101596
          ],
          [
            12.051196278294293,
            2.867670326996577
          ],
          [
            12.075283544300081,
            2.8648614181968943
          ],
          [
            12.09937493791242,
            2.862088133845601
          ],
          [
            12.123470406443708,
            2.859350480007842
          ],
          [
            12.147569897197435,
            2.8566484626708344
          ],
          [
            12.171673357468247,
            2.853982087743863
          ],
          [
            12.19578073454215,
            2.8513513610582595
          ],
          [
            12.21989197569659,
            2.8487562883673894
          ],
          [
            12.244007028200516,
            2.846196875346658
          ],
          [
            12.268125839314598,
            2.8436731275934677
          ],
          [
            12.292248356291228,
            2.841185050627228
          ],
          [
            12.31637452637474,
            2.838732649889338
          ],
          [
            12.340504296801477,
            2.836315930743172
          ],
          [
            12.364637614799864,
            2.833934898474064
          ],
          [
            12.38877442759061,
            2.831589558289309
          ],
          [
            12.412914682386784,
            2.8292799153181405
          ],
          [
            12.437058326393881,
            2.8270059746117258
          ],
          [
            12.46120530681003,
            2.82476774114314
          ],
          [
            12.48535557082606,
            2.8225652198073803
          ],
          [
            12.50950906562558,
            2.8203984154213386
          ],
          [
            12.53366573838517,
            2.818267332723792
          ],
          [
            12.557825536274468,
            2.8161719763753936
          ],
          [
            12.581988406456226,
            2.814112350958664
          ],
          [
            12.606154296086526,
            2.812088460977985
          ],
          [
            12.630323152314846,
            2.8101003108595743
          ],
          [
            12.654494922284128,
            2.808147904951507
          ],
          [
            12.678669553131003,
            2.8062312475236646
          ],
          [
            12.70284699198579,
            2.804350342767756
          ],
          [
            12.727027185972707,
            2.8025051947973036
          ],
          [
            12.751210082209946,
            2.8006958076476254
          ],
          [
            12.775395627809745,
            2.798922185275826
          ],
          [
            12.799583769878597,
            2.7971843315608056
          ],
          [
            12.82377445551731,
            2.795482250303229
          ],
          [
            12.84796763182109,
            2.793815945225523
          ],
          [
            12.872163245879737,
            2.7921854199718914
          ],
          [
            12.896361244777722,
            2.790590678108264
          ],
          [
            12.920561575594254,
            2.789031723122331
          ],
          [
            12.94476418540349,
            2.787508558423501
          ],
          [
            12.968969021274594,
            2.78602118734293
          ],
          [
            12.993176030271828,
            2.7845696131334754
          ],
          [
            13.01738515945474,
            2.7831538389697164
          ],
          [
            13.041596355878246,
            2.7817738679479316
          ],
          [
            13.065809566592689,
            2.78042970308611
          ],
          [
            13.090024738644068,
            2.7791213473239194
          ],
          [
            13.114241819074042,
            2.777848803522725
          ],
          [
            13.138460754920132,
            2.77661207446556
          ],
          [
            13.1626814932158,
            2.77541116285714
          ],
          [
            13.186903980990525,
            2.7742460713238506
          ],
          [
            13.21112816527001,
            2.7731168024137243
          ],
          [
            13.235353993076238,
            2.7720233585964698
          ],
          [
            13.259581411427556,
            2.77096574226343
          ],
          [
            13.283810367338882,
            2.769943955727603
          ],
          [
            13.308040807821765,
            2.768958001223627
          ],
          [
            13.332272679884467,
            2.7680078809077697
          ],
          [
            13.356505930532162,
            2.7670935968579338
          ],
          [
            13.380740506767006,
            2.766215151073655
          ],
          [
            13.404976355588222,
            2.765372545476078
          ],
          [
            13.429213423992277,
            2.7645657819079745
          ],
          [
            13.453451658972988,
            2.763794862133724
          ],
          [
            13.477691007521566,
            2.7630597878393286
          ],
          [
            13.50193141662685,
            2.762360560632381
          ],
          [
            13.5261728332753,
            2.7616971820420826
          ],
          [
            13.550415204451213,
            2.7610696535192387
          ],
          [
            13.574658477136804,
            2.7604779764362437
          ],
          [
            13.598902598312268,
            2.7599221520870953
          ],
          [
            13.623147514955994,
            2.7594021816873666
          ],
          [
            13.647393174044623,
            2.7589180663742336
          ],
          [
            13.671639522553138,
            2.758469807206452
          ],
          [
            13.695886507455045,
            2.758057405164356
          ],
          [
            13.720134075722473,
            2.7576808611498644
          ],
          [
            13.744382174326226,
            2.757340175986477
          ],
          [
            13.768630750235983,
            2.757035350419265
          ],
          [
            13.792879750420393,
            2.7567663851148847
          ],
          [
            13.817129121847124,
            2.756533280661554
          ],
          [
            13.841378811483096,
            2.7563360375690746
          ],
          [
            13.86562876629447,
            2.7561746562688123
          ],
          [
            13.889878933246873,
            2.7560491371137084
          ],
          [
            13.91412925930547,
            2.755959480378266
          ],
          [
            13.938379691435033,
            2.7559056862585702
          ],
          [
            13.962630176600143,
            2.755887754872269
          ],
          [
            13.98759647147477,
            2.755887754872269
          ],
          [
            14.012562766349395,
            2.755887754872269
          ],
          [
            14.037529061224022,
            2.755887754872269
          ],
          [
            14.062495356098648,
            2.755887754872269
          ],
          [
            14.087461650973275,
            2.755887754872269
          ],
          [
            14.1124279458479,
            2.755887754872269
          ],
          [
            14.137394240722527,
            2.755887754872269
          ],
          [
            14.162360535597152,
            2.755887754872269
          ],
          [
            14.187326830471779,
            2.755887754872269
          ],
          [
            14.212293125346404,
            2.755887754872269
          ],
          [
            14.237259420221031,
            2.755887754872269
          ],
          [
            14.262225715095656,
            2.755887754872269
          ],
          [
            14.287192009970283,
            2.755887754872269
          ],
          [
            14.31215830484491,
            2.755887754872269
          ],
          [
            14.337124599719536,
            2.755887754872269
          ],
          [
            14.362090894594163,
            2.755887754872269
          ],
          [
            14.387057189468788,
            2.755887754872269
          ],
          [
            14.412023484343415,
            2.755887754872269
          ],
          [
            14.43698977921804,
            2.755887754872269
          ],
          [
            14.461956074092667,
            2.755887754872269
          ],
          [
            14.486922368967292,
            2.755887754872269
          ],
          [
            14.511888663841919,
            2.755887754872269
          ],
          [
            14.536854958716546,
            2.755887754872269
          ],
          [
            14.561821253591171,
            2.755887754872269
          ],
          [
            14.586787548465798,
            2.755887754872269
          ],
          [
            14.611753843340423,
            2.755887754872269
          ],
          [
            14.63672013821505,
            2.755887754872269
          ],
          [
            14.661686433089676,
            2.755887754872269
          ],
          [
            14.686652727964303,
            2.755887754872269
          ],
          [
            14.711619022838928,
            2.755887754872269
          ],
          [
            14.736585317713555,
            2.755887754872269
          ],
          [
            14.76155161258818,
            2.755887754872269
          ],
          [
            14.786517907462807,
            2.755887754872269
          ],
          [
            14.811484202337432,
            2.755887754872269
          ],
          [
            14.83645049721206,
            2.755887754872269
          ],
          [
            14.861416792086686,
            2.755887754872269
          ],
          [
            14.886383086961311,
            2.755887754872269
          ],
          [
            14.911349381835938,
            2.755887754872269
          ],
          [
            14.936315676710564,
            2.755887754872269
          ],
          [
            14.96128197158519,
            2.755887754872269
          ],
          [
            14.986248266459816,
            2.755887754872269
          ],
          [
            15.011214561334443,
            2.755887754872269
          ],
          [
            15.036180856209068,
            2.755887754872269
          ],
          [
            15.061147151083695,
            2.755887754872269
          ],
          [
            15.08611344595832,
            2.755887754872269
          ],
          [
            15.111079740832947,
            2.755887754872269
          ],
          [
            15.136046035707574,
            2.755887754872269
          ],
          [
            15.1610123305822,
            2.755887754872269
          ],
          [
            15.185978625456826,
            2.755887754872269
          ],
          [
            15.210944920331452,
            2.755887754872269
          ],
          [
            15.235911215206078,
            2.755887754872269
          ],
          [
            15.260877510080704,
            2.755887754872269
          ],
          [
            15.28584380495533,
            2.755887754872269
          ],
          [
            15.310810099829956,
            2.755887754872269
          ],
          [
            15.335776394704583,
            2.755887754872269
          ],
          [
            15.360742689579208,
            2.755887754872269
          ],
          [
            15.385708984453835,
            2.755887754872269
          ],
          [
            15.410675279328462,
            2.755887754872269
          ],
          [
            15.435641574203087,
            2.755887754872269
          ],
          [
            15.460607869077712,
            2.755887754872269
          ],
          [
            15.48557416395234,
            2.755887754872269
          ],
          [
            15.510540458826966,
            2.755887754872269
          ],
          [
            15.535506753701592,
            2.755887754872269
          ],
          [
            15.560473048576219,
            2.755887754872269
          ],
          [
            15.585439343450844,
            2.755887754872269
          ],
          [
            15.61040563832547,
            2.755887754872269
          ],
          [
            15.635371933200096,
            2.755887754872269
          ],
          [
            15.660338228074723,
            2.755887754872269
          ],
          [
            15.685304522949348,
            2.755887754872269
          ],
          [
            15.710270817823975,
            2.755887754872269
          ],
          [
            15.735237112698602,
            2.755887754872269
          ],
          [
            15.760203407573227,
            2.755887754872269
          ],
          [
            15.785169702447854,
            2.755887754872269
          ],
          [
            15.81013599732248,
            2.755887754872269
          ],
          [
            15.835102292197107,
            2.755887754872269
          ],
          [
            15.860068587071732,
            2.755887754872269
          ],
          [
            15.885034881946359,
            2.755887754872269
          ],
          [
            15.910001176820984,
            2.755887754872269
          ],
          [
            15.934967471695611,
            2.755887754872269
          ],
          [
            15.959933766570238,
            2.755887754872269
          ],
          [
            15.984900061444863,
            2.755887754872269
          ],
          [
            16.00986635631949,
            2.755887754872269
          ],
          [
            16.034832651194115,
            2.755887754872269
          ],
          [
            16.059798946068742,
            2.755887754872269
          ],
          [
            16.08476524094337,
            2.755887754872269
          ],
          [
            16.109731535817993,
            2.755887754872269
          ],
          [
            16.13469783069262,
            2.755887754872269
          ],
          [
            16.159664125567247,
            2.755887754872269
          ],
          [
            16.184630420441874,
            2.755887754872269
          ],
          [
            16.209596715316497,
            2.755887754872269
          ],
          [
            16.234563010191124,
            2.755887754872269
          ],
          [
            16.25952930506575,
            2.755887754872269
          ],
          [
            16.284495599940378,
            2.755887754872269
          ],
          [
            16.309461894815005,
            2.755887754872269
          ],
          [
            16.33442818968963,
            2.755887754872269
          ],
          [
            16.359394484564255,
            2.755887754872269
          ],
          [
            16.384360779438882,
            2.755887754872269
          ],
          [
            16.40932707431351,
            2.755887754872269
          ],
          [
            16.434293369188133,
            2.755887754872269
          ],
          [
            16.45925966406276,
            2.755887754872269
          ],
          [
            16.484225958937387,
            2.755887754872269
          ],
          [
            16.509192253812014,
            2.755887754872269
          ],
          [
            16.53415854868664,
            2.755887754872269
          ],
          [
            16.559124843561264,
            2.755887754872269
          ],
          [
            16.58409113843589,
            2.755887754872269
          ],
          [
            16.609057433310518,
            2.755887754872269
          ],
          [
            16.63402372818514,
            2.755887754872269
          ],
          [
            16.65899002305977,
            2.755887754872269
          ],
          [
            16.683956317934395,
            2.755887754872269
          ],
          [
            16.708922612809022,
            2.755887754872269
          ],
          [
            16.73388890768365,
            2.755887754872269
          ],
          [
            16.758855202558273,
            2.755887754872269
          ],
          [
            16.7838214974329,
            2.755887754872269
          ],
          [
            16.808787792307527,
            2.755887754872269
          ],
          [
            16.833754087182154,
            2.755887754872269
          ],
          [
            16.85872038205678,
            2.755887754872269
          ],
          [
            16.883686676931404,
            2.755887754872269
          ],
          [
            16.90865297180603,
            2.755887754872269
          ],
          [
            16.933619266680658,
            2.755887754872269
          ],
          [
            16.95858556155528,
            2.755887754872269
          ],
          [
            16.98355185642991,
            2.755887754872269
          ],
          [
            17.008518151304536,
            2.755887754872269
          ],
          [
            17.033484446179163,
            2.755887754872269
          ],
          [
            17.05845074105379,
            2.755887754872269
          ],
          [
            17.083417035928413,
            2.755887754872269
          ],
          [
            17.10838333080304,
            2.755887754872269
          ],
          [
            17.133349625677667,
            2.755887754872269
          ],
          [
            17.158315920552294,
            2.755887754872269
          ],
          [
            17.18328221542692,
            2.755887754872269
          ],
          [
            17.208248510301544,
            2.755887754872269
          ],
          [
            17.23321480517617,
            2.755887754872269
          ],
          [
            17.2581811000508,
            2.755887754872269
          ],
          [
            17.283147394925425,
            2.755887754872269
          ],
          [
            17.30811368980005,
            2.755887754872269
          ],
          [
            17.333079984674676,
            2.755887754872269
          ],
          [
            17.358046279549303,
            2.755887754872269
          ],
          [
            17.38301257442393,
            2.755887754872269
          ],
          [
            17.407978869298553,
            2.755887754872269
          ],
          [
            17.43294516417318,
            2.755887754872269
          ],
          [
            17.457911459047807,
            2.755887754872269
          ],
          [
            17.482877753922434,
            2.755887754872269
          ],
          [
            17.50784404879706,
            2.755887754872269
          ],
          [
            17.532810343671684,
            2.755887754872269
          ],
          [
            17.55777663854631,
            2.755887754872269
          ],
          [
            17.58274293342094,
            2.755887754872269
          ],
          [
            17.607709228295565,
            2.755887754872269
          ],
          [
            17.632675523170192,
            2.755887754872269
          ],
          [
            17.657641818044816,
            2.755887754872269
          ],
          [
            17.682608112919443,
            2.755887754872269
          ],
          [
            17.70757440779407,
            2.755887754872269
          ],
          [
            17.732540702668697,
            2.755887754872269
          ],
          [
            17.75750699754332,
            2.755887754872269
          ],
          [
            17.782473292417947,
            2.755887754872269
          ],
          [
            17.807439587292574,
            2.755887754872269
          ],
          [
            17.8324058821672,
            2.755887754872269
          ],
          [
            17.857372177041825,
            2.755887754872269
          ],
          [
            17.88233847191645,
            2.755887754872269
          ],
          [
            17.90730476679108,
            2.755887754872269
          ],
          [
            17.932271061665706,
            2.755887754872269
          ],
          [
            17.957237356540332,
            2.755887754872269
          ],
          [
            17.982203651414956,
            2.755887754872269
          ],
          [
            18.007169946289583,
            2.755887754872269
          ],
          [
            18.03213624116421,
            2.755887754872269
          ],
          [
            18.057102536038837,
            2.755887754872269
          ],
          [
            18.08206883091346,
            2.755887754872269
          ],
          [
            18.107035125788087,
            2.755887754872269
          ],
          [
            18.132001420662714,
            2.755887754872269
          ],
          [
            18.15696771553734,
            2.755887754872269
          ],
          [
            18.181934010411965,
            2.755887754872269
          ],
          [
            18.20690030528659,
            2.755887754872269
          ],
          [
            18.23186660016122,
            2.755887754872269
          ],
          [
            18.256832895035846,
            2.755887754872269
          ],
          [
            18.281799189910473,
            2.755887754872269
          ],
          [
            18.306765484785096,
            2.755887754872269
          ],
          [
            18.331731779659723,
            2.755887754872269
          ],
          [
            18.35669807453435,
            2.755887754872269
          ],
          [
            18.381664369408973,
            2.755887754872269
          ],
          [
            18.4066306642836,
            2.755887754872269
          ],
          [
            18.431596959158227,
            2.755887754872269
          ],
          [
            18.456563254032854,
            2.755887754872269
          ],
          [
            18.48152954890748,
            2.755887754872269
          ],
          [
            18.506495843782105,
            2.755887754872269
          ],
          [
            18.53146213865673,
            2.755887754872269
          ],
          [
            18.55642843353136,
            2.755887754872269
          ],
          [
            18.581394728405986,
            2.755887754872269
          ],
          [
            18.606361023280613,
            2.755887754872269
          ],
          [
            18.631327318155236,
            2.755887754872269
          ],
          [
            18.656293613029863,
            2.755887754872269
          ],
          [
            18.68125990790449,
            2.755887754872269
          ],
          [
            18.706226202779114,
            2.755887754872269
          ],
          [
            18.73119249765374,
            2.755887754872269
          ],
          [
            18.756158792528367,
            2.755887754872269
          ],
          [
            18.781125087402994,
            2.755887754872269
          ],
          [
            18.80609138227762,
            2.755887754872269
          ],
          [
            18.831057677152245,
            2.755887754872269
          ],
          [
            18.856023972026872,
            2.755887754872269
          ],
          [
            18.8809902669015,
            2.755887754872269
          ],
          [
            18.905956561776126,
            2.755887754872269
          ],
          [
            18.930922856650753,
            2.755887754872269
          ],
          [
            18.955889151525376,
            2.755887754872269
          ],
          [
            18.980855446400003,
            2.755887754872269
          ],
          [
            19.00582174127463,
            2.755887754872269
          ],
          [
            19.030788036149254,
            2.755887754872269
          ],
          [
            19.05575433102388,
            2.755887754872269
          ],
          [
            19.080720625898508,
            2.755887754872269
          ],
          [
            19.105686920773135,
            2.755887754872269
          ],
          [
            19.13065321564776,
            2.755887754872269
          ],
          [
            19.155619510522385,
            2.755887754872269
          ],
          [
            19.180585805397012,
            2.755887754872269
          ],
          [
            19.20555210027164,
            2.755887754872269
          ],
          [
            19.230518395146266,
            2.755887754872269
          ],
          [
            19.255484690020893,
            2.755887754872269
          ],
          [
            19.280450984895516,
            2.755887754872269
          ],
          [
            19.305417279770143,
            2.755887754872269
          ],
          [
            19.33038357464477,
            2.755887754872269
          ],
          [
            19.355349869519394,
            2.755887754872269
          ],
          [
            19.380316164394024,
            2.755887754872269
          ],
          [
            19.405282459268648,
            2.755887754872269
          ],
          [
            19.430248754143275,
            2.755887754872269
          ],
          [
            19.4552150490179,
            2.755887754872269
          ],
          [
            19.480181343892525,
            2.755887754872269
          ],
          [
            19.505147638767152,
            2.755887754872269
          ],
          [
            19.53011393364178,
            2.755887754872269
          ],
          [
            19.555080228516406,
            2.755887754872269
          ],
          [
            19.580046523391033,
            2.755887754872269
          ],
          [
            19.605012818265656,
            2.755887754872269
          ],
          [
            19.629979113140283,
            2.755887754872269
          ],
          [
            19.65494540801491,
            2.755887754872269
          ],
          [
            19.679911702889537,
            2.755887754872269
          ],
          [
            19.704877997764164,
            2.755887754872269
          ],
          [
            19.729844292638788,
            2.755887754872269
          ],
          [
            19.754810587513415,
            2.755887754872269
          ],
          [
            19.77977688238804,
            2.755887754872269
          ],
          [
            19.804743177262665,
            2.755887754872269
          ],
          [
            19.829709472137296,
            2.755887754872269
          ],
          [
            19.85467576701192,
            2.755887754872269
          ],
          [
            19.879642061886546,
            2.755887754872269
          ],
          [
            19.904608356761173,
            2.755887754872269
          ],
          [
            19.929574651635797,
            2.755887754872269
          ],
          [
            19.954540946510424,
            2.755887754872269
          ],
          [
            19.97950724138505,
            2.755887754872269
          ],
          [
            20.004473536259678,
            2.755887754872269
          ],
          [
            20.029439831134304,
            2.755887754872269
          ],
          [
            20.054406126008928,
            2.755887754872269
          ],
          [
            20.079372420883555,
            2.755887754872269
          ],
          [
            20.104338715758182,
            2.755887754872269
          ],
          [
            20.12930501063281,
            2.755887754872269
          ],
          [
            20.154271305507436,
            2.755887754872269
          ],
          [
            20.17923760038206,
            2.755887754872269
          ],
          [
            20.204203895256686,
            2.755887754872269
          ],
          [
            20.229170190131313,
            2.755887754872269
          ],
          [
            20.254136485005937,
            2.755887754872269
          ],
          [
            20.279102779880564,
            2.755887754872269
          ],
          [
            20.30406907475519,
            2.755887754872269
          ],
          [
            20.329035369629818,
            2.755887754872269
          ],
          [
            20.354001664504445,
            2.755887754872269
          ],
          [
            20.378967959379068,
            2.755887754872269
          ],
          [
            20.403934254253695,
            2.755887754872269
          ],
          [
            20.428900549128322,
            2.755887754872269
          ],
          [
            20.45386684400295,
            2.755887754872269
          ],
          [
            20.478833138877576,
            2.755887754872269
          ],
          [
            20.5037994337522,
            2.755887754872269
          ],
          [
            20.528765728626826,
            2.755887754872269
          ],
          [
            20.553732023501453,
            2.755887754872269
          ],
          [
            20.578698318376077,
            2.755887754872269
          ],
          [
            20.603664613250704,
            2.755887754872269
          ],
          [
            20.62863090812533,
            2.755887754872269
          ]
        ]
      }
    },
    {
      "type": "Feature",
      "properties": {
        "id": "right_physical_boundary"
      },
      "geometry": {
        "type": "LineString",
        "coordinates": [
          [
            20.62863090812533,
            1.8414877548722692
          ],
          [
            20.6536131276382,
            1.8414877548722692
          ],
          [
            20.67859534715107,
            1.8414877548722692
          ],
          [
            20.703577566663938,
            1.8414877548722692
          ],
          [
            20.72855978617681,
            1.8414877548722692
          ],
          [
            20.753542005689678,
            1.8414877548722692
          ],
          [
            20.77852422520255,
            1.8414877548722692
          ],
          [
            20.803506444715417,
            1.8414877548722692
          ],
          [
            20.82848866422829,
            1.8414877548722692
          ],
          [
            20.853470883741156,
            1.8414877548722692
          ],
          [
            20.878453103254028,
            1.8414877548722692
          ],
          [
            20.903435322766896,
            1.8414877548722692
          ],
          [
            20.928417542279767,
            1.8414877548722692
          ],
          [
            20.953399761792635,
            1.8414877548722692
          ],
          [
            20.978381981305507,
            1.8414877548722692
          ],
          [
            21.003364200818375,
            1.8414877548722692
          ],
          [
            21.028346420331246,
            1.8414877548722692
          ],
          [
            21.053328639844114,
            1.8414877548722692
          ],
          [
            21.078310859356986,
            1.8414877548722692
          ],
          [
            21.103293078869854,
            1.8414877548722692
          ],
          [
            21.128275298382725,
            1.8414877548722692
          ],
          [
            21.153257517895593,
            1.8414877548722692
          ],
          [
            21.178239737408465,
            1.8414877548722692
          ],
          [
            21.203221956921332,
            1.8414877548722692
          ],
          [
            21.228204176434204,
            1.8414877548722692
          ],
          [
            21.253186395947072,
            1.8414877548722692
          ],
          [
            21.278168615459943,
            1.8414877548722692
          ],
          [
            21.30315083497281,
            1.8414877548722692
          ],
          [
            21.328133054485683,
            1.8414877548722692
          ],
          [
            21.35311527399855,
            1.8414877548722692
          ],
          [
            21.378097493511422,
            1.8414877548722692
          ],
          [
            21.40307971302429,
            1.8414877548722692
          ],
          [
            21.42806193253716,
            1.8414877548722692
          ],
          [
            21.45304415205003,
            1.8414877548722692
          ],
          [
            21.4780263715629,
            1.8414877548722692
          ],
          [
            21.50300859107577,
            1.8414877548722692
          ],
          [
            21.52799081058864,
            1.8414877548722692
          ],
          [
            21.55297303010151,
            1.8414877548722692
          ],
          [
            21.57795524961438,
            1.8414877548722692
          ],
          [
            21.602937469127248,
            1.8414877548722692
          ],
          [
            21.62791968864012,
            1.8414877548722692
          ],
          [
            21.652901908152987,
            1.8414877548722692
          ],
          [
            21.67788412766586,
            1.8414877548722692
          ],
          [
            21.702866347178727,
            1.8414877548722692
          ],
          [
            21.7278485666916,
            1.8414877548722692
          ],
          [
            21.752830786204466,
            1.8414877548722692
          ],
          [
            21.777813005717334,
            1.8414877548722692
          ],
          [
            21.802795225230206,
            1.8414877548722692
          ],
          [
            21.827777444743077,
            1.8414877548722692
          ],
          [
            21.852759664255945,
            1.8414877548722692
          ],
          [
            21.877741883768813,
            1.8414877548722692
          ],
          [
            21.902724103281685,
            1.8414877548722692
          ],
          [
            21.927706322794553,
            1.8414877548722692
          ],
          [
            21.952688542307424,
            1.8414877548722692
          ],
          [
            21.977670761820292,
            1.8414877548722692
          ],
          [
            22.002652981333163,
            1.8414877548722692
          ],
          [
            22.02763520084603,
            1.8414877548722692
          ],
          [
            22.052617420358903,
            1.8414877548722692
          ],
          [
            22.07759963987177,
            1.8414877548722692
          ],
          [
            22.102581859384642,
            1.8414877548722692
          ],
          [
            22.12756407889751,
            1.8414877548722692
          ],
          [
            22.152546298410382,
            1.8414877548722692
          ],
          [
            22.17752851792325,
            1.8414877548722692
          ],
          [
            22.20251073743612,
            1.8414877548722692
          ],
          [
            22.22749295694899,
            1.8414877548722692
          ],
          [
            22.25247517646186,
            1.8414877548722692
          ],
          [
            22.27745739597473,
            1.8414877548722692
          ],
          [
            22.3024396154876,
            1.8414877548722692
          ],
          [
            22.327421835000468,
            1.8414877548722692
          ],
          [
            22.35240405451334,
            1.8414877548722692
          ],
          [
            22.377386274026208,
            1.8414877548722692
          ],
          [
            22.40236849353908,
            1.8414877548722692
          ],
          [
            22.427350713051947,
            1.8414877548722692
          ],
          [
            22.45233293256482,
            1.8414877548722692
          ],
          [
            22.477315152077686,
            1.8414877548722692
          ],
          [
            22.502297371590558,
            1.8414877548722692
          ],
          [
            22.527279591103426,
            1.8414877548722692
          ],
          [
            22.552261810616297,
            1.8414877548722692
          ],
          [
            22.577244030129165,
            1.8414877548722692
          ],
          [
            22.602226249642037,
            1.8414877548722692
          ],
          [
            22.627208469154905,
            1.8414877548722692
          ],
          [
            22.652190688667776,
            1.8414877548722692
          ],
          [
            22.677172908180644,
            1.8414877548722692
          ],
          [
            22.702155127693516,
            1.8414877548722692
          ],
          [
            22.727137347206384,
            1.8414877548722692
          ],
          [
            22.752119566719255,
            1.8414877548722692
          ],
          [
            22.777101786232123,
            1.8414877548722692
          ],
          [
            22.802084005744994,
            1.8414877548722692
          ],
          [
            22.827066225257862,
            1.8414877548722692
          ],
          [
            22.852048444770734,
            1.8414877548722692
          ],
          [
            22.877030664283602,
            1.8414877548722692
          ],
          [
            22.902012883796473,
            1.8414877548722692
          ],
          [
            22.92699510330934,
            1.8414877548722692
          ],
          [
            22.95197732282221,
            1.8414877548722692
          ],
          [
            22.97695954233508,
            1.8414877548722692
          ],
          [
            23.001941761847952,
            1.8414877548722692
          ],
          [
            23.02692398136082,
            1.8414877548722692
          ],
          [
            23.051906200873688,
            1.8414877548722692
          ],
          [
            23.07688842038656,
            1.8414877548722692
          ],
          [
            23.10187063989943,
            1.8414877548722692
          ],
          [
            23.1268528594123,
            1.8414877548722692
          ],
          [
            23.151835078925167,
            1.8414877548722692
          ],
          [
            23.17681729843804,
            1.8414877548722692
          ],
          [
            23.201799517950906,
            1.8414877548722692
          ],
          [
            23.226781737463778,
            1.8414877548722692
          ],
          [
            23.251763956976646,
            1.8414877548722692
          ],
          [
            23.276746176489517,
            1.8414877548722692
          ],
          [
            23.301728396002385,
            1.8414877548722692
          ],
          [
            23.326710615515257,
            1.8414877548722692
          ],
          [
            23.351692835028125,
            1.8414877548722692
          ],
          [
            23.376675054540996,
            1.8414877548722692
          ],
          [
            23.401657274053864,
            1.8414877548722692
          ],
          [
            23.426639493566736,
            1.8414877548722692
          ],
          [
            23.451621713079604,
            1.8414877548722692
          ],
          [
            23.476603932592475,
            1.8414877548722692
          ],
          [
            23.501586152105343,
            1.8414877548722692
          ],
          [
            23.526568371618215,
            1.8414877548722692
          ],
          [
            23.551550591131083,
            1.8414877548722692
          ],
          [
            23.576532810643954,
            1.8414877548722692
          ],
          [
            23.601515030156822,
            1.8414877548722692
          ],
          [
            23.626497249669693,
            1.8414877548722692
          ],
          [
            23.65147946918256,
            1.8414877548722692
          ],
          [
            23.676461688695433,
            1.8414877548722692
          ],
          [
            23.7014439082083,
            1.8414877548722692
          ],
          [
            23.726426127721172,
            1.8414877548722692
          ],
          [
            23.75140834723404,
            1.8414877548722692
          ],
          [
            23.77639056674691,
            1.8414877548722692
          ],
          [
            23.80137278625978,
            1.8414877548722692
          ],
          [
            23.82635500577265,
            1.8414877548722692
          ],
          [
            23.85133722528552,
            1.8414877548722692
          ],
          [
            23.87631944479839,
            1.8414877548722692
          ],
          [
            23.90130166431126,
            1.8414877548722692
          ],
          [
            23.92628388382413,
            1.8414877548722692
          ],
          [
            23.951266103336998,
            1.8414877548722692
          ],
          [
            23.97624832284987,
            1.8414877548722692
          ],
          [
            24.001230542362737,
            1.8414877548722692
          ],
          [
            24.02621276187561,
            1.8414877548722692
          ],
          [
            24.051194981388477,
            1.8414877548722692
          ],
          [
            24.07617720090135,
            1.8414877548722692
          ],
          [
            24.101159420414216,
            1.8414877548722692
          ],
          [
            24.126141639927084,
            1.8414877548722692
          ],
          [
            24.151123859439956,
            1.8414877548722692
          ],
          [
            24.176106078952824,
            1.8414877548722692
          ],
          [
            24.201088298465695,
            1.8414877548722692
          ],
          [
            24.226070517978563,
            1.8414877548722692
          ],
          [
            24.251052737491435,
            1.8414877548722692
          ],
          [
            24.276034957004303,
            1.8414877548722692
          ],
          [
            24.301017176517174,
            1.8414877548722692
          ],
          [
            24.325999396030042,
            1.8414877548722692
          ],
          [
            24.350981615542914,
            1.8414877548722692
          ],
          [
            24.37596383505578,
            1.8414877548722692
          ],
          [
            24.400946054568653,
            1.8414877548722692
          ],
          [
            24.42592827408152,
            1.8414877548722692
          ],
          [
            24.450910493594392,
            1.8414877548722692
          ],
          [
            24.47589271310726,
            1.8414877548722692
          ],
          [
            24.500874932620132,
            1.8414877548722692
          ],
          [
            24.525857152133,
            1.8414877548722692
          ],
          [
            24.55083937164587,
            1.8414877548722692
          ],
          [
            24.57582159115874,
            1.8414877548722692
          ],
          [
            24.60080381067161,
            1.8414877548722692
          ],
          [
            24.62578603018448,
            1.8414877548722692
          ],
          [
            24.65076824969735,
            1.8414877548722692
          ],
          [
            24.675750469210218,
            1.8414877548722692
          ],
          [
            24.70073268872309,
            1.8414877548722692
          ],
          [
            24.725714908235958,
            1.8414877548722692
          ],
          [
            24.75069712774883,
            1.8414877548722692
          ],
          [
            24.775679347261697,
            1.8414877548722692
          ],
          [
            24.80066156677457,
            1.8414877548722692
          ],
          [
            24.825643786287436,
            1.8414877548722692
          ],
          [
            24.850626005800308,
            1.8414877548722692
          ],
          [
            24.875608225313176,
            1.8414877548722692
          ],
          [
            24.900590444826044,
            1.8414877548722692
          ],
          [
            24.925572664338915,
            1.8414877548722692
          ],
          [
            24.950554883851787,
            1.8414877548722692
          ],
          [
            24.975537103364655,
            1.8414877548722692
          ],
          [
            25.000519322877523,
            1.8414877548722692
          ],
          [
            25.025501542390394,
            1.8414877548722692
          ],
          [
            25.050483761903266,
            1.8414877548722692
          ],
          [
            25.075465981416134,
            1.8414877548722692
          ],
          [
            25.100448200929,
            1.8414877548722692
          ],
          [
            25.125430420441873,
            1.8414877548722692
          ],
          [
            25.150412639954745,
            1.8414877548722692
          ],
          [
            25.175394859467612,
            1.8414877548722692
          ],
          [
            25.20037707898048,
            1.8414877548722692
          ],
          [
            25.225359298493352,
            1.8414877548722692
          ],
          [
            25.250341518006223,
            1.8414877548722692
          ],
          [
            25.27532373751909,
            1.8414877548722692
          ],
          [
            25.30030595703196,
            1.8414877548722692
          ],
          [
            25.32528817654483,
            1.8414877548722692
          ],
          [
            25.350270396057702,
            1.8414877548722692
          ],
          [
            25.37525261557057,
            1.8414877548722692
          ],
          [
            25.400234835083438,
            1.8414877548722692
          ],
          [
            25.42521705459631,
            1.8414877548722692
          ],
          [
            25.450199274109178,
            1.8414877548722692
          ],
          [
            25.47518149362205,
            1.8414877548722692
          ],
          [
            25.500163713134917,
            1.8414877548722692
          ],
          [
            25.52514593264779,
            1.8414877548722692
          ],
          [
            25.550128152160656,
            1.8414877548722692
          ],
          [
            25.575110371673528,
            1.8414877548722692
          ],
          [
            25.600092591186396,
            1.8414877548722692
          ],
          [
            25.625074810699267,
            1.8414877548722692
          ],
          [
            25.650057030212135,
            1.8414877548722692
          ],
          [
            25.675039249725007,
            1.8414877548722692
          ],
          [
            25.700021469237875,
            1.8414877548722692
          ],
          [
            25.725003688750746,
            1.8414877548722692
          ],
          [
            25.749985908263614,
            1.8414877548722692
          ],
          [
            25.774968127776486,
            1.8414877548722692
          ],
          [
            25.799950347289354,
            1.8414877548722692
          ],
          [
            25.824932566802225,
            1.8414877548722692
          ],
          [
            25.849914786315093,
            1.8414877548722692
          ],
          [
            25.874897005827965,
            1.8414877548722692
          ],
          [
            25.899879225340833,
            1.8414877548722692
          ],
          [
            25.924861444853704,
            1.8414877548722692
          ],
          [
            25.949843664366572,
            1.8414877548722692
          ],
          [
            25.974825883879443,
            1.8414877548722692
          ],
          [
            25.99980810339231,
            1.8414877548722692
          ],
          [
            26.024790322905183,
            1.8414877548722692
          ],
          [
            26.04977254241805,
            1.8414877548722692
          ],
          [
            26.074754761930922,
            1.8414877548722692
          ],
          [
            26.09973698144379,
            1.8414877548722692
          ],
          [
            26.124719200956662,
            1.8414877548722692
          ],
          [
            26.14970142046953,
            1.8414877548722692
          ],
          [
            26.1746836399824,
            1.8414877548722692
          ],
          [
            26.19966585949527,
            1.8414877548722692
          ],
          [
            26.22464807900814,
            1.8414877548722692
          ],
          [
            26.24963029852101,
            1.8414877548722692
          ],
          [
            26.274612518033877,
            1.8414877548722692
          ],
          [
            26.299594737546748,
            1.8414877548722692
          ],
          [
            26.32457695705962,
            1.8414877548722692
          ],
          [
            26.349559176572487,
            1.8414877548722692
          ],
          [
            26.374541396085355,
            1.8414877548722692
          ],
          [
            26.399523615598227,
            1.8414877548722692
          ],
          [
            26.4245058351111,
            1.8414877548722692
          ],
          [
            26.449488054623966,
            1.8414877548722692
          ],
          [
            26.474470274136834,
            1.8414877548722692
          ],
          [
            26.499452493649706,
            1.8414877548722692
          ],
          [
            26.524434713162577,
            1.8414877548722692
          ],
          [
            26.549416932675445,
            1.8414877548722692
          ],
          [
            26.574399152188313,
            1.8414877548722692
          ],
          [
            26.599381371701185,
            1.8414877548722692
          ],
          [
            26.624363591214056,
            1.8414877548722692
          ],
          [
            26.649345810726924,
            1.8414877548722692
          ],
          [
            26.674328030239792,
            1.8414877548722692
          ],
          [
            26.699310249752664,
            1.8414877548722692
          ],
          [
            26.724292469265535,
            1.8414877548722692
          ],
          [
            26.749274688778403,
            1.8414877548722692
          ],
          [
            26.77425690829127,
            1.8414877548722692
          ],
          [
            26.799239127804142,
            1.8414877548722692
          ],
          [
            26.82422134731701,
            1.8414877548722692
          ],
          [
            26.849203566829882,
            1.8414877548722692
          ],
          [
            26.87418578634275,
            1.8414877548722692
          ],
          [
            26.89916800585562,
            1.8414877548722692
          ],
          [
            26.92415022536849,
            1.8414877548722692
          ],
          [
            26.94913244488136,
            1.8414877548722692
          ],
          [
            26.97411466439423,
            1.8414877548722692
          ],
          [
            26.9990968839071,
            1.8414877548722692
          ],
          [
            27.024079103419968,
            1.8414877548722692
          ],
          [
            27.049061322932836,
            1.8414877548722692
          ],
          [
            27.074043542445708,
            1.8414877548722692
          ],
          [
            27.09902576195858,
            1.8414877548722692
          ],
          [
            27.124007981471447,
            1.8414877548722692
          ],
          [
            27.148990200984315,
            1.8414877548722692
          ],
          [
            27.173972420497186,
            1.8414877548722692
          ],
          [
            27.198954640010058,
            1.8414877548722692
          ],
          [
            27.223936859522926,
            1.8414877548722692
          ],
          [
            27.248919079035794,
            1.8414877548722692
          ],
          [
            27.273901298548665,
            1.8414877548722692
          ],
          [
            27.298883518061537,
            1.8414877548722692
          ],
          [
            27.323865737574405,
            1.8414877548722692
          ],
          [
            27.348847957087273,
            1.8414877548722692
          ],
          [
            27.373830176600144,
            1.8414877548722688
          ],
          [
            27.39933381235575,
            1.841506539869521
          ],
          [
            27.424837392766154,
            1.8415628948205103
          ],
          [
            27.450340862486282,
            1.8416568196029413
          ],
          [
            27.475844166171306,
            1.841788314012991
          ],
          [
            27.501347248476748,
            1.841957377765301
          ],
          [
            27.526850054058613,
            1.8421640104929897
          ],
          [
            27.552352527573504,
            1.8424082117476468
          ],
          [
            27.577854613678745,
            1.8426899809993311
          ],
          [
            27.60335625703251,
            1.843009317636581
          ],
          [
            27.62885740229392,
            1.8433662209664063
          ],
          [
            27.654357994123192,
            1.843760690214287
          ],
          [
            27.679857977181722,
            1.8441927245241991
          ],
          [
            27.705357296132256,
            1.844662322958585
          ],
          [
            27.730855895638957,
            1.8451694844983733
          ],
          [
            27.756353720367553,
            1.8457142080429791
          ],
          [
            27.781850714985467,
            1.8462964924103051
          ],
          [
            27.807346824161918,
            1.8469163363367334
          ],
          [
            27.832841992568035,
            1.8475737384771542
          ],
          [
            27.858336164877,
            1.8482686974049416
          ],
          [
            27.88382928576415,
            1.8490012116119745
          ],
          [
            27.909321299907113,
            1.849771279508633
          ],
          [
            27.93481215198591,
            1.850578899423792
          ],
          [
            27.960301786683086,
            1.851424069604849
          ],
          [
            27.98579014868383,
            1.8523067882177071
          ],
          [
            28.011277182676093,
            1.8532270533467892
          ],
          [
            28.036762833350704,
            1.8541848629950335
          ],
          [
            28.062247045401488,
            1.8551802150839096
          ],
          [
            28.087729763525417,
            1.85621310745341
          ],
          [
            28.113210932422678,
            1.8572835378620653
          ],
          [
            28.138690496796833,
            1.8583915039869479
          ],
          [
            28.164168401354917,
            1.8595370034236676
          ],
          [
            28.18964459080758,
            1.8607200336863905
          ],
          [
            28.215119009869184,
            1.861940592207832
          ],
          [
            28.240591603257936,
            1.8631986763392672
          ],
          [
            28.266062315696004,
            1.8644942833505418
          ],
          [
            28.29153109190964,
            1.8658274104300756
          ],
          [
            28.316997876629298,
            1.8671980546848563
          ],
          [
            28.342462614589746,
            1.8686062131404637
          ],
          [
            28.367925250530206,
            1.8700518827410668
          ],
          [
            28.39338572919445,
            1.871535060349431
          ],
          [
            28.418843995330942,
            1.8730557427469323
          ],
          [
            28.44429999369294,
            1.8746139266335435
          ],
          [
            28.46975366903862,
            1.87620960862787
          ],
          [
            28.495204966131215,
            1.8778427852671384
          ],
          [
            28.5206538297391,
            1.8795134530072057
          ],
          [
            28.546100204635945,
            1.8812216082225681
          ],
          [
            28.57154403560081,
            1.882967247206384
          ],
          [
            28.596985267418287,
            1.8847503661704488
          ],
          [
            28.622423844878593,
            1.886570961245237
          ],
          [
            28.64785971277772,
            1.8884290284798975
          ],
          [
            28.673292815917534,
            1.8903245638422506
          ],
          [
            28.698723099105905,
            1.8922575632188126
          ],
          [
            28.724150507156818,
            1.8942280224148016
          ],
          [
            28.74957498489049,
            1.8962359371541448
          ],
          [
            28.774996477133506,
            1.8982813030794834
          ],
          [
            28.80041492871894,
            1.9003641157521889
          ],
          [
            28.825830284486443,
            1.9024843706523717
          ],
          [
            28.851242489282395,
            1.9046420631788812
          ],
          [
            28.876651487960018,
            1.9068371886493347
          ],
          [
            28.902057225379487,
            1.9090697423001126
          ],
          [
            28.92745964640805,
            1.9113397192863648
          ],
          [
            28.952858695920156,
            1.9136471146820406
          ],
          [
            28.97825431879757,
            1.915991923479883
          ],
          [
            29.003646459929502,
            1.9183741405914465
          ],
          [
            29.029035064212703,
            1.920793760847098
          ],
          [
            29.054420076551605,
            1.9232507789960511
          ],
          [
            29.079801441858432,
            1.9257451897063504
          ],
          [
            29.105179105053335,
            1.9282769875648957
          ],
          [
            29.13055301106449,
            1.9308461670774637
          ],
          [
            29.15592310482821,
            1.933452722668698
          ],
          [
            29.181289331289122,
            1.936096648682137
          ],
          [
            29.2066516354002,
            1.9387779393802227
          ],
          [
            29.232009962122955,
            1.9414965889443105
          ],
          [
            29.257364256427532,
            1.9442525914746913
          ],
          [
            29.282714463292812,
            1.9470459409905851
          ],
          [
            29.308060527706555,
            1.9498766314301685
          ],
          [
            29.333402394665512,
            1.9527446566505913
          ],
          [
            29.358740009175538,
            1.9556500104279817
          ],
          [
            29.38407331625172,
            1.958592686457452
          ],
          [
            29.409402260918483,
            1.9615726783531335
          ],
          [
            29.43472678820974,
            1.9645899796481736
          ],
          [
            29.460046843168964,
            1.9676445837947578
          ],
          [
            29.48536237084935,
            1.9707364841641164
          ],
          [
            29.510673316313916,
            1.973865674046547
          ],
          [
            29.53597962463562,
            1.9770321466514214
          ],
          [
            29.561281240897475,
            1.9802358951072114
          ],
          [
            29.586578110192704,
            1.9834769124614957
          ],
          [
            29.6118701776248,
            1.9867551916809645
          ],
          [
            29.637157388307692,
            1.9900707256514618
          ],
          [
            29.662439687365843,
            1.9934235071779796
          ],
          [
            29.687717019934382,
            1.9968135289846785
          ],
          [
            29.712989331159214,
            2.0002407837149
          ],
          [
            29.738256566197133,
            2.0037052639311983
          ],
          [
            29.76351867021595,
            2.0072069621153292
          ],
          [
            29.788775588394625,
            2.0107458706683023
          ],
          [
            29.814027265923354,
            2.014321981910355
          ],
          [
            29.839273648003715,
            2.0179352880810093
          ],
          [
            29.864514679848778,
            2.02158578133906
          ],
          [
            29.889750306683215,
            2.0252734537626136
          ],
          [
            29.91498047374344,
            2.028998297349079
          ],
          [
            29.940205126277707,
            2.0327603040152122
          ],
          [
            29.965424209546235,
            2.036559465597118
          ],
          [
            29.990637668821336,
            2.0403957738502734
          ],
          [
            30.015845449387527,
            2.044269220449542
          ],
          [
            30.041047496541633,
            2.0481797969891957
          ],
          [
            30.066243755592946,
            2.052127494982925
          ],
          [
            30.0914341718633,
            2.056112305863872
          ],
          [
            30.116618690687204,
            2.06013422098464
          ],
          [
            30.141797257411987,
            2.064193231617301
          ],
          [
            30.16696981739788,
            2.0682893289534414
          ],
          [
            30.19213631601815,
            2.0724225041041615
          ],
          [
            30.217296698659215,
            2.0765927481000874
          ],
          [
            30.242450910720773,
            2.080800051891424
          ],
          [
            30.26759889761591,
            2.0850444063479348
          ],
          [
            30.29274060477122,
            2.0893258022589842
          ],
          [
            30.317875977626922,
            2.0936442303335645
          ],
          [
            30.34300496163699,
            2.0979996812002906
          ],
          [
            30.368127502269243,
            2.1023921454074395
          ],
          [
            30.393243545005507,
            2.1068216134229703
          ],
          [
            30.418353035341696,
            2.111288075634535
          ],
          [
            30.443455918787944,
            2.1157915223495047
          ],
          [
            30.468552140868724,
            2.120331943794997
          ],
          [
            30.49364164712296,
            2.1249093301178816
          ],
          [
            30.51872438310416,
            2.1295236713848227
          ],
          [
            30.54380029438052,
            2.134174957582277
          ],
          [
            30.56886932653504,
            2.1388631786165306
          ],
          [
            30.593931425165657,
            2.143588324313729
          ],
          [
            30.61898653588535,
            2.148350384419873
          ],
          [
            30.64403460432226,
            2.153149348600862
          ],
          [
            30.669075576119813,
            2.1579852064425094
          ],
          [
            30.69410939693683,
            2.162857947450564
          ],
          [
            30.719136012447674,
            2.1677675610507428
          ],
          [
            30.744155368342312,
            2.1727140365887356
          ],
          [
            30.76916741032648,
            2.1776973633302465
          ],
          [
            30.79417208412179,
            2.1827175304610047
          ],
          [
            30.81916933546583,
            2.1877745270867917
          ],
          [
            30.84439026047794,
            2.1929198114733275
          ],
          [
            30.869601859811922,
            2.1981105983989773
          ],
          [
            30.894804051374074,
            2.2033468709615653
          ],
          [
            30.9199967531013,
            2.2086286121107994
          ],
          [
            30.945179882961444,
            2.2139558046483385
          ],
          [
            30.970353358953485,
            2.2193284312278436
          ],
          [
            30.99551709910786,
            2.22474647435503
          ],
          [
            31.020671021486688,
            2.2302099163877296
          ],
          [
            31.04581504418407,
            2.235718739535948
          ],
          [
            31.070949085326337,
            2.2412729258619204
          ],
          [
            31.096073063072325,
            2.246872457280171
          ],
          [
            31.121186895613633,
            2.2525173155575744
          ],
          [
            31.1462905011749,
            2.2582074823134075
          ],
          [
            31.17138379801406,
            2.263942939019416
          ],
          [
            31.196466704422622,
            2.2697236669998775
          ],
          [
            31.221539138725927,
            2.2755496474316526
          ],
          [
            31.246601019283407,
            2.2814208613442517
          ],
          [
            31.27165226448886,
            2.287337289619899
          ],
          [
            31.29669279277073,
            2.2932989129935923
          ],
          [
            31.321722522592342,
            2.2993057120531626
          ],
          [
            31.346741372452183,
            2.3053576672393405
          ],
          [
            31.371749260884172,
            2.3114547588458274
          ],
          [
            31.396746106457925,
            2.317596967019339
          ],
          [
            31.42173182777901,
            2.3237842717596933
          ],
          [
            31.44670634348921,
            2.3300166529198645
          ],
          [
            31.471669572266812,
            2.3362940902060427
          ],
          [
            31.496621432826846,
            2.342616563177713
          ],
          [
            31.521561843921358,
            2.3489840512477156
          ],
          [
            31.546490724339673,
            2.355396533682308
          ],
          [
            31.571407992908682,
            2.361853989601245
          ],
          [
            31.596313568493052,
            2.3683563979778333
          ],
          [
            31.621207369995552,
            2.374903737639007
          ],
          [
            31.646089316357287,
            2.3814959872653985
          ],
          [
            31.670959326557952,
            2.3881331253914024
          ],
          [
            31.695817319616115,
            2.3948151304052465
          ],
          [
            31.720663214589482,
            2.4015419805490676
          ],
          [
            31.74549693057513,
            2.408313653918975
          ],
          [
            31.77031838670982,
            2.4151301284651283
          ],
          [
            31.795127502170228,
            2.421991381991803
          ],
          [
            31.81992419617319,
            2.428897392157465
          ],
          [
            31.844708387976013,
            2.435848136474849
          ],
          [
            31.86947999687671,
            2.44284359231102
          ],
          [
            31.894238942214255,
            2.4498837368874615
          ],
          [
            31.91898514336887,
            2.45696854728014
          ],
          [
            31.943718519762268,
            2.464098000419575
          ],
          [
            31.96843899085792,
            2.4712720730909257
          ],
          [
            31.993146476161318,
            2.478490741934066
          ],
          [
            32.01784089522025,
            2.485753983443652
          ],
          [
            32.04252216762505,
            2.4930617739692016
          ],
          [
            32.06719021300883,
            2.500414089715172
          ],
          [
            32.091844951047804,
            2.507810906741044
          ],
          [
            32.116486301461514,
            2.5152522009613865
          ],
          [
            32.14111418401308,
            2.5227379481459486
          ],
          [
            32.16572851850948,
            2.5302681239197264
          ],
          [
            32.190329224801815,
            2.5378427037630513
          ],
          [
            32.21491622278556,
            2.54546166301167
          ],
          [
            32.23948943240083,
            2.553124976856813
          ],
          [
            32.26404877363261,
            2.5608326203452925
          ],
          [
            32.28859416651109,
            2.568584568379569
          ],
          [
            32.31312553111184,
            2.576380795717844
          ],
          [
            32.33764278755612,
            2.58422127697413
          ],
          [
            32.36214585601113,
            2.5921059866183516
          ],
          [
            32.386634656690276,
            2.6000348989764057
          ],
          [
            32.41110910985342,
            2.6080079882302636
          ],
          [
            32.435569135807135,
            2.6160252284180485
          ],
          [
            32.46001465490497,
            2.624086593434116
          ],
          [
            32.48444558754772,
            2.6321920570291453
          ],
          [
            32.508861854183664,
            2.6403415928102216
          ],
          [
            32.533263375308856,
            2.6485351742409264
          ],
          [
            32.55765007146735,
            2.6567727746414134
          ],
          [
            32.58202186325147,
            2.66505436718851
          ],
          [
            32.606378671302096,
            2.673379924915789
          ],
          [
            32.630720416308854,
            2.6817494207136687
          ],
          [
            32.655047019010446,
            2.6901628273295
          ],
          [
            32.6793584001949,
            2.6986201173676463
          ],
          [
            32.70365448069976,
            2.7071212632895763
          ],
          [
            32.727935181412434,
            2.7156662374139655
          ],
          [
            32.75220042327039,
            2.724255011916767
          ],
          [
            32.77645012726142,
            2.7328875588313166
          ],
          [
            32.800684214423946,
            2.7415638500484194
          ],
          [
            32.824902605847214,
            2.750283857316437
          ],
          [
            32.84910522267158,
            2.7590475522413827
          ],
          [
            32.87329198608878,
            2.7678549062870217
          ],
          [
            32.89746281734216,
            2.776705890774951
          ],
          [
            32.92161763772694,
            2.785600476884699
          ],
          [
            32.94575636859049,
            2.7945386356538218
          ],
          [
            32.96987893133255,
            2.803520337977992
          ],
          [
            32.99398524740553,
            2.812545554611098
          ],
          [
            33.01807523831473,
            2.821614256165332
          ],
          [
            33.04214882561859,
            2.830726413111304
          ],
          [
            33.066205930929,
            2.83988199577811
          ],
          [
            33.090246475911485,
            2.8490809743534524
          ],
          [
            33.114270382285525,
            2.858323318883728
          ],
          [
            33.13827757182475,
            2.867608999274123
          ],
          [
            33.16226796635724,
            2.876937985288716
          ],
          [
            33.18624148776575,
            2.886310246550573
          ],
          [
            33.21019805798799,
            2.8957257525418476
          ],
          [
            33.234137599016854,
            2.9051844726038825
          ],
          [
            33.2580600329007,
            2.9146863759373054
          ],
          [
            33.28196528174359,
            2.924231431602129
          ],
          [
            33.30585326770552,
            2.933819608517859
          ],
          [
            33.329723913002724,
            2.943450875463588
          ],
          [
            33.353577139907884,
            2.9531252010781
          ],
          [
            33.37741287075041,
            2.9628425538599688
          ],
          [
            33.401231027916694,
            2.9726029021676634
          ],
          [
            33.4250315338503,
            2.982406214219658
          ],
          [
            33.44881431105233,
            2.992252458094524
          ],
          [
            33.47257928208159,
            3.002141601731037
          ],
          [
            33.49632636955485,
            3.012073612928284
          ],
          [
            33.52005549614712,
            3.022048459345771
          ],
          [
            33.54376658459193,
            3.0320661085035203
          ],
          [
            33.56745955768148,
            3.0421265277821816
          ],
          [
            33.59113433826701,
            3.0522296844231356
          ],
          [
            33.61479084925899,
            3.062375545528609
          ],
          [
            33.63842901362734,
            3.0725640780617627
          ],
          [
            33.66204875440179,
            3.082795248846824
          ],
          [
            33.68564999467199,
            3.0930690245691723
          ],
          [
            33.70923265758786,
            3.1033853717754623
          ],
          [
            33.73279666635984,
            3.1137442568737246
          ],
          [
            33.75634194425907,
            3.1241456461334844
          ],
          [
            33.77986841461769,
            3.134589505685863
          ],
          [
            33.80337600082909,
            3.1450758015236815
          ],
          [
            33.826864626348154,
            3.1556044995015937
          ],
          [
            33.85033421469149,
            3.166175565336178
          ],
          [
            33.873784689437706,
            3.1767889646060534
          ],
          [
            33.89721597422765,
            3.1874446627519983
          ],
          [
            33.92062799276464,
            3.1981426250770513
          ],
          [
            33.94402066881475,
            3.208882816746637
          ],
          [
            33.96739392620703,
            3.2196652027886703
          ],
          [
            33.990747688833736,
            3.230489748093671
          ],
          [
            34.01408188065064,
            3.241356417414889
          ],
          [
            34.03739642567722,
            3.2522651753684007
          ],
          [
            34.060691247996935,
            3.2632159864332393
          ],
          [
            34.08396627175746,
            3.274208814951504
          ],
          [
            34.107221421170934,
            3.2852436251284782
          ],
          [
            34.130628414362015,
            3.296409570789755
          ],
          [
            34.15400952834499,
            3.3076296056236187
          ],
          [
            34.17736463813013,
            3.318903669650499
          ],
          [
            34.20069361886671,
            3.3302317026019974
          ],
          [
            34.223996345843695,
            3.3416136439212143
          ],
          [
            34.24727269449039,
            3.3530494327630724
          ],
          [
            34.270522540377115,
            3.3645390079946287
          ],
          [
            34.29374575921586,
            3.3760823081954214
          ],
          [
            34.31694222686097,
            3.387679271657781
          ],
          [
            34.34011181930978,
            3.3993298363871713
          ],
          [
            34.36325441270332,
            3.411033940102515
          ],
          [
            34.386369883326914,
            3.4227915202365313
          ],
          [
            34.409458107610895,
            3.434602513936062
          ],
          [
            34.43251896213126,
            3.446466858062417
          ],
          [
            34.455552323610306,
            3.45838448919171
          ],
          [
            34.47855806891729,
            3.4703553436151893
          ],
          [
            34.50153607506912,
            3.4823793573395894
          ],
          [
            34.52448621923097,
            3.4944564660874646
          ],
          [
            34.54740837871698,
            3.5065866052975383
          ],
          [
            34.570302430990886,
            3.518769710125048
          ],
          [
            34.59316825366664,
            3.5310057154420837
          ],
          [
            34.61600572450916,
            3.5432945558379503
          ],
          [
            34.63881472143489,
            3.5556361656195024
          ],
          [
            34.66159512251249,
            3.568030478811507
          ],
          [
            34.68434680596351,
            3.5804774291569874
          ],
          [
            34.707069650162985,
            3.592976950117585
          ],
          [
            34.72976353364014,
            3.6055289748739088
          ],
          [
            34.752428335079,
            3.6181334363258992
          ],
          [
            34.77506393331908,
            3.630790267093179
          ],
          [
            34.797670207356,
            3.6434993995154166
          ],
          [
            34.82024703634211,
            3.6562607656526938
          ],
          [
            34.84279429958721,
            3.66907429728586
          ],
          [
            34.86531187655913,
            3.6819399259169017
          ],
          [
            34.88779964688438,
            3.6948575827693033
          ],
          [
            34.91025749034885,
            3.707827198788428
          ],
          [
            34.932685286898376,
            3.720848704641869
          ],
          [
            34.95508291663943,
            3.7339220307198335
          ],
          [
            34.97745025983974,
            3.747047107135512
          ],
          [
            34.999787196928956,
            3.760223863725445
          ],
          [
            35.022093608499254,
            3.7734522300499087
          ],
          [
            35.04436937530601,
            3.7867321353932817
          ],
          [
            35.06661437826841,
            3.800063508764431
          ],
          [
            35.088828498470086,
            3.813446278897089
          ],
          [
            35.11101161715977,
            3.8268803742502278
          ],
          [
            35.13316361575193,
            3.840365723008455
          ],
          [
            35.15528437582738,
            3.8539022530823837
          ],
          [
            35.17737377913394,
            3.8674898921090275
          ],
          [
            35.19943170758703,
            3.8811285674521816
          ],
          [
            35.221458043270374,
            3.8948182062028156
          ],
          [
            35.24345266843653,
            3.9085587351794624
          ],
          [
            35.265415465507616,
            3.9223500809286027
          ],
          [
            35.287346317075865,
            3.9361921697250715
          ],
          [
            35.30924510590431,
            3.950084927572434
          ],
          [
            35.33111171492735,
            3.964028280203399
          ],
          [
            35.352946027251434,
            3.978022153080207
          ],
          [
            35.374747926155656,
            3.992066471395024
          ],
          [
            35.396517295092394,
            4.006161160070352
          ],
          [
            35.4182540176879,
            4.020306143759423
          ],
          [
            35.43995797774295,
            4.034501346846608
          ],
          [
            35.46162905923349,
            4.04874669344781
          ],
          [
            35.48326714631119,
            4.063042107410885
          ],
          [
            35.504872123304125,
            4.077387512316037
          ],
          [
            35.52644387471736,
            4.091782831476231
          ],
          [
            35.54798228523356,
            4.106227987937601
          ],
          [
            35.56948723971365,
            4.120722904479868
          ],
          [
            35.59095862319739,
            4.13526750361674
          ],
          [
            35.61239632090399,
            4.149861707596343
          ],
          [
            35.633800218232764,
            4.164505438401619
          ],
          [
            35.65517020076369,
            4.179198617750759
          ],
          [
            35.67650615425805,
            4.193941167097611
          ],
          [
            35.697807964659056,
            4.208733007632101
          ],
          [
            35.71907551809242,
            4.223574060280656
          ],
          [
            35.740308700866976,
            4.238464245706632
          ],
          [
            35.76150739947533,
            4.253403484310733
          ],
          [
            35.7826715005944,
            4.268391696231428
          ],
          [
            35.80380089108607,
            4.2834288013454
          ],
          [
            35.82489545799776,
            4.298514719267948
          ],
          [
            35.84595508856309,
            4.313649369353435
          ],
          [
            35.86697967020238,
            4.328832670695717
          ],
          [
            35.88796909052337,
            4.34406454212857
          ],
          [
            35.90892323732173,
            4.3593449022261215
          ],
          [
            35.92984199858169,
            4.374673669303296
          ],
          [
            35.95072526247669,
            4.390050761416248
          ],
          [
            35.97157291736987,
            4.405476096362789
          ],
          [
            35.99238485181475,
            4.420949591682843
          ],
          [
            36.01316095455582,
            4.436471164658881
          ],
          [
            36.0339011145291,
            4.45204073231636
          ],
          [
            36.05460522086275,
            4.467658211424169
          ],
          [
            36.07527316287767,
            4.483323518495075
          ],
          [
            36.09590483008809,
            4.499036569786168
          ],
          [
            36.11650011220215,
            4.51479728129931
          ],
          [
            36.137058899122486,
            4.530605568781582
          ],
          [
            36.15758108094685,
            4.546461347725737
          ],
          [
            36.17806654796865,
            4.562364533370644
          ],
          [
            36.1985151906776,
            4.578315040701759
          ],
          [
            36.21892689976022,
            4.594312784451558
          ],
          [
            36.239301566100515,
            4.610357679100007
          ],
          [
            36.25963908078047,
            4.626449638875013
          ],
          [
            36.27993933508071,
            4.642588577752884
          ],
          [
            36.30020222048102,
            4.658774409458793
          ],
          [
            36.32042762866096,
            4.6750070474672265
          ],
          [
            36.340615451500426,
            4.691286405002468
          ],
          [
            36.36076558108025,
            4.7076123950390425
          ],
          [
            36.380877909682745,
            4.723984930302189
          ],
          [
            36.400952329792325,
            4.740403923268326
          ],
          [
            36.42098873409603,
            4.756869286165527
          ],
          [
            36.440987015484126,
            4.773380930973978
          ],
          [
            36.46094706705068,
            4.7899387694264535
          ],
          [
            36.48086878209414,
            4.806542713008788
          ],
          [
            36.50075205411787,
            4.823192672960353
          ],
          [
            36.520596776830736,
            4.839888560274519
          ],
          [
            36.5404028441477,
            4.8566302856991515
          ],
          [
            36.56017015019036,
            4.873417759737065
          ],
          [
            36.579898589287524,
            4.890250892646525
          ],
          [
            36.599588055975765,
            4.907129594441707
          ],
          [
            36.619238445,
            4.924053774893187
          ],
          [
            36.63884965131404,
            4.941023343528428
          ],
          [
            36.65842157008116,
            4.958038209632255
          ],
          [
            36.67795409667466,
            4.975098282247345
          ],
          [
            36.697447126678426,
            4.9922034701747116
          ],
          [
            36.71690055588745,
            5.0093536819741935
          ],
          [
            36.73631428030848,
            5.026548825964943
          ],
          [
            36.755688196160456,
            5.043788810225915
          ],
          [
            36.77502219987515,
            5.061073542596358
          ],
          [
            36.79431618809772,
            5.0784029306763125
          ],
          [
            36.81357005768718,
            5.0957768818270965
          ],
          [
            36.83316837808101,
            5.11356060162791
          ],
          [
            36.85270898118321,
            5.131407721356728
          ],
          [
            36.87219166189809,
            5.149318053692426
          ],
          [
            36.89161621573786,
            5.167291410650401
          ],
          [
            36.91098243882485,
            5.185327603584555
          ],
          [
            36.9302901278936,
            5.203426443189272
          ],
          [
            36.94953908029304,
            5.221587739501402
          ],
          [
            36.968729093988586,
            5.239811301902257
          ],
          [
            36.987859967564255,
            5.258096939119617
          ],
          [
            37.006931500224795,
            5.276444459229726
          ],
          [
            37.0259434917978,
            5.294853669659316
          ],
          [
            37.04489574273578,
            5.313324377187627
          ],
          [
            37.06378805411831,
            5.331856387948429
          ],
          [
            37.082620227654054,
            5.3504495074320655
          ],
          [
            37.10139206568287,
            5.369103540487486
          ],
          [
            37.12010337117791,
            5.387818291324301
          ],
          [
            37.138753947747674,
            5.406593563514836
          ],
          [
            37.15734359963802,
            5.42542915999619
          ],
          [
            37.17587213173432,
            5.444324883072306
          ],
          [
            37.19433934956342,
            5.463280534416047
          ],
          [
            37.21274505929572,
            5.482295915071276
          ],
          [
            37.2310890677472,
            5.501370825454945
          ],
          [
            37.24937118238145,
            5.5205050653591865
          ],
          [
            37.2675912113117,
            5.539698433953422
          ],
          [
            37.28574896330279,
            5.558950729786463
          ],
          [
            37.30384424777324,
            5.578261750788629
          ],
          [
            37.32187687479723,
            5.597631294273868
          ],
          [
            37.33984665510657,
            5.617059156941882
          ],
          [
            37.35775340009268,
            5.636545134880263
          ],
          [
            37.375596921808636,
            5.656089023566634
          ],
          [
            37.39337703297106,
            5.67569061787079
          ],
          [
            37.41109354696214,
            5.695349712056859
          ],
          [
            37.42874627783158,
            5.715066099785456
          ],
          [
            37.446335040298514,
            5.734839574115849
          ],
          [
            37.4638596497535,
            5.754669927508134
          ],
          [
            37.48131992226045,
            5.774556951825412
          ],
          [
            37.49871567455853,
            5.7945004383359695
          ],
          [
            37.516046724064104,
            5.814500177715476
          ],
          [
            37.53331288887266,
            5.8345559600491805
          ],
          [
            37.55051398776069,
            5.854667574834105
          ],
          [
            37.56764984018762,
            5.874834810981265
          ],
          [
            37.5847202662977,
            5.895057456817884
          ],
          [
            37.60172508692187,
            5.915335300089607
          ],
          [
            37.61866412357968,
            5.935668127962739
          ],
          [
            37.63553719848112,
            5.9560557270264685
          ],
          [
            37.652344134528505,
            5.9764978832951146
          ],
          [
            37.669084755318366,
            5.996994382210373
          ],
          [
            37.68575888514323,
            6.017545008643561
          ],
          [
            37.70236634899353,
            6.038149546897886
          ],
          [
            37.71890697255941,
            6.058807780710698
          ],
          [
            37.73538058223256,
            6.079519493255768
          ],
          [
            37.751787005108035,
            6.100284467145563
          ],
          [
            37.76812606898609,
            6.121102484433521
          ],
          [
            37.78439760237396,
            6.141973326616349
          ],
          [
            37.80060143448767,
            6.1628967746363035
          ],
          [
            37.816737395253824,
            6.183872608883501
          ],
          [
            37.83280531531142,
            6.204900609198218
          ],
          [
            37.84880502601357,
            6.225980554873205
          ],
          [
            37.86473635942933,
            6.247112224655996
          ],
          [
            37.88059914834542,
            6.2682953967512365
          ],
          [
            37.89639322626799,
            6.289529848823013
          ],
          [
            37.91211842742439,
            6.31081535799718
          ],
          [
            37.92777458676489,
            6.332151700863705
          ],
          [
            37.94336153996439,
            6.3535386534790135
          ],
          [
            37.9588791234242,
            6.374975991368334
          ],
          [
            37.974327174273704,
            6.396463489528059
          ],
          [
            37.98970553037209,
            6.418000922428103
          ],
          [
            38.005014030310086,
            6.439588064014276
          ],
          [
            38.02025251341158,
            6.461224687710649
          ],
          [
            38.035420819735364,
            6.4829105664219355
          ],
          [
            38.050518790076815,
            6.504645472535873
          ],
          [
            38.065546265969516,
            6.526429177925614
          ],
          [
            38.08050308968698,
            6.548261453952126
          ],
          [
            38.095389104244255,
            6.5701420714665755
          ],
          [
            38.11020415339959,
            6.592070800812749
          ],
          [
            38.12494808165611,
            6.614047411829456
          ],
          [
            38.139620734263374,
            6.636071673852945
          ],
          [
            38.154221957219086,
            6.658143355719327
          ],
          [
            38.168751597270614,
            6.680262225766998
          ],
          [
            38.1832095019167,
            6.702428051839077
          ],
          [
            38.197595519408985,
            6.7246406012858335
          ],
          [
            38.211909498753634,
            6.746899640967137
          ],
          [
            38.226151289712924,
            6.769204937254901
          ],
          [
            38.240320742806794,
            6.791556256035535
          ],
          [
            38.254417709314446,
            6.813953362712403
          ],
          [
            38.2684420412759,
            6.836396022208285
          ],
          [
            38.28239359149351,
            6.858883998967842
          ],
          [
            38.29627221353356,
            6.881417056960093
          ],
          [
            38.31007776172778,
            6.903994959680892
          ],
          [
            38.323810091174884,
            6.926617470155404
          ],
          [
            38.33746905774204,
            6.9492843509406
          ],
          [
            38.351054518066455,
            6.97199536412774
          ],
          [
            38.36456632955686,
            6.994750271344885
          ],
          [
            38.37800435039495,
            7.017548833759385
          ],
          [
            38.39356513436219,
            7.044464340263978
          ],
          [
            38.40875843316746,
            7.07158898145032
          ],
          [
            38.42358143660222,
            7.098917740244806
          ],
          [
            38.438031402949115,
            7.126445561819489
          ],
          [
            38.45210565948912,
            7.154167354527035
          ],
          [
            38.46580160299587,
            7.182077990842495
          ],
          [
            38.479116700217176,
            7.21017230831171
          ],
          [
            38.49204848834359,
            7.238445110506178
          ],
          [
            38.50459457546392,
            7.2668911679842045
          ],
          [
            38.51675264100764,
            7.2955052192581595
          ],
          [
            38.528520436174155,
            7.32428197176766
          ],
          [
            38.53989578434869,
            7.3532161028585055
          ],
          [
            38.55087658150491,
            7.382302260767169
          ],
          [
            38.56146079659413,
            7.411535065610687
          ],
          [
            38.57164647192091,
            7.440909110381736
          ],
          [
            38.58143172350518,
            7.470418961948736
          ],
          [
            38.59081474143077,
            7.500059162060782
          ],
          [
            38.599793790180094,
            7.52982422835722
          ],
          [
            38.608367208955194,
            7.559708655381686
          ],
          [
            38.616533411984946,
            7.589706915600421
          ],
          [
            38.62429088881834,
            7.619813460424651
          ],
          [
            38.63163820460387,
            7.650022721236888
          ],
          [
            38.638574000354915,
            7.680329110420914
          ],
          [
            38.64509699320115,
            7.710727022395291
          ],
          [
            38.651205976625775,
            7.741210834650187
          ],
          [
            38.65689982068869,
            7.771774908787336
          ],
          [
            38.66217747223553,
            7.802413591562942
          ],
          [
            38.66703795509239,
            7.833121215933319
          ],
          [
            38.671480370246464,
            7.863892102103088
          ],
          [
            38.67550389601226,
            7.8947205585757345
          ],
          [
            38.67910778818364,
            7.925600883206332
          ],
          [
            38.682291380171414,
            7.9565273642562255
          ],
          [
            38.68505408312668,
            7.9874942814494965
          ],
          [
            38.687395386049715,
            8.018495907031014
          ],
          [
            38.689314855884504,
            8.049526506825853
          ],
          [
            38.690812137598826,
            8.080580341299905
          ],
          [
            38.69188695424994,
            8.111651666621503
          ],
          [
            38.69253910703579,
            8.142734735723796
          ],
          [
            38.69276847533181,
            8.173823799367765
          ],
          [
            38.692575016713185,
            8.204913107205618
          ],
          [
            38.691958766962735,
            8.2359969088444
          ],
          [
            38.69091984006428,
            8.267069454909596
          ],
          [
            38.689458428181574,
            8.298124998108564
          ],
          [
            38.687574801622745,
            8.329157794293582
          ],
          [
            38.685269308790296,
            8.360162103524294
          ],
          [
            38.682542376116686,
            8.391132191129394
          ],
          [
            38.679394507985435,
            8.422062328767339
          ],
          [
            38.67582628663782,
            8.452946795485879
          ],
          [
            38.67183837206524,
            8.483779878780219
          ],
          [
            38.66743150188704,
            8.514555875649638
          ],
          [
            38.662606491214184,
            8.54526909365233
          ],
          [
            38.65736423249844,
            8.575913851958298
          ],
          [
            38.651705695367276,
            8.606484482400099
          ],
          [
            38.645631926444594,
            8.636975330521263
          ],
          [
            38.63914404915707,
            8.667380756622142
          ],
          [
            38.63224326352641,
            8.697695136803068
          ],
          [
            38.62493084594734,
            8.727912864004553
          ],
          [
            38.617208148951576,
            8.758028349044405
          ],
          [
            38.609076600957614,
            8.788036021651523
          ],
          [
            38.600537706006556,
            8.817930331496184
          ],
          [
            38.591593043483854,
            8.847705749216663
          ],
          [
            38.58224426782727,
            8.87735676744196
          ],
          [
            38.5724931082208,
            8.906877901810464
          ],
          [
            38.56234136827487,
            8.93626369198436
          ],
          [
            38.551790925692714,
            8.965508702659594
          ],
          [
            38.540843731923076,
            8.99460752457121
          ],
          [
            38.52950181179926,
            9.02355477549386
          ],
          [
            38.51776726316461,
            9.052345101237329
          ],
          [
            38.505642256484485,
            9.080973176636858
          ],
          [
            38.49312903444483,
            9.10943370653811
          ],
          [
            38.48022991153728,
            9.137721426776585
          ],
          [
            38.46694727363117,
            9.165831105151286
          ],
          [
            38.45328357753216,
            9.193757542392508
          ],
          [
            38.43924135052784,
            9.221495573123493
          ],
          [
            38.424823189920254,
            9.249040066815844
          ],
          [
            38.41003176254554,
            9.276385928738494
          ],
          [
            38.394869804280624,
            9.303528100900037
          ],
          [
            38.37934011953718,
            9.330461562984276
          ],
          [
            38.363445580742926,
            9.357181333278799
          ],
          [
            38.347189127810346,
            9.383682469596415
          ],
          [
            38.330573767592895,
            9.409960070189282
          ],
          [
            38.31360257332882,
            9.436009274655543
          ],
          [
            38.296278684072774,
            9.461825264838337
          ],
          [
            38.27860530411515,
            9.487403265716974
          ],
          [
            38.26058570238945,
            9.512738546290143
          ],
          [
            38.24222321186762,
            9.537826420450973
          ],
          [
            38.223521228943575,
            9.562662247853797
          ],
          [
            38.204483212805016,
            9.587241434772444
          ],
          [
            38.185112684793566,
            9.611559434949918
          ],
          [
            38.165413227753476,
            9.635611750439278
          ],
          [
            38.145388485368926,
            9.659393932435606
          ],
          [
            38.12504216149007,
            9.682901582098864
          ],
          [
            38.10437801944796,
            9.706130351367541
          ],
          [
            38.08339988135846,
            9.729075943762858
          ],
          [
            38.06211162741531,
            9.751734115183478
          ],
          [
            38.04051719517243,
            9.774100674690507
          ],
          [
            38.018620578815586,
            9.796171485282668
          ],
          [
            37.99642582842363,
            9.817942464661488
          ],
          [
            37.973937049219415,
            9.839409585986388
          ],
          [
            37.95115840081041,
            9.860568878619482
          ],
          [
            37.928094096419386,
            9.881416428860028
          ],
          [
            37.90474840210508,
            9.901948380668296
          ],
          [
            37.881125635973156,
            9.922160936378805
          ],
          [
            37.8572301673775,
            9.942050357402763
          ],
          [
            37.83306641611206,
            9.961612964919551
          ],
          [
            37.80863885159332,
            9.980845140557182
          ],
          [
            37.78395199203364,
            9.999743327061571
          ],
          [
            37.75901040360555,
            10.018304028954491
          ],
          [
            37.73381869959717,
            10.036523813180114
          ],
          [
            37.70838153955892,
            10.05439930974
          ],
          [
            37.68270362844168,
            10.071927212316426
          ],
          [
            37.656789715726504,
            10.089104278883928
          ],
          [
            37.630644594546204,
            10.10592733230897
          ],
          [
            37.604273100798764,
            10.122393260937583
          ],
          [
            37.57768011225286,
            10.138499019170931
          ],
          [
            37.550870547645644,
            10.154241628028604
          ],
          [
            37.52384936577301,
            10.16961817569965
          ],
          [
            37.49662156457234,
            10.184625818081146
          ],
          [
            37.46919218019809,
            10.199261779304237
          ],
          [
            37.44156628609029,
            10.2135233522476
          ],
          [
            37.413748992036155,
            10.227407899038141
          ],
          [
            37.39699639795726,
            10.23577021432346
          ],
          [
            37.38035951616493,
            10.24436043489868
          ],
          [
            37.36384144694184,
            10.253176959976305
          ],
          [
            37.34744526842999,
            10.262218146597013
          ],
          [
            37.331174036057014,
            10.271482309935791
          ],
          [
            37.31503078196685,
            10.280967723615932
          ],
          [
            37.29901851445467,
            10.290672620030719
          ],
          [
            37.28314021740634,
            10.300595190672833
          ],
          [
            37.26739884974228,
            10.310733586471372
          ],
          [
            37.25179734486615,
            10.321085918136411
          ],
          [
            37.23633861011817,
            10.331650256511088
          ],
          [
            37.22102552623335,
            10.34242463293108
          ],
          [
            37.205860946804684,
            10.353407039591492
          ],
          [
            37.19084769775134,
            10.364595429920985
          ],
          [
            37.175988576792065,
            10.375987718963174
          ],
          [
            37.16128635292386,
            10.387581783765146
          ],
          [
            37.14674376590595,
            10.399375463773083
          ],
          [
            37.13236352574924,
            10.41136656123487
          ],
          [
            37.11814831221126,
            10.423552841609657
          ],
          [
            37.1041007742969,
            10.43593203398426
          ],
          [
            37.090223529764636,
            10.448501831496344
          ],
          [
            37.07651916463881,
            10.461259891764312
          ],
          [
            37.062990232727685,
            10.474203837323802
          ],
          [
            37.049639255147525,
            10.487331256070732
          ],
          [
            37.03646871985285,
            10.500639701710796
          ],
          [
            37.023481081172704,
            10.514126694215324
          ],
          [
            37.01067875935341,
            10.527789720283447
          ],
          [
            36.99806414010746,
            10.541626233810437
          ],
          [
            36.98563957416897,
            10.555633656362183
          ],
          [
            36.97340737685565,
            10.569809377655682
          ],
          [
            36.96136982763729,
            10.584150756045458
          ],
          [
            36.94952916971104,
            10.598655119015842
          ],
          [
            36.93788760958335,
            10.613319763678987
          ],
          [
            36.92644731665879,
            10.628141957278556
          ],
          [
            36.91521042283578,
            10.643118937698972
          ],
          [
            36.904179022109346,
            10.65824791398013
          ],
          [
            36.89335517018086,
            10.673526066837507
          ],
          [
            36.882740884075,
            10.688950549187517
          ],
          [
            36.87233814176382,
            10.704518486678085
          ],
          [
            36.86214888179821,
            10.720226978224265
          ],
          [
            36.85217500294665,
            10.73607309654887
          ],
          [
            36.84241836384132,
            10.752053888727959
          ],
          [
            36.832880782631776,
            10.768166376741124
          ],
          [
            36.82356403664616,
            10.78440755802644
          ],
          [
            36.81446986205995,
            10.800774406039993
          ],
          [
            36.80559995357248,
            10.817263870819872
          ],
          [
            36.79695596409107,
            10.833872879554535
          ],
          [
            36.78853950442303,
            10.85059833715543
          ],
          [
            36.78035214297552,
            10.867437126833753
          ],
          [
            36.77239540546323,
            10.884386110681277
          ],
          [
            36.764670774624086,
            10.901442130255083
          ],
          [
            36.75717968994296,
            10.918602007166154
          ],
          [
            36.74992354738337,
            10.935862543671657
          ],
          [
            36.742903699127375,
            10.953220523270847
          ],
          [
            36.73612145332361,
            10.970672711304456
          ],
          [
            36.729578073843506,
            10.988215855557478
          ],
          [
            36.72327478004572,
            11.005846686865214
          ],
          [
            36.71721274654898,
            11.023561919722486
          ],
          [
            36.711393103013144,
            11.04135825289589
          ],
          [
            36.7058169339287,
            11.059232370038975
          ],
          [
            36.700485278414696,
            11.077180940310253
          ],
          [
            36.69539913002505,
            11.095200618993891
          ],
          [
            36.69055943656346,
            11.113288048123009
          ],
          [
            36.68596709990673,
            11.131439857105429
          ],
          [
            36.68162297583674,
            11.14965266335179
          ],
          [
            36.67752787388095,
            11.167923072905893
          ],
          [
            36.67368255716155,
            11.186247681077162
          ],
          [
            36.67008774225326,
            11.204623073075107
          ],
          [
            36.6667440990498,
            11.223045824645679
          ],
          [
            36.663652250639025,
            11.241512502709362
          ],
          [
            36.66081277318685,
            11.260019666000954
          ],
          [
            36.658226195829855,
            11.278563865710819
          ],
          [
            36.65589300057671,
            11.297141646127587
          ],
          [
            36.65381362221831,
            11.31574954528213
          ],
          [
            36.65198844824677,
            11.334384095592686
          ],
          [
            36.65041781878327,
            11.353041824511056
          ],
          [
            36.64910202651455,
            11.371719255169705
          ],
          [
            36.64804131663851,
            11.39041290702968
          ],
          [
            36.64723588681841,
            11.409119296529202
          ],
          [
            36.64668588714609,
            11.427834937732845
          ],
          [
            36.64639142011398,
            11.446556342981117
          ],
          [
            36.646352540596,
            11.4652800235404
          ],
          [
            36.64656925583736,
            11.484002490253074
          ],
          [
            36.64704152545317,
            11.502720254187716
          ],
          [
            36.647769261436004,
            11.521429827289268
          ],
          [
            36.64875232817226,
            11.540127723029032
          ],
          [
            36.649990542467464,
            11.558810457054387
          ],
          [
            36.651483673580394,
            11.577474547838097
          ],
          [
            36.653231443266115,
            11.596116517327095
          ],
          [
            36.65523352582773,
            11.614732891590617
          ],
          [
            36.65748954817722,
            11.633320201467562
          ],
          [
            36.659999089904815,
            11.65187498321299
          ],
          [
            36.66276168335747,
            11.670393779143568
          ],
          [
            36.66577681372593,
            11.68887313828192
          ],
          [
            36.669043919140684,
            11.70730961699972
          ],
          [
            36.672562390776676,
            11.725699779659406
          ],
          [
            36.67633157296678,
            11.74404019925441
          ],
          [
            36.680350763323936,
            11.762327458047787
          ],
          [
            36.68461921287208,
            11.780558148209108
          ],
          [
            36.68913612618569,
            11.7987288724495
          ],
          [
            36.693900661538024,
            11.816836244654745
          ],
          [
            36.698911931058,
            11.834876890516277
          ],
          [
            36.70416900089559,
            11.852847448159979
          ],
          [
            36.70967089139592,
            11.870744568772677
          ],
          [
            36.715416577281765,
            11.888564917226182
          ],
          [
            36.72140498784462,
            11.906305172698797
          ],
          [
            36.72763500714427,
            11.92396202929415
          ],
          [
            36.734105474216705,
            11.941532196657258
          ],
          [
            36.740815183290465,
            11.959012400587662
          ],
          [
            36.74776288401136,
            11.976399383649595
          ],
          [
            36.75494728167544,
            11.993689905778995
          ],
          [
            36.76236703747033,
            12.010880744887295
          ],
          [
            36.770020768724585,
            12.027968697461857
          ],
          [
            36.77790704916553,
            12.044950579162945
          ],
          [
            36.7860244091849,
            12.061823225417136
          ],
          [
            36.794371336112754,
            12.078583492007022
          ],
          [
            36.802946274499384,
            12.09522825565715
          ],
          [
            36.811747626405115,
            12.111754414616033
          ],
          [
            36.82077375169817,
            12.128158889234175
          ],
          [
            36.83002296836019,
            12.144438622537947
          ],
          [
            36.83949355279979,
            12.160590580799267
          ],
          [
            36.84918374017368,
            12.176611754100929
          ],
          [
            36.85909172471558,
            12.1924991568975
          ],
          [
            36.869215660072705,
            12.208249828571683
          ],
          [
            36.879553659649815,
            12.223860833986024
          ],
          [
            36.89010379696085,
            12.239329264029868
          ],
          [
            36.90086410598785,
            12.254652236161489
          ],
          [
            36.91183258154738,
            12.269826894945231
          ],
          [
            36.92300717966417,
            12.284850412583632
          ],
          [
            36.934385817952,
            12.299719989444384
          ],
          [
            36.94596637600177,
            12.314432854582037
          ],
          [
            36.95774669577666,
            12.32898626625437
          ],
          [
            36.96972458201424,
            12.343377512433308
          ],
          [
            36.981897802635544,
            12.357603911310322
          ],
          [
            36.99426408916109,
            12.371662811796172
          ],
          [
            37.00682113713356,
            12.385551594014938
          ],
          [
            37.0195666065472,
            12.399267669792241
          ],
          [
            37.032498122284,
            12.412808483137542
          ],
          [
            37.045613274556125,
            12.426171510720456
          ],
          [
            37.05890961935516,
            12.439354262340972
          ],
          [
            37.07238467890742,
            12.4523542813935
          ],
          [
            37.08603594213574,
            12.465169145324664
          ],
          [
            37.09986086512738,
            12.477796466084744
          ],
          [
            37.11385687160816,
            12.490233890572684
          ],
          [
            37.12802135342243,
            12.502479101074593
          ],
          [
            37.14235167101921,
            12.514529815695663
          ],
          [
            37.156845153944,
            12.526383788785383
          ],
          [
            37.17149910133646,
            12.538038811356028
          ],
          [
            37.186310782433665,
            12.549492711494295
          ],
          [
            37.20127743707908,
            12.56074335476605
          ],
          [
            37.21639627623677,
            12.571788644614065
          ],
          [
            37.231664482511285,
            12.582626522748729
          ],
          [
            37.24707921067259,
            12.593254969531595
          ],
          [
            37.262637588186294,
            12.603672004351745
          ],
          [
            37.27833671574895,
            12.613875685994882
          ],
          [
            37.294173667828346,
            12.62386411300507
          ],
          [
            37.31014549320868,
            12.633635424039063
          ],
          [
            37.32624921554051,
            12.643187798213186
          ],
          [
            37.342481833895384,
            12.652519455442638
          ],
          [
            37.3588403233251,
            12.661628656773217
          ],
          [
            37.37532163542536,
            12.67051370470538
          ],
          [
            37.39192269890387,
            12.679172943510562
          ],
          [
            37.4086404201527,
            12.687604759539727
          ],
          [
            37.42547168382469,
            12.69580758152407
          ],
          [
            37.442413353414096,
            12.703779880867828
          ],
          [
            37.45946227184101,
            12.711520171933119
          ],
          [
            37.476615262039715,
            12.719027012316813
          ],
          [
            37.49386912755071,
            12.7262990031193
          ],
          [
            37.511220653116396,
            12.73333478920519
          ],
          [
            37.52866660528021,
            12.740133059455843
          ],
          [
            37.5462037329892,
            12.74669254701369
          ],
          [
            37.563828768199855,
            12.753012029518311
          ],
          [
            37.58153842648709,
            12.759090329334224
          ],
          [
            37.599329407656334,
            12.76492631377034
          ],
          [
            37.61719839635849,
            12.770518895291039
          ],
          [
            37.63514206270772,
            12.775867031718828
          ],
          [
            37.65315706290207,
            12.780969726428557
          ],
          [
            37.67124003984648,
            12.785826028533135
          ],
          [
            37.689387623778444,
            12.790435033060724
          ],
          [
            37.70759643289594,
            12.7947958811234
          ],
          [
            37.725863073987625,
            12.798907760077181
          ],
          [
            37.744184143065176,
            12.802769903673479
          ],
          [
            37.76255622599763,
            12.806381592201888
          ],
          [
            37.78097589914756,
            12.809742152624295
          ],
          [
            37.799439730009134,
            12.812850958700313
          ],
          [
            37.81794427784771,
            12.815707431103972
          ],
          [
            37.83648609434104,
            12.818311037531679
          ],
          [
            37.85506172422189,
            12.820661292801406
          ],
          [
            37.87366770592186,
            12.82275775894312
          ],
          [
            37.89230057221651,
            12.824600045280379
          ],
          [
            37.91095685087148,
            12.826187808503153
          ],
          [
            37.92963306528945,
            12.827520752731784
          ],
          [
            37.94832573515815,
            12.828598629572134
          ],
          [
            37.967031377098785,
            12.829421238161867
          ],
          [
            37.98574650531523,
            12.829988425207885
          ],
          [
            38.00446763224359,
            12.830300085014889
          ],
          [
            38.02319126920211,
            12.830356159505078
          ],
          [
            38.0419139270413,
            12.830156638228969
          ],
          [
            38.06063211679412,
            12.829701558367354
          ],
          [
            38.07934235032615,
            12.828991004724354
          ],
          [
            38.09804114098565,
            12.828025109711636
          ],
          [
            38.1167250042532,
            12.82680405332372
          ],
          [
            38.13539045839114,
            12.825328063104445
          ],
          [
            38.15403402509234,
            12.823597414104572
          ],
          [
            38.172652230128406,
            12.821612428830521
          ],
          [
            38.191241603997064,
            12.819373477184268
          ],
          [
            38.209798682568746,
            12.81688097639442
          ],
          [
            38.228320007732115,
            12.814135390938471
          ],
          [
            38.24680212803846,
            12.811137232456232
          ],
          [
            38.265241599344925,
            12.807887059654496
          ],
          [
            38.283634985456274,
            12.80438547820292
          ],
          [
            38.30197885876524,
            12.800633140621162
          ],
          [
            38.32026980089129,
            12.796630746157279
          ],
          [
            38.3385044033176,
            12.792379040657428
          ],
          [
            38.35667926802625,
            12.78787881642687
          ],
          [
            38.374791008131446,
            12.783130912082333
          ],
          [
            38.39283624851066,
            12.778136212395724
          ],
          [
            38.410811626433585,
            12.772895648129264
          ],
          [
            38.428713792188795,
            12.767410195862038
          ],
          [
            38.44653940970793,
            12.761680877807997
          ],
          [
            38.46428515718742,
            12.755708761625488
          ],
          [
            38.48194772770744,
            12.749494960218279
          ],
          [
            38.49952382984822,
            12.743040631528181
          ],
          [
            38.51701018830336,
            12.736346978319258
          ],
          [
            38.5344035444902,
            12.729415247953698
          ],
          [
            38.551700657157035,
            12.722246732159359
          ],
          [
            38.568898302987165,
            12.714842766789063
          ],
          [
            38.58599327719951,
            12.707204731571661
          ],
          [
            38.602982394145855,
            12.699334049854912
          ],
          [
            38.6198624879045,
            12.691232188340251
          ],
          [
            38.63663041287016,
            12.682900656809457
          ],
          [
            38.653283044340284,
            12.674341007843326
          ],
          [
            38.669817279097195,
            12.665554836532323
          ],
          [
            38.68623003598648,
            12.65654378017936
          ],
          [
            38.7025182564911,
            12.647309517994662
          ],
          [
            38.7186789053014,
            12.637853770782868
          ],
          [
            38.734708970880675,
            12.628178300622343
          ],
          [
            38.75060546602642,
            12.61828491053682
          ],
          [
            38.76636542842698,
            12.608175444159412
          ],
          [
            38.781985921213575,
            12.597851785389043
          ],
          [
            38.79746403350758,
            12.587315858039386
          ],
          [
            38.81279688096297,
            12.576569625480362
          ],
          [
            38.82798160630384,
            12.565615090272264
          ],
          [
            38.84301537985681,
            12.554454293792583
          ],
          [
            38.8578954000784,
            12.543089315855593
          ],
          [
            38.872618894077014,
            12.53152227432478
          ],
          [
            38.88718311812977,
            12.51975532471818
          ],
          [
            38.90158535819369,
            12.507790659806693
          ],
          [
            38.915822930411544,
            12.495630509205467
          ],
          [
            38.92989318161193,
            12.483277138958403
          ],
          [
            38.943793489803724,
            12.470732851115882
          ],
          [
            38.9575212646647,
            12.457999983305776
          ],
          [
            38.97107394802417,
            12.44508090829783
          ],
          [
            38.98628718216777,
            12.43025834000778
          ],
          [
            39.001378385288675,
            12.415311547302156
          ],
          [
            39.01634654305976,
            12.4002415348018
          ],
          [
            39.03119064942419,
            12.385049315409534
          ],
          [
            39.04590970666299,
            12.369735910242095
          ],
          [
            39.06050272546213,
            12.354302348561493
          ],
          [
            39.074968724979044,
            12.338749667705835
          ],
          [
            39.0893067329085,
            12.323078913019607
          ],
          [
            39.103515785548005,
            12.307291137783398
          ],
          [
            39.11759492786254,
            12.291387403143125
          ],
          [
            39.131543213548774,
            12.27536877803869
          ],
          [
            39.14535970509865,
            12.259236339132153
          ],
          [
            39.15904347386244,
            12.242991170735353
          ],
          [
            39.17259360011109,
            12.226634364737029
          ],
          [
            39.18600917309811,
            12.210167020529438
          ],
          [
            39.19928929112073,
            12.193590244934455
          ],
          [
            39.212433061580555,
            12.176905152129185
          ],
          [
            39.22543960104353,
            12.160112863571065
          ],
          [
            39.238308035299326,
            12.143214507922503
          ],
          [
            39.25103749942011,
            12.126211220975001
          ],
          [
            39.26362713781864,
            12.109104145572832
          ],
          [
            39.27607610430581,
            12.09189443153621
          ],
          [
            39.28838356214754,
            12.074583235584015
          ],
          [
            39.300548684120955,
            12.057171721256049
          ],
          [
            39.31257065257005,
            12.03966105883482
          ],
          [
            39.32444865946059,
            12.022052425266896
          ],
          [
            39.33618190643447,
            12.00434700408379
          ],
          [
            39.34776960486334,
            11.986545985322415
          ],
          [
            39.359210975901625,
            11.968650565445103
          ],
          [
            39.37050525053888,
            11.950661947259167
          ],
          [
            39.381651669651475,
            11.932581339836085
          ],
          [
            39.3926494840536,
            11.914409958430216
          ],
          [
            39.40349795454764,
            11.89614902439712
          ],
          [
            39.41419635197385,
            11.877799765111472
          ],
          [
            39.42474395725938,
            11.859363413884566
          ],
          [
            39.435140061466576,
            11.840841209881413
          ],
          [
            39.445383965840655,
            11.82223439803747
          ],
          [
            39.45547498185665,
            11.803544228974937
          ],
          [
            39.46541243126573,
            11.784771958918732
          ],
          [
            39.475195646140726,
            11.76591884961202
          ],
          [
            39.48482396892108,
            11.746986168231437
          ],
          [
            39.49429675245699,
            11.727975187301908
          ],
          [
            39.50361336005296,
            11.708887184611113
          ],
          [
            39.51277316551056,
            11.689723443123604
          ],
          [
            39.52177555317053,
            11.670485250894579
          ],
          [
            39.530619917954134,
            11.651173900983304
          ],
          [
            39.539305665403866,
            11.6317906913662
          ],
          [
            39.547832211723396,
            11.612336924849608
          ],
          [
            39.55619898381679,
            11.592813908982215
          ],
          [
            39.56440541932703,
            11.573222955967179
          ],
          [
            39.57245096667384,
            11.553565382573922
          ],
          [
            39.58033508509075,
            11.533842510049633
          ],
          [
            39.588057244661414,
            11.514055664030462
          ],
          [
            39.595616926355255,
            11.494206174452414
          ],
          [
            39.60301362206234,
            11.47429537546197
          ],
          [
            39.61024683462756,
            11.454324605326406
          ],
          [
            39.617316077883984,
            11.434295206343842
          ],
          [
            39.6242208766856,
            11.414208524753036
          ],
          [
            39.630960766939204,
            11.394065910642887
          ],
          [
            39.63753529563564,
            11.373868717861686
          ],
          [
            39.6439440208802,
            11.35361830392614
          ],
          [
            39.65018651192234,
            11.33331602993011
          ],
          [
            39.65626234918466,
            11.312963260453133
          ],
          [
            39.66217112429108,
            11.29256136346871
          ],
          [
            39.66791244009426,
            11.272111710252354
          ],
          [
            39.673485910702375,
            11.251615675289422
          ],
          [
            39.678891161504964,
            11.23107463618274
          ],
          [
            39.68412782919817,
            11.210489973559996
          ],
          [
            39.689195561809115,
            11.189863070980959
          ],
          [
            39.69409401871958,
            11.169195314844469
          ],
          [
            39.698822870688936,
            11.148488094295269
          ],
          [
            39.703381799876176,
            11.12774280113063
          ],
          [
            39.707770499861375,
            11.106960829706797
          ],
          [
            39.71238449134803,
            11.084428723722835
          ],
          [
            39.716906540170136,
            11.061877985553943
          ],
          [
            39.72133657109525,
            11.039308990372191
          ],
          [
            39.72567451042185,
            11.016722113653396
          ],
          [
            39.72992028598052,
            10.99411773117086
          ],
          [
            39.73407382713515,
            10.97149621898913
          ],
          [
            39.7381350647841,
            10.94885795345773
          ],
          [
            39.742103931361406,
            10.926203311204919
          ],
          [
            39.74598036083782,
            10.903532669131396
          ],
          [
            39.74976428872197,
            10.880846404404055
          ],
          [
            39.753455652061405,
            10.858144894449703
          ],
          [
            39.75705438944368,
            10.83542851694877
          ],
          [
            39.76056044099731,
            10.812697649829044
          ],
          [
            39.76397374839283,
            10.789952671259368
          ],
          [
            39.767294254843726,
            10.767193959643352
          ],
          [
            39.770521905107415,
            10.744421893613088
          ],
          [
            39.77365664548613,
            10.721636852022838
          ],
          [
            39.77669842382782,
            10.698839213942735
          ],
          [
            39.77964718952704,
            10.676029358652476
          ],
          [
            39.782502893525766,
            10.65320766563502
          ],
          [
            39.78526548831423,
            10.630374514570262
          ],
          [
            39.7879349279317,
            10.607530285328721
          ],
          [
            39.79051116796725,
            10.584675357965228
          ],
          [
            39.79299416556051,
            10.561810112712587
          ],
          [
            39.795383879402316,
            10.538934929975271
          ],
          [
            39.79768026973551,
            10.516050190323071
          ],
          [
            39.79988329835549,
            10.493156274484777
          ],
          [
            39.80199292861093,
            10.470253563341842
          ],
          [
            39.80400912540434,
            10.447342437922046
          ],
          [
            39.80593185519264,
            10.424423279393153
          ],
          [
            39.807761085987785,
            10.401496469056573
          ],
          [
            39.80949678735722,
            10.37856238834102
          ],
          [
            39.811138930424434,
            10.35562141879616
          ],
          [
            39.812687487869425,
            10.33267394208627
          ],
          [
            39.81414243392916,
            10.309720339983885
          ],
          [
            39.81550374439799,
            10.286760994363444
          ],
          [
            39.81677139662807,
            10.263796287194944
          ],
          [
            39.817945369529724,
            10.240826600537579
          ],
          [
            39.819025643571806,
            10.217852316533385
          ],
          [
            39.820012200782,
            10.194873817400882
          ],
          [
            39.82090502474717,
            10.171891485428722
          ],
          [
            39.82170410061359,
            10.148905702969317
          ],
          [
            39.82240941508717,
            10.125916852432486
          ],
          [
            39.82302095643376,
            10.102925316279094
          ],
          [
            39.82353871447926,
            10.079931477014679
          ],
          [
            39.82396268060983,
            10.056935717183103
          ],
          [
            39.82429284777204,
            10.033938419360178
          ],
          [
            39.82452921047297,
            10.010939966147298
          ],
          [
            39.824671764780284,
            9.987940740165087
          ],
          [
            39.82472050832234,
            9.964941124047018
          ],
          [
            39.82467544028821,
            9.941941500433062
          ],
          [
            39.824536561427685,
            9.918942251963308
          ],
          [
            39.824303874051246,
            9.895943761271608
          ],
          [
            39.82397738203008,
            9.872946410979205
          ],
          [
            39.823557090795966,
            9.84995058368837
          ],
          [
            39.823043007341205,
            9.826956661976038
          ],
          [
            39.822435140218495,
            9.803965028387434
          ],
          [
            39.82173349954081,
            9.78097606542973
          ],
          [
            39.82093809698119,
            9.75799015556565
          ],
          [
            39.82004894577259,
            9.73500768120714
          ],
          [
            39.819066060707655,
            9.712029024708977
          ],
          [
            39.81798945813841,
            9.689054568362433
          ],
          [
            39.81681915597611,
            9.666084694388893
          ],
          [
            39.815555173690825,
            9.643119784933512
          ],
          [
            39.81419753231117,
            9.62016022205885
          ],
          [
            39.81274625442395,
            9.597206387738513
          ],
          [
            39.81120136417378,
            9.57425866385081
          ],
          [
            39.809562887262686,
            9.551317432172384
          ],
          [
            39.80783085094969,
            9.528383074371872
          ],
          [
            39.806005284050315,
            9.505455972003556
          ],
          [
            39.804086216936156,
            9.482536506501003
          ],
          [
            39.802073681534345,
            9.45962505917073
          ],
          [
            39.79996771132703,
            9.436722011185859
          ],
          [
            39.797768341350796,
            9.413827743579775
          ],
          [
            39.79547560819614,
            9.39094263723978
          ],
          [
            39.79308955000678,
            9.368067072900764
          ],
          [
            39.79061020647911,
            9.345201431138875
          ],
          [
            39.78803761886144,
            9.32234609236517
          ],
          [
            39.78537182995339,
            9.299501436819307
          ],
          [
            39.78261288410518,
            9.276667844563203
          ],
          [
            39.77976082721681,
            9.253845695474723
          ],
          [
            39.77681570673738,
            9.231035369241347
          ],
          [
            39.77377757166427,
            9.208237245353866
          ],
          [
            39.77064647254232,
            9.185451703100062
          ],
          [
            39.76742246146298,
            9.1626791215584
          ],
          [
            39.76410559206348,
            9.139919879591716
          ],
          [
            39.76069591952591,
            9.117174355840923
          ],
          [
            39.7571935005763,
            9.094442928718703
          ],
          [
            39.75359839348368,
            9.071725976403217
          ],
          [
            39.749910658059136,
            9.049023876831814
          ],
          [
            39.74613035565476,
            9.026337007694737
          ],
          [
            39.742257549162694,
            9.003665746428844
          ],
          [
            39.73829230301403,
            8.98101047021133
          ],
          [
            39.73423468317776,
            8.958371555953448
          ],
          [
            39.7300847571597,
            8.935749380294242
          ],
          [
            39.72584259400132,
            8.913144319594277
          ],
          [
            39.72150826427864,
            8.890556749929383
          ],
          [
            39.717081840101024,
            8.867987047084393
          ],
          [
            39.71256339510999,
            8.845435586546893
          ],
          [
            39.70795300447801,
            8.822902743500977
          ],
          [
            39.7032507449072,
            8.800388892821003
          ],
          [
            39.69845669462812,
            8.777894409065356
          ],
          [
            39.69357093339842,
            8.75541966647022
          ],
          [
            39.6885935425015,
            8.732965038943343
          ],
          [
            39.68352460474523,
            8.710530900057831
          ],
          [
            39.678364204460486,
            8.68811762304592
          ],
          [
            39.67311242749982,
            8.665725580792774
          ],
          [
            39.667769361235976,
            8.643355145830272
          ],
          [
            39.66233509456047,
            8.621006690330823
          ],
          [
            39.6568097178821,
            8.598680586101166
          ],
          [
            39.65119332312544,
            8.576377204576188
          ],
          [
            39.64548600372931,
            8.554096916812744
          ],
          [
            39.63968785464524,
            8.531840093483474
          ],
          [
            39.63379897233585,
            8.509607104870659
          ],
          [
            39.6278194547733,
            8.487398320860036
          ],
          [
            39.62174940143762,
            8.465214110934657
          ],
          [
            39.615588913315044,
            8.44305484416874
          ],
          [
            39.60933809289638,
            8.420920889221534
          ],
          [
            39.602997044175254,
            8.398812614331174
          ],
          [
            39.59656587264642,
            8.376730387308562
          ],
          [
            39.59004468530399,
            8.35467457553125
          ],
          [
            39.58343359063962,
            8.332645545937321
          ],
          [
            39.57673269864076,
            8.310643665019295
          ],
          [
            39.56994212078882,
            8.288669298818014
          ],
          [
            39.56306197005725,
            8.266722812916571
          ],
          [
            39.55609236090972,
            8.24480457243422
          ],
          [
            39.54903340929823,
            8.222914942020301
          ],
          [
            39.54188523266112,
            8.20105428584817
          ],
          [
            39.53464794992117,
            8.179222967609151
          ],
          [
            39.527321681483585,
            8.157421350506473
          ],
          [
            39.51990654923401,
            8.135649797249235
          ],
          [
            39.51240267653651,
            8.113908670046373
          ],
          [
            39.50481018823149,
            8.092198330600628
          ],
          [
            39.49712921063365,
            8.070519140102528
          ],
          [
            39.489359871529864,
            8.048871459224388
          ],
          [
            39.481502300177056,
            8.027255648114306
          ],
          [
            39.47355662730004,
            8.005672066390156
          ],
          [
            39.4655229850894,
            7.984121073133635
          ],
          [
            39.457401507199194,
            7.962603026884259
          ],
          [
            39.44919232874481,
            7.9411182856334195
          ],
          [
            39.440895586300705,
            7.919667206818415
          ],
          [
            39.43251141789809,
            7.898250147316512
          ],
          [
            39.4240399630227,
            7.876867463439001
          ],
          [
            39.415481362612404,
            7.855519510925275
          ],
          [
            39.40683575905492,
            7.834206644936907
          ],
          [
            39.3981032961854,
            7.8129292200517435
          ],
          [
            39.389284119284056,
            7.791687590258004
          ],
          [
            39.38037837507377,
            7.770482108948392
          ],
          [
            39.3713862117176,
            7.749313128914217
          ],
          [
            39.36230777881635,
            7.728181002339522
          ],
          [
            39.35314322740608,
            7.707086080795228
          ],
          [
            39.343892709955576,
            7.6860287152332845
          ],
          [
            39.334556380363836,
            7.665009255980828
          ],
          [
            39.32513439395748,
            7.644028052734356
          ],
          [
            39.31562690748819,
            7.623085454553907
          ],
          [
            39.30603407913011,
            7.602181809857259
          ],
          [
            39.29635606847717,
            7.581317466414123
          ],
          [
            39.286341888814675,
            7.559919247338363
          ],
          [
            39.2762695493081,
            7.538548343033883
          ],
          [
            39.2661391244607,
            7.517204911577381
          ],
          [
            39.255950689205406,
            7.495889110842345
          ],
          [
            39.245704318904224,
            7.474601098497881
          ],
          [
            39.23540008934768,
            7.453341032007553
          ],
          [
            39.2250380767543,
            7.43210906862821
          ],
          [
            39.214618357770014,
            7.410905365408833
          ],
          [
            39.20414100946758,
            7.389730079189361
          ],
          [
            39.193606109346035,
            7.368583366599544
          ],
          [
            39.18301373533014,
            7.347465384057774
          ],
          [
            39.17236396576976,
            7.326376287769933
          ],
          [
            39.1616568794393,
            7.305316233728238
          ],
          [
            39.15089255553713,
            7.284285377710084
          ],
          [
            39.14007107368501,
            7.263283875276894
          ],
          [
            39.129192513927464,
            7.242311881772969
          ],
          [
            39.11825695673124,
            7.221369552324337
          ],
          [
            39.107264482984654,
            7.200457041837604
          ],
          [
            39.096215173997045,
            7.179574504998815
          ],
          [
            39.08510911149814,
            7.158722096272303
          ],
          [
            39.073946377637476,
            7.137899969899549
          ],
          [
            39.06272705498375,
            7.117108279898039
          ],
          [
            39.05145122652428,
            7.096347180060131
          ],
          [
            39.0401189756643,
            7.07561682395191
          ],
          [
            39.02873038622643,
            7.054917364912056
          ],
          [
            39.01728554244998,
            7.034248956050709
          ],
          [
            39.0057845289904,
            7.0136117502483355
          ],
          [
            38.99422743091858,
            6.993005900154602
          ],
          [
            38.98261433372028,
            6.972431558187237
          ],
          [
            38.97094532329548,
            6.951888876530914
          ],
          [
            38.95922048595773,
            6.931378007136118
          ],
          [
            38.94743990843352,
            6.910899101718027
          ],
          [
            38.93560367786164,
            6.890452311755385
          ],
          [
            38.92371188179255,
            6.870037788489385
          ],
          [
            38.91176460818768,
            6.849655682922548
          ],
          [
            38.89976194541888,
            6.829306145817609
          ],
          [
            38.88770398226763,
            6.808989327696398
          ],
          [
            38.87559080792452,
            6.78870537883873
          ],
          [
            38.863422511988496,
            6.768454449281293
          ],
          [
            38.851199184466225,
            6.748236688816533
          ],
          [
            38.838920915771446,
            6.728052246991556
          ],
          [
            38.82658779672428,
            6.707901273107009
          ],
          [
            38.814199918550585,
            6.6877839162159916
          ],
          [
            38.80175737288122,
            6.667700325122937
          ],
          [
            38.789260251751465,
            6.6476506483825215
          ],
          [
            38.77670864760024,
            6.6276350342985655
          ],
          [
            38.76410265326947,
            6.607653630922931
          ],
          [
            38.751442362003424,
            6.58770658605443
          ],
          [
            38.73872786744798,
            6.567794047237731
          ],
          [
            38.725959263649926,
            6.547916161762269
          ],
          [
            38.71313664505633,
            6.528073076661155
          ],
          [
            38.70026010651375,
            6.508264938710083
          ],
          [
            38.687329743267625,
            6.4884918944262555
          ],
          [
            38.67434565096149,
            6.468754090067288
          ],
          [
            38.66130792563632,
            6.449051671630139
          ],
          [
            38.648216663729805,
            6.429384784850018
          ],
          [
            38.63507196207563,
            6.409753575199314
          ],
          [
            38.62187391790277,
            6.390158187886522
          ],
          [
            38.60862262883476,
            6.370598767855164
          ],
          [
            38.595318192888975,
            6.351075459782718
          ],
          [
            38.58196070847592,
            6.33158840807955
          ],
          [
            38.568550274398476,
            6.312137756887842
          ],
          [
            38.55508698985118,
            6.292723650080528
          ],
          [
            38.54157095441952,
            6.273346231260231
          ],
          [
            38.52800226807914,
            6.254005643758202
          ],
          [
            38.51438103119517,
            6.234702030633251
          ],
          [
            38.50070734452141,
            6.215435534670704
          ],
          [
            38.48698130919964,
            6.1962062983813295
          ],
          [
            38.47320302675885,
            6.177014464000298
          ],
          [
            38.4593725991145,
            6.1578601734861245
          ],
          [
            38.44549012856774,
            6.138743568519616
          ],
          [
            38.4315557178047,
            6.119664790502829
          ],
          [
            38.417569469895675,
            6.10062398055802
          ],
          [
            38.4035314882944,
            6.081621279526605
          ],
          [
            38.38944187683728,
            6.06265682796811
          ],
          [
            38.37530073974261,
            6.0437307661591415
          ],
          [
            38.36110818160982,
            6.024843234092341
          ],
          [
            38.346864307418684,
            6.005994371475353
          ],
          [
            38.33256922252854,
            5.987184317729796
          ],
          [
            38.31822303267755,
            5.968413211990217
          ],
          [
            38.30382584398187,
            5.949681193103079
          ],
          [
            38.28937776293489,
            5.930988399625725
          ],
          [
            38.274878896406456,
            5.912334969825352
          ],
          [
            38.26032935164203,
            5.8937210416779955
          ],
          [
            38.24572923626195,
            5.875146752867501
          ],
          [
            38.231078658260635,
            5.856612240784509
          ],
          [
            38.21637772600575,
            5.838117642525443
          ],
          [
            38.201626548237414,
            5.819663094891484
          ],
          [
            38.18682523406741,
            5.801248734387575
          ],
          [
            38.17197389297838,
            5.782874697221392
          ],
          [
            38.15707263482299,
            5.764541119302353
          ],
          [
            38.14212156982314,
            5.746248136240609
          ],
          [
            38.127120808569146,
            5.727995883346028
          ],
          [
            38.112070462018906,
            5.709784495627214
          ],
          [
            38.096970641497116,
            5.691614107790495
          ],
          [
            38.0818214586944,
            5.67348485423893
          ],
          [
            38.066623025666516,
            5.655396869071314
          ],
          [
            38.051375454833504,
            5.637350286081192
          ],
          [
            38.03607885897888,
            5.61934523875586
          ],
          [
            38.02073335124879,
            5.6013818602753815
          ],
          [
            38.005339045151175,
            5.583460283511609
          ],
          [
            37.989896054554904,
            5.56558064102719
          ],
          [
            37.97440449368898,
            5.547743065074594
          ],
          [
            37.958864477141674,
            5.529947687595131
          ],
          [
            37.943276119859675,
            5.5121946402179764
          ],
          [
            37.92763953714721,
            5.494484054259201
          ],
          [
            37.91195484466524,
            5.476816060720788
          ],
          [
            37.89622215843061,
            5.459190790289682
          ],
          [
            37.880441594815125,
            5.441608373336806
          ],
          [
            37.86461327054475,
            5.424068939916107
          ],
          [
            37.84873730269874,
            5.406572619763587
          ],
          [
            37.832813808708735,
            5.389119542296352
          ],
          [
            37.81684290635793,
            5.371709836611642
          ],
          [
            37.800824713780194,
            5.354343631485896
          ],
          [
            37.78475934945918,
            5.337021055373775
          ],
          [
            37.768646932227476,
            5.319742236407231
          ],
          [
            37.75248758126571,
            5.302507302394548
          ],
          [
            37.73628141610166,
            5.285316380819406
          ],
          [
            37.72002855660939,
            5.26816959883993
          ],
          [
            37.70372912300836,
            5.251067083287753
          ],
          [
            37.687383235862505,
            5.234008960667075
          ],
          [
            37.67099101607939,
            5.216995357153734
          ],
          [
            37.65455258490929,
            5.2000263985942645
          ],
          [
            37.638068063944296,
            5.183102210504972
          ],
          [
            37.621537575117415,
            5.166222918071005
          ],
          [
            37.60496124070168,
            5.149388646145421
          ],
          [
            37.588339183309195,
            5.132599519248274
          ],
          [
            37.571671525890345,
            5.115855661565689
          ],
          [
            37.55495839173273,
            5.099157196948938
          ],
          [
            37.5381999044604,
            5.082504248913535
          ],
          [
            37.52139618803281,
            5.06589694063831
          ],
          [
            37.50454736674401,
            5.0493353949645075
          ],
          [
            37.487653565221684,
            5.032819734394875
          ],
          [
            37.47071490842621,
            5.016350081092754
          ],
          [
            37.45373152164975,
            4.999926556881178
          ],
          [
            37.43670353051534,
            4.983549283241976
          ],
          [
            37.41963106097592,
            4.967218381314865
          ],
          [
            37.402514239313476,
            4.950933971896562
          ],
          [
            37.385353192138,
            4.934696175439888
          ],
          [
            37.368148046386665,
            4.918505112052871
          ],
          [
            37.35065085581141,
            4.9021176069118555
          ],
          [
            37.33312022384227,
            4.885765880839772
          ],
          [
            37.31555622364182,
            4.869450002079123
          ],
          [
            37.29795892851187,
            4.8531700387228
          ],
          [
            37.280328411893194,
            4.836926058713809
          ],
          [
            37.26266474736523,
            4.82071812984498
          ],
          [
            37.24496800864571,
            4.804546319758691
          ],
          [
            37.22723826959045,
            4.7884106959465775
          ],
          [
            37.20947560419295,
            4.772311325749255
          ],
          [
            37.191680086584164,
            4.7562482763560405
          ],
          [
            37.173851791032114,
            4.740221614804663
          ],
          [
            37.15599079194163,
            4.724231407980998
          ],
          [
            37.13809716385404,
            4.708277722618774
          ],
          [
            37.12017098144684,
            4.692360625299306
          ],
          [
            37.10221231953338,
            4.676480182451208
          ],
          [
            37.084221253062566,
            4.660636460350118
          ],
          [
            37.066197857118546,
            4.64482952511843
          ],
          [
            37.04814220692038,
            4.629059442725005
          ],
          [
            37.030054377821756,
            4.613326278984904
          ],
          [
            37.01193444531066,
            4.597630099559113
          ],
          [
            36.99378248500902,
            4.581970969954263
          ],
          [
            36.97559857267247,
            4.566348955522364
          ],
          [
            36.957382784189974,
            4.550764121460531
          ],
          [
            36.93913519558355,
            4.535216532810704
          ],
          [
            36.9208558830079,
            4.519706254459386
          ],
          [
            36.90254492275013,
            4.504233351137372
          ],
          [
            36.88420239122946,
            4.488797887419467
          ],
          [
            36.86582836499682,
            4.473399927724236
          ],
          [
            36.84742292073461,
            4.458039536313715
          ],
          [
            36.82898613525634,
            4.442716777293155
          ],
          [
            36.81051808550634,
            4.427431714610755
          ],
          [
            36.79201884855937,
            4.412184412057386
          ],
          [
            36.773488501620406,
            4.396974933266335
          ],
          [
            36.754927122024235,
            4.381803341713029
          ],
          [
            36.73633478723513,
            4.366669700714786
          ],
          [
            36.7177115748466,
            4.3515740734305295
          ],
          [
            36.69905756258097,
            4.336516522860544
          ],
          [
            36.68037282828915,
            4.3214971118462016
          ],
          [
            36.66165744995024,
            4.306515903069697
          ],
          [
            36.642911505671236,
            4.291572959053803
          ],
          [
            36.6241350736867,
            4.276668342161585
          ],
          [
            36.605328232358424,
            4.261802114596165
          ],
          [
            36.58649106017513,
            4.24697433840044
          ],
          [
            36.56762363575209,
            4.23218507545684
          ],
          [
            36.548726037830875,
            4.217434387487063
          ],
          [
            36.52979834527895,
            4.2027223360518144
          ],
          [
            36.51084063708937,
            4.188048982550559
          ],
          [
            36.4918529923805,
            4.1734143882212535
          ],
          [
            36.4728354903956,
            4.158818614140097
          ],
          [
            36.453788210502566,
            4.14426172122128
          ],
          [
            36.43471123219354,
            4.129743770216724
          ],
          [
            36.415604635084634,
            4.115264821715826
          ],
          [
            36.39646849891555,
            4.100824936145212
          ],
          [
            36.37730290354931,
            4.0864241737684885
          ],
          [
            36.35810792897181,
            4.072062594685974
          ],
          [
            36.338883655291646,
            4.057740258834466
          ],
          [
            36.31963016273961,
            4.043457225986982
          ],
          [
            36.30034753166847,
            4.02921355575251
          ],
          [
            36.28103584255262,
            4.015009307575767
          ],
          [
            36.261695175987704,
            4.000844540736937
          ],
          [
            36.242325612690294,
            3.98671931435144
          ],
          [
            36.222927233497586,
            3.9726336873696746
          ],
          [
            36.20350011936701,
            3.958587718576772
          ],
          [
            36.184044351375924,
            3.9445814665923558
          ],
          [
            36.16456001072129,
            3.9306149898702976
          ],
          [
            36.145047178719295,
            3.916688346698465
          ],
          [
            36.125505936805034,
            3.9028015951984885
          ],
          [
            36.10593636653218,
            3.888954793325512
          ],
          [
            36.086338549572616,
            3.875147998867954
          ],
          [
            36.066712567716124,
            3.8613812694472625
          ],
          [
            36.04705850287003,
            3.8476546625176815
          ],
          [
            36.02737643705885,
            3.8339682353660067
          ],
          [
            36.00766645242397,
            3.820322045111344
          ],
          [
            35.98792863122329,
            3.806716148704877
          ],
          [
            35.968163055830864,
            3.7931506029296242
          ],
          [
            35.94836980873662,
            3.7796254644002096
          ],
          [
            35.92854897254593,
            3.7661407895626144
          ],
          [
            35.90870062997933,
            3.75269663469395
          ],
          [
            35.888824863872145,
            3.7392930559022255
          ],
          [
            35.868921757174135,
            3.7259301091261023
          ],
          [
            35.84899139294919,
            3.7126078501346753
          ],
          [
            35.82903385437494,
            3.6993263345272234
          ],
          [
            35.809049224742424,
            3.6860856177329953
          ],
          [
            35.78903758745575,
            3.6728857550109657
          ],
          [
            35.76899902603174,
            3.6597268014496063
          ],
          [
            35.748933624099585,
            3.6466088119666615
          ],
          [
            35.72884146540047,
            3.6335318413089155
          ],
          [
            35.70872263378729,
            3.620495944051959
          ],
          [
            35.6885772132242,
            3.6075011745999754
          ],
          [
            35.66840528778638,
            3.5945475871854957
          ],
          [
            35.64820694165958,
            3.581635235869186
          ],
          [
            35.62798225913984,
            3.5687641745396173
          ],
          [
            35.6077313246331,
            3.555934456913039
          ],
          [
            35.587454222654884,
            3.543146136533158
          ],
          [
            35.56715103782989,
            3.5303992667709094
          ],
          [
            35.54682185489168,
            3.517693900824244
          ],
          [
            35.52646675868233,
            3.5050300917178947
          ],
          [
            35.506085834152074,
            3.492407892303161
          ],
          [
            35.485679166358885,
            3.479827355257692
          ],
          [
            35.46524684046824,
            3.4672885330852576
          ],
          [
            35.44478894175264,
            3.454791478115539
          ],
          [
            35.42430555559135,
            3.4423362425039006
          ],
          [
            35.403796767470006,
            3.4299228782311815
          ],
          [
            35.383262662980215,
            3.417551437103474
          ],
          [
            35.36270332781929,
            3.4052219707519047
          ],
          [
            35.34211884778982,
            3.392934530632426
          ],
          [
            35.321509308799314,
            3.3806891680255946
          ],
          [
            35.3008747968599,
            3.3684859340363618
          ],
          [
            35.28021539808791,
            3.356324879593859
          ],
          [
            35.25953119870353,
            3.3442060554511817
          ],
          [
            35.238822285030466,
            3.3321295121851873
          ],
          [
            35.218088743495564,
            3.320095300196274
          ],
          [
            35.197330660628445,
            3.30810346970817
          ],
          [
            35.176548123061146,
            3.296154070767737
          ],
          [
            35.15574121752778,
            3.284247153244745
          ],
          [
            35.13491003086415,
            3.272382766831676
          ],
          [
            35.11405465000739,
            3.2605609610435056
          ],
          [
            35.09317516199561,
            3.248781785217513
          ],
          [
            35.072271653967526,
            3.237045288513056
          ],
          [
            35.05134421316211,
            3.225351519911377
          ],
          [
            35.03039292691821,
            3.2137005282153996
          ],
          [
            35.00941788267418,
            3.202092362049521
          ],
          [
            34.988419167967535,
            3.190527069859408
          ],
          [
            34.967396870434584,
            3.179004699911795
          ],
          [
            34.946351077810036,
            3.1675253002942876
          ],
          [
            34.925281877926686,
            3.1560889189151573
          ],
          [
            34.90418935871498,
            3.144695603503142
          ],
          [
            34.883073608202714,
            3.13334540160725
          ],
          [
            34.861934714514625,
            3.1220383605965543
          ],
          [
            34.84077276587205,
            3.110774527660005
          ],
          [
            34.81958785059251,
            3.0995539498062255
          ],
          [
            34.798380057089425,
            3.088376673863314
          ],
          [
            34.77714947387165,
            3.0772427464786576
          ],
          [
            34.755896189543165,
            3.0661522141187274
          ],
          [
            34.73462029280272,
            3.055105123068893
          ],
          [
            34.71332187244339,
            3.0441015194332226
          ],
          [
            34.69200101735227,
            3.0331414491342974
          ],
          [
            34.6706578165101,
            3.0222249579130103
          ],
          [
            34.64929235899085,
            3.011352091328384
          ],
          [
            34.62790473396141,
            3.0005228947573777
          ],
          [
            34.60649503068114,
            2.989737413394699
          ],
          [
            34.585063338501584,
            2.9789956922526084
          ],
          [
            34.56360974686603,
            2.968297776160744
          ],
          [
            34.54213434530916,
            2.9576437097659203
          ],
          [
            34.52063722345671,
            2.947033537531956
          ],
          [
            34.49911847102502,
            2.9364673037394775
          ],
          [
            34.477578177820725,
            2.9259450524857358
          ],
          [
            34.456016433740366,
            2.9154668276844307
          ],
          [
            34.434289834991716,
            2.9049578032158423
          ],
          [
            34.41254610794336,
            2.894484264056942
          ],
          [
            34.39078531055221,
            2.8840462381244585
          ],
          [
            34.369007500820636,
            2.8736437532404646
          ],
          [
            34.34721273679639,
            2.8632768371323025
          ],
          [
            34.325401076572405,
            2.8529455174325022
          ],
          [
            34.30357257828664,
            2.8426498216787195
          ],
          [
            34.28172730012195,
            2.832389777313647
          ],
          [
            34.25986530030589,
            2.8221654116849595
          ],
          [
            34.23798663711063,
            2.811976752045231
          ],
          [
            34.2160913688527,
            2.8018238255518573
          ],
          [
            34.19417955389295,
            2.791706659266989
          ],
          [
            34.172251250636286,
            2.781625280157467
          ],
          [
            34.15030651753158,
            2.7715797150947363
          ],
          [
            34.12834541307151,
            2.7615699908547837
          ],
          [
            34.10636799579237,
            2.7515961341180666
          ],
          [
            34.084374324273945,
            2.7416581714694317
          ],
          [
            34.06236445713934,
            2.7317561293980566
          ],
          [
            34.04033845305484,
            2.7218900342973775
          ],
          [
            34.01829637072972,
            2.712059912465011
          ],
          [
            33.996238268916144,
            2.7022657901026896
          ],
          [
            33.97416420640896,
            2.69250769331619
          ],
          [
            33.952074242045526,
            2.682785648115267
          ],
          [
            33.92996843470565,
            2.6730996804135816
          ],
          [
            33.90784684331131,
            2.663449816028625
          ],
          [
            33.88570952682658,
            2.6538360806816654
          ],
          [
            33.86355654425746,
            2.644258499997668
          ],
          [
            33.8413879546517,
            2.6347170995052274
          ],
          [
            33.819203817098625,
            2.6252119046365054
          ],
          [
            33.79700419072903,
            2.6157429407271526
          ],
          [
            33.774789134714986,
            2.6063102330162544
          ],
          [
            33.752558708269696,
            2.596913806646257
          ],
          [
            33.73031297064733,
            2.5875536866628943
          ],
          [
            33.708051981142866,
            2.578229898015131
          ],
          [
            33.68577579909193,
            2.5689424655550965
          ],
          [
            33.663484483870654,
            2.5596914140380065
          ],
          [
            33.6411780948955,
            2.5504767681221066
          ],
          [
            33.618856691623115,
            2.5412985523686147
          ],
          [
            33.59652033355016,
            2.532156791241632
          ],
          [
            33.57416908021315,
            2.523051509108096
          ],
          [
            33.55180299118833,
            2.5139827302377187
          ],
          [
            33.52942212609146,
            2.504950478802903
          ],
          [
            33.50702654457769,
            2.495954778878703
          ],
          [
            33.4846163063414,
            2.4869956544427287
          ],
          [
            33.46219147111606,
            2.478073129375118
          ],
          [
            33.439752098674,
            2.469187227458441
          ],
          [
            33.417298248826334,
            2.4603379723776584
          ],
          [
            33.39482998142276,
            2.45152538772005
          ],
          [
            33.3723473563514,
            2.442749496975145
          ],
          [
            33.34985043353863,
            2.4340103235346793
          ],
          [
            33.32733927294896,
            2.4253078906925065
          ],
          [
            33.30481393458486,
            2.416642221644563
          ],
          [
            33.28227447848654,
            2.4080133394887806
          ],
          [
            33.2597209647319,
            2.39942126722505
          ],
          [
            33.23715345343626,
            2.3908660277551332
          ],
          [
            33.21457200475229,
            2.382347643882628
          ],
          [
            33.191976678869786,
            2.373866138312891
          ],
          [
            33.16936753601553,
            2.3654215336529796
          ],
          [
            33.14674463645315,
            2.3570138524115922
          ],
          [
            33.124108040482945,
            2.348643116999015
          ],
          [
            33.10145780844168,
            2.340309349727054
          ],
          [
            33.07879400070251,
            2.3320125728089796
          ],
          [
            33.05611667767477,
            2.3237528083594623
          ],
          [
            33.0334258998038,
            2.3155300783945223
          ],
          [
            33.01072172757081,
            2.307344404831463
          ],
          [
            32.98800422149272,
            2.2991958094888147
          ],
          [
            32.96527344212199,
            2.2910843140862833
          ],
          [
            32.94252945004645,
            2.2830099402446797
          ],
          [
            32.91977230588916,
            2.274972709485873
          ],
          [
            32.89700207030822,
            2.2669726432327275
          ],
          [
            32.87421880399664,
            2.25900976280905
          ],
          [
            32.85142256768216,
            2.2510840894395256
          ],
          [
            32.82861342212707,
            2.2431956442496688
          ],
          [
            32.80579142812812,
            2.235344448265765
          ],
          [
            32.78295664651624,
            2.2275305224148085
          ],
          [
            32.7601091381565,
            2.2197538875244582
          ],
          [
            32.73724896394787,
            2.2120145643229754
          ],
          [
            32.71437618482307,
            2.204312573439159
          ],
          [
            32.69149086174844,
            2.196647935402316
          ],
          [
            32.66859305572374,
            2.189020670642172
          ],
          [
            32.645682827782004,
            2.181430799488858
          ],
          [
            32.622760238989386,
            2.1738783421728165
          ],
          [
            32.59982535044497,
            2.1663633188247715
          ],
          [
            32.57687822328065,
            2.158885749475671
          ],
          [
            32.553918918660926,
            2.1514456540566247
          ],
          [
            32.53094749778274,
            2.144043052398864
          ],
          [
            32.50796402187535,
            2.1366779642336775
          ],
          [
            32.484968552200165,
            2.1293504091923663
          ],
          [
            32.46196115005051,
            2.1220604068061877
          ],
          [
            32.43894187675157,
            2.114807976506306
          ],
          [
            32.41591079366013,
            2.1075931376237316
          ],
          [
            32.39286796216449,
            2.100415909389288
          ],
          [
            32.36981344368422,
            2.0932763109335406
          ],
          [
            32.346747299670085,
            2.086174361286755
          ],
          [
            32.32366959160382,
            2.079110079378852
          ],
          [
            32.30058038099798,
            2.0720834840393456
          ],
          [
            32.27747972939577,
            2.065094593997295
          ],
          [
            32.254367698370935,
            2.0581434278812667
          ],
          [
            32.23124434952748,
            2.0512300042192675
          ],
          [
            32.20810974449964,
            2.0443543414387078
          ],
          [
            32.18496394495162,
            2.0375164578663485
          ],
          [
            32.161807012577476,
            2.0307163717282486
          ],
          [
            32.13863900910094,
            2.0239541011497217
          ],
          [
            32.115459996275234,
            2.017229664155285
          ],
          [
            32.092270035882954,
            2.0105430786686145
          ],
          [
            32.069069189735856,
            2.003894362512492
          ],
          [
            32.045857519674705,
            1.9972835334087615
          ],
          [
            32.02263508756915,
            1.990710608978278
          ],
          [
            31.999401955317484,
            1.9841756067408711
          ],
          [
            31.976158184846554,
            1.9776785441152835
          ],
          [
            31.952903838111546,
            1.9712194384191295
          ],
          [
            31.929638977095838,
            1.9647983068688581
          ],
          [
            31.906363663810836,
            1.9584151665796976
          ],
          [
            31.883077960295797,
            1.9520700345656135
          ],
          [
            31.8597819286177,
            1.9457629277392556
          ],
          [
            31.836475630871018,
            1.9394938629119256
          ],
          [
            31.813159129177613,
            1.9332628567935246
          ],
          [
            31.789832485686535,
            1.927069925992511
          ],
          [
            31.766495762573857,
            1.92091508701585
          ],
          [
            31.743149022042545,
            1.9147983562689852
          ],
          [
            31.719792326322246,
            1.9087197500557733
          ],
          [
            31.696425737669138,
            1.9026792845784548
          ],
          [
            31.67304931836578,
            1.896676975937615
          ],
          [
            31.649663130720935,
            1.8907128401321225
          ],
          [
            31.626267237069403,
            1.8847868930591098
          ],
          [
            31.60286169977184,
            1.8788991505139105
          ],
          [
            31.579446581214622,
            1.873049628190028
          ],
          [
            31.556021943809657,
            1.8672383416790914
          ],
          [
            31.532587849994233,
            1.8614653064708195
          ],
          [
            31.50914436223083,
            1.8557305379529643
          ],
          [
            31.485691543006975,
            1.8500340514112872
          ],
          [
            31.46222945483508,
            1.8443758620295048
          ],
          [
            31.43875816025223,
            1.8387559848892605
          ],
          [
            31.415277721820082,
            1.8331744349700763
          ],
          [
            31.391788202124655,
            1.8276312271493134
          ],
          [
            31.368289663776164,
            1.822126376202133
          ],
          [
            31.344782169408873,
            1.8166598968014613
          ],
          [
            31.321265781680918,
            1.8112318035179458
          ],
          [
            31.297740563274132,
            1.8058421108199125
          ],
          [
            31.2742065768939,
            1.8004908330733387
          ],
          [
            31.250663885268953,
            1.7951779845418094
          ],
          [
            31.22711255115125,
            1.7899035793864693
          ],
          [
            31.203552637315784,
            1.7846676316660062
          ],
          [
            31.1799842065604,
            1.7794701553365941
          ],
          [
            31.156407321705654,
            1.7743111642518605
          ],
          [
            31.132822045594644,
            1.7691906721628605
          ],
          [
            31.10922844109282,
            1.7641086927180252
          ],
          [
            31.085626571087847,
            1.7590652394631372
          ],
          [
            31.061874900072205,
            1.75402694738154
          ],
          [
            31.038116390447108,
            1.7490210025627198
          ],
          [
            31.01435108626609,
            1.7440474142888127
          ],
          [
            30.990579031595267,
            1.739106191781946
          ],
          [
            30.966800270513293,
            1.734197344204245
          ],
          [
            30.943014847111236,
            1.7293208806577895
          ],
          [
            30.91922280549254,
            1.7244768101846253
          ],
          [
            30.8954241897729,
            1.7196651417667317
          ],
          [
            30.871619044080216,
            1.7148858843259989
          ],
          [
            30.84780741255448,
            1.710139046724233
          ],
          [
            30.823989339347733,
            1.7054246377631175
          ],
          [
            30.80016486862393,
            1.7007426661842089
          ],
          [
            30.776334044558922,
            1.6960931406689168
          ],
          [
            30.752496911340316,
            1.6914760698384868
          ],
          [
            30.728653513167426,
            1.6868914622539926
          ],
          [
            30.704803894251178,
            1.6823393264163093
          ],
          [
            30.68094809881405,
            1.677819670766099
          ],
          [
            30.65708617108994,
            1.6733325036838074
          ],
          [
            30.633218155324155,
            1.6688778334896324
          ],
          [
            30.609344095773256,
            1.6644556684435146
          ],
          [
            30.58546403670504,
            1.6600660167451322
          ],
          [
            30.5615780223984,
            1.655708886533858
          ],
          [
            30.537686097143297,
            1.651384285888789
          ],
          [
            30.513788305240638,
            1.647092222828678
          ],
          [
            30.48988469100221,
            1.6428327053119638
          ],
          [
            30.465975298750596,
            1.6386057412367345
          ],
          [
            30.442060172819094,
            1.634411338440709
          ],
          [
            30.418139357551638,
            1.6302495047012482
          ],
          [
            30.394212897302697,
            1.6261202477353023
          ],
          [
            30.370280836437228,
            1.622023575199435
          ],
          [
            30.346343219330553,
            1.6179594946897728
          ],
          [
            30.32240009036831,
            1.6139280137420247
          ],
          [
            30.29845149394634,
            1.6099291398314475
          ],
          [
            30.274497474470653,
            1.6059628803728356
          ],
          [
            30.250538076357277,
            1.6020292427205112
          ],
          [
            30.22657334403225,
            1.5981282341683063
          ],
          [
            30.20260332193146,
            1.5942598619495594
          ],
          [
            30.17862805450065,
            1.5904241332370805
          ],
          [
            30.154647586195246,
            1.5866210551431625
          ],
          [
            30.13066196148035,
            1.582850634719549
          ],
          [
            30.1066712248306,
            1.579112878957435
          ],
          [
            30.08267542073013,
            1.5754077947874454
          ],
          [
            30.05867459367246,
            1.5717353890796253
          ],
          [
            30.034668788160438,
            1.5680956686434298
          ],
          [
            30.010658048706123,
            1.564488640227698
          ],
          [
            29.98664241983074,
            1.560914310520666
          ],
          [
            29.96262194606457,
            1.5573726861499233
          ],
          [
            29.938596671946875,
            1.553863773682431
          ],
          [
            29.914566642025832,
            1.5503875796244835
          ],
          [
            29.89053190085842,
            1.546944110421712
          ],
          [
            29.86649249301037,
            1.5435333724590745
          ],
          [
            29.842448463056048,
            1.5401553720608305
          ],
          [
            29.818399855578406,
            1.5368101154905418
          ],
          [
            29.79434671516887,
            1.5334976089510448
          ],
          [
            29.770289086427294,
            1.5302178585844715
          ],
          [
            29.74622701396182,
            1.526970870472193
          ],
          [
            29.722160542388863,
            1.5237566506348514
          ],
          [
            29.698089716332973,
            1.520575205032312
          ],
          [
            29.674014580426785,
            1.5174265395636866
          ],
          [
            29.649935179310916,
            1.5143106600672913
          ],
          [
            29.625851557633904,
            1.5112275723206587
          ],
          [
            29.60176376005211,
            1.5081772820405093
          ],
          [
            29.577671831229626,
            1.505159794882761
          ],
          [
            29.55357581583821,
            1.5021751164425032
          ],
          [
            29.52947575855722,
            1.4992232522539846
          ],
          [
            29.505371704073465,
            1.496304207790618
          ],
          [
            29.481263697081204,
            1.4934179884649517
          ],
          [
            29.457151782282004,
            1.4905645996286774
          ],
          [
            29.433036004384686,
            1.487744046572612
          ],
          [
            29.408916408105238,
            1.4849563345266765
          ],
          [
            29.38479303816671,
            1.4822014686599116
          ],
          [
            29.36066593929917,
            1.4794794540804483
          ],
          [
            29.336535156239595,
            1.4767902958354977
          ],
          [
            29.31240073373178,
            1.474133998911355
          ],
          [
            29.288262716526287,
            1.4715105682333829
          ],
          [
            29.264121149380333,
            1.4689200086660061
          ],
          [
            29.239976077057715,
            1.466362325012685
          ],
          [
            29.215827544328743,
            1.4638375220159403
          ],
          [
            29.191675595970118,
            1.4613456043573065
          ],
          [
            29.167520276764908,
            1.4588865766573575
          ],
          [
            29.1433616315024,
            1.4564604434756645
          ],
          [
            29.119199704978076,
            1.454067209310827
          ],
          [
            29.095034541993474,
            1.4517068786004177
          ],
          [
            29.070866187356156,
            1.4493794557210207
          ],
          [
            29.046694685879586,
            1.447084944988186
          ],
          [
            29.02252008238308,
            1.444823350656447
          ],
          [
            28.99834242169168,
            1.4425946769192999
          ],
          [
            28.974161748636135,
            1.4403989279091967
          ],
          [
            28.94997810805274,
            1.4382361076975418
          ],
          [
            28.92579154478331,
            1.4361062202946813
          ],
          [
            28.90160210367509,
            1.4340092696498998
          ],
          [
            28.87740982958064,
            1.4319452596514033
          ],
          [
            28.853214767357787,
            1.4299141941263287
          ],
          [
            28.829016961869527,
            1.4279160768407102
          ],
          [
            28.804816457983936,
            1.4259509114995104
          ],
          [
            28.780613300574096,
            1.4240187017465742
          ],
          [
            28.75640753451801,
            1.4221194511646438
          ],
          [
            28.732199204698524,
            1.4202531632753546
          ],
          [
            28.707988356003227,
            1.4184198415392113
          ],
          [
            28.68377503332438,
            1.4166194893555983
          ],
          [
            28.65955928155885,
            1.414852110062776
          ],
          [
            28.63534114560797,
            1.4131177069378422
          ],
          [
            28.611120670377538,
            1.4114162831967718
          ],
          [
            28.586897900777654,
            1.4097478419943807
          ],
          [
            28.562672881722694,
            1.4081123864243261
          ],
          [
            28.538445658131195,
            1.4065099195191033
          ],
          [
            28.514216274925786,
            1.4049404442500386
          ],
          [
            28.489984777033094,
            1.4034039635272897
          ],
          [
            28.46575120938368,
            1.401900480199831
          ],
          [
            28.441515616911925,
            1.400429997055451
          ],
          [
            28.41727804455598,
            1.3989925168207482
          ],
          [
            28.39303853725766,
            1.3975880421611355
          ],
          [
            28.36879713996237,
            1.3962165756808145
          ],
          [
            28.34455389761902,
            1.3948781199227902
          ],
          [
            28.320308855179924,
            1.393572677368851
          ],
          [
            28.296062057600775,
            1.3923002504395774
          ],
          [
            28.271813549840473,
            1.3910608414943293
          ],
          [
            28.247563376861123,
            1.3898544528312529
          ],
          [
            28.223311583627904,
            1.3886810866872485
          ],
          [
            28.199058215108995,
            1.3875407452380033
          ],
          [
            28.174803316275504,
            1.386433430597959
          ],
          [
            28.150546932101385,
            1.3853591448203224
          ],
          [
            28.126289107563313,
            1.3843178898970554
          ],
          [
            28.10202988764068,
            1.383309667758878
          ],
          [
            28.077769317315422,
            1.3823344802752549
          ],
          [
            28.053507441572016,
            1.3813923292543984
          ],
          [
            28.029244305397324,
            1.3804832164432692
          ],
          [
            28.004979953780577,
            1.3796071435275583
          ],
          [
            27.98071443171324,
            1.3787641121317011
          ],
          [
            27.956447784188956,
            1.3779541238188604
          ],
          [
            27.932180056203453,
            1.3771771800909398
          ],
          [
            27.907911292754456,
            1.3764332823885597
          ],
          [
            27.883641538841626,
            1.375722432091071
          ],
          [
            27.859370839466443,
            1.3750446305165522
          ],
          [
            27.835099239632157,
            1.3743998789217913
          ],
          [
            27.810826784343668,
            1.3737881785023065
          ],
          [
            27.78655351860748,
            1.3732095303923197
          ],
          [
            27.76227948743159,
            1.3726639356647725
          ],
          [
            27.73800473582542,
            1.3721513953313236
          ],
          [
            27.713729308799717,
            1.3716719103423305
          ],
          [
            27.689453251366494,
            1.371225481586868
          ],
          [
            27.66517660853893,
            1.3708121098927106
          ],
          [
            27.64089942533128,
            1.3704317960263455
          ],
          [
            27.616621746758803,
            1.3700845406929523
          ],
          [
            27.592343617837695,
            1.369770344536421
          ],
          [
            27.568065083584962,
            1.3694892081393444
          ],
          [
            27.54378618901838,
            1.3692411320230073
          ],
          [
            27.51950697915638,
            1.3690261166474016
          ],
          [
            27.495227499017982,
            1.368844162411211
          ],
          [
            27.470947793622713,
            1.368695269651819
          ],
          [
            27.446667907990516,
            1.3685794386453052
          ],
          [
            27.422387887141653,
            1.3684966696064484
          ],
          [
            27.398107776096662,
            1.3684469626887164
          ],
          [
            27.37382982811703,
            1.3684303179892774
          ],
          [
            27.34885552826754,
            1.3684303217836682
          ],
          [
            27.32388122841805,
            1.3684303255780592
          ],
          [
            27.298906928568556,
            1.36843032937245
          ],
          [
            27.273932628719066,
            1.3684303331668408
          ],
          [
            27.248958328869573,
            1.3684303369612318
          ],
          [
            27.223984029020084,
            1.3684303407556226
          ],
          [
            27.19900972917059,
            1.3684303445500134
          ],
          [
            27.1740354293211,
            1.3684303483444045
          ],
          [
            27.149061129471608,
            1.3684303521387955
          ],
          [
            27.124086829622115,
            1.368430355933186
          ],
          [
            27.099112529772626,
            1.368430359727577
          ],
          [
            27.074138229923133,
            1.3684303635219681
          ],
          [
            27.049163930073643,
            1.368430367316359
          ],
          [
            27.02418963022415,
            1.3684303711107497
          ],
          [
            26.99921533037466,
            1.3684303749051407
          ],
          [
            26.974241030525167,
            1.3684303786995315
          ],
          [
            26.949266730675674,
            1.3684303824939223
          ],
          [
            26.924292430826185,
            1.3684303862883134
          ],
          [
            26.899318130976692,
            1.3684303900827042
          ],
          [
            26.874343831127202,
            1.368430393877095
          ],
          [
            26.84936953127771,
            1.368430397671486
          ],
          [
            26.82439523142822,
            1.3684304014658768
          ],
          [
            26.799420931578727,
            1.3684304052602676
          ],
          [
            26.774446631729237,
            1.3684304090546586
          ],
          [
            26.749472331879744,
            1.3684304128490496
          ],
          [
            26.72449803203025,
            1.3684304166434402
          ],
          [
            26.69952373218076,
            1.3684304204378313
          ],
          [
            26.67454943233127,
            1.3684304242322223
          ],
          [
            26.64957513248178,
            1.3684304280266129
          ],
          [
            26.624600832632286,
            1.3684304318210039
          ],
          [
            26.599626532782796,
            1.368430435615395
          ],
          [
            26.574652232933303,
            1.3684304394097857
          ],
          [
            26.54967793308381,
            1.3684304432041765
          ],
          [
            26.52470363323432,
            1.3684304469985675
          ],
          [
            26.499729333384828,
            1.3684304507929583
          ],
          [
            26.474755033535338,
            1.3684304545873491
          ],
          [
            26.449780733685845,
            1.3684304583817402
          ],
          [
            26.424806433836356,
            1.368430462176131
          ],
          [
            26.399832133986862,
            1.3684304659705218
          ],
          [
            26.374857834137373,
            1.3684304697649128
          ],
          [
            26.34988353428788,
            1.3684304735593036
          ],
          [
            26.324909234438387,
            1.3684304773536944
          ],
          [
            26.299934934588897,
            1.3684304811480854
          ],
          [
            26.274960634739404,
            1.3684304849424764
          ],
          [
            26.249986334889915,
            1.368430488736867
          ],
          [
            26.22501203504042,
            1.368430492531258
          ],
          [
            26.200037735190932,
            1.368430496325649
          ],
          [
            26.17506343534144,
            1.3684305001200399
          ],
          [
            26.15008913549195,
            1.3684305039144307
          ],
          [
            26.125114835642457,
            1.3684305077088217
          ],
          [
            26.100140535792963,
            1.3684305115032125
          ],
          [
            26.075166235943474,
            1.3684305152976033
          ],
          [
            26.05019193609398,
            1.3684305190919943
          ],
          [
            26.02521763624449,
            1.3684305228863851
          ],
          [
            26.000243336395,
            1.368430526680776
          ],
          [
            25.97526903654551,
            1.368430530475167
          ],
          [
            25.950294736696016,
            1.3684305342695577
          ],
          [
            25.925320436846523,
            1.3684305380639485
          ],
          [
            25.900346136997033,
            1.3684305418583396
          ],
          [
            25.87537183714754,
            1.3684305456527304
          ],
          [
            25.85039753729805,
            1.3684305494471212
          ],
          [
            25.825423237448558,
            1.3684305532415122
          ],
          [
            25.800448937599068,
            1.3684305570359032
          ],
          [
            25.775474637749575,
            1.3684305608302938
          ],
          [
            25.750500337900082,
            1.3684305646246848
          ],
          [
            25.725526038050592,
            1.3684305684190758
          ],
          [
            25.7005517382011,
            1.3684305722134666
          ],
          [
            25.67557743835161,
            1.3684305760078574
          ],
          [
            25.650603138502117,
            1.3684305798022485
          ],
          [
            25.625628838652627,
            1.3684305835966393
          ],
          [
            25.600654538803134,
            1.36843058739103
          ],
          [
            25.575680238953645,
            1.368430591185421
          ],
          [
            25.55070593910415,
            1.368430594979812
          ],
          [
            25.525731639254662,
            1.3684305987742027
          ],
          [
            25.50075733940517,
            1.3684306025685937
          ],
          [
            25.475783039555676,
            1.3684306063629845
          ],
          [
            25.450808739706186,
            1.3684306101573753
          ],
          [
            25.425834439856693,
            1.3684306139517664
          ],
          [
            25.400860140007204,
            1.3684306177461574
          ],
          [
            25.37588584015771,
            1.368430621540548
          ],
          [
            25.35091154030822,
            1.368430625334939
          ],
          [
            25.325937240458728,
            1.36843062912933
          ],
          [
            25.300962940609235,
            1.3684306329237208
          ],
          [
            25.275988640759746,
            1.3684306367181116
          ],
          [
            25.251014340910253,
            1.3684306405125026
          ],
          [
            25.226040041060763,
            1.3684306443068934
          ],
          [
            25.20106574121127,
            1.3684306481012842
          ],
          [
            25.17609144136178,
            1.3684306518956753
          ],
          [
            25.151117141512287,
            1.368430655690066
          ],
          [
            25.126142841662794,
            1.3684306594844569
          ],
          [
            25.101168541813305,
            1.3684306632788479
          ],
          [
            25.07619424196381,
            1.3684306670732387
          ],
          [
            25.051219942114322,
            1.3684306708676295
          ],
          [
            25.02624564226483,
            1.3684306746620205
          ],
          [
            25.00127134241534,
            1.3684306784564113
          ],
          [
            24.976297042565847,
            1.368430682250802
          ],
          [
            24.951322742716354,
            1.3684306860451931
          ],
          [
            24.926348442866864,
            1.3684306898395842
          ],
          [
            24.90137414301737,
            1.3684306936339747
          ],
          [
            24.87639984316788,
            1.3684306974283658
          ],
          [
            24.85142554331839,
            1.3684307012227568
          ],
          [
            24.8264512434689,
            1.3684307050171476
          ],
          [
            24.801476943619406,
            1.3684307088115384
          ],
          [
            24.776502643769916,
            1.3684307126059294
          ],
          [
            24.751528343920423,
            1.3684307164003202
          ],
          [
            24.726554044070934,
            1.368430720194711
          ],
          [
            24.70157974422144,
            1.368430723989102
          ],
          [
            24.676605444371948,
            1.3684307277834928
          ],
          [
            24.651631144522458,
            1.3684307315778836
          ],
          [
            24.626656844672965,
            1.3684307353722747
          ],
          [
            24.601682544823475,
            1.3684307391666655
          ],
          [
            24.576708244973982,
            1.3684307429610563
          ],
          [
            24.551733945124493,
            1.3684307467554473
          ],
          [
            24.526759645275,
            1.368430750549838
          ],
          [
            24.501785345425507,
            1.368430754344229
          ],
          [
            24.476811045576017,
            1.36843075813862
          ],
          [
            24.451836745726524,
            1.368430761933011
          ],
          [
            24.426862445877035,
            1.3684307657274015
          ],
          [
            24.40188814602754,
            1.3684307695217925
          ],
          [
            24.376913846178052,
            1.3684307733161836
          ],
          [
            24.35193954632856,
            1.3684307771105744
          ],
          [
            24.326965246479066,
            1.3684307809049652
          ],
          [
            24.301990946629576,
            1.3684307846993562
          ],
          [
            24.277016646780083,
            1.368430788493747
          ],
          [
            24.252042346930594,
            1.3684307922881378
          ],
          [
            24.2270680470811,
            1.3684307960825288
          ],
          [
            24.20209374723161,
            1.3684307998769196
          ],
          [
            24.17711944738212,
            1.3684308036713104
          ],
          [
            24.15214514753263,
            1.3684308074657014
          ],
          [
            24.127170847683136,
            1.3684308112600923
          ],
          [
            24.102196547833646,
            1.368430815054483
          ],
          [
            24.077222247984153,
            1.368430818848874
          ],
          [
            24.05224794813466,
            1.368430822643265
          ],
          [
            24.02727364828517,
            1.3684308264376557
          ],
          [
            24.002299348435677,
            1.3684308302320467
          ],
          [
            23.977325048586188,
            1.3684308340264377
          ],
          [
            23.952350748736695,
            1.3684308378208285
          ],
          [
            23.927376448887205,
            1.3684308416152193
          ],
          [
            23.902402149037712,
            1.3684308454096104
          ],
          [
            23.87742784918822,
            1.3684308492040012
          ],
          [
            23.85245354933873,
            1.368430852998392
          ],
          [
            23.827479249489237,
            1.368430856792783
          ],
          [
            23.802504949639747,
            1.3684308605871738
          ],
          [
            23.777530649790254,
            1.3684308643815646
          ],
          [
            23.752556349940765,
            1.3684308681759556
          ],
          [
            23.72758205009127,
            1.3684308719703464
          ],
          [
            23.70260775024178,
            1.3684308757647372
          ],
          [
            23.67763345039229,
            1.3684308795591282
          ],
          [
            23.652659150542796,
            1.368430883353519
          ],
          [
            23.627684850693306,
            1.3684308871479098
          ],
          [
            23.602710550843813,
            1.3684308909423009
          ],
          [
            23.577736250994324,
            1.3684308947366919
          ],
          [
            23.55276195114483,
            1.3684308985310825
          ],
          [
            23.52778765129534,
            1.3684309023254735
          ],
          [
            23.502813351445848,
            1.3684309061198645
          ],
          [
            23.47783905159636,
            1.3684309099142553
          ],
          [
            23.452864751746866,
            1.3684309137086461
          ],
          [
            23.427890451897373,
            1.3684309175030371
          ],
          [
            23.402916152047883,
            1.368430921297428
          ],
          [
            23.37794185219839,
            1.3684309250918187
          ],
          [
            23.352967552348897,
            1.3684309288862098
          ],
          [
            23.327993252499407,
            1.3684309326806006
          ],
          [
            23.303018952649918,
            1.3684309364749914
          ],
          [
            23.278044652800425,
            1.3684309402693824
          ],
          [
            23.25307035295093,
            1.3684309440637732
          ],
          [
            23.228096053101442,
            1.368430947858164
          ],
          [
            23.20312175325195,
            1.368430951652555
          ],
          [
            23.17814745340246,
            1.368430955446946
          ],
          [
            23.153173153552967,
            1.3684309592413366
          ],
          [
            23.128198853703477,
            1.3684309630357276
          ],
          [
            23.103224553853984,
            1.3684309668301187
          ],
          [
            23.07825025400449,
            1.3684309706245092
          ],
          [
            23.053275954155,
            1.3684309744189003
          ],
          [
            23.02830165430551,
            1.3684309782132913
          ],
          [
            23.00332735445602,
            1.368430982007682
          ],
          [
            22.978353054606526,
            1.368430985802073
          ],
          [
            22.953378754757036,
            1.368430989596464
          ],
          [
            22.928404454907543,
            1.3684309933908547
          ],
          [
            22.90343015505805,
            1.3684309971852455
          ],
          [
            22.87845585520856,
            1.3684310009796365
          ],
          [
            22.85348155535907,
            1.3684310047740273
          ],
          [
            22.828507255509578,
            1.3684310085684182
          ],
          [
            22.803532955660085,
            1.3684310123628092
          ],
          [
            22.778558655810595,
            1.3684310161572
          ],
          [
            22.753584355961102,
            1.3684310199515908
          ],
          [
            22.72861005611161,
            1.3684310237459818
          ],
          [
            22.70363575626212,
            1.3684310275403728
          ],
          [
            22.678661456412627,
            1.3684310313347634
          ],
          [
            22.653687156563137,
            1.3684310351291544
          ],
          [
            22.628712856713644,
            1.3684310389235455
          ],
          [
            22.603738556864155,
            1.3684310427179363
          ],
          [
            22.57876425701466,
            1.368431046512327
          ],
          [
            22.55378995716517,
            1.368431050306718
          ],
          [
            22.52881565731568,
            1.3684310541011089
          ],
          [
            22.50384135746619,
            1.3684310578954997
          ],
          [
            22.478867057616696,
            1.3684310616898907
          ],
          [
            22.453892757767203,
            1.3684310654842815
          ],
          [
            22.428918457917714,
            1.3684310692786723
          ],
          [
            22.40394415806822,
            1.3684310730730633
          ],
          [
            22.37896985821873,
            1.3684310768674541
          ],
          [
            22.35399555836924,
            1.368431080661845
          ],
          [
            22.32902125851975,
            1.368431084456236
          ],
          [
            22.304046958670256,
            1.3684310882506268
          ],
          [
            22.279072658820763,
            1.3684310920450176
          ],
          [
            22.254098358971273,
            1.3684310958394086
          ],
          [
            22.229124059121784,
            1.3684310996337996
          ],
          [
            22.20414975927229,
            1.3684311034281902
          ],
          [
            22.179175459422797,
            1.3684311072225812
          ],
          [
            22.154201159573308,
            1.3684311110169722
          ],
          [
            22.129226859723815,
            1.368431114811363
          ],
          [
            22.104252559874325,
            1.3684311186057538
          ],
          [
            22.079278260024832,
            1.3684311224001449
          ],
          [
            22.054303960175343,
            1.3684311261945357
          ],
          [
            22.02932966032585,
            1.3684311299889265
          ],
          [
            22.004355360476357,
            1.3684311337833175
          ],
          [
            21.979381060626867,
            1.3684311375777083
          ],
          [
            21.954406760777374,
            1.368431141372099
          ],
          [
            21.92943246092788,
            1.3684311451664901
          ],
          [
            21.90445816107839,
            1.368431148960881
          ],
          [
            21.879483861228902,
            1.3684311527552717
          ],
          [
            21.85450956137941,
            1.3684311565496627
          ],
          [
            21.829535261529916,
            1.3684311603440538
          ],
          [
            21.804560961680426,
            1.3684311641384443
          ],
          [
            21.779586661830933,
            1.3684311679328354
          ],
          [
            21.754612361981444,
            1.3684311717272264
          ],
          [
            21.72963806213195,
            1.3684311755216172
          ],
          [
            21.70466376228246,
            1.368431179316008
          ],
          [
            21.679689462432968,
            1.368431183110399
          ],
          [
            21.654715162583475,
            1.3684311869047898
          ],
          [
            21.629740862733986,
            1.3684311906991806
          ],
          [
            21.604766562884492,
            1.3684311944935716
          ],
          [
            21.579792263035003,
            1.3684311982879624
          ],
          [
            21.55481796318551,
            1.3684312020823532
          ],
          [
            21.52984366333602,
            1.3684312058767443
          ],
          [
            21.504869363486527,
            1.368431209671135
          ],
          [
            21.479895063637034,
            1.3684312134655259
          ],
          [
            21.454920763787545,
            1.368431217259917
          ],
          [
            21.429946463938055,
            1.3684312210543077
          ],
          [
            21.404972164088562,
            1.3684312248486985
          ],
          [
            21.37999786423907,
            1.3684312286430895
          ],
          [
            21.35502356438958,
            1.3684312324374805
          ],
          [
            21.330049264540087,
            1.3684312362318711
          ],
          [
            21.305074964690593,
            1.3684312400262622
          ],
          [
            21.280100664841104,
            1.3684312438206532
          ],
          [
            21.25512636499161,
            1.368431247615044
          ],
          [
            21.23015206514212,
            1.3684312514094348
          ],
          [
            21.20517776529263,
            1.3684312552038258
          ],
          [
            21.18020346544314,
            1.3684312589982166
          ],
          [
            21.155229165593646,
            1.3684312627926074
          ],
          [
            21.130254865744153,
            1.3684312665869984
          ],
          [
            21.105280565894663,
            1.3684312703813892
          ],
          [
            21.080306266045174,
            1.36843127417578
          ],
          [
            21.05533196619568,
            1.368431277970171
          ],
          [
            21.030357666346188,
            1.3684312817645619
          ],
          [
            21.005383366496698,
            1.3684312855589527
          ],
          [
            20.980409066647205,
            1.3684312893533437
          ],
          [
            20.955434766797715,
            1.3684312931477345
          ],
          [
            20.930460466948222,
            1.3684312969421253
          ],
          [
            20.905486167098733,
            1.3684313007365163
          ],
          [
            20.88051186724924,
            1.3684313045309073
          ],
          [
            20.855537567399747,
            1.368431308325298
          ],
          [
            20.830563267550257,
            1.368431312119689
          ],
          [
            20.805588967700768,
            1.36843131591408
          ],
          [
            20.780614667851275,
            1.3684313197084708
          ],
          [
            20.75564036800178,
            1.3684313235028616
          ],
          [
            20.730666068152292,
            1.3684313272972526
          ],
          [
            20.7056917683028,
            1.3684313310916434
          ],
          [
            20.68071746845331,
            1.3684313348860342
          ],
          [
            20.655743168603816,
            1.3684313386804252
          ],
          [
            20.630768868754323,
            1.368431342474816
          ],
          [
            20.605794568904834,
            1.3684313462692068
          ],
          [
            20.58082026905534,
            1.3684313500635978
          ],
          [
            20.55584596920585,
            1.3684313538579886
          ],
          [
            20.530871669356358,
            1.3684313576523794
          ],
          [
            20.50589736950687,
            1.3684313614467705
          ],
          [
            20.480923069657376,
            1.3684313652411615
          ],
          [
            20.455948769807886,
            1.368431369035552
          ],
          [
            20.430974469958393,
            1.368431372829943
          ],
          [
            20.4060001701089,
            1.3684313766243341
          ],
          [
            20.38102587025941,
            1.368431380418725
          ],
          [
            20.35605157040992,
            1.3684313842131157
          ],
          [
            20.331077270560428,
            1.3684313880075067
          ],
          [
            20.306102970710935,
            1.3684313918018975
          ],
          [
            20.281128670861445,
            1.3684313955962883
          ],
          [
            20.256154371011952,
            1.3684313993906794
          ],
          [
            20.23118007116246,
            1.3684314031850702
          ],
          [
            20.20620577131297,
            1.368431406979461
          ],
          [
            20.181231471463477,
            1.368431410773852
          ],
          [
            20.156257171613984,
            1.3684314145682428
          ],
          [
            20.131282871764494,
            1.3684314183626336
          ],
          [
            20.106308571915005,
            1.3684314221570246
          ],
          [
            20.08133427206551,
            1.3684314259514154
          ],
          [
            20.05635997221602,
            1.3684314297458062
          ],
          [
            20.03138567236653,
            1.3684314335401973
          ],
          [
            20.006411372517036,
            1.3684314373345883
          ],
          [
            19.981437072667546,
            1.3684314411289789
          ],
          [
            19.956462772818053,
            1.3684314449233699
          ],
          [
            19.931488472968564,
            1.368431448717761
          ],
          [
            19.90651417311907,
            1.3684314525121517
          ],
          [
            19.88153987326958,
            1.3684314563065425
          ],
          [
            19.856565573420088,
            1.3684314601009335
          ],
          [
            19.8315912735706,
            1.3684314638953243
          ],
          [
            19.806616973721106,
            1.3684314676897151
          ],
          [
            19.781642673871612,
            1.3684314714841062
          ],
          [
            19.756668374022123,
            1.368431475278497
          ],
          [
            19.73169407417263,
            1.3684314790728878
          ],
          [
            19.706719774323137,
            1.3684314828672788
          ],
          [
            19.681745474473647,
            1.3684314866616696
          ],
          [
            19.656771174624158,
            1.3684314904560604
          ],
          [
            19.631796874774665,
            1.3684314942504514
          ],
          [
            19.60682257492517,
            1.3684314980448422
          ],
          [
            19.581848275075682,
            1.368431501839233
          ],
          [
            19.55687397522619,
            1.368431505633624
          ],
          [
            19.531899675376696,
            1.368431509428015
          ],
          [
            19.506925375527207,
            1.3684315132224056
          ],
          [
            19.481951075677717,
            1.3684315170167967
          ],
          [
            19.456976775828224,
            1.3684315208111877
          ],
          [
            19.43200247597873,
            1.3684315246055785
          ],
          [
            19.40702817612924,
            1.3684315283999693
          ],
          [
            19.38205387627975,
            1.3684315321943603
          ],
          [
            19.35707957643026,
            1.3684315359887511
          ],
          [
            19.332105276580766,
            1.368431539783142
          ],
          [
            19.307130976731276,
            1.368431543577533
          ],
          [
            19.282156676881783,
            1.3684315473719237
          ],
          [
            19.25718237703229,
            1.3684315511663145
          ],
          [
            19.2322080771828,
            1.3684315549607056
          ],
          [
            19.20723377733331,
            1.3684315587550964
          ],
          [
            19.182259477483818,
            1.3684315625494872
          ],
          [
            19.157285177634325,
            1.3684315663438782
          ],
          [
            19.132310877784835,
            1.3684315701382692
          ],
          [
            19.107336577935346,
            1.3684315739326598
          ],
          [
            19.08236227808585,
            1.3684315777270508
          ],
          [
            19.05738797823636,
            1.3684315815214418
          ],
          [
            19.03241367838687,
            1.3684315853158326
          ],
          [
            19.007439378537377,
            1.3684315891102234
          ],
          [
            18.982465078687884,
            1.3684315929046145
          ],
          [
            18.957490778838395,
            1.3684315966990053
          ],
          [
            18.9325164789889,
            1.368431600493396
          ],
          [
            18.907542179139412,
            1.368431604287787
          ],
          [
            18.88256787928992,
            1.368431608082178
          ],
          [
            18.85759357944043,
            1.3684316118765687
          ],
          [
            18.832619279590936,
            1.3684316156709597
          ],
          [
            18.807644979741443,
            1.3684316194653505
          ],
          [
            18.782670679891954,
            1.3684316232597413
          ],
          [
            18.75769638004246,
            1.3684316270541323
          ],
          [
            18.73272208019297,
            1.3684316308485232
          ],
          [
            18.707747780343478,
            1.368431634642914
          ],
          [
            18.68277348049399,
            1.368431638437305
          ],
          [
            18.657799180644496,
            1.368431642231696
          ],
          [
            18.632824880795003,
            1.3684316460260866
          ],
          [
            18.607850580945513,
            1.3684316498204776
          ],
          [
            18.582876281096024,
            1.3684316536148686
          ],
          [
            18.557901981246527,
            1.3684316574092594
          ],
          [
            18.532927681397037,
            1.3684316612036502
          ],
          [
            18.507953381547548,
            1.3684316649980413
          ],
          [
            18.482979081698055,
            1.368431668792432
          ],
          [
            18.45800478184856,
            1.3684316725868229
          ],
          [
            18.433030481999072,
            1.3684316763812139
          ],
          [
            18.408056182149583,
            1.3684316801756047
          ],
          [
            18.38308188230009,
            1.3684316839699955
          ],
          [
            18.358107582450597,
            1.3684316877643865
          ],
          [
            18.333133282601107,
            1.3684316915587773
          ],
          [
            18.308158982751614,
            1.368431695353168
          ],
          [
            18.283184682902125,
            1.3684316991475591
          ],
          [
            18.25821038305263,
            1.3684317029419502
          ],
          [
            18.233236083203142,
            1.3684317067363407
          ],
          [
            18.20826178335365,
            1.3684317105307318
          ],
          [
            18.183287483504156,
            1.3684317143251228
          ],
          [
            18.158313183654666,
            1.3684317181195134
          ],
          [
            18.133338883805173,
            1.3684317219139044
          ],
          [
            18.10836458395568,
            1.3684317257082954
          ],
          [
            18.08339028410619,
            1.3684317295026862
          ],
          [
            18.0584159842567,
            1.368431733297077
          ],
          [
            18.033441684407208,
            1.368431737091468
          ],
          [
            18.008467384557715,
            1.3684317408858588
          ],
          [
            17.983493084708225,
            1.3684317446802496
          ],
          [
            17.958518784858736,
            1.3684317484746407
          ],
          [
            17.93354448500924,
            1.3684317522690315
          ],
          [
            17.90857018515975,
            1.3684317560634223
          ],
          [
            17.88359588531026,
            1.3684317598578133
          ],
          [
            17.858621585460767,
            1.368431763652204
          ],
          [
            17.833647285611274,
            1.368431767446595
          ],
          [
            17.808672985761785,
            1.368431771240986
          ],
          [
            17.783698685912295,
            1.368431775035377
          ],
          [
            17.758724386062802,
            1.3684317788297675
          ],
          [
            17.73375008621331,
            1.3684317826241585
          ],
          [
            17.70877578636382,
            1.3684317864185496
          ],
          [
            17.683801486514326,
            1.3684317902129404
          ],
          [
            17.658827186664837,
            1.3684317940073312
          ],
          [
            17.633852886815344,
            1.3684317978017222
          ],
          [
            17.608878586965854,
            1.368431801596113
          ],
          [
            17.58390428711636,
            1.3684318053905038
          ],
          [
            17.55892998726687,
            1.3684318091848948
          ],
          [
            17.53395568741738,
            1.3684318129792856
          ],
          [
            17.50898138756789,
            1.3684318167736764
          ],
          [
            17.484007087718393,
            1.3684318205680674
          ],
          [
            17.459032787868903,
            1.3684318243624582
          ],
          [
            17.434058488019414,
            1.368431828156849
          ],
          [
            17.40908418816992,
            1.36843183195124
          ],
          [
            17.384109888320427,
            1.3684318357456309
          ],
          [
            17.359135588470938,
            1.3684318395400217
          ],
          [
            17.33416128862145,
            1.3684318433344127
          ],
          [
            17.309186988771952,
            1.3684318471288037
          ],
          [
            17.284212688922462,
            1.3684318509231943
          ],
          [
            17.259238389072973,
            1.3684318547175853
          ],
          [
            17.23426408922348,
            1.3684318585119764
          ],
          [
            17.209289789373987,
            1.3684318623063672
          ],
          [
            17.184315489524497,
            1.368431866100758
          ],
          [
            17.159341189675008,
            1.368431869895149
          ],
          [
            17.134366889825515,
            1.3684318736895398
          ],
          [
            17.10939258997602,
            1.3684318774839306
          ],
          [
            17.084418290126532,
            1.3684318812783216
          ],
          [
            17.05944399027704,
            1.3684318850727124
          ],
          [
            17.034469690427546,
            1.3684318888671032
          ],
          [
            17.009495390578056,
            1.3684318926614942
          ],
          [
            16.984521090728567,
            1.368431896455885
          ],
          [
            16.959546790879074,
            1.3684319002502758
          ],
          [
            16.93457249102958,
            1.3684319040446669
          ],
          [
            16.90959819118009,
            1.3684319078390579
          ],
          [
            16.8846238913306,
            1.3684319116334485
          ],
          [
            16.859649591481105,
            1.3684319154278395
          ],
          [
            16.834675291631616,
            1.3684319192222305
          ],
          [
            16.809700991782126,
            1.3684319230166213
          ],
          [
            16.784726691932633,
            1.3684319268110121
          ],
          [
            16.75975239208314,
            1.3684319306054031
          ],
          [
            16.73477809223365,
            1.368431934399794
          ],
          [
            16.70980379238416,
            1.3684319381941847
          ],
          [
            16.684829492534664,
            1.3684319419885758
          ],
          [
            16.659855192685175,
            1.3684319457829666
          ],
          [
            16.634880892835685,
            1.3684319495773574
          ],
          [
            16.609906592986192,
            1.3684319533717484
          ],
          [
            16.5849322931367,
            1.3684319571661392
          ],
          [
            16.55995799328721,
            1.36843196096053
          ],
          [
            16.534983693437717,
            1.368431964754921
          ],
          [
            16.510009393588227,
            1.3684319685493118
          ],
          [
            16.485035093738734,
            1.3684319723437026
          ],
          [
            16.460060793889244,
            1.3684319761380936
          ],
          [
            16.43508649403975,
            1.3684319799324847
          ],
          [
            16.41011219419026,
            1.3684319837268752
          ],
          [
            16.38513789434077,
            1.3684319875212663
          ],
          [
            16.36016359449128,
            1.3684319913156573
          ],
          [
            16.335189294641786,
            1.368431995110048
          ],
          [
            16.310214994792293,
            1.368431998904439
          ],
          [
            16.285240694942804,
            1.36843200269883
          ],
          [
            16.260266395093314,
            1.3684320064932207
          ],
          [
            16.235292095243818,
            1.3684320102876115
          ],
          [
            16.210317795394328,
            1.3684320140820025
          ],
          [
            16.18534349554484,
            1.3684320178763933
          ],
          [
            16.160369195695345,
            1.3684320216707841
          ],
          [
            16.135394895845852,
            1.3684320254651752
          ],
          [
            16.110420595996363,
            1.368432029259566
          ],
          [
            16.08544629614687,
            1.3684320330539568
          ],
          [
            16.06047199629738,
            1.3684320368483478
          ],
          [
            16.035497696447887,
            1.3684320406427386
          ],
          [
            16.010523396598398,
            1.3684320444371294
          ],
          [
            15.985549096748905,
            1.3684320482315204
          ],
          [
            15.960574796899412,
            1.3684320520259114
          ],
          [
            15.935600497049922,
            1.368432055820302
          ],
          [
            15.910626197200429,
            1.368432059614693
          ],
          [
            15.88565189735094,
            1.368432063409084
          ],
          [
            15.860677597501446,
            1.3684320672034749
          ],
          [
            15.835703297651955,
            1.3684320709978657
          ],
          [
            15.810728997802464,
            1.3684320747922567
          ],
          [
            15.785754697952973,
            1.3684320785866475
          ],
          [
            15.760780398103481,
            1.3684320823810383
          ],
          [
            15.73580609825399,
            1.3684320861754293
          ],
          [
            15.710831798404497,
            1.3684320899698201
          ],
          [
            15.685857498555007,
            1.368432093764211
          ],
          [
            15.660883198705514,
            1.368432097558602
          ],
          [
            15.635908898856023,
            1.3684321013529928
          ],
          [
            15.610934599006532,
            1.3684321051473836
          ],
          [
            15.58596029915704,
            1.3684321089417746
          ],
          [
            15.56098599930755,
            1.3684321127361656
          ],
          [
            15.536011699458058,
            1.3684321165305562
          ],
          [
            15.511037399608567,
            1.3684321203249472
          ],
          [
            15.486063099759075,
            1.3684321241193382
          ],
          [
            15.461088799909582,
            1.368432127913729
          ],
          [
            15.436114500060093,
            1.3684321317081198
          ],
          [
            15.4111402002106,
            1.3684321355025109
          ],
          [
            15.386165900361108,
            1.3684321392969017
          ],
          [
            15.361191600511617,
            1.3684321430912925
          ],
          [
            15.336217300662126,
            1.3684321468856835
          ],
          [
            15.311243000812635,
            1.3684321506800743
          ],
          [
            15.286268700963141,
            1.368432154474465
          ],
          [
            15.26129440111365,
            1.3684321582688561
          ],
          [
            15.236320101264159,
            1.368432162063247
          ],
          [
            15.211345801414668,
            1.3684321658576377
          ],
          [
            15.186371501565176,
            1.3684321696520287
          ],
          [
            15.161397201715685,
            1.3684321734464195
          ],
          [
            15.136422901866192,
            1.3684321772408103
          ],
          [
            15.111448602016702,
            1.3684321810352014
          ],
          [
            15.08647430216721,
            1.3684321848295924
          ],
          [
            15.06150000231772,
            1.368432188623983
          ],
          [
            15.036525702468227,
            1.368432192418374
          ],
          [
            15.011551402618736,
            1.368432196212765
          ],
          [
            14.986577102769244,
            1.3684322000071558
          ],
          [
            14.961602802919753,
            1.3684322038015466
          ],
          [
            14.936628503070262,
            1.3684322075959376
          ],
          [
            14.91165420322077,
            1.3684322113903284
          ],
          [
            14.886679903371277,
            1.3684322151847192
          ],
          [
            14.861705603521788,
            1.3684322189791103
          ],
          [
            14.836731303672295,
            1.368432222773501
          ],
          [
            14.811757003822805,
            1.3684322265678919
          ],
          [
            14.786782703973312,
            1.368432230362283
          ],
          [
            14.761808404123821,
            1.3684322341566737
          ],
          [
            14.73683410427433,
            1.3684322379510645
          ],
          [
            14.711859804424838,
            1.3684322417454555
          ],
          [
            14.686885504575347,
            1.3684322455398465
          ],
          [
            14.661911204725856,
            1.3684322493342371
          ],
          [
            14.636936904876363,
            1.3684322531286282
          ],
          [
            14.611962605026873,
            1.3684322569230192
          ],
          [
            14.58698830517738,
            1.3684322607174098
          ],
          [
            14.562014005327889,
            1.3684322645118008
          ],
          [
            14.537039705478398,
            1.3684322683061918
          ],
          [
            14.512065405628904,
            1.3684322721005826
          ],
          [
            14.487091105779415,
            1.3684322758949734
          ],
          [
            14.462116805929922,
            1.3684322796893644
          ],
          [
            14.43714250608043,
            1.3684322834837552
          ],
          [
            14.41216820623094,
            1.368432287278146
          ],
          [
            14.387193906381448,
            1.368432291072537
          ],
          [
            14.362219606531957,
            1.3684322948669279
          ],
          [
            14.337245306682465,
            1.3684322986613187
          ],
          [
            14.312271006832974,
            1.3684323024557097
          ],
          [
            14.287296706983483,
            1.3684323062501005
          ],
          [
            14.26232240713399,
            1.3684323100444913
          ],
          [
            14.2373481072845,
            1.3684323138388823
          ],
          [
            14.212373807435007,
            1.3684323176332733
          ],
          [
            14.187399507585516,
            1.368432321427664
          ],
          [
            14.162425207736025,
            1.368432325222055
          ],
          [
            14.137450907886533,
            1.368432329016446
          ],
          [
            14.112476608037042,
            1.3684323328108368
          ],
          [
            14.08750230818755,
            1.3684323366052276
          ],
          [
            14.062528008338058,
            1.3684323403996186
          ],
          [
            14.037553708488568,
            1.3684323441940094
          ],
          [
            14.012579408639075,
            1.3684323479884002
          ],
          [
            13.987605108789586,
            1.3684323517827912
          ],
          [
            13.962636436888316,
            1.368432355541688
          ],
          [
            13.93835678895818,
            1.3684491885333703
          ],
          [
            13.914077186457996,
            1.3684990823540955
          ],
          [
            13.889797674405603,
            1.3685820369113435
          ],
          [
            13.865518297818724,
            1.3686980520513101
          ],
          [
            13.841239101714773,
            1.3688471275588838
          ],
          [
            13.8169601311109,
            1.3690292631576635
          ],
          [
            13.792681431023759,
            1.369244458509936
          ],
          [
            13.768403046469576,
            1.3694927132167027
          ],
          [
            13.744125022463928,
            1.3697740268176635
          ],
          [
            13.719847404021781,
            1.370088398791218
          ],
          [
            13.695570236157293,
            1.3704358285544829
          ],
          [
            13.671293563883845,
            1.3708163154632667
          ],
          [
            13.647017432213834,
            1.3712298588120986
          ],
          [
            13.62274188615873,
            1.3716764578342038
          ],
          [
            13.598466970728834,
            1.3721561117015275
          ],
          [
            13.574192730933358,
            1.3726688195247216
          ],
          [
            13.549919211780194,
            1.3732145803531475
          ],
          [
            13.525646458275954,
            1.3737933931748971
          ],
          [
            13.501374515425775,
            1.3744052569167589
          ],
          [
            13.47710342823335,
            1.3750501704442546
          ],
          [
            13.452833241700727,
            1.3757281325616233
          ],
          [
            13.42856400082834,
            1.3764391420118207
          ],
          [
            13.404295750614812,
            1.3771831974765365
          ],
          [
            13.380028536056992,
            1.3779602975761842
          ],
          [
            13.355762402149741,
            1.3787704408699113
          ],
          [
            13.331497393885988,
            1.3796136258555922
          ],
          [
            13.307233556256499,
            1.380489850969843
          ],
          [
            13.282970934249946,
            1.3813991145880127
          ],
          [
            13.258709572852677,
            1.382341415024203
          ],
          [
            13.234449517048768,
            1.3833167505312525
          ],
          [
            13.210190811819805,
            1.3843251193007442
          ],
          [
            13.185933502144943,
            1.3853665194630265
          ],
          [
            13.161677633000677,
            1.3864409490871852
          ],
          [
            13.137423249360904,
            1.3875484061810752
          ],
          [
            13.113170396196692,
            1.388688888691316
          ],
          [
            13.088919118476344,
            1.389862394503286
          ],
          [
            13.064669461165172,
            1.3910689214411425
          ],
          [
            13.040421469225555,
            1.3923084672678043
          ],
          [
            13.016175187616712,
            1.393581029684984
          ],
          [
            12.991930661294756,
            1.3948866063331584
          ],
          [
            12.96768793521249,
            1.3962251947916084
          ],
          [
            12.94344705431943,
            1.397596792578397
          ],
          [
            12.91920806356162,
            1.3990013971503874
          ],
          [
            12.894971007881649,
            1.400439005903236
          ],
          [
            12.870735932218468,
            1.4019096161714153
          ],
          [
            12.846502881507414,
            1.4034132252281957
          ],
          [
            12.822271900680004,
            1.404949830285681
          ],
          [
            12.798043034663985,
            1.406519428494779
          ],
          [
            12.773816328383118,
            1.4081220169452284
          ],
          [
            12.749591826757221,
            1.4097575926656054
          ],
          [
            12.725369574701961,
            1.4114261526233114
          ],
          [
            12.701149617128902,
            1.4131276937245985
          ],
          [
            12.676931998945284,
            1.4148622128145711
          ],
          [
            12.652716765054079,
            1.4166297066771756
          ],
          [
            12.628503960353767,
            1.41843017203523
          ],
          [
            12.604293629738397,
            1.4202636055504088
          ],
          [
            12.580085818097356,
            1.422130003823268
          ],
          [
            12.555880570315436,
            1.4240293633932346
          ],
          [
            12.531677931272602,
            1.4259616807386204
          ],
          [
            12.507477945844053,
            1.4279269522766385
          ],
          [
            12.483280658899996,
            1.4299251743633883
          ],
          [
            12.459086115305707,
            1.4319563432938833
          ],
          [
            12.434894359921305,
            1.4340204553020444
          ],
          [
            12.410705437601807,
            1.4361175065607101
          ],
          [
            12.386519393196911,
            1.4382474931816502
          ],
          [
            12.362336271551046,
            1.4404104112155593
          ],
          [
            12.338156117503152,
            1.4426062566520776
          ],
          [
            12.313978975886736,
            1.4448350254197937
          ],
          [
            12.289804891529652,
            1.4470967133862556
          ],
          [
            12.265633909254156,
            1.4493913163579637
          ],
          [
            12.241466073876678,
            1.4517188300803985
          ],
          [
            12.217301430207884,
            1.4540792502380095
          ],
          [
            12.19314002305246,
            1.4564725724542478
          ],
          [
            12.168981897209148,
            1.4588987922915442
          ],
          [
            12.144827097470547,
            1.4613579052513437
          ],
          [
            12.120675668623152,
            1.4638499067740929
          ],
          [
            12.096527655447144,
            1.4663747922392698
          ],
          [
            12.072383102716433,
            1.4689325569653673
          ],
          [
            12.04824205519845,
            1.4715231962099344
          ],
          [
            12.024104557654194,
            1.4741467051695416
          ],
          [
            11.99997065483801,
            1.4768030789798368
          ],
          [
            11.97584039149765,
            1.4794923127155166
          ],
          [
            11.951713812374052,
            1.4822144013903549
          ],
          [
            11.927590962201384,
            1.4849693399572133
          ],
          [
            11.903471885706836,
            1.48775712330804
          ],
          [
            11.87935662761067,
            1.490577746273882
          ],
          [
            11.855245232625997,
            1.4934312036249007
          ],
          [
            11.831137745458836,
            1.4963174900703793
          ],
          [
            11.807034210807892,
            1.4992366002587274
          ],
          [
            11.78293467336461,
            1.5021885287774934
          ],
          [
            11.75883917781295,
            1.5051732701533855
          ],
          [
            11.734747768829452,
            1.5081908188522557
          ],
          [
            11.710660491083011,
            1.5112411692791425
          ],
          [
            11.686577389234929,
            1.5143243157782562
          ],
          [
            11.662498507938693,
            1.5174402526330082
          ],
          [
            11.638423891840038,
            1.5205889740659908
          ],
          [
            11.61435358557672,
            1.523770474239036
          ],
          [
            11.590287633778575,
            1.5269847472531781
          ],
          [
            11.56622608106729,
            1.5302317871486972
          ],
          [
            11.542168972056471,
            1.5335115879051142
          ],
          [
            11.518116351351418,
            1.5368241434412133
          ],
          [
            11.494068263549165,
            1.5401694476150327
          ],
          [
            11.470024753238288,
            1.5435474942239058
          ],
          [
            11.445985864998935,
            1.5469582770044472
          ],
          [
            11.421951643402618,
            1.5504017896325772
          ],
          [
            11.397922133012262,
            1.553878025723529
          ],
          [
            11.373897378381997,
            1.5573869788318615
          ],
          [
            11.349877424057192,
            1.5609286424514746
          ],
          [
            11.325862314574257,
            1.5645030100156148
          ],
          [
            11.30185209446068,
            1.56811007489689
          ],
          [
            11.27784680823482,
            1.5717498304072894
          ],
          [
            11.25384650040595,
            1.575422269798178
          ],
          [
            11.229851215474056,
            1.5791273862603328
          ],
          [
            11.205860997929866,
            1.5828651729239345
          ],
          [
            11.181875892254652,
            1.5866356228585896
          ],
          [
            11.15789594292027,
            1.5904387290733424
          ],
          [
            11.133921194388954,
            1.5942744845166914
          ],
          [
            11.10995169111336,
            1.5981428820765937
          ],
          [
            11.085987477536351,
            1.6020439145804848
          ],
          [
            11.062028598091047,
            1.6059775747952931
          ],
          [
            11.038075097200615,
            1.6099438554274497
          ],
          [
            11.01412701927831,
            1.613942749122896
          ],
          [
            10.990184408727277,
            1.6179742484671178
          ],
          [
            10.966247309940577,
            1.6220383459851286
          ],
          [
            10.942315767300991,
            1.6261350341415137
          ],
          [
            10.918389825181064,
            1.6302643053404242
          ],
          [
            10.894469527942894,
            1.634426151925601
          ],
          [
            10.870554919938172,
            1.6386205661803772
          ],
          [
            10.846646045507981,
            1.6428475403277218
          ],
          [
            10.822742948982834,
            1.6471070665301997
          ],
          [
            10.798845674682465,
            1.6513991368900558
          ],
          [
            10.774954266915882,
            1.6557237434491656
          ],
          [
            10.751068769981151,
            1.6600808781890888
          ],
          [
            10.727189228165438,
            1.6644705330310743
          ],
          [
            10.703315685744805,
            1.668892699836079
          ],
          [
            10.67944818698426,
            1.67334737040476
          ],
          [
            10.65558677613753,
            1.677834536477527
          ],
          [
            10.63173149744713,
            1.6823541897345282
          ],
          [
            10.607882395144134,
            1.6869063217956817
          ],
          [
            10.584039513448229,
            1.691490924220675
          ],
          [
            10.560202896567507,
            1.6961079885090045
          ],
          [
            10.536372588698502,
            1.7007575060999627
          ],
          [
            10.512548634025991,
            1.7054394683726892
          ],
          [
            10.48873107672304,
            1.7101538666461449
          ],
          [
            10.464919960950777,
            1.7149006921791603
          ],
          [
            10.44111533085846,
            1.7196799361704447
          ],
          [
            10.41731723058326,
            1.72449158975859
          ],
          [
            10.39352570425029,
            1.7293356440221035
          ],
          [
            10.369740795972428,
            1.7342120899794122
          ],
          [
            10.345962549850329,
            1.7391209185888852
          ],
          [
            10.322191009972247,
            1.744062120748852
          ],
          [
            10.298426220414052,
            1.749035687297615
          ],
          [
            10.27476034908984,
            1.754025589728689
          ],
          [
            10.25110267343991,
            1.7590542053084643
          ],
          [
            10.227453256792057,
            1.764121520576146
          ],
          [
            10.20381216245193,
            1.7692275219673572
          ],
          [
            10.180179453702912,
            1.7743721958141547
          ],
          [
            10.156555193805929,
            1.779555528345081
          ],
          [
            10.132939445999323,
            1.7847775056851942
          ],
          [
            10.10933227349862,
            1.790038113856103
          ],
          [
            10.085733739496398,
            1.7953373387760134
          ],
          [
            10.062143907162099,
            1.8006751662597607
          ],
          [
            10.03856283964192,
            1.8060515820188363
          ],
          [
            10.01499060005854,
            1.811466571661453
          ],
          [
            9.991427251511038,
            1.8169201206925545
          ],
          [
            9.967872857074664,
            1.82241221451388
          ],
          [
            9.94432747980075,
            1.827942838423974
          ],
          [
            9.920791182716448,
            1.8335119776182558
          ],
          [
            9.897264028824617,
            1.8391196171890418
          ],
          [
            9.873746081103622,
            1.8447657421255896
          ],
          [
            9.850237402507235,
            1.8504503373141317
          ],
          [
            9.82673805596437,
            1.8561733875379276
          ],
          [
            9.803248104378973,
            1.8619348774773017
          ],
          [
            9.779767610629829,
            1.8677347917096805
          ],
          [
            9.756296637570449,
            1.8735731147096222
          ],
          [
            9.732835248028815,
            1.8794498308488863
          ],
          [
            9.709383504807269,
            1.8853649243964548
          ],
          [
            9.68594147068232,
            1.891318379518585
          ],
          [
            9.662509208404527,
            1.8973101802788312
          ],
          [
            9.639086780698246,
            1.903340310638117
          ],
          [
            9.615674250261533,
            1.9094087544547584
          ],
          [
            9.592271679765926,
            1.915515495484519
          ],
          [
            9.568879131856344,
            1.9216605173806318
          ],
          [
            9.545496669150838,
            1.9278438036938743
          ],
          [
            9.522124354240479,
            1.9340653378725845
          ],
          [
            9.498762249689161,
            1.9403251032627324
          ],
          [
            9.475410418033478,
            1.946623083107927
          ],
          [
            9.452068921782494,
            1.9529592605495016
          ],
          [
            9.428737823417615,
            1.959333618626534
          ],
          [
            9.405417185392407,
            1.9657461402759016
          ],
          [
            9.382107070132466,
            1.972196808332316
          ],
          [
            9.358807540035185,
            1.9786856055283857
          ],
          [
            9.335518657469635,
            1.9852125144946509
          ],
          [
            9.312240484776376,
            1.9917775177596364
          ],
          [
            9.288973084267335,
            1.9983805977498836
          ],
          [
            9.26571651822556,
            2.00502173679002
          ],
          [
            9.24247084890512,
            2.0117009171027895
          ],
          [
            9.21923613853089,
            2.018418120809112
          ],
          [
            9.196012449298463,
            2.025173329928114
          ],
          [
            9.17279984337388,
            2.0319665263771953
          ],
          [
            9.149598382893531,
            2.0387976919720683
          ],
          [
            9.126408129963957,
            2.045666808426816
          ],
          [
            9.103229146661741,
            2.052573857353917
          ],
          [
            9.08006149503325,
            2.0595188202643184
          ],
          [
            9.056905237094549,
            2.066501678567479
          ],
          [
            9.033760434831171,
            2.0735224135714256
          ],
          [
            9.010627150198037,
            2.0805810064827766
          ],
          [
            8.98750544511919,
            2.087677438406824
          ],
          [
            8.964395381487693,
            2.0948116903475698
          ],
          [
            8.941297021165436,
            2.1019837432077804
          ],
          [
            8.918210425983014,
            2.1091935777890187
          ],
          [
            8.895135657739498,
            2.116441174791734
          ],
          [
            8.872072778202302,
            2.1237265148152775
          ],
          [
            8.849021849107015,
            2.1310495783579806
          ],
          [
            8.825982932157265,
            2.1384103458171757
          ],
          [
            8.802956089024494,
            2.1458087974892885
          ],
          [
            8.779941381347832,
            2.153244913569857
          ],
          [
            8.756938870733919,
            2.160718674153605
          ],
          [
            8.733948618756775,
            2.1682300592344816
          ],
          [
            8.710970686957571,
            2.175779048705726
          ],
          [
            8.688005136844513,
            2.183365622359914
          ],
          [
            8.665052029892648,
            2.190989759889022
          ],
          [
            8.642111427543753,
            2.198651440884456
          ],
          [
            8.619183391206102,
            2.206350644837144
          ],
          [
            8.59626798225433,
            2.21408735113756
          ],
          [
            8.573365262029272,
            2.221861539075801
          ],
          [
            8.550475291837822,
            2.229673187841611
          ],
          [
            8.527598132952717,
            2.237522276524479
          ],
          [
            8.50473384661241,
            2.2454087841136636
          ],
          [
            8.481882494020882,
            2.253332689498262
          ],
          [
            8.45904413634753,
            2.2612939714672557
          ],
          [
            8.436218834726928,
            2.2692926087095855
          ],
          [
            8.413406650258716,
            2.277328579814194
          ],
          [
            8.390607644007407,
            2.28540186327009
          ],
          [
            8.367821877002276,
            2.293512437466393
          ],
          [
            8.345049410237124,
            2.3016602806924125
          ],
          [
            8.322290304670153,
            2.3098453711376914
          ],
          [
            8.299544621223797,
            2.3180676868920687
          ],
          [
            8.276812420784598,
            2.3263272059457294
          ],
          [
            8.25409376420296,
            2.3346239061892833
          ],
          [
            8.231388712293048,
            2.3429577654138023
          ],
          [
            8.208697325832606,
            2.351328761310904
          ],
          [
            8.186019665562823,
            2.3597368714727733
          ],
          [
            8.163355792188115,
            2.368182073392267
          ],
          [
            8.140705766376003,
            2.3766643444629456
          ],
          [
            8.118069648756927,
            2.3851836619791476
          ],
          [
            8.095447499924138,
            2.393740003136028
          ],
          [
            8.072839380433452,
            2.402333345029652
          ],
          [
            8.050245350803149,
            2.4109636646570336
          ],
          [
            8.027665471513775,
            2.4196309389162085
          ],
          [
            8.005099803008038,
            2.4283351446062773
          ],
          [
            7.98254840569057,
            2.4370762584274948
          ],
          [
            7.960011339927809,
            2.4458542569813124
          ],
          [
            7.937488666047823,
            2.4546691167704546
          ],
          [
            7.9149804443401885,
            2.4635208141989615
          ],
          [
            7.89248673505576,
            2.4724093255722686
          ],
          [
            7.870007598406558,
            2.4813346270972776
          ],
          [
            7.847543094565579,
            2.4902966948824017
          ],
          [
            7.825093283666692,
            2.4992955049376246
          ],
          [
            7.802658225804393,
            2.5083310331745974
          ],
          [
            7.780237981033702,
            2.5174032554066677
          ],
          [
            7.757832609369974,
            2.526512147348976
          ],
          [
            7.735442170788785,
            2.5356576846184793
          ],
          [
            7.713066725225705,
            2.5448398427340586
          ],
          [
            7.690706332576183,
            2.554058597116565
          ],
          [
            7.668361052695355,
            2.563313923088888
          ],
          [
            7.646030945397946,
            2.5726057958760076
          ],
          [
            7.623716070458028,
            2.58193419060509
          ],
          [
            7.6014164876089065,
            2.5912990823055346
          ],
          [
            7.579132256542947,
            2.6007004459090424
          ],
          [
            7.556863436911452,
            2.6101382562496767
          ],
          [
            7.534610088324438,
            2.619612488063951
          ],
          [
            7.5123722703505145,
            2.6291231159908817
          ],
          [
            7.490150042516713,
            2.63867011457206
          ],
          [
            7.4679434643083615,
            2.648253458251708
          ],
          [
            7.445752595168867,
            2.6578731213767655
          ],
          [
            7.423577494499592,
            2.667529078196957
          ],
          [
            7.401418221659684,
            2.677221302864853
          ],
          [
            7.379274835965952,
            2.6869497694359215
          ],
          [
            7.3571473966926435,
            2.6967144518686434
          ],
          [
            7.335035963071333,
            2.7065153240245383
          ],
          [
            7.312940594290739,
            2.716352359668268
          ],
          [
            7.290861349496611,
            2.7262255324676663
          ],
          [
            7.268798287791501,
            2.7361348159938523
          ],
          [
            7.246751468234658,
            2.7460801837212787
          ],
          [
            7.224720949841833,
            2.7560616090278134
          ],
          [
            7.202706791585187,
            2.766079065194783
          ],
          [
            7.180709052393045,
            2.7761325254070823
          ],
          [
            7.1587277911497935,
            2.7862219627532276
          ],
          [
            7.136763066695703,
            2.796347350225434
          ],
          [
            7.114814937826807,
            2.806508660719666
          ],
          [
            7.092883463294685,
            2.8167058670357443
          ],
          [
            7.0709687018063425,
            2.8269389418773985
          ],
          [
            7.04907071202404,
            2.83720785785235
          ],
          [
            7.027189552565174,
            2.847512587472359
          ],
          [
            7.005325282002056,
            2.8578531031533405
          ],
          [
            6.983477958861801,
            2.868229377215406
          ],
          [
            6.961647641626144,
            2.8786413818829546
          ],
          [
            6.939834388731337,
            2.889089089284723
          ],
          [
            6.918038258567915,
            2.899572471453899
          ],
          [
            6.89625930948059,
            2.910091500328157
          ],
          [
            6.8744975997680715,
            2.920646147749772
          ],
          [
            6.852753187682962,
            2.931236385465648
          ],
          [
            6.83102613143152,
            2.9418621851274374
          ],
          [
            6.809316489173557,
            2.952523518291591
          ],
          [
            6.787624319022263,
            2.963220356419458
          ],
          [
            6.765949679044089,
            2.973952670877316
          ],
          [
            6.744292627258527,
            2.984720432936508
          ],
          [
            6.722766928067025,
            2.9954724189579376
          ],
          [
            6.701263320511807,
            3.0062685196984233
          ],
          [
            6.679781895001342,
            3.0171086897674924
          ],
          [
            6.658322741850871,
            3.02799288358937
          ],
          [
            6.636885951281961,
            3.0389210554032062
          ],
          [
            6.615471613422188,
            3.0498931592632488
          ],
          [
            6.594079818304726,
            3.0609091490390252
          ],
          [
            6.572710655867945,
            3.0719689784155806
          ],
          [
            6.551364215955087,
            3.083072600893617
          ],
          [
            6.530040588313862,
            3.094219969789727
          ],
          [
            6.508739862596041,
            3.1054110382365825
          ],
          [
            6.487462128357145,
            3.116645759183113
          ],
          [
            6.466207475055993,
            3.1279240853947385
          ],
          [
            6.444975992054391,
            3.1392459694535297
          ],
          [
            6.42376776861673,
            3.150611363758428
          ],
          [
            6.4025828939095835,
            3.1620202205254566
          ],
          [
            6.381421457001396,
            3.173472491787888
          ],
          [
            6.360283546862032,
            3.184968129396486
          ],
          [
            6.33916925236247,
            3.19650708501967
          ],
          [
            6.318078662274402,
            3.2080893101437393
          ],
          [
            6.2970118652698295,
            3.2197147560730843
          ],
          [
            6.275968949920746,
            3.2313833739303703
          ],
          [
            6.254950004698744,
            3.243095114656751
          ],
          [
            6.233955117974602,
            3.2548499290120896
          ],
          [
            6.21298437801799,
            3.266647767575137
          ],
          [
            6.1920378729970205,
            3.278488580743772
          ],
          [
            6.171115690977939,
            3.2903723187351814
          ],
          [
            6.150217919924731,
            3.302298931586082
          ],
          [
            6.129344647698721,
            3.314268369152939
          ],
          [
            6.108495962058258,
            3.326280581112159
          ],
          [
            6.0876719506583274,
            3.3383355169603126
          ],
          [
            6.06687270105014,
            3.35043312601435
          ],
          [
            6.046098300680841,
            3.3625733574117995
          ],
          [
            6.0253488368930626,
            3.3747561601110023
          ],
          [
            6.004624396924624,
            3.3869814828913047
          ],
          [
            5.983925067908133,
            3.3992492743532825
          ],
          [
            5.963250936870598,
            3.411559482918978
          ],
          [
            5.942602090733121,
            3.423912056832069
          ],
          [
            5.921978616310465,
            3.436306944158141
          ],
          [
            5.901380600310744,
            3.4487440927848643
          ],
          [
            5.880808129335035,
            3.4612234504222292
          ],
          [
            5.860261289876997,
            3.473744964602776
          ],
          [
            5.839740168322543,
            3.4863085826817897
          ],
          [
            5.819244850949461,
            3.4989142518375402
          ],
          [
            5.798775423927029,
            3.5115619190715126
          ],
          [
            5.7783319733157015,
            3.524251531208599
          ],
          [
            5.757914585066684,
            3.5369830348973617
          ],
          [
            5.737523345021639,
            3.5497563766102167
          ],
          [
            5.717158338912289,
            3.5625715026436855
          ],
          [
            5.696819652360034,
            3.5754283591186233
          ],
          [
            5.676507370875646,
            3.5883268919804276
          ],
          [
            5.656221579858878,
            3.6012670469992654
          ],
          [
            5.635962364598084,
            3.6142487697703327
          ],
          [
            5.615729810269921,
            3.627272005714039
          ],
          [
            5.595524001938914,
            3.6403367000762743
          ],
          [
            5.575345024557169,
            3.653442797928615
          ],
          [
            5.555192962963987,
            3.666590244168555
          ],
          [
            5.535067901885476,
            3.679778983519766
          ],
          [
            5.51496992593426,
            3.6930089605322904
          ],
          [
            5.494899119609056,
            3.706280119582809
          ],
          [
            5.474855567294374,
            3.719592404874847
          ],
          [
            5.454839353260139,
            3.7329457604390215
          ],
          [
            5.434850561661312,
            3.746340130133288
          ],
          [
            5.414889276537586,
            3.759775457643152
          ],
          [
            5.394955581813006,
            3.7732516864819208
          ],
          [
            5.3750495612955955,
            3.786768759990949
          ],
          [
            5.355171298677057,
            3.8003266213398454
          ],
          [
            5.3353208775323555,
            3.8139252135267614
          ],
          [
            5.315498381319429,
            3.827564479378576
          ],
          [
            5.295703893378805,
            3.8412443615511704
          ],
          [
            5.275937496933236,
            3.8549648025296746
          ],
          [
            5.256199275087393,
            3.8687257446286694
          ],
          [
            5.236489310827469,
            3.8825271299924835
          ],
          [
            5.216807687020868,
            3.8963689005953897
          ],
          [
            5.197154486415846,
            3.9102509982418656
          ],
          [
            5.177529791641131,
            3.92417336456686
          ],
          [
            5.157933685205629,
            3.9381359410359975
          ],
          [
            5.138366249498051,
            3.9521386689458473
          ],
          [
            5.11882756678654,
            3.9661814894241907
          ],
          [
            5.099317719218387,
            3.9802643434302123
          ],
          [
            5.079836788819614,
            3.994387171754817
          ],
          [
            5.060384857494695,
            4.008549915020819
          ],
          [
            5.040962007026177,
            4.022752513683215
          ],
          [
            5.021568319074321,
            4.036994908029464
          ],
          [
            5.002203875176807,
            4.051277038179676
          ],
          [
            4.982868756748335,
            4.065598844086926
          ],
          [
            4.96356304508033,
            4.079960265537462
          ],
          [
            4.944286821340587,
            4.094361242150972
          ],
          [
            4.925040166572893,
            4.1088017133808625
          ],
          [
            4.905823161696747,
            4.1232816185144685
          ],
          [
            4.886635887506986,
            4.137800896673332
          ],
          [
            4.867478424673428,
            4.152359486813483
          ],
          [
            4.848350853740582,
            4.166957327725634
          ],
          [
            4.829253255127254,
            4.181594358035509
          ],
          [
            4.8101857091262525,
            4.1962705162040415
          ],
          [
            4.791148295904046,
            4.210985740527661
          ],
          [
            4.7721410955003805,
            4.225739969138569
          ],
          [
            4.7531641878280055,
            4.240533140004959
          ],
          [
            4.73421765267231,
            4.255365190931298
          ],
          [
            4.7153015696909595,
            4.2702360595586075
          ],
          [
            4.696416018413623,
            4.285145683364681
          ],
          [
            4.677561078241571,
            4.300093999664397
          ],
          [
            4.658736828447399,
            4.3150809456099415
          ],
          [
            4.639943348174669,
            4.330106458191083
          ],
          [
            4.621180716437553,
            4.345170474235464
          ],
          [
            4.602449012120555,
            4.36027293040882
          ],
          [
            4.583748313978126,
            4.375413763215301
          ],
          [
            4.5650787006343725,
            4.390592908997681
          ],
          [
            4.546440250582712,
            4.40581030393766
          ],
          [
            4.5278330421855175,
            4.421065884056141
          ],
          [
            4.509257153673834,
            4.4363595852134665
          ],
          [
            4.490712663147031,
            4.451691343109704
          ],
          [
            4.472199648572442,
            4.467061093284936
          ],
          [
            4.453718187785096,
            4.482468771119488
          ],
          [
            4.435268358487334,
            4.497914311834253
          ],
          [
            4.416850238248524,
            4.513397650490912
          ],
          [
            4.398463904504722,
            4.5289187219922304
          ],
          [
            4.380109434558317,
            4.544477461082355
          ],
          [
            4.361786905577766,
            4.560073802347036
          ],
          [
            4.3434963945972,
            4.575707680213959
          ],
          [
            4.325237978516166,
            4.591379028952973
          ],
          [
            4.307011734099263,
            4.6070877826763885
          ],
          [
            4.288817737975816,
            4.622833875339269
          ],
          [
            4.270656066639585,
            4.638617240739667
          ],
          [
            4.252526796448421,
            4.654437812518953
          ],
          [
            4.234430003623937,
            4.670295524162054
          ],
          [
            4.216365764251223,
            4.686190308997748
          ],
          [
            4.1983341542784816,
            4.702122100198954
          ],
          [
            4.1803352495167445,
            4.718090830782995
          ],
          [
            4.162369125639528,
            4.734096433611897
          ],
          [
            4.1444358581825425,
            4.750138841392651
          ],
          [
            4.126535522543342,
            4.766217986677514
          ],
          [
            4.1086681939810346,
            4.78233380186429
          ],
          [
            4.090833947615944,
            4.798486219196606
          ],
          [
            4.073032858429324,
            4.814675170764197
          ],
          [
            4.055265001263006,
            4.8309005885032
          ],
          [
            4.037530450819113,
            4.847162404196437
          ],
          [
            4.019829281659733,
            4.863460549473699
          ],
          [
            4.0021615682066,
            4.879794955812039
          ],
          [
            3.984527384740803,
            4.896165554536045
          ],
          [
            3.966926805402452,
            4.9125722768181515
          ],
          [
            3.9493599041903655,
            4.929015053678915
          ],
          [
            3.931826754961789,
            4.9454938159873
          ],
          [
            3.914327431432042,
            4.96200849446098
          ],
          [
            3.896862007174241,
            4.978559019666627
          ],
          [
            3.8794305556189714,
            4.995145322020198
          ],
          [
            3.8620331500539877,
            5.011767331787237
          ],
          [
            3.8446698636239134,
            5.028424979083148
          ],
          [
            3.827340769329911,
            5.045118193873517
          ],
          [
            3.8100459400293905,
            5.061846905974384
          ],
          [
            3.7930290065800967,
            5.0783857591532
          ],
          [
            3.776057316148963,
            5.094971036130028
          ],
          [
            3.7591309953840306,
            5.111602613140364
          ],
          [
            3.7422501705947684,
            5.1282803660742085
          ],
          [
            3.725414967751144,
            5.14500417047698
          ],
          [
            3.7086255124826764,
            5.16177390155045
          ],
          [
            3.6918819300775114,
            5.1785894341536585
          ],
          [
            3.6751843454814663,
            5.195450642803873
          ],
          [
            3.6585328832971133,
            5.212357401677511
          ],
          [
            3.6419276677828476,
            5.229309584611071
          ],
          [
            3.625368822851951,
            5.246307065102094
          ],
          [
            3.60885647207168,
            5.26334971631009
          ],
          [
            3.592390738662328,
            5.280437411057495
          ],
          [
            3.5759717454963282,
            5.297570021830608
          ],
          [
            3.559599615097314,
            5.314747420780561
          ],
          [
            3.5432744696392153,
            5.3319694797242585
          ],
          [
            3.5269964309453483,
            5.3492360701453325
          ],
          [
            3.510765620487505,
            5.366547063195118
          ],
          [
            3.494582159385042,
            5.383902329693597
          ],
          [
            3.4784461684039787,
            5.401301740130371
          ],
          [
            3.4623577679561053,
            5.418745164665622
          ],
          [
            3.4463170780980703,
            5.436232473131092
          ],
          [
            3.4303242185304894,
            5.453763535031044
          ],
          [
            3.4143793085970637,
            5.471338219543236
          ],
          [
            3.398482467283668,
            5.488956395519904
          ],
          [
            3.38263381321748,
            5.50661793148874
          ],
          [
            3.366833464666085,
            5.524322695653867
          ],
          [
            3.3510815395366067,
            5.54207055589682
          ],
          [
            3.335378155374807,
            5.559861379777548
          ],
          [
            3.319723429364225,
            5.577695034535386
          ],
          [
            3.3041174783252965,
            5.5955713870900565
          ],
          [
            3.288560418714488,
            5.613490304042649
          ],
          [
            3.273052366623418,
            5.631451651676633
          ],
          [
            3.257593437777992,
            5.649455295958843
          ],
          [
            3.242183747537554,
            5.667501102540482
          ],
          [
            3.226823410894005,
            5.6855889367581245
          ],
          [
            3.211512542470955,
            5.703718663634727
          ],
          [
            3.196251256522867,
            5.721890147880629
          ],
          [
            3.181039666934211,
            5.740103253894552
          ],
          [
            3.1658778872185986,
            5.758357845764636
          ],
          [
            3.1507660305179446,
            5.776653787269441
          ],
          [
            3.1357042096016325,
            5.794990941878951
          ],
          [
            3.1206925368656533,
            5.813369172755616
          ],
          [
            3.1057311243317796,
            5.831788342755358
          ],
          [
            3.090820083646725,
            5.850248314428603
          ],
          [
            3.07595952608132,
            5.868748950021289
          ],
          [
            3.0611495625296676,
            5.887290111475925
          ],
          [
            3.046390303508319,
            5.905871660432594
          ],
          [
            3.0316818591554657,
            5.924493458229991
          ],
          [
            3.0170243392300913,
            5.9431553659064695
          ],
          [
            3.0024178531111714,
            5.961857244201067
          ],
          [
            2.987862509796849,
            5.980598953554552
          ],
          [
            2.9733584179036274,
            5.999380354110452
          ],
          [
            2.958905685665553,
            6.018201305716112
          ],
          [
            2.944504420933407,
            6.0370616679237425
          ],
          [
            2.9301547311739142,
            6.055961299991443
          ],
          [
            2.915856723468922,
            6.074900060884281
          ],
          [
            2.901610504514612,
            6.093877809275331
          ],
          [
            2.8874161806207,
            6.112894403546732
          ],
          [
            2.8732738577096555,
            6.131949701790734
          ],
          [
            2.859183641315887,
            6.151043561810774
          ],
          [
            2.845145636584975,
            6.170175841122531
          ],
          [
            2.8311599482728766,
            6.189346396954983
          ],
          [
            2.817226680745155,
            6.208555086251471
          ],
          [
            2.803345937976184,
            6.227801765670785
          ],
          [
            2.7895178235483837,
            6.2470862915882135
          ],
          [
            2.775742440651452,
            6.266408520096619
          ],
          [
            2.762019892081579,
            6.285768307007525
          ],
          [
            2.7483502802406936,
            6.305165507852173
          ],
          [
            2.734733707135689,
            6.324599977882622
          ],
          [
            2.721170274377677,
            6.3440715720728
          ],
          [
            2.707660083181209,
            6.363580145119618
          ],
          [
            2.6942032343635347,
            6.383125551444036
          ],
          [
            2.680799828343851,
            6.402707645192143
          ],
          [
            2.667449965142543,
            6.422326280236267
          ],
          [
            2.6541537443804426,
            6.441981310176046
          ],
          [
            2.640911265278085,
            6.461672588339536
          ],
          [
            2.627722626654975,
            6.481399967784286
          ],
          [
            2.614587926928834,
            6.501163301298454
          ],
          [
            2.601507264114876,
            6.520962441401901
          ],
          [
            2.5884807358250823,
            6.540797240347273
          ],
          [
            2.5755084392674594,
            6.560667550121133
          ],
          [
            2.56259047124532,
            6.580573222445048
          ],
          [
            2.5497269281565575,
            6.600514108776702
          ],
          [
            2.536917905992938,
            6.620490060310985
          ],
          [
            2.5241635003393683,
            6.640500927981138
          ],
          [
            2.5114638063731918,
            6.660546562459841
          ],
          [
            2.4988189188634786,
            6.680626814160326
          ],
          [
            2.486228932170313,
            6.70074153323751
          ],
          [
            2.473693940244093,
            6.720890569589101
          ],
          [
            2.461214036624826,
            6.741073772856724
          ],
          [
            2.4487893144414414,
            6.761290992427025
          ],
          [
            2.4364198664110783,
            6.78154207743283
          ],
          [
            2.424105784838407,
            6.801826876754241
          ],
          [
            2.411847161614938,
            6.822145239019767
          ],
          [
            2.3996440882183316,
            6.842497012607472
          ],
          [
            2.387496655711719,
            6.862882045646086
          ],
          [
            2.3754049547430185,
            6.883300186016155
          ],
          [
            2.3633690755442687,
            6.9037512813511555
          ],
          [
            2.351389107930943,
            6.924235179038652
          ],
          [
            2.3394651413012877,
            6.94475172622143
          ],
          [
            2.3275972646356533,
            6.965300769798625
          ],
          [
            2.3157855664958285,
            6.985882156426881
          ],
          [
            2.3040301350243793,
            7.00649573252149
          ],
          [
            2.2923310579439917,
            7.027141344257533
          ],
          [
            2.280688422556822,
            7.047818837571027
          ],
          [
            2.2691023157438366,
            7.0685280581600844
          ],
          [
            2.257572823964169,
            7.089268851486062
          ],
          [
            2.2461000332544776,
            7.110041062774697
          ],
          [
            2.2346840292282932,
            7.130844537017293
          ],
          [
            2.223324897075393,
            7.151679118971847
          ],
          [
            2.2120227215611505,
            7.172544653164232
          ],
          [
            2.2007775870259216,
            7.1934409838893325
          ],
          [
            2.1895895773843987,
            7.214367955212228
          ],
          [
            2.178458776124987,
            7.2353254109693514
          ],
          [
            2.1673852663091924,
            7.256313194769641
          ],
          [
            2.156369130570992,
            7.277331149995724
          ],
          [
            2.145410451116216,
            7.298379119805081
          ],
          [
            2.134509309721937,
            7.319456947131214
          ],
          [
            2.1236657877358716,
            7.340564474684812
          ],
          [
            2.1128799660757522,
            7.361701544954937
          ],
          [
            2.1021519252287333,
            7.382868000210199
          ],
          [
            2.091481745250797,
            7.404063682499915
          ],
          [
            2.0808695057661457,
            7.4252884336553135
          ],
          [
            2.0703152859666125,
            7.446542095290694
          ],
          [
            2.0598191646110675,
            7.467824508804625
          ],
          [
            2.049381220024837,
            7.489135515381109
          ],
          [
            2.039001530099113,
            7.510474955990786
          ],
          [
            2.028680172290364,
            7.531842671392114
          ],
          [
            2.018417223619782,
            7.553238502132545
          ],
          [
            2.0082127606726803,
            7.574662288549734
          ],
          [
            1.998066859597937,
            7.596113870772723
          ],
          [
            1.9879795961074198,
            7.617593088723132
          ],
          [
            1.977951045475431,
            7.639099782116348
          ],
          [
            1.967981282538135,
            7.660633790462735
          ],
          [
            1.958070381693006,
            7.6821949530688265
          ],
          [
            1.9482184168982695,
            7.703783109038511
          ],
          [
            1.9384254616723515,
            7.725398097274255
          ],
          [
            1.928691589093332,
            7.747039756478288
          ],
          [
            1.919016871798394,
            7.768707925153822
          ],
          [
            1.9094013819832947,
            7.790402441606231
          ],
          [
            1.8998451914018073,
            7.8121231439442855
          ],
          [
            1.8903483713651985,
            7.833869870081349
          ],
          [
            1.880910992741692,
            7.855642457736586
          ],
          [
            1.8717963232073407,
            7.8768688532081095
          ],
          [
            1.862768688579793,
            7.8981324107295
          ],
          [
            1.8538282403708908,
            7.919432773431995
          ],
          [
            1.8449751286292155,
            7.940769583829136
          ],
          [
            1.8362095019375742,
            7.962142483822744
          ],
          [
            1.8275315074104976,
            7.983551114708955
          ],
          [
            1.8189412906917763,
            8.004995117184224
          ],
          [
            1.8104389959520188,
            8.026474131351366
          ],
          [
            1.8020247658862276,
            8.047987796725586
          ],
          [
            1.793698741711402,
            8.069535752240533
          ],
          [
            1.785461063164176,
            8.09111763625437
          ],
          [
            1.7773118684984675,
            8.112733086555817
          ],
          [
            1.769251294483158,
            8.134381740370262
          ],
          [
            1.7612794763997983,
            8.15606323436583
          ],
          [
            1.7533965480403404,
            8.177777204659483
          ],
          [
            1.7456026417048873,
            8.19952328682313
          ],
          [
            1.7378978881994755,
            8.221301115889748
          ],
          [
            1.7302824168338777,
            8.243110326359497
          ],
          [
            1.7227563554194392,
            8.26495055220586
          ],
          [
            1.7153198302669226,
            8.286821426881783
          ],
          [
            1.7079729661843952,
            8.308722583325835
          ],
          [
            1.7007158864751313,
            8.33065365396836
          ],
          [
            1.6935487129355435,
            8.352614270737645
          ],
          [
            1.6864715658531402,
            8.374604065066105
          ],
          [
            1.6794845640045024,
            8.396622667896466
          ],
          [
            1.6725878246532966,
            8.418669709687952
          ],
          [
            1.6657814635483021,
            8.440744820422495
          ],
          [
            1.6590655949214685,
            8.462847629610948
          ],
          [
            1.652440331485999,
            8.484977766299288
          ],
          [
            1.6459057844344631,
            8.507134859074858
          ],
          [
            1.639462063436922,
            8.529318536072592
          ],
          [
            1.6331092766390962,
            8.551528424981262
          ],
          [
            1.6268475306605448,
            8.573764153049712
          ],
          [
            1.6206769305928792,
            8.596025347093136
          ],
          [
            1.6145975799979997,
            8.618311633499319
          ],
          [
            1.6086095809063528,
            8.64062263823493
          ],
          [
            1.6027130338152245,
            8.662957986851776
          ],
          [
            1.59690803768705,
            8.685317304493106
          ],
          [
            1.5911946899477551,
            8.70770021589989
          ],
          [
            1.5855730864851205,
            8.730106345417122
          ],
          [
            1.5800433216471703,
            8.752535317000119
          ],
          [
            1.5746054882405902,
            8.774986754220846
          ],
          [
            1.569259677529173,
            8.79746028027422
          ],
          [
            1.564005979232281,
            8.819955517984436
          ],
          [
            1.558844481523343,
            8.842472089811308
          ],
          [
            1.5537752710283748,
            8.865009617856588
          ],
          [
            1.5487984328245301,
            8.887567723870319
          ],
          [
            1.5439140504386588,
            8.910146029257184
          ],
          [
            1.5391222058459204,
            8.932744155082858
          ],
          [
            1.534422979468402,
            8.955361722080369
          ],
          [
            1.5298164501737639,
            8.977998350656453
          ],
          [
            1.5253026952739235,
            9.000653660897942
          ],
          [
            1.520881790523756,
            9.023327272578133
          ],
          [
            1.5165538101198188,
            9.046018805163154
          ],
          [
            1.5123188266991119,
            9.068727877818379
          ],
          [
            1.5081769113378527,
            9.0914541094148
          ],
          [
            1.5041281335502903,
            9.114197118535428
          ],
          [
            1.5001725612875334,
            9.136956523481691
          ],
          [
            1.496310260936411,
            9.159731942279855
          ],
          [
            1.4925412973183576,
            9.182522992687414
          ],
          [
            1.488865733688331,
            9.205329292199513
          ],
          [
            1.4852836317337414,
            9.228150458055376
          ],
          [
            1.4817950515734233,
            9.250986107244726
          ],
          [
            1.4784000517566227,
            9.2738358565142
          ],
          [
            1.4750986892620173,
            9.296699322373804
          ],
          [
            1.4718910194967572,
            9.319576121103324
          ],
          [
            1.468777096295537,
            9.342465868758794
          ],
          [
            1.4657569719196935,
            9.365368181178905
          ],
          [
            1.462830697056325,
            9.388282673991489
          ],
          [
            1.459998320817442,
            9.411208962619948
          ],
          [
            1.4572598907391456,
            9.43414666228971
          ],
          [
            1.4546154527808253,
            9.457095388034695
          ],
          [
            1.452065051324392,
            9.48005475470377
          ],
          [
            1.4496087291735296,
            9.503024376967215
          ],
          [
            1.4472465275529776,
            9.52600386932318
          ],
          [
            1.444978486107843,
            9.548992846104174
          ],
          [
            1.4428046429029269,
            9.571990921483527
          ],
          [
            1.440725034422094,
            9.594997709481865
          ],
          [
            1.4387396955676548,
            9.618012823973585
          ],
          [
            1.4368486596597827,
            9.641035878693344
          ],
          [
            1.4350519584359533,
            9.66406648724254
          ],
          [
            1.4333496220504112,
            9.68710426309579
          ],
          [
            1.4317416790736675,
            9.710148819607415
          ],
          [
            1.4302281564920152,
            9.733199770017947
          ],
          [
            1.4288090797070812,
            9.756256727460604
          ],
          [
            1.427484472535394,
            9.779319304967782
          ],
          [
            1.4262543572079918,
            9.802387115477565
          ],
          [
            1.4251187543700425,
            9.825459771840208
          ],
          [
            1.424077683080502,
            9.848536886824625
          ],
          [
            1.4231311608117885,
            9.87161807312492
          ],
          [
            1.4222792034494973,
            9.89470294336685
          ],
          [
            1.421521825292127,
            9.917791110114358
          ],
          [
            1.4208590390508427,
            9.940882185876053
          ],
          [
            1.420290855849265,
            9.963975783111723
          ],
          [
            1.4198172852232767,
            9.987071514238844
          ],
          [
            1.4194383351208701,
            10.01016899163907
          ],
          [
            1.419154011902008,
            10.033267827664748
          ],
          [
            1.4189643203385192,
            10.056367634645428
          ],
          [
            1.4188692636140225,
            10.079468024894364
          ],
          [
            1.4188688433238623,
            10.102568610715016
          ],
          [
            1.418963059475095,
            10.125669004407566
          ],
          [
            1.4191519104864785,
            10.148768818275421
          ],
          [
            1.4194353931885042,
            10.171867664631716
          ],
          [
            1.4198135028234493,
            10.194965155805823
          ],
          [
            1.4202862330454573,
            10.218060904149862
          ],
          [
            1.4208535759206389,
            10.2411545220452
          ],
          [
            1.4215155219272155,
            10.264245621908964
          ],
          [
            1.4222720599556684,
            10.287333816200539
          ],
          [
            1.4231231773089328,
            10.310418717428073
          ],
          [
            1.4240688597026065,
            10.333499938154983
          ],
          [
            1.4251090912651927,
            10.356577091006455
          ],
          [
            1.426243854538363,
            10.379649788675948
          ],
          [
            1.4274731304772548,
            10.402717643931693
          ],
          [
            1.4287968984507846,
            10.425780269623194
          ],
          [
            1.430215136242003,
            10.448837278687718
          ],
          [
            1.4317278200484589,
            10.4718882841568
          ],
          [
            1.4333349244826048,
            10.494932899162736
          ],
          [
            1.4350364225722188,
            10.517970736945069
          ],
          [
            1.4368322857608613,
            10.541001410857085
          ],
          [
            1.438722483908352,
            10.564024534372308
          ],
          [
            1.440706985291274,
            10.587039721090976
          ],
          [
            1.4427857566035107,
            10.61004658474653
          ],
          [
            1.4449587629568006,
            10.633044739212108
          ],
          [
            1.4472259678813277,
            10.656033798507005
          ],
          [
            1.4495873333263252,
            10.67901337680316
          ],
          [
            1.452042819660723,
            10.701983088431643
          ],
          [
            1.4545923856738072,
            10.724942547889105
          ],
          [
            1.457235988575917,
            10.747891369844272
          ],
          [
            1.4599735839991566,
            10.770829169144394
          ],
          [
            1.4628051259981423,
            10.793755560821714
          ],
          [
            1.4657305670507759,
            10.816670160099939
          ],
          [
            1.4687498580590415,
            10.839572582400677
          ],
          [
            1.471862948349824,
            10.862462443349916
          ],
          [
            1.4750697856757702,
            10.885339358784451
          ],
          [
            1.478370316216152,
            10.908202944758353
          ],
          [
            1.4817644845777853,
            10.931052817549396
          ],
          [
            1.4852522337959453,
            10.953888593665509
          ],
          [
            1.4888335053353328,
            10.976709889851204
          ],
          [
            1.4925082390910487,
            10.99951632309401
          ],
          [
            1.4962763733896112,
            11.022307510630906
          ],
          [
            1.500137844989982,
            11.04508306995474
          ],
          [
            1.5040925890846355,
            11.067842618820652
          ],
          [
            1.5081405393006402,
            11.090585775252483
          ],
          [
            1.5122816277007773,
            11.113312157549192
          ],
          [
            1.5165157847846789,
            11.136021384291267
          ],
          [
            1.5208429394899932,
            11.158713074347105
          ],
          [
            1.5252630191935799,
            11.181386846879436
          ],
          [
            1.5294074398111457,
            11.201976799212591
          ],
          [
            1.5337186400344893,
            11.222532477551466
          ],
          [
            1.538196336535615,
            11.243052530996346
          ],
          [
            1.5428402350445514,
            11.263535610988761
          ],
          [
            1.5476500303686862,
            11.283980371400096
          ],
          [
            1.5526254064128275,
            11.304385468620064
          ],
          [
            1.5577660361999754,
            11.324749561645007
          ],
          [
            1.5630715818928096,
            11.345071312166016
          ],
          [
            1.568541694815893,
            11.365349384656904
          ],
          [
            1.574176015478585,
            11.385582446461953
          ],
          [
            1.579974173598671,
            11.405769167883507
          ],
          [
            1.5859357881266904,
            11.42590822226936
          ],
          [
            1.592060467270984,
            11.445998286099929
          ],
          [
            1.5983478085234404,
            11.466038039075258
          ],
          [
            1.6047973986859483,
            11.486026164201757
          ],
          [
            1.6114088138975522,
            11.505961347878785
          ],
          [
            1.6181816196623064,
            11.525842279984946
          ],
          [
            1.625115370877832,
            11.545667653964221
          ],
          [
            1.632209611864569,
            11.565436166911814
          ],
          [
            1.6394638763957183,
            11.585146519659775
          ],
          [
            1.6468776877278868,
            11.604797416862397
          ],
          [
            1.654450558632417,
            11.624387567081326
          ],
          [
            1.6621819914274076,
            11.643915682870453
          ],
          [
            1.6700714780104176,
            11.663380480860503
          ],
          [
            1.6781184998918632,
            11.682780681843393
          ],
          [
            1.6863225282290901,
            11.70211501085629
          ],
          [
            1.6946830238611255,
            11.721382197265408
          ],
          [
            1.7031994373441177,
            11.740580974849506
          ],
          [
            1.7118712089874397,
            11.75971008188311
          ],
          [
            1.7206977688904734,
            11.778768261219422
          ],
          [
            1.7296785369800642,
            11.797754260372956
          ],
          [
            1.7388129230486389,
            11.816666831601829
          ],
          [
            1.748100326793,
            11.835504731989777
          ],
          [
            1.7575401378537696,
            11.854266723527829
          ],
          [
            1.7671317358555074,
            11.872951573195675
          ],
          [
            1.7768744904474794,
            11.891558053042694
          ],
          [
            1.7867677613450819,
            11.910084940268659
          ],
          [
            1.7968108983719244,
            11.92853101730409
          ],
          [
            1.807003241502554,
            11.946895071890278
          ],
          [
            1.8173441209058356,
            11.96517589715895
          ],
          [
            1.8278328569889715,
            11.98337229171159
          ],
          [
            1.8384687604421603,
            12.00148305969838
          ],
          [
            1.849251132283905,
            12.019507010896808
          ],
          [
            1.8601792639069388,
            12.037442960789875
          ],
          [
            1.8712524371248058,
            12.055289730643944
          ],
          [
            1.8824699242190512,
            12.073046147586206
          ],
          [
            1.893830987987049,
            12.090711044681758
          ],
          [
            1.9053348817904505,
            12.1082832610103
          ],
          [
            1.9169808496042522,
            12.125761641742415
          ],
          [
            1.9287681260664822,
            12.143145038215486
          ],
          [
            1.940695936528496,
            12.160432308009158
          ],
          [
            1.9527634971058903,
            12.177622315020438
          ],
          [
            1.9649700147300155,
            12.194713929538352
          ],
          [
            1.977314687200095,
            12.211706028318178
          ],
          [
            1.9897967032359491,
            12.228597494655286
          ],
          [
            2.002415242531307,
            12.245387218458507
          ],
          [
            2.0151694758077214,
            12.262074096323099
          ],
          [
            2.0280585648690614,
            12.278657031603254
          ],
          [
            2.0410816626566035,
            12.295134934484174
          ],
          [
            2.0542379133047,
            12.311506722053695
          ],
          [
            2.0675264521970176,
            12.32777131837344
          ],
          [
            2.0809464060233713,
            12.343927654549551
          ],
          [
            2.094496892837106,
            12.359974668802918
          ],
          [
            2.1067020631259483,
            12.374114031081394
          ],
          [
            2.119098647962032,
            12.388085875334157
          ],
          [
            2.1316843483779113,
            12.401887610459259
          ],
          [
            2.144456830334337,
            12.41551667690177
          ],
          [
            2.1574137251531122,
            12.42897054712847
          ],
          [
            2.170552629956364,
            12.44224672609656
          ],
          [
            2.1838711081121622,
            12.455342751716389
          ],
          [
            2.1973666896863997,
            12.46825619530804
          ],
          [
            2.2110368719008395,
            12.48098466205175
          ],
          [
            2.2248791195972677,
            12.493525791432006
          ],
          [
            2.238890865707635,
            12.505877257675344
          ],
          [
            2.2530695117301276,
            12.51803677018163
          ],
          [
            2.2674124282110637,
            12.53000207394888
          ],
          [
            2.2819169552325294,
            12.541770949991443
          ],
          [
            2.296580402905664,
            12.553341215751527
          ],
          [
            2.3114000518695073,
            12.564710725503936
          ],
          [
            2.326373153795306,
            12.575877370754023
          ],
          [
            2.3414969318962,
            12.586839080628701
          ],
          [
            2.356768581442176,
            12.597593822260492
          ],
          [
            2.3721852702802164,
            12.608139601164522
          ],
          [
            2.3877441393595236,
            12.618474461608411
          ],
          [
            2.4034423032617345,
            12.628596486974958
          ],
          [
            2.419276850736028,
            12.638503800117581
          ],
          [
            2.4352448452390205,
            12.648194563708447
          ],
          [
            2.4513433254793537,
            12.657666980579199
          ],
          [
            2.4675693059668706,
            12.666919294054237
          ],
          [
            2.4839197775662796,
            12.675949788276515
          ],
          [
            2.5003917080552016,
            12.684756788525737
          ],
          [
            2.5169820426865064,
            12.693338661528935
          ],
          [
            2.533687704754814,
            12.701693815763369
          ],
          [
            2.550505596167079,
            12.709820701751674
          ],
          [
            2.567432598017136,
            12.717717812349218
          ],
          [
            2.584465571164105,
            12.725383683023596
          ],
          [
            2.601601356814553,
            12.732816892126237
          ],
          [
            2.618836777108295,
            12.740016061156044
          ],
          [
            2.636168635707733,
            12.746979855015052
          ],
          [
            2.653593718390626,
            12.75370698225601
          ],
          [
            2.671108793646168,
            12.760196195321889
          ],
          [
            2.6887106132742806,
            12.766446290777244
          ],
          [
            2.7063959129879964,
            12.772456109531392
          ],
          [
            2.7241614130188254,
            12.778224537053367
          ],
          [
            2.7420038187249958,
            12.783750503578613
          ],
          [
            2.7599198212024456,
            12.789032984307367
          ],
          [
            2.7779060978984726,
            12.794070999594721
          ],
          [
            2.795959313227901,
            12.798863615132293
          ],
          [
            2.814076119191672,
            12.803409942121494
          ],
          [
            2.8322531559977393,
            12.807709137438358
          ],
          [
            2.8504870526841444,
            12.811760403789906
          ],
          [
            2.8687744277441696,
            12.815562989861995
          ],
          [
            2.8871118897534407,
            12.819116190458669
          ],
          [
            2.905496037998879,
            12.82241934663291
          ],
          [
            2.9239234631093614,
            12.82547184580887
          ],
          [
            2.9423907476879982,
            12.828273121895462
          ],
          [
            2.9608944669458968,
            12.830822655391332
          ],
          [
            2.979431189337289,
            12.83311997348122
          ],
          [
            2.9979974771959226,
            12.835164650123632
          ],
          [
            3.0165898873725783,
            12.83695630612986
          ],
          [
            3.0352049718736107,
            12.838494609234287
          ],
          [
            3.0538392785003823,
            12.839779274156028
          ],
          [
            3.072489351489478,
            12.840810062651817
          ],
          [
            3.0911517321535884,
            12.841586783560196
          ],
          [
            3.1098229595229214,
            12.842109292836977
          ],
          [
            3.1284995709870524,
            12.84237749358193
          ],
          [
            3.1471781029370627,
            12.842391336056783
          ],
          [
            3.16585509140788,
            12.842150817694424
          ],
          [
            3.1845270727206714,
            12.841655983099386
          ],
          [
            3.2031905841251893,
            12.840906924039576
          ],
          [
            3.2218421644419473,
            12.839903779429253
          ],
          [
            3.2404783547040954,
            12.838646735303264
          ],
          [
            3.2590956987988977,
            12.837136024782552
          ],
          [
            3.277690744108672,
            12.835371928030918
          ],
          [
            3.2962600421510806,
            12.833354772203062
          ],
          [
            3.314800149218663,
            12.831084931383915
          ],
          [
            3.333307627017471,
            12.828562826519262
          ],
          [
            3.3517790433047105,
            12.82578892533768
          ],
          [
            3.370210972525255,
            12.822763742263797
          ],
          [
            3.3885999964469207,
            12.819487838322885
          ],
          [
            3.4069427047943837,
            12.815961821036826
          ],
          [
            3.4252356958816197,
            12.812186344311435
          ],
          [
            3.4434755772427557,
            12.808162108315207
          ],
          [
            3.4616589662612056,
            12.803889859349452
          ],
          [
            3.4797824907969823,
            12.799370389709905
          ],
          [
            3.4978427898120676,
            12.794604537539792
          ],
          [
            3.515836513993723,
            12.78959318667439
          ],
          [
            3.533760326375624,
            12.784337266477118
          ],
          [
            3.5516109029567065,
            12.778837751667194
          ],
          [
            3.5693849333176093,
            12.773095662138859
          ],
          [
            3.587079121234594,
            12.76711206277225
          ],
          [
            3.6046901852908397,
            12.7608880632359
          ],
          [
            3.6222148594849832,
            12.75442481778096
          ],
          [
            3.6396498938368076,
            12.747723525027142
          ],
          [
            3.656992054989953,
            12.740785427740422
          ],
          [
            3.6742381268115527,
            12.733611812602579
          ],
          [
            3.6913849109886647,
            12.726204009972568
          ],
          [
            3.70842922762141,
            12.71856339363981
          ],
          [
            3.7253679158126856,
            12.710691380569417
          ],
          [
            3.74219783425436,
            12.702589430639415
          ],
          [
            3.7589158618098355,
            12.694259046370007
          ],
          [
            3.7755188980928662,
            12.685701772644922
          ],
          [
            3.7920038640425306,
            12.676919196424922
          ],
          [
            3.808367702494249,
            12.6679129464535
          ],
          [
            3.8246073787467374,
            12.658684692954813
          ],
          [
            3.8407198811248024,
            12.649236147323947
          ],
          [
            3.8567022215378572,
            12.639569061809539
          ],
          [
            3.87255143603407,
            12.629685229188803
          ],
          [
            3.888264585350034,
            12.619586482435077
          ],
          [
            3.9038387554558587,
            12.609274694377884
          ],
          [
            3.919271058095579,
            12.598751777355606
          ],
          [
            3.934558631322793,
            12.588019682860855
          ],
          [
            3.9496986400314076,
            12.577080401178552
          ],
          [
            3.9646882764814175,
            12.56593596101683
          ],
          [
            3.9795247608196074,
            12.554588429130806
          ],
          [
            3.994205341595075,
            12.543039909939298
          ],
          [
            4.008727296269496,
            12.531292545134557
          ],
          [
            4.023087931722025,
            12.519348513285081
          ],
          [
            4.037284584748735,
            12.507210029431615
          ],
          [
            4.051314622556513,
            12.494879344676338
          ],
          [
            4.065175443251321,
            12.482358745765422
          ],
          [
            4.0788644763207165,
            12.469650554664929
          ],
          [
            4.09237918311056,
            12.456757128130208
          ],
          [
            4.105717057295814,
            12.443680857268834
          ],
          [
            4.118875625345344,
            12.430424167097167
          ],
          [
            4.131852446980637,
            12.416989516090629
          ],
          [
            4.14464511562836,
            12.40337939572778
          ],
          [
            4.157251258866661,
            12.389596330028267
          ],
          [
            4.169668538865133,
            12.375642875084733
          ],
          [
            4.18189465281838,
            12.361521618588801
          ],
          [
            4.193927333373063,
            12.347235179351166
          ],
          [
            4.2057643490483985,
            12.332786206815946
          ],
          [
            4.217403504649977,
            12.318177380569328
          ],
          [
            4.228842641676873,
            12.303411409842635
          ],
          [
            4.2400796387219435,
            12.288491033009901
          ],
          [
            4.25111241186524,
            12.273419017080032
          ],
          [
            4.261938915060483,
            12.258198157183658
          ],
          [
            4.2725571405145,
            12.24283127605477
          ],
          [
            4.282965119059573,
            12.227321223507246
          ],
          [
            4.293160920518626,
            12.21167087590634
          ],
          [
            4.3031426540631825,
            12.195883135635256
          ],
          [
            4.312908468564015,
            12.179960930556907
          ],
          [
            4.322456552934449,
            12.163907213470926
          ],
          [
            4.331785136466227,
            12.147724961566066
          ],
          [
            4.340892489157887,
            12.131417175868084
          ],
          [
            4.349776922035599,
            12.114986880683178
          ],
          [
            4.358436787466391,
            12.098437123037149
          ],
          [
            4.3668704794636914,
            12.081770972110307
          ],
          [
            4.37507643398518,
            12.064991518668286
          ],
          [
            4.383053129222828,
            12.048101874488868
          ],
          [
            4.390799085885128,
            12.031105171784889
          ],
          [
            4.398312867471426,
            12.014004562623368
          ],
          [
            4.405593080538325,
            11.996803218340952
          ],
          [
            4.412638374958106,
            11.979504328955784
          ],
          [
            4.419447444169104,
            11.96211110257591
          ],
          [
            4.426019025418012,
            11.944626764804331
          ],
          [
            4.43235189999407,
            11.927054558140807
          ],
          [
            4.438444893455066,
            11.909397741380532
          ],
          [
            4.444296875845147,
            11.891659589009784
          ],
          [
            4.449906761904363,
            11.873843390598669
          ],
          [
            4.455273511269937,
            11.855952450191053
          ],
          [
            4.4603961286692,
            11.837990085691846
          ],
          [
            4.465273664104164,
            11.81995962825166
          ],
          [
            4.469905213027705,
            11.801864421649068
          ],
          [
            4.474289916511306,
            11.783707821670475
          ],
          [
            4.478426961404354,
            11.765493195487803
          ],
          [
            4.4823155804849355,
            11.747223921034013
          ],
          [
            4.485955052602121,
            11.728903386376697
          ],
          [
            4.489344702809702,
            11.710534989089728
          ],
          [
            4.492483902491366,
            11.692122135623189
          ],
          [
            4.4953720694772645,
            11.673668240671628
          ],
          [
            4.498008668151988,
            11.655176726540812
          ],
          [
            4.500393209553892,
            11.63665102251305
          ],
          [
            4.502525251465772,
            11.618094564211217
          ],
          [
            4.504404398496883,
            11.599510792961626
          ],
          [
            4.506030302156253,
            11.580903155155818
          ],
          [
            4.507402660917325,
            11.56227510161143
          ],
          [
            4.508521220273864,
            11.54363008693223
          ],
          [
            4.509385772787163,
            11.524971568867459
          ],
          [
            4.5099961581245065,
            11.50630300767058
          ],
          [
            4.510352263088912,
            11.487627865457572
          ],
          [
            4.510454021640115,
            11.468949605564882
          ],
          [
            4.510301414906823,
            11.450271691907124
          ],
          [
            4.509894471190209,
            11.431597588334713
          ],
          [
            4.509233265958669,
            11.412930757991468
          ],
          [
            4.508317921833822,
            11.394274662672384
          ],
          [
            4.507148608567769,
            11.37563276218162
          ],
          [
            4.505725543011619,
            11.357008513690888
          ],
          [
            4.5040489890752635,
            11.3384053710983
          ],
          [
            4.502119257678444,
            11.319826784387846
          ],
          [
            4.499936706693082,
            11.301276198989592
          ],
          [
            4.497501740876919,
            11.282757055140705
          ],
          [
            4.494814811798447,
            11.264272787247467
          ],
          [
            4.491876417753171,
            11.24582682324836
          ],
          [
            4.488687103671196,
            11.227422583978338
          ],
          [
            4.485247461016163,
            11.20906348253444
          ],
          [
            4.481558127675574,
            11.190752923642815
          ],
          [
            4.477619787842483,
            11.172494303027316
          ],
          [
            4.473433171888616,
            11.154291006779752
          ],
          [
            4.468999056228923,
            11.136146410731945
          ],
          [
            4.464318263177589,
            11.118063879829656
          ],
          [
            4.459391660795533,
            11.100046767508564
          ],
          [
            4.454220162729431,
            11.082098415072368
          ],
          [
            4.448804728042271,
            11.06422215107312
          ],
          [
            4.443146361035497,
            11.04642129069396
          ],
          [
            4.43724611106276,
            11.028699135134298
          ],
          [
            4.431105072335312,
            11.011058970997599
          ],
          [
            4.424724383719082,
            10.993504069681888
          ],
          [
            4.418105228523476,
            10.97603768677305
          ],
          [
            4.411248834281924,
            10.958663061441086
          ],
          [
            4.404156472524237,
            10.941383415839404
          ],
          [
            4.396829458540795,
            10.924201954507254
          ],
          [
            4.389269151138631,
            10.907121863775457
          ],
          [
            4.381476952389429,
            10.890146311175478
          ],
          [
            4.3734543073695145,
            10.873278444852017
          ],
          [
            4.365202703891862,
            10.856521392979174
          ],
          [
            4.356723672230172,
            10.839878263180312
          ],
          [
            4.348018784835087,
            10.823352141951768
          ],
          [
            4.33908965604257,
            10.806946094090435
          ],
          [
            4.329937941774533,
            10.790663162125403
          ],
          [
            4.320565339231731,
            10.77450636575371
          ],
          [
            4.310973586579025,
            10.758478701280339
          ],
          [
            4.301164462623028,
            10.742583141062543
          ],
          [
            4.291139786482229,
            10.726822632958623
          ],
          [
            4.280901417249629,
            10.711200099781234
          ],
          [
            4.270451253647971,
            10.695718438755353
          ],
          [
            4.259791233677619,
            10.68038052098098
          ],
          [
            4.248923334257156,
            10.66518919090069
          ],
          [
            4.237849570856751,
            10.65014726577212
          ],
          [
            4.2265719971244,
            10.635257535145508
          ],
          [
            4.215092704505061,
            10.620522760346372
          ],
          [
            4.203413821852804,
            10.605945673963404
          ],
          [
            4.191537515036,
            10.591528979341724
          ],
          [
            4.179465986535665,
            10.577275350081521
          ],
          [
            4.167201475037002,
            10.56318742954225
          ],
          [
            4.1547462550142376,
            10.549267830352395
          ],
          [
            4.142102636308811,
            10.535519133924971
          ],
          [
            4.1292729637010135,
            10.521943889978786
          ],
          [
            4.116259616475147,
            10.508544616065596
          ],
          [
            4.103065007978276,
            10.495323797103218
          ],
          [
            4.089691585172675,
            10.4822838849147
          ],
          [
            4.076141828182028,
            10.469427297773624
          ],
          [
            4.062418249831493,
            10.456756419955635
          ],
          [
            4.048523395181688,
            10.444273601296274
          ],
          [
            4.0344598410567105,
            10.431981156755196
          ],
          [
            4.020230195566256,
            10.419881365986853
          ],
          [
            4.005837097621945,
            10.407976472917735
          ],
          [
            3.9912832164479264,
            10.396268685330227
          ],
          [
            3.9765712510858715,
            10.384760174453168
          ],
          [
            3.9617039298944277,
            10.373453074559203
          ],
          [
            3.946684010043243,
            10.362349482568966
          ],
          [
            3.9315142770016402,
            10.351451457662213
          ],
          [
            3.9161975440220536,
            10.34076102089594
          ],
          [
            3.900736651618297,
            10.330280154829573
          ],
          [
            3.885134467038797,
            10.320010803157297
          ],
          [
            3.869393883734846,
            10.309954870347603
          ],
          [
            3.8535178208240155,
            10.300114221290094
          ],
          [
            3.837509222548796,
            10.290490680949643
          ],
          [
            3.8213710577305844,
            10.28108603402794
          ],
          [
            3.805106319219108,
            10.271902024632531
          ],
          [
            3.7887180233374003,
            10.262940355953358
          ],
          [
            3.772209209322414,
            10.254202689946906
          ],
          [
            3.7448106799260867,
            10.239702405801271
          ],
          [
            3.7176112942244655,
            10.224831929317988
          ],
          [
            3.690616053735762,
            10.209593994932296
          ],
          [
            3.663829922439254,
            10.193991404648894
          ],
          [
            3.6372578258624872,
            10.178027027526674
          ],
          [
            3.610904650175555,
            10.161703799151159
          ],
          [
            3.5847752412926117,
            10.145024721094696
          ],
          [
            3.55887440398079,
            10.127992860364522
          ],
          [
            3.5332069009766798,
            10.11061134883878
          ],
          [
            3.507777452110544,
            10.092883382690625
          ],
          [
            3.482590733438417,
            10.074812221800505
          ],
          [
            3.4576513763822554,
            10.05640118915671
          ],
          [
            3.4329639668782965,
            10.03765367024435
          ],
          [
            3.408533044533781,
            10.018573112422793
          ],
          [
            3.3843631017921925,
            9.999163024291777
          ],
          [
            3.3604585831071723,
            9.97942697504622
          ],
          [
            3.336823884125257,
            9.959368593819914
          ],
          [
            3.313463350877592,
            9.938991569018185
          ],
          [
            3.290381278980771,
            9.91829964763965
          ],
          [
            3.267581912846936,
            9.897296634587212
          ],
          [
            3.245069444903306,
            9.8759863919684
          ],
          [
            3.222848014821258,
            9.854372838385194
          ],
          [
            3.2009217087551063,
            9.83245994821345
          ],
          [
            3.1792945585907315,
            9.810251750872082
          ],
          [
            3.1579705412041768,
            9.787752330082128
          ],
          [
            3.136953577730372,
            9.764965823115805
          ],
          [
            3.116247532842099,
            9.741896420035744
          ],
          [
            3.0958562140393404,
            9.718548362924501
          ],
          [
            3.0757833709491473,
            9.694925945104515
          ],
          [
            3.056032694636142,
            9.671033510348627
          ],
          [
            3.0366078169237904,
            9.64687545208134
          ],
          [
            3.0175123097265737,
            9.622456212570933
          ],
          [
            2.998749684393171,
            9.59778028211261
          ],
          [
            2.980323391060778,
            9.57285219820281
          ],
          [
            2.962236818020685,
            9.547676544704819
          ],
          [
            2.9444932910952275,
            9.522257951005892
          ],
          [
            2.9270960730262203,
            9.496601091165978
          ],
          [
            2.9100483628749956,
            9.470710683058238
          ],
          [
            2.893353295434144,
            9.444591487501505
          ],
          [
            2.877013940651082,
            9.418248307384847
          ],
          [
            2.8610333030635386,
            9.391685986784394
          ],
          [
            2.8454143212470697,
            9.364909410072606
          ],
          [
            2.8301598672747015,
            9.337923501020093
          ],
          [
            2.8152727461888047,
            9.310733221890239
          ],
          [
            2.8007556954852952,
            9.283343572526707
          ],
          [
            2.786611384610251,
            9.255759589434057
          ],
          [
            2.772842414469045,
            9.227986344851615
          ],
          [
            2.759451316948086,
            9.200028945820774
          ],
          [
            2.7464405544492396,
            9.171892533245888
          ],
          [
            2.7338125194370395,
            9.143582280948953
          ],
          [
            2.7215695339987476,
            9.115103394718215
          ],
          [
            2.709713849417365,
            9.086461111350923
          ],
          [
            2.698247645757656,
            9.057660697690359
          ],
          [
            2.6871730314652673,
            9.028707449657361
          ],
          [
            2.676492042979027,
            8.999606691276481
          ],
          [
            2.6662066443564676,
            8.970363773696995
          ],
          [
            2.6563187269126796,
            8.940984074208908
          ],
          [
            2.646830108872518,
            8.91147299525416
          ],
          [
            2.637742535036269,
            8.881835963433204
          ],
          [
            2.629057676458806,
            8.852078428507157
          ],
          [
            2.620777130142313,
            8.822205862395656
          ],
          [
            2.61290241874262,
            8.792223758170685
          ],
          [
            2.605434990289212,
            8.762137629046473
          ],
          [
            2.5983762179189624,
            8.731953007365714
          ],
          [
            2.5917273996236325,
            8.701675443582259
          ],
          [
            2.585489758011194,
            8.671310505240475
          ],
          [
            2.5796644400810127,
            8.640863775951471
          ],
          [
            2.5742525170129316,
            8.610340854366363
          ],
          [
            2.569254983970301,
            8.579747353146768
          ],
          [
            2.5646727599169834,
            8.549088897932737
          ],
          [
            2.5605066874483695,
            8.51837112630829
          ],
          [
            2.556757532636443,
            8.48759968676475
          ],
          [
            2.553425984888908,
            8.456780237662091
          ],
          [
            2.5505126568224226,
            8.425918446188449
          ],
          [
            2.548018084149944,
            8.395019987318026
          ],
          [
            2.545942725582224,
            8.364090542767551
          ],
          [
            2.544286962743458,
            8.33313579995151
          ],
          [
            2.54305110010111,
            8.302161450936318
          ],
          [
            2.542235364909927,
            8.271173191393657
          ],
          [
            2.54183990717015,
            8.240176719553114
          ],
          [
            2.541864799599932,
            8.209177735154386
          ],
          [
            2.542310037621966,
            8.178181938399193
          ],
          [
            2.5431755393643263,
            8.147195028903093
          ],
          [
            2.5444611456755246,
            8.116222704647429
          ],
          [
            2.5461666201537745,
            8.08527066093155
          ],
          [
            2.548291649190461,
            8.054344589325561
          ],
          [
            2.5508358420278086,
            8.023450176623715
          ],
          [
            2.5537987308307377,
            7.992593103798724
          ],
          [
            2.5571797707728874,
            7.9617790449570975
          ],
          [
            2.5609783401368027,
            7.931013666295799
          ],
          [
            2.565193740428259,
            7.900302625060303
          ],
          [
            2.5698251965047,
            7.86965156850433
          ],
          [
            2.5748718567177775,
            7.839066132851404
          ],
          [
            2.5803327930699536,
            7.808551942258452
          ],
          [
            2.5862070013851444,
            7.778114607781609
          ],
          [
            2.5924934014933703,
            7.747759726344435
          ],
          [
            2.5991908374293837,
            7.717492879708743
          ],
          [
            2.6062980776452314,
            7.687319633448194
          ],
          [
            2.6138138152367136,
            7.657245535924885
          ],
          [
            2.621736668183706,
            7.627276117269097
          ],
          [
            2.6300651796042844,
            7.597416888362396
          ],
          [
            2.63879781802263,
            7.5676733398242675
          ],
          [
            2.647932977650634,
            7.538050941002491
          ],
          [
            2.6574689786831804,
            7.508555138967408
          ],
          [
            2.6674040676070336,
            7.4791913575103015
          ],
          [
            2.677736417523279,
            7.449964996146052
          ],
          [
            2.688464128483262,
            7.420881429120246
          ],
          [
            2.6995852278379555,
            7.391946004420951
          ],
          [
            2.7110976706006973,
            7.3631640427953045
          ],
          [
            2.7229993398232306,
            7.3345408367711205
          ],
          [
            2.735288046984975,
            7.306081649683671
          ],
          [
            2.7479615323954607,
            7.277791714707857
          ],
          [
            2.7610174656098447,
            7.249676233895908
          ],
          [
            2.7744534458574464,
            7.221740377220811
          ],
          [
            2.788267002483205,
            7.193989281625638
          ],
          [
            2.8024555954019954,
            7.166428050078945
          ],
          [
            2.817016615565707,
            7.1390617506364284
          ],
          [
            2.831947385443002,
            7.1118954155089815
          ],
          [
            2.847245159511674,
            7.0849340401373615
          ],
          [
            2.8629071247635003,
            7.058182582273608
          ],
          [
            2.876324846551574,
            7.035698831298782
          ],
          [
            2.8898145669007373,
            7.013258203839154
          ],
          [
            2.903376147216709,
            6.990860930451224
          ],
          [
            2.9170094481669184,
            6.968507241246058
          ],
          [
            2.930714329681932,
            6.94619736588693
          ],
          [
            2.9444906509568884,
            6.923931533586981
          ],
          [
            2.9583382704529524,
            6.901709973106843
          ],
          [
            2.972257045898768,
            6.879532912752294
          ],
          [
            2.986246834291912,
            6.857400580371923
          ],
          [
            3.0003074919003776,
            6.835313203354773
          ],
          [
            3.0144388742640382,
            6.813271008628012
          ],
          [
            3.0286408361961348,
            6.791274222654615
          ],
          [
            3.042913231784774,
            6.7693230714310095
          ],
          [
            3.0572559143944207,
            6.747417780484772
          ],
          [
            3.071668736667404,
            6.725558574872316
          ],
          [
            3.0861515505254333,
            6.703745679176562
          ],
          [
            3.1007042071711255,
            6.681979317504639
          ],
          [
            3.115326557089522,
            6.660259713485592
          ],
          [
            3.130018450049632,
            6.638587090268065
          ],
          [
            3.1447797351059776,
            6.616961670518023
          ],
          [
            3.1596102606001426,
            6.595383676416454
          ],
          [
            3.1745098741623217,
            6.573853329657103
          ],
          [
            3.189478422712904,
            6.552370851444173
          ],
          [
            3.2045157524640335,
            6.530936462490061
          ],
          [
            3.219621708921187,
            6.509550383013101
          ],
          [
            3.234796136884771,
            6.488212832735288
          ],
          [
            3.25003888045171,
            6.466924030880019
          ],
          [
            3.265349783017046,
            6.445684196169857
          ],
          [
            3.2807286872755568,
            6.424493546824266
          ],
          [
            3.296175435223364,
            6.403352300557376
          ],
          [
            3.311689868159553,
            6.382260674575753
          ],
          [
            3.3272718266878187,
            6.361218885576156
          ],
          [
            3.34292115071809,
            6.34022714974331
          ],
          [
            3.358637679468173,
            6.319285682747704
          ],
          [
            3.3744212514654146,
            6.298394699743354
          ],
          [
            3.390271704548354,
            6.277554415365594
          ],
          [
            3.406188875868386,
            6.25676504372889
          ],
          [
            3.4221726018914413,
            6.236026798424619
          ],
          [
            3.438222718399663,
            6.21533989251888
          ],
          [
            3.45433906049309,
            6.194704538550319
          ],
          [
            3.4705214625913605,
            6.174120948527923
          ],
          [
            3.4867697584354076,
            6.153589333928854
          ],
          [
            3.503083781089161,
            6.133109905696283
          ],
          [
            3.5194633629412753,
            6.112682874237206
          ],
          [
            3.535908335706846,
            6.092308449420293
          ],
          [
            3.552418530429133,
            6.0719868405737385
          ],
          [
            3.568993777481304,
            6.05171825648309
          ],
          [
            3.58563390656818,
            6.031502905389119
          ],
          [
            3.602338746727967,
            6.011340994985684
          ],
          [
            3.6191081263340372,
            5.991232732417583
          ],
          [
            3.635941873096677,
            5.97117832427843
          ],
          [
            3.6528398140648566,
            5.951177976608549
          ],
          [
            3.6698017756280135,
            5.931231894892829
          ],
          [
            3.6868275835178386,
            5.911340284058631
          ],
          [
            3.7039170628100475,
            5.891503348473684
          ],
          [
            3.7210700379262054,
            5.871721291943972
          ],
          [
            3.7382863326355107,
            5.851994317711655
          ],
          [
            3.7555657700566165,
            5.832322628452963
          ],
          [
            3.7729081726594345,
            5.812706426276142
          ],
          [
            3.7903133622669785,
            5.7931459127193445
          ],
          [
            3.8077811600571794,
            5.773641288748577
          ],
          [
            3.8253113865647257,
            5.754192754755643
          ],
          [
            3.8429038616829123,
            5.734800510556061
          ],
          [
            3.8605584046654897,
            5.71546475538703
          ],
          [
            3.878274834128509,
            5.69618568790538
          ],
          [
            3.8960529680522105,
            5.676963506185524
          ],
          [
            3.913892623782868,
            5.657798407717424
          ],
          [
            3.9317936180346775,
            5.638690589404573
          ],
          [
            3.949755766891642,
            5.619640247561959
          ],
          [
            3.9677788858094605,
            5.600647577914049
          ],
          [
            3.9858627896174097,
            5.581712775592795
          ],
          [
            4.004007292520271,
            5.562836035135602
          ],
          [
            4.022212208100225,
            5.544017550483346
          ],
          [
            4.040477349318759,
            5.525257514978391
          ],
          [
            4.058802528518608,
            5.506556121362577
          ],
          [
            4.077187557425673,
            5.4879135617752555
          ],
          [
            4.095632247150944,
            5.469330027751323
          ],
          [
            4.114136408192463,
            5.4508057102192335
          ],
          [
            4.132699850437262,
            5.4323407994990465
          ],
          [
            4.151322383163297,
            5.41393548530048
          ],
          [
            4.170003815041443,
            5.39558995672095
          ],
          [
            4.1887439541374345,
            5.377304402243623
          ],
          [
            4.2075426079138385,
            5.3590790097355026
          ],
          [
            4.2263995832320465,
            5.340913966445473
          ],
          [
            4.245168096791401,
            5.322933790150711
          ],
          [
            4.263978223644136,
            5.304997152544889
          ],
          [
            4.282829862790632,
            5.287104149937482
          ],
          [
            4.301722913008386,
            5.26925487840367
          ],
          [
            4.320657272852538,
            5.251449433783815
          ],
          [
            4.339632840656411,
            5.233687911682966
          ],
          [
            4.358649514532074,
            5.215970407470325
          ],
          [
            4.377707192370878,
            5.198297016278742
          ],
          [
            4.396805771844008,
            5.180667833004208
          ],
          [
            4.4159451504030205,
            5.163082952305348
          ],
          [
            4.435125225280415,
            5.1455424686029
          ],
          [
            4.454345893490176,
            5.128046476079213
          ],
          [
            4.473607051828313,
            5.110595068677759
          ],
          [
            4.492908596873437,
            5.093188340102596
          ],
          [
            4.512250424987307,
            5.0758263838178905
          ],
          [
            4.531632432315376,
            5.0585092930474085
          ],
          [
            4.551054514787361,
            5.041237160774014
          ],
          [
            4.570516568117805,
            5.024010079739163
          ],
          [
            4.590018487806627,
            5.006828142442417
          ],
          [
            4.609560169139676,
            4.989691441140944
          ],
          [
            4.629141507189317,
            4.972600067849016
          ],
          [
            4.6487623968149805,
            4.955554114337522
          ],
          [
            4.668422732663718,
            4.938553672133472
          ],
          [
            4.688122409170784,
            4.921598832519508
          ],
          [
            4.707861320560197,
            4.904689686533408
          ],
          [
            4.727639360845306,
            4.887826324967606
          ],
          [
            4.747456423829364,
            4.871008838368692
          ],
          [
            4.767312403106077,
            4.854237317036949
          ],
          [
            4.787207192060212,
            4.837511851025839
          ],
          [
            4.807140683868143,
            4.82083253014154
          ],
          [
            4.827112771498435,
            4.804199443942451
          ],
          [
            4.847123347712411,
            4.787612681738724
          ],
          [
            4.8671723050647415,
            4.7710723325917686
          ],
          [
            4.8872595359039925,
            4.754578485313798
          ],
          [
            4.907384932373242,
            4.738131228467323
          ],
          [
            4.927548386410634,
            4.721730650364701
          ],
          [
            4.947749789749966,
            4.705376839067638
          ],
          [
            4.9679890339212704,
            4.68906988238674
          ],
          [
            4.988266010251393,
            4.6728098678810275
          ],
          [
            5.00858060986459,
            4.656596882857461
          ],
          [
            5.028932723683075,
            4.640431014370502
          ],
          [
            5.049322242427663,
            4.624312349221598
          ],
          [
            5.069749056618308,
            4.608240973958754
          ],
          [
            5.090213056574717,
            4.592216974876051
          ],
          [
            5.110714132416927,
            4.576240438013191
          ],
          [
            5.131252174065906,
            4.560311449155024
          ],
          [
            5.151827071244114,
            4.5444300938311075
          ],
          [
            5.172438713476143,
            4.528596457315224
          ],
          [
            5.193086990089276,
            4.512810624624932
          ],
          [
            5.213771790214091,
            4.497072680521119
          ],
          [
            5.2344930027850545,
            4.481382709507528
          ],
          [
            5.255250516541119,
            4.465740795830325
          ],
          [
            5.276044220026329,
            4.45014702347762
          ],
          [
            5.29687400159039,
            4.434601476179055
          ],
          [
            5.317739749389306,
            4.419104237405315
          ],
          [
            5.3386413513859585,
            4.403655390367693
          ],
          [
            5.359578695350716,
            4.388255018017657
          ],
          [
            5.380551668862028,
            4.372903203046384
          ],
          [
            5.401560159307042,
            4.357600027884328
          ],
          [
            5.422604053882179,
            4.342345574700788
          ],
          [
            5.443683239593784,
            4.327139925403438
          ],
          [
            5.464797603258696,
            4.311983161637906
          ],
          [
            5.485947031504875,
            4.296875364787335
          ],
          [
            5.507131410771999,
            4.281816615971946
          ],
          [
            5.528350627312081,
            4.266806996048598
          ],
          [
            5.549604567190088,
            4.251846585610348
          ],
          [
            5.570893116284515,
            4.236935464986043
          ],
          [
            5.592216160288051,
            4.222073714239864
          ],
          [
            5.61357358470816,
            4.207261413170897
          ],
          [
            5.634965274867699,
            4.192498641312721
          ],
          [
            5.656391115905542,
            4.177785477932964
          ],
          [
            5.677850992777199,
            4.163122002032888
          ],
          [
            5.699344790255404,
            4.148508292346972
          ],
          [
            5.720872392930778,
            4.1339444273424615
          ],
          [
            5.742433685212419,
            4.119430485218974
          ],
          [
            5.764028551328538,
            4.1049665439080725
          ],
          [
            5.785656875327064,
            4.0905526810728325
          ],
          [
            5.807318541076284,
            4.076188974107447
          ],
          [
            5.829013432265462,
            4.0618755001367965
          ],
          [
            5.8507414324054405,
            4.047612336016046
          ],
          [
            5.872502424829308,
            4.03339955833022
          ],
          [
            5.894296292692993,
            4.019237243393792
          ],
          [
            5.916122918975904,
            4.005125467250285
          ],
          [
            5.937982186481557,
            3.991064305671858
          ],
          [
            5.959873977838201,
            3.9770538341588986
          ],
          [
            5.981798175499461,
            3.9630941279396072
          ],
          [
            6.00375466174493,
            3.9491852619696295
          ],
          [
            6.025743318680858,
            3.9353273109316005
          ],
          [
            6.047764028240747,
            3.9215203492347865
          ],
          [
            6.069816672185998,
            3.907764451014664
          ],
          [
            6.091901132106537,
            3.894059690132533
          ],
          [
            6.114017289421469,
            3.8804061401751015
          ],
          [
            6.136165025379675,
            3.866803874454132
          ],
          [
            6.158344221060505,
            3.8532529660059938
          ],
          [
            6.180554757374375,
            3.839753487591307
          ],
          [
            6.202796515063422,
            3.8263055116945406
          ],
          [
            6.225069374702145,
            3.8129091105236275
          ],
          [
            6.247373216698049,
            3.799564356009564
          ],
          [
            6.269707921292254,
            3.7862713198060516
          ],
          [
            6.292073368560196,
            3.7730300732890774
          ],
          [
            6.314469438412227,
            3.7598406875565544
          ],
          [
            6.336896010594276,
            3.7467032334279327
          ],
          [
            6.359352964688493,
            3.733617781443819
          ],
          [
            6.381840180113892,
            3.720584401865597
          ],
          [
            6.40435753612701,
            3.707603164675046
          ],
          [
            6.426904911822522,
            3.694674139573987
          ],
          [
            6.449482186133937,
            3.6817973959838795
          ],
          [
            6.472089237834224,
            3.668973003045462
          ],
          [
            6.494725945536455,
            3.656201029618382
          ],
          [
            6.517392187694474,
            3.6434815442808217
          ],
          [
            6.540087842603538,
            3.6308146153291383
          ],
          [
            6.562812788400983,
            3.6182003107774783
          ],
          [
            6.585566903066846,
            3.605638698357447
          ],
          [
            6.6083500644245685,
            3.593129845517706
          ],
          [
            6.631162150141618,
            3.580673819423629
          ],
          [
            6.654003037730157,
            3.5682706869569487
          ],
          [
            6.676872604547698,
            3.555920514715381
          ],
          [
            6.6997707277977705,
            3.543623369012277
          ],
          [
            6.722697284530544,
            3.5313793158762774
          ],
          [
            6.745652151643548,
            3.51918842105093
          ],
          [
            6.768635205882288,
            3.5070507499943613
          ],
          [
            6.791646323840922,
            3.4949663678789147
          ],
          [
            6.814685381962923,
            3.482935339590802
          ],
          [
            6.837752256541742,
            3.470957729729757
          ],
          [
            6.860846823721477,
            3.4590336026086828
          ],
          [
            6.883968959497509,
            3.447163022253322
          ],
          [
            6.907118539717217,
            3.4353460524018917
          ],
          [
            6.93029544008061,
            3.4235827565047527
          ],
          [
            6.953499536141005,
            3.411873197724067
          ],
          [
            6.976730703305691,
            3.4002174389334634
          ],
          [
            6.999988816836612,
            3.388615542717686
          ],
          [
            7.023273751850996,
            3.377067571372285
          ],
          [
            7.0465853833220855,
            3.3655735869032473
          ],
          [
            7.069923586079766,
            3.354133651026693
          ],
          [
            7.093288234811253,
            3.342747825168522
          ],
          [
            7.116497313336044,
            3.331496991734299
          ],
          [
            7.139726696861923,
            3.320288141662085
          ],
          [
            7.162976309444458,
            3.3091213115972655
          ],
          [
            7.186246075073029,
            3.2979965380478755
          ],
          [
            7.209535917671178,
            3.2869138573844303
          ],
          [
            7.232845761096777,
            3.2758733058398453
          ],
          [
            7.256175529142301,
            3.264874919509305
          ],
          [
            7.279525145535129,
            3.253918734350125
          ],
          [
            7.302894533937698,
            3.2430047861816678
          ],
          [
            7.326283617947848,
            3.2321331106851927
          ],
          [
            7.349692321098997,
            3.2213037434037752
          ],
          [
            7.373120566860421,
            3.2105167197421633
          ],
          [
            7.396568278637536,
            3.199772074966659
          ],
          [
            7.420035379772076,
            3.189069844205031
          ],
          [
            7.44352179354243,
            3.1784100624463703
          ],
          [
            7.467027443163807,
            3.1677927645409945
          ],
          [
            7.490552251788536,
            3.157217985200331
          ],
          [
            7.514096142506338,
            3.146685758996784
          ],
          [
            7.537659038344505,
            3.1361961203636612
          ],
          [
            7.561240862268241,
            3.125749103595014
          ],
          [
            7.5848415371808215,
            3.1153447428455707
          ],
          [
            7.608460985923936,
            3.104983072130582
          ],
          [
            7.632099131277863,
            3.094664125325744
          ],
          [
            7.655755895961759,
            3.0843879361670794
          ],
          [
            7.679431202633936,
            3.074154538250803
          ],
          [
            7.703124973892045,
            3.0639639650332544
          ],
          [
            7.726837132273416,
            3.0538162498307413
          ],
          [
            7.750567600255227,
            3.043711425819471
          ],
          [
            7.7743163002548,
            3.0336495260354295
          ],
          [
            7.798083154629884,
            3.023630583374246
          ],
          [
            7.821868085678828,
            3.013654630591138
          ],
          [
            7.84567101564093,
            3.003721700300748
          ],
          [
            7.86949186669661,
            2.9938318249770846
          ],
          [
            7.893330560967693,
            2.983985036953388
          ],
          [
            7.917187020517712,
            2.9741813684220273
          ],
          [
            7.941061167352064,
            2.964420851434409
          ],
          [
            7.964952923418376,
            2.9547035179008505
          ],
          [
            7.9888622106066585,
            2.9450293995904993
          ],
          [
            8.01278895074962,
            2.9353985281312225
          ],
          [
            8.036733065622933,
            2.925810935009482
          ],
          [
            8.060694476945427,
            2.916266651570265
          ],
          [
            8.084673106379427,
            2.9067657090169514
          ],
          [
            8.108668875530933,
            2.897308138411234
          ],
          [
            8.132681705949908,
            2.8878939706730145
          ],
          [
            8.156711519130575,
            2.878523236580278
          ],
          [
            8.180758236511583,
            2.8691959667690328
          ],
          [
            8.204821779476365,
            2.8599121917331676
          ],
          [
            8.22890206935331,
            2.8506719418243858
          ],
          [
            8.252999027416058,
            2.841475247252093
          ],
          [
            8.277112574883787,
            2.832322138083287
          ],
          [
            8.301242632921392,
            2.823212644242482
          ],
          [
            8.32538912263984,
            2.814146795511593
          ],
          [
            8.34955196509634,
            2.80512462152985
          ],
          [
            8.37373108129464,
            2.7961461517936956
          ],
          [
            8.397926392185312,
            2.787211415656679
          ],
          [
            8.422137818665947,
            2.778320442329383
          ],
          [
            8.446365281581487,
            2.769473260879305
          ],
          [
            8.470608701724403,
            2.760669900230785
          ],
          [
            8.49486799983504,
            2.7519103891648813
          ],
          [
            8.5191430966018,
            2.7431947563193066
          ],
          [
            8.543433912661438,
            2.7345230301883263
          ],
          [
            8.567740368599344,
            2.725895239122637
          ],
          [
            8.592062384949731,
            2.7173114113293235
          ],
          [
            8.616399882195994,
            2.708771574871721
          ],
          [
            8.640752780770876,
            2.7002757576693526
          ],
          [
            8.665121001056765,
            2.6918239874978327
          ],
          [
            8.689504463386,
            2.6834162919887534
          ],
          [
            8.71390308804103,
            2.6750526986296337
          ],
          [
            8.738316795254795,
            2.6667332347637887
          ],
          [
            8.762745505210878,
            2.658457927590274
          ],
          [
            8.78718913804382,
            2.650226804163781
          ],
          [
            8.811647613839408,
            2.642039891394541
          ],
          [
            8.83612085263485,
            2.633897216048255
          ],
          [
            8.860608774419148,
            2.625798804745993
          ],
          [
            8.885111299133255,
            2.6177446839641085
          ],
          [
            8.909628346670381,
            2.609734880034168
          ],
          [
            8.934159836876299,
            2.601769419142834
          ],
          [
            8.958705689549515,
            2.5938483273318127
          ],
          [
            8.983265824441624,
            2.585971630497738
          ],
          [
            9.007840161257493,
            2.5781393543921163
          ],
          [
            9.03242861965556,
            2.5703515246212216
          ],
          [
            9.057031119248126,
            2.562608166646014
          ],
          [
            9.081647579601547,
            2.554909305782075
          ],
          [
            9.106277920236577,
            2.5472549671994904
          ],
          [
            9.13092206062856,
            2.5396451759228023
          ],
          [
            9.155579920207721,
            2.532079956830916
          ],
          [
            9.180251418359468,
            2.524559334656998
          ],
          [
            9.204936474424574,
            2.517083333988433
          ],
          [
            9.229635007699535,
            2.5096519792667067
          ],
          [
            9.254346937436749,
            2.5022652947873567
          ],
          [
            9.279072182844816,
            2.494923304699872
          ],
          [
            9.30381066308884,
            2.4876260330076176
          ],
          [
            9.328562297290603,
            2.48037350356777
          ],
          [
            9.353327004528941,
            2.473165740091213
          ],
          [
            9.37810470383989,
            2.4660027661424944
          ],
          [
            9.402895314217064,
            2.4588846051397106
          ],
          [
            9.427698754611836,
            2.4518112803544665
          ],
          [
            9.452514943933624,
            2.444782814911778
          ],
          [
            9.477343801050203,
            2.4377992317899944
          ],
          [
            9.502185244787892,
            2.4308605538207404
          ],
          [
            9.527039193931905,
            2.4239668036888156
          ],
          [
            9.551905567226532,
            2.4171180039321563
          ],
          [
            9.576784283375444,
            2.4103141769417293
          ],
          [
            9.601675261042,
            2.4035553449614673
          ],
          [
            9.626578418849425,
            2.3968415300882095
          ],
          [
            9.651493675381166,
            2.3901727542716085
          ],
          [
            9.676420949181079,
            2.3835490393140812
          ],
          [
            9.701360158753738,
            2.3769704068707176
          ],
          [
            9.726311222564725,
            2.3704368784492216
          ],
          [
            9.751274059040822,
            2.363948475409838
          ],
          [
            9.77624858657037,
            2.357505218965272
          ],
          [
            9.801234723503446,
            2.351107130180648
          ],
          [
            9.826232388152185,
            2.344754229973409
          ],
          [
            9.851241498791056,
            2.338446539113263
          ],
          [
            9.87626197365707,
            2.3321840782221237
          ],
          [
            9.901293730950124,
            2.325966867774014
          ],
          [
            9.926336688833201,
            2.3197949280950363
          ],
          [
            9.95139076543266,
            2.3136682793632857
          ],
          [
            9.976455878838546,
            2.307586941608777
          ],
          [
            10.001531947104782,
            2.3015509347133967
          ],
          [
            10.026618888249507,
            2.295560278410825
          ],
          [
            10.051716620255291,
            2.289614992286479
          ],
          [
            10.076825061069417,
            2.2837150957774472
          ],
          [
            10.101944128604202,
            2.2778606081724186
          ],
          [
            10.127073740737163,
            2.2720515486116355
          ],
          [
            10.1522138153114,
            2.2662879360868087
          ],
          [
            10.177364270135753,
            2.26056978944108
          ],
          [
            10.202525022985176,
            2.254897127368938
          ],
          [
            10.227695991600921,
            2.2492699684161734
          ],
          [
            10.252877093690838,
            2.2436883309798126
          ],
          [
            10.278068246929687,
            2.238152233308052
          ],
          [
            10.30326936895932,
            2.232661693500212
          ],
          [
            10.32848037738904,
            2.2272167295066607
          ],
          [
            10.353701189795796,
            2.2218173591287713
          ],
          [
            10.378745429614387,
            2.2164988213431474
          ],
          [
            10.40379750734997,
            2.211217325967862
          ],
          [
            10.4288573682139,
            2.2059728845534945
          ],
          [
            10.453924957400542,
            2.200765508569578
          ],
          [
            10.479000220087368,
            2.195595209404579
          ],
          [
            10.504083101435022,
            2.1904619983658984
          ],
          [
            10.52917354658753,
            2.185365886679811
          ],
          [
            10.554271500672376,
            2.1803068854914467
          ],
          [
            10.579376908800578,
            2.1752850058647994
          ],
          [
            10.604489716066912,
            2.170300258782655
          ],
          [
            10.629609867549908,
            2.1653526551466076
          ],
          [
            10.654737308312088,
            2.1604422057770094
          ],
          [
            10.679871983400021,
            2.1555689214129603
          ],
          [
            10.70501383784442,
            2.150732812712285
          ],
          [
            10.73016281666034,
            2.1459338902514933
          ],
          [
            10.755318864847244,
            2.141172164525777
          ],
          [
            10.780481927389106,
            2.136447645948987
          ],
          [
            10.805651949254598,
            2.131760344853586
          ],
          [
            10.830828875397163,
            2.12711027149065
          ],
          [
            10.856012650755114,
            2.1224974360298443
          ],
          [
            10.881203220251818,
            2.117921848559387
          ],
          [
            10.906400528795793,
            2.113383519086035
          ],
          [
            10.931604521280766,
            2.108882457535077
          ],
          [
            10.956815142585896,
            2.1044186737502724
          ],
          [
            10.982032337575841,
            2.099992177493871
          ],
          [
            11.007256051100844,
            2.0956029784465757
          ],
          [
            11.032486227996944,
            2.0912510862075147
          ],
          [
            11.05772281308599,
            2.0869365102942306
          ],
          [
            11.082965751175859,
            2.082659260142653
          ],
          [
            11.108214987060537,
            2.0784193451070787
          ],
          [
            11.133470465520185,
            2.074216774460164
          ],
          [
            11.158732131321365,
            2.0700515573928793
          ],
          [
            11.183999929217105,
            2.065923703014505
          ],
          [
            11.20927380394697,
            2.0618332203526206
          ],
          [
            11.23455370023729,
            2.05778011835307
          ],
          [
            11.259839562801224,
            2.05376440587993
          ],
          [
            11.285131336338827,
            2.049786091715532
          ],
          [
            11.310428965537287,
            2.0458451845604038
          ],
          [
            11.335732395070977,
            2.0419416930332646
          ],
          [
            11.361041569601545,
            2.038075625671006
          ],
          [
            11.386356433778126,
            2.0342469909286787
          ],
          [
            11.41167693223736,
            2.0304557971794615
          ],
          [
            11.437003009603606,
            2.0267020527146595
          ],
          [
            11.462334610489025,
            2.022985765743668
          ],
          [
            11.48767167949365,
            2.019306944393965
          ],
          [
            11.513014161205602,
            2.015665596711095
          ],
          [
            11.538362000201161,
            2.0120617306586426
          ],
          [
            11.563715141044856,
            2.0084953541182267
          ],
          [
            11.589073528289651,
            2.004966474889475
          ],
          [
            11.614437106477046,
            2.001475100690003
          ],
          [
            11.639805820137147,
            1.9980212391554162
          ],
          [
            11.665179613788858,
            1.9946048978392668
          ],
          [
            11.690558431939989,
            1.99122608421305
          ],
          [
            11.715942219087312,
            1.9878848056662084
          ],
          [
            11.741330919716772,
            1.9845810695060722
          ],
          [
            11.766724478303574,
            1.9813148829578755
          ],
          [
            11.792122839312249,
            1.9780862531647396
          ],
          [
            11.81752594719689,
            1.9748951871876392
          ],
          [
            11.842933746401144,
            1.9717416920053994
          ],
          [
            11.868346181358449,
            1.9686257745146838
          ],
          [
            11.893763196492095,
            1.9655474415299672
          ],
          [
            11.919184736215323,
            1.9625066997835288
          ],
          [
            11.944610744931515,
            1.9595035559254415
          ],
          [
            11.970041167034278,
            1.9565380165235462
          ],
          [
            11.995475946907527,
            1.9536100880634446
          ],
          [
            12.020915028925693,
            1.9507197769484874
          ],
          [
            12.04635835745379,
            1.9478670894997507
          ],
          [
            12.07180587684751,
            1.9450520319560338
          ],
          [
            12.097257531453415,
            1.9422746104738349
          ],
          [
            12.122713265609033,
            1.9395348311273404
          ],
          [
            12.148173023642917,
            1.936832699908427
          ],
          [
            12.173636749874882,
            1.9341682227266201
          ],
          [
            12.19910438861601,
            1.931541405409103
          ],
          [
            12.224575884168864,
            1.9289522537006991
          ],
          [
            12.250051180827572,
            1.9264007732638542
          ],
          [
            12.275530222877915,
            1.9238869696786252
          ],
          [
            12.301012954597512,
            1.921410848442676
          ],
          [
            12.326499320255927,
            1.9189724149712561
          ],
          [
            12.35198926411472,
            1.9165716745971975
          ],
          [
            12.37748273042768,
            1.914208632570884
          ],
          [
            12.40297966344089,
            1.9118832940602675
          ],
          [
            12.428480007392796,
            1.909595664150841
          ],
          [
            12.453983706514446,
            1.9073457478456246
          ],
          [
            12.47949070502954,
            1.905133550065159
          ],
          [
            12.505000947154521,
            1.9029590756474968
          ],
          [
            12.530514377098779,
            1.900822329348192
          ],
          [
            12.556030939064735,
            1.8987233158402792
          ],
          [
            12.581550577247919,
            1.89666203971429
          ],
          [
            12.607073235837186,
            1.8946385054782033
          ],
          [
            12.632598859014731,
            1.892652717557467
          ],
          [
            12.658127390956308,
            1.8907046802949823
          ],
          [
            12.68365877583131,
            1.8887943979510837
          ],
          [
            12.709192957802847,
            1.8869218747035337
          ],
          [
            12.734729881027954,
            1.885087114647527
          ],
          [
            12.760269489657674,
            1.8832901217956617
          ],
          [
            12.78581172783713,
            1.8815309000779354
          ],
          [
            12.811356539705738,
            1.8798094533417589
          ],
          [
            12.83690386939729,
            1.878125785351907
          ],
          [
            12.862453661040023,
            1.8764798997905499
          ],
          [
            12.888005858756834,
            1.8748718002572131
          ],
          [
            12.913560406665363,
            1.8733014902688034
          ],
          [
            12.939117248878057,
            1.871768973259565
          ],
          [
            12.964676329502396,
            1.8702742525810983
          ],
          [
            12.990237592640964,
            1.8688173315023366
          ],
          [
            13.01580098239153,
            1.8673982132095583
          ],
          [
            13.041366442847263,
            1.8660169008063536
          ],
          [
            13.066933918096751,
            1.8646733973136427
          ],
          [
            13.09250335222422,
            1.8633677056696467
          ],
          [
            13.118074689309609,
            1.8620998287299024
          ],
          [
            13.143647873428652,
            1.8608697692672473
          ],
          [
            13.169222848653087,
            1.859677529971798
          ],
          [
            13.19479955905074,
            1.8585231134509792
          ],
          [
            13.22037794868559,
            1.8574065222294798
          ],
          [
            13.245957961617995,
            1.8563277587492757
          ],
          [
            13.271539541904755,
            1.8552868253696138
          ],
          [
            13.297122633599207,
            1.8542837243669983
          ],
          [
            13.322707180751419,
            1.8533184579352016
          ],
          [
            13.348293127408281,
            1.8523910281852565
          ],
          [
            13.373880417613577,
            1.8515014371454352
          ],
          [
            13.399468995408196,
            1.8506496867612667
          ],
          [
            13.425058804830208,
            1.8498357788955153
          ],
          [
            13.450649789914953,
            1.8490597153281982
          ],
          [
            13.476241894695253,
            1.8483214977565507
          ],
          [
            13.501835063201423,
            1.847621127795046
          ],
          [
            13.527429239461494,
            1.8469586069753892
          ],
          [
            13.553024367501301,
            1.8463339367465024
          ],
          [
            13.578620391344543,
            1.845747118474539
          ],
          [
            13.60421725501301,
            1.8451981534428552
          ],
          [
            13.629814902526658,
            1.8446870428520385
          ],
          [
            13.655413277903675,
            1.8442137878198825
          ],
          [
            13.68101232516071,
            1.8437783893813866
          ],
          [
            13.70661198831294,
            1.843380848488764
          ],
          [
            13.732212211374147,
            1.843021166011433
          ],
          [
            13.75781293835694,
            1.842699342736012
          ],
          [
            13.783414113272823,
            1.8424153793663314
          ],
          [
            13.809015680132273,
            1.8421692765234101
          ],
          [
            13.834617582944972,
            1.8419610347454767
          ],
          [
            13.860219765719805,
            1.8417906544879505
          ],
          [
            13.885822172465094,
            1.841658136123454
          ],
          [
            13.911424747188667,
            1.8415634799417973
          ],
          [
            13.937027433897944,
            1.8415066861499998
          ],
          [
            13.962630176600143,
            1.8414877548722692
          ],
          [
            13.98759647147477,
            1.8414877548722692
          ],
          [
            14.012562766349395,
            1.8414877548722692
          ],
          [
            14.037529061224022,
            1.8414877548722692
          ],
          [
            14.062495356098648,
            1.8414877548722692
          ],
          [
            14.087461650973275,
            1.8414877548722692
          ],
          [
            14.1124279458479,
            1.8414877548722692
          ],
          [
            14.137394240722527,
            1.8414877548722692
          ],
          [
            14.162360535597152,
            1.8414877548722692
          ],
          [
            14.187326830471779,
            1.8414877548722692
          ],
          [
            14.212293125346404,
            1.8414877548722692
          ],
          [
            14.237259420221031,
            1.8414877548722692
          ],
          [
            14.262225715095656,
            1.8414877548722692
          ],
          [
            14.287192009970283,
            1.8414877548722692
          ],
          [
            14.31215830484491,
            1.8414877548722692
          ],
          [
            14.337124599719536,
            1.8414877548722692
          ],
          [
            14.362090894594163,
            1.8414877548722692
          ],
          [
            14.387057189468788,
            1.8414877548722692
          ],
          [
            14.412023484343415,
            1.8414877548722692
          ],
          [
            14.43698977921804,
            1.8414877548722692
          ],
          [
            14.461956074092667,
            1.8414877548722692
          ],
          [
            14.486922368967292,
            1.8414877548722692
          ],
          [
            14.511888663841919,
            1.8414877548722692
          ],
          [
            14.536854958716546,
            1.8414877548722692
          ],
          [
            14.561821253591171,
            1.8414877548722692
          ],
          [
            14.586787548465798,
            1.8414877548722692
          ],
          [
            14.611753843340423,
            1.8414877548722692
          ],
          [
            14.63672013821505,
            1.8414877548722692
          ],
          [
            14.661686433089676,
            1.8414877548722692
          ],
          [
            14.686652727964303,
            1.8414877548722692
          ],
          [
            14.711619022838928,
            1.8414877548722692
          ],
          [
            14.736585317713555,
            1.8414877548722692
          ],
          [
            14.76155161258818,
            1.8414877548722692
          ],
          [
            14.786517907462807,
            1.8414877548722692
          ],
          [
            14.811484202337432,
            1.8414877548722692
          ],
          [
            14.83645049721206,
            1.8414877548722692
          ],
          [
            14.861416792086686,
            1.8414877548722692
          ],
          [
            14.886383086961311,
            1.8414877548722692
          ],
          [
            14.911349381835938,
            1.8414877548722692
          ],
          [
            14.936315676710564,
            1.8414877548722692
          ],
          [
            14.96128197158519,
            1.8414877548722692
          ],
          [
            14.986248266459816,
            1.8414877548722692
          ],
          [
            15.011214561334443,
            1.8414877548722692
          ],
          [
            15.036180856209068,
            1.8414877548722692
          ],
          [
            15.061147151083695,
            1.8414877548722692
          ],
          [
            15.08611344595832,
            1.8414877548722692
          ],
          [
            15.111079740832947,
            1.8414877548722692
          ],
          [
            15.136046035707574,
            1.8414877548722692
          ],
          [
            15.1610123305822,
            1.8414877548722692
          ],
          [
            15.185978625456826,
            1.8414877548722692
          ],
          [
            15.210944920331452,
            1.8414877548722692
          ],
          [
            15.235911215206078,
            1.8414877548722692
          ],
          [
            15.260877510080704,
            1.8414877548722692
          ],
          [
            15.28584380495533,
            1.8414877548722692
          ],
          [
            15.310810099829956,
            1.8414877548722692
          ],
          [
            15.335776394704583,
            1.8414877548722692
          ],
          [
            15.360742689579208,
            1.8414877548722692
          ],
          [
            15.385708984453835,
            1.8414877548722692
          ],
          [
            15.410675279328462,
            1.8414877548722692
          ],
          [
            15.435641574203087,
            1.8414877548722692
          ],
          [
            15.460607869077712,
            1.8414877548722692
          ],
          [
            15.48557416395234,
            1.8414877548722692
          ],
          [
            15.510540458826966,
            1.8414877548722692
          ],
          [
            15.535506753701592,
            1.8414877548722692
          ],
          [
            15.560473048576219,
            1.8414877548722692
          ],
          [
            15.585439343450844,
            1.8414877548722692
          ],
          [
            15.61040563832547,
            1.8414877548722692
          ],
          [
            15.635371933200096,
            1.8414877548722692
          ],
          [
            15.660338228074723,
            1.8414877548722692
          ],
          [
            15.685304522949348,
            1.8414877548722692
          ],
          [
            15.710270817823975,
            1.8414877548722692
          ],
          [
            15.735237112698602,
            1.8414877548722692
          ],
          [
            15.760203407573227,
            1.8414877548722692
          ],
          [
            15.785169702447854,
            1.8414877548722692
          ],
          [
            15.81013599732248,
            1.8414877548722692
          ],
          [
            15.835102292197107,
            1.8414877548722692
          ],
          [
            15.860068587071732,
            1.8414877548722692
          ],
          [
            15.885034881946359,
            1.8414877548722692
          ],
          [
            15.910001176820984,
            1.8414877548722692
          ],
          [
            15.934967471695611,
            1.8414877548722692
          ],
          [
            15.959933766570238,
            1.8414877548722692
          ],
          [
            15.984900061444863,
            1.8414877548722692
          ],
          [
            16.00986635631949,
            1.8414877548722692
          ],
          [
            16.034832651194115,
            1.8414877548722692
          ],
          [
            16.059798946068742,
            1.8414877548722692
          ],
          [
            16.08476524094337,
            1.8414877548722692
          ],
          [
            16.109731535817993,
            1.8414877548722692
          ],
          [
            16.13469783069262,
            1.8414877548722692
          ],
          [
            16.159664125567247,
            1.8414877548722692
          ],
          [
            16.184630420441874,
            1.8414877548722692
          ],
          [
            16.209596715316497,
            1.8414877548722692
          ],
          [
            16.234563010191124,
            1.8414877548722692
          ],
          [
            16.25952930506575,
            1.8414877548722692
          ],
          [
            16.284495599940378,
            1.8414877548722692
          ],
          [
            16.309461894815005,
            1.8414877548722692
          ],
          [
            16.33442818968963,
            1.8414877548722692
          ],
          [
            16.359394484564255,
            1.8414877548722692
          ],
          [
            16.384360779438882,
            1.8414877548722692
          ],
          [
            16.40932707431351,
            1.8414877548722692
          ],
          [
            16.434293369188133,
            1.8414877548722692
          ],
          [
            16.45925966406276,
            1.8414877548722692
          ],
          [
            16.484225958937387,
            1.8414877548722692
          ],
          [
            16.509192253812014,
            1.8414877548722692
          ],
          [
            16.53415854868664,
            1.8414877548722692
          ],
          [
            16.559124843561264,
            1.8414877548722692
          ],
          [
            16.58409113843589,
            1.8414877548722692
          ],
          [
            16.609057433310518,
            1.8414877548722692
          ],
          [
            16.63402372818514,
            1.8414877548722692
          ],
          [
            16.65899002305977,
            1.8414877548722692
          ],
          [
            16.683956317934395,
            1.8414877548722692
          ],
          [
            16.708922612809022,
            1.8414877548722692
          ],
          [
            16.73388890768365,
            1.8414877548722692
          ],
          [
            16.758855202558273,
            1.8414877548722692
          ],
          [
            16.7838214974329,
            1.8414877548722692
          ],
          [
            16.808787792307527,
            1.8414877548722692
          ],
          [
            16.833754087182154,
            1.8414877548722692
          ],
          [
            16.85872038205678,
            1.8414877548722692
          ],
          [
            16.883686676931404,
            1.8414877548722692
          ],
          [
            16.90865297180603,
            1.8414877548722692
          ],
          [
            16.933619266680658,
            1.8414877548722692
          ],
          [
            16.95858556155528,
            1.8414877548722692
          ],
          [
            16.98355185642991,
            1.8414877548722692
          ],
          [
            17.008518151304536,
            1.8414877548722692
          ],
          [
            17.033484446179163,
            1.8414877548722692
          ],
          [
            17.05845074105379,
            1.8414877548722692
          ],
          [
            17.083417035928413,
            1.8414877548722692
          ],
          [
            17.10838333080304,
            1.8414877548722692
          ],
          [
            17.133349625677667,
            1.8414877548722692
          ],
          [
            17.158315920552294,
            1.8414877548722692
          ],
          [
            17.18328221542692,
            1.8414877548722692
          ],
          [
            17.208248510301544,
            1.8414877548722692
          ],
          [
            17.23321480517617,
            1.8414877548722692
          ],
          [
            17.2581811000508,
            1.8414877548722692
          ],
          [
            17.283147394925425,
            1.8414877548722692
          ],
          [
            17.30811368980005,
            1.8414877548722692
          ],
          [
            17.333079984674676,
            1.8414877548722692
          ],
          [
            17.358046279549303,
            1.8414877548722692
          ],
          [
            17.38301257442393,
            1.8414877548722692
          ],
          [
            17.407978869298553,
            1.8414877548722692
          ],
          [
            17.43294516417318,
            1.8414877548722692
          ],
          [
            17.457911459047807,
            1.8414877548722692
          ],
          [
            17.482877753922434,
            1.8414877548722692
          ],
          [
            17.50784404879706,
            1.8414877548722692
          ],
          [
            17.532810343671684,
            1.8414877548722692
          ],
          [
            17.55777663854631,
            1.8414877548722692
          ],
          [
            17.58274293342094,
            1.8414877548722692
          ],
          [
            17.607709228295565,
            1.8414877548722692
          ],
          [
            17.632675523170192,
            1.8414877548722692
          ],
          [
            17.657641818044816,
            1.8414877548722692
          ],
          [
            17.682608112919443,
            1.8414877548722692
          ],
          [
            17.70757440779407,
            1.8414877548722692
          ],
          [
            17.732540702668697,
            1.8414877548722692
          ],
          [
            17.75750699754332,
            1.8414877548722692
          ],
          [
            17.782473292417947,
            1.8414877548722692
          ],
          [
            17.807439587292574,
            1.8414877548722692
          ],
          [
            17.8324058821672,
            1.8414877548722692
          ],
          [
            17.857372177041825,
            1.8414877548722692
          ],
          [
            17.88233847191645,
            1.8414877548722692
          ],
          [
            17.90730476679108,
            1.8414877548722692
          ],
          [
            17.932271061665706,
            1.8414877548722692
          ],
          [
            17.957237356540332,
            1.8414877548722692
          ],
          [
            17.982203651414956,
            1.8414877548722692
          ],
          [
            18.007169946289583,
            1.8414877548722692
          ],
          [
            18.03213624116421,
            1.8414877548722692
          ],
          [
            18.057102536038837,
            1.8414877548722692
          ],
          [
            18.08206883091346,
            1.8414877548722692
          ],
          [
            18.107035125788087,
            1.8414877548722692
          ],
          [
            18.132001420662714,
            1.8414877548722692
          ],
          [
            18.15696771553734,
            1.8414877548722692
          ],
          [
            18.181934010411965,
            1.8414877548722692
          ],
          [
            18.20690030528659,
            1.8414877548722692
          ],
          [
            18.23186660016122,
            1.8414877548722692
          ],
          [
            18.256832895035846,
            1.8414877548722692
          ],
          [
            18.281799189910473,
            1.8414877548722692
          ],
          [
            18.306765484785096,
            1.8414877548722692
          ],
          [
            18.331731779659723,
            1.8414877548722692
          ],
          [
            18.35669807453435,
            1.8414877548722692
          ],
          [
            18.381664369408973,
            1.8414877548722692
          ],
          [
            18.4066306642836,
            1.8414877548722692
          ],
          [
            18.431596959158227,
            1.8414877548722692
          ],
          [
            18.456563254032854,
            1.8414877548722692
          ],
          [
            18.48152954890748,
            1.8414877548722692
          ],
          [
            18.506495843782105,
            1.8414877548722692
          ],
          [
            18.53146213865673,
            1.8414877548722692
          ],
          [
            18.55642843353136,
            1.8414877548722692
          ],
          [
            18.581394728405986,
            1.8414877548722692
          ],
          [
            18.606361023280613,
            1.8414877548722692
          ],
          [
            18.631327318155236,
            1.8414877548722692
          ],
          [
            18.656293613029863,
            1.8414877548722692
          ],
          [
            18.68125990790449,
            1.8414877548722692
          ],
          [
            18.706226202779114,
            1.8414877548722692
          ],
          [
            18.73119249765374,
            1.8414877548722692
          ],
          [
            18.756158792528367,
            1.8414877548722692
          ],
          [
            18.781125087402994,
            1.8414877548722692
          ],
          [
            18.80609138227762,
            1.8414877548722692
          ],
          [
            18.831057677152245,
            1.8414877548722692
          ],
          [
            18.856023972026872,
            1.8414877548722692
          ],
          [
            18.8809902669015,
            1.8414877548722692
          ],
          [
            18.905956561776126,
            1.8414877548722692
          ],
          [
            18.930922856650753,
            1.8414877548722692
          ],
          [
            18.955889151525376,
            1.8414877548722692
          ],
          [
            18.980855446400003,
            1.8414877548722692
          ],
          [
            19.00582174127463,
            1.8414877548722692
          ],
          [
            19.030788036149254,
            1.8414877548722692
          ],
          [
            19.05575433102388,
            1.8414877548722692
          ],
          [
            19.080720625898508,
            1.8414877548722692
          ],
          [
            19.105686920773135,
            1.8414877548722692
          ],
          [
            19.13065321564776,
            1.8414877548722692
          ],
          [
            19.155619510522385,
            1.8414877548722692
          ],
          [
            19.180585805397012,
            1.8414877548722692
          ],
          [
            19.20555210027164,
            1.8414877548722692
          ],
          [
            19.230518395146266,
            1.8414877548722692
          ],
          [
            19.255484690020893,
            1.8414877548722692
          ],
          [
            19.280450984895516,
            1.8414877548722692
          ],
          [
            19.305417279770143,
            1.8414877548722692
          ],
          [
            19.33038357464477,
            1.8414877548722692
          ],
          [
            19.355349869519394,
            1.8414877548722692
          ],
          [
            19.380316164394024,
            1.8414877548722692
          ],
          [
            19.405282459268648,
            1.8414877548722692
          ],
          [
            19.430248754143275,
            1.8414877548722692
          ],
          [
            19.4552150490179,
            1.8414877548722692
          ],
          [
            19.480181343892525,
            1.8414877548722692
          ],
          [
            19.505147638767152,
            1.8414877548722692
          ],
          [
            19.53011393364178,
            1.8414877548722692
          ],
          [
            19.555080228516406,
            1.8414877548722692
          ],
          [
            19.580046523391033,
            1.8414877548722692
          ],
          [
            19.605012818265656,
            1.8414877548722692
          ],
          [
            19.629979113140283,
            1.8414877548722692
          ],
          [
            19.65494540801491,
            1.8414877548722692
          ],
          [
            19.679911702889537,
            1.8414877548722692
          ],
          [
            19.704877997764164,
            1.8414877548722692
          ],
          [
            19.729844292638788,
            1.8414877548722692
          ],
          [
            19.754810587513415,
            1.8414877548722692
          ],
          [
            19.77977688238804,
            1.8414877548722692
          ],
          [
            19.804743177262665,
            1.8414877548722692
          ],
          [
            19.829709472137296,
            1.8414877548722692
          ],
          [
            19.85467576701192,
            1.8414877548722692
          ],
          [
            19.879642061886546,
            1.8414877548722692
          ],
          [
            19.904608356761173,
            1.8414877548722692
          ],
          [
            19.929574651635797,
            1.8414877548722692
          ],
          [
            19.954540946510424,
            1.8414877548722692
          ],
          [
            19.97950724138505,
            1.8414877548722692
          ],
          [
            20.004473536259678,
            1.8414877548722692
          ],
          [
            20.029439831134304,
            1.8414877548722692
          ],
          [
            20.054406126008928,
            1.8414877548722692
          ],
          [
            20.079372420883555,
            1.8414877548722692
          ],
          [
            20.104338715758182,
            1.8414877548722692
          ],
          [
            20.12930501063281,
            1.8414877548722692
          ],
          [
            20.154271305507436,
            1.8414877548722692
          ],
          [
            20.17923760038206,
            1.8414877548722692
          ],
          [
            20.204203895256686,
            1.8414877548722692
          ],
          [
            20.229170190131313,
            1.8414877548722692
          ],
          [
            20.254136485005937,
            1.8414877548722692
          ],
          [
            20.279102779880564,
            1.8414877548722692
          ],
          [
            20.30406907475519,
            1.8414877548722692
          ],
          [
            20.329035369629818,
            1.8414877548722692
          ],
          [
            20.354001664504445,
            1.8414877548722692
          ],
          [
            20.378967959379068,
            1.8414877548722692
          ],
          [
            20.403934254253695,
            1.8414877548722692
          ],
          [
            20.428900549128322,
            1.8414877548722692
          ],
          [
            20.45386684400295,
            1.8414877548722692
          ],
          [
            20.478833138877576,
            1.8414877548722692
          ],
          [
            20.5037994337522,
            1.8414877548722692
          ],
          [
            20.528765728626826,
            1.8414877548722692
          ],
          [
            20.553732023501453,
            1.8414877548722692
          ],
          [
            20.578698318376077,
            1.8414877548722692
          ],
          [
            20.603664613250704,
            1.8414877548722692
          ],
          [
            20.62863090812533,
            1.8414877548722692
          ]
        ]
      }
    }
  ]
}
