s_m,x_m,y_m,yaw_rad,curvature_1pm,left_clearance_m,right_clearance_m
0.000000000,20.628630908,2.298687755,0.000000000,0.000000000,0.457200000,0.457200000
0.024982220,20.653613128,2.298687755,0.000000000,0.000000000,0.457200000,0.457200000
0.049964439,20.678595347,2.298687755,0.000000000,0.000000000,0.457200000,0.457200000
0.074946659,20.703577567,2.298687755,0.000000000,0.000000000,0.457200000,0.457200000
0.099928878,20.728559786,2.298687755,0.000000000,0.000000000,0.457200000,0.457200000
0.124911098,20.753542006,2.298687755,0.000000000,0.000000000,0.457200000,0.457200000
0.149893317,20.778524225,2.298687755,0.000000000,0.000000000,0.457200000,0.457200000
0.174875537,20.803506445,2.298687755,0.000000000,0.000000000,0.457200000,0.457200000
0.199857756,20.828488664,2.298687755,0.000000000,0.000000000,0.457200000,0.457200000
0.224839976,20.853470884,2.298687755,0.000000000,0.000000000,0.457200000,0.457200000
0.249822195,20.878453103,2.298687755,0.000000000,0.000000000,0.457200000,0.457200000
0.274804415,20.903435323,2.298687755,0.000000000,0.000000000,0.457200000,0.457200000
0.299786634,20.928417542,2.298687755,0.000000000,0.000000000,0.457200000,0.457200000
0.324768854,20.953399762,2.298687755,0.000000000,0.000000000,0.457200000,0.457200000
0.349751073,20.978381981,2.298687755,0.000000000,0.000000000,0.457200000,0.457200000
0.374733293,21.003364201,2.298687755,0.000000000,0.000000000,0.457200000,0.457200000
0.399715512,21.028346420,2.298687755,0.000000000,0.000000000,0.457200000,0.457200000
0.424697732,21.053328640,2.298687755,0.000000000,0.000000000,0.457200000,0.457200000
0.449679951,21.078310859,2.298687755,0.000000000,0.000000000,0.457200000,0.457200000
0.474662171,21.103293079,2.298687755,0.000000000,0.000000000,0.457200000,0.457200000
0.499644390,21.128275298,2.298687755,0.000000000,0.000000000,0.457200000,0.457200000
0.524626610,21.153257518,2.298687755,0.000000000,0.000000000,0.457200000,0.457200000
0.549608829,21.178239737,2.298687755,0.000000000,0.000000000,0.457200000,0.457200000
0.574591049,21.203221957,2.298687755,0.000000000,0.000000000,0.457200000,0.457200000
0.599573268,21.228204176,2.298687755,0.000000000,0.000000000,0.457200000,0.457200000
0.624555488,21.253186396,2.298687755,0.000000000,0.000000000,0.457200000,0.457200000
0.649537707,21.278168615,2.298687755,0.000000000,0.000000000,0.457200000,0.457200000
0.674519927,21.303150835,2.298687755,0.000000000,0.000000000,0.457200000,0.457200000
0.699502146,21.328133054,2.298687755,0.000000000,0.000000000,0.457200000,0.457200000
0.724484366,21.353115274,2.298687755,0.000000000,0.000000000,0.457200000,0.457200000
0.749466585,21.378097494,2.298687755,0.000000000,0.000000000,0.457200000,0.457200000
0.774448805,21.403079713,2.298687755,0.000000000,0.000000000,0.457200000,0.457200000
0.799431024,21.428061933,2.298687755,0.000000000,0.000000000,0.457200000,0.457200000
0.824413244,21.453044152,2.298687755,0.000000000,0.000000000,0.457200000,0.457200000
0.849395463,21.478026372,2.298687755,0.000000000,0.000000000,0.457200000,0.457200000
0.874377683,21.503008591,2.298687755,0.000000000,0.000000000,0.457200000,0.457200000
0.899359902,21.527990811,2.298687755,0.000000000,0.000000000,0.457200000,0.457200000
0.924342122,21.552973030,2.298687755,0.000000000,0.000000000,0.457200000,0.457200000
0.949324341,21.577955250,2.298687755,0.000000000,0.000000000,0.457200000,0.457200000
0.974306561,21.602937469,2.298687755,0.000000000,0.000000000,0.457200000,0.457200000
0.999288781,21.627919689,2.298687755,0.000000000,0.000000000,0.457200000,0.457200000
1.024271000,21.652901908,2.298687755,0.000000000,0.000000000,0.457200000,0.457200000
1.049253220,21.677884128,2.298687755,0.000000000,0.000000000,0.457200000,0.457200000
1.074235439,21.702866347,2.298687755,0.000000000,0.000000000,0.457200000,0.457200000
1.099217659,21.727848567,2.298687755,0.000000000,0.000000000,0.457200000,0.457200000
1.124199878,21.752830786,2.298687755,0.000000000,0.000000000,0.457200000,0.457200000
1.149182098,21.777813006,2.298687755,0.000000000,0.000000000,0.457200000,0.457200000
1.174164317,21.802795225,2.298687755,0.000000000,0.000000000,0.457200000,0.457200000
1.199146537,21.827777445,2.298687755,0.000000000,0.000000000,0.457200000,0.457200000
1.224128756,21.852759664,2.298687755,0.000000000,0.000000000,0.457200000,0.457200000
1.249110976,21.877741884,2.298687755,0.000000000,0.000000000,0.457200000,0.457200000
1.274093195,21.902724103,2.298687755,0.000000000,0.000000000,0.457200000,0.457200000
1.299075415,21.927706323,2.298687755,0.000000000,0.000000000,0.457200000,0.457200000
1.324057634,21.952688542,2.298687755,0.000000000,0.000000000,0.457200000,0.457200000
1.349039854,21.977670762,2.298687755,0.000000000,0.000000000,0.457200000,0.457200000
1.374022073,22.002652981,2.298687755,0.000000000,0.000000000,0.457200000,0.457200000
1.399004293,22.027635201,2.298687755,0.000000000,0.000000000,0.457200000,0.457200000
1.423986512,22.052617420,2.298687755,0.000000000,0.000000000,0.457200000,0.457200000
1.448968732,22.077599640,2.298687755,0.000000000,0.000000000,0.457200000,0.457200000
1.473950951,22.102581859,2.298687755,0.000000000,0.000000000,0.457200000,0.457200000
1.498933171,22.127564079,2.298687755,0.000000000,0.000000000,0.457200000,0.457200000
1.523915390,22.152546298,2.298687755,0.000000000,0.000000000,0.457200000,0.457200000
1.548897610,22.177528518,2.298687755,0.000000000,0.000000000,0.457200000,0.457200000
1.573879829,22.202510737,2.298687755,0.000000000,0.000000000,0.457200000,0.457200000
1.598862049,22.227492957,2.298687755,0.000000000,0.000000000,0.457200000,0.457200000
1.623844268,22.252475176,2.298687755,0.000000000,0.000000000,0.457200000,0.457200000
1.648826488,22.277457396,2.298687755,0.000000000,0.000000000,0.457200000,0.457200000
1.673808707,22.302439615,2.298687755,0.000000000,0.000000000,0.457200000,0.457200000
1.698790927,22.327421835,2.298687755,0.000000000,0.000000000,0.457200000,0.457200000
1.723773146,22.352404055,2.298687755,0.000000000,0.000000000,0.457200000,0.457200000
1.748755366,22.377386274,2.298687755,0.000000000,0.000000000,0.457200000,0.457200000
1.773737585,22.402368494,2.298687755,0.000000000,0.000000000,0.457200000,0.457200000
1.798719805,22.427350713,2.298687755,0.000000000,0.000000000,0.457200000,0.457200000
1.823702024,22.452332933,2.298687755,0.000000000,0.000000000,0.457200000,0.457200000
1.848684244,22.477315152,2.298687755,0.000000000,0.000000000,0.457200000,0.457200000
1.873666463,22.502297372,2.298687755,0.000000000,0.000000000,0.457200000,0.457200000
1.898648683,22.527279591,2.298687755,0.000000000,0.000000000,0.457200000,0.457200000
1.923630902,22.552261811,2.298687755,0.000000000,0.000000000,0.457200000,0.457200000
1.948613122,22.577244030,2.298687755,0.000000000,0.000000000,0.457200000,0.457200000
1.973595342,22.602226250,2.298687755,0.000000000,0.000000000,0.457200000,0.457200000
1.998577561,22.627208469,2.298687755,0.000000000,0.000000000,0.457200000,0.457200000
2.023559781,22.652190689,2.298687755,0.000000000,0.000000000,0.457200000,0.457200000
2.048542000,22.677172908,2.298687755,0.000000000,0.000000000,0.457200000,0.457200000
2.073524220,22.702155128,2.298687755,0.000000000,0.000000000,0.457200000,0.457200000
2.098506439,22.727137347,2.298687755,0.000000000,0.000000000,0.457200000,0.457200000
2.123488659,22.752119567,2.298687755,0.000000000,0.000000000,0.457200000,0.457200000
2.148470878,22.777101786,2.298687755,0.000000000,0.000000000,0.457200000,0.457200000
2.173453098,22.802084006,2.298687755,0.000000000,0.000000000,0.457200000,0.457200000
2.198435317,22.827066225,2.298687755,0.000000000,0.000000000,0.457200000,0.457200000
2.223417537,22.852048445,2.298687755,0.000000000,0.000000000,0.457200000,0.457200000
2.248399756,22.877030664,2.298687755,0.000000000,0.000000000,0.457200000,0.457200000
2.273381976,22.902012884,2.298687755,0.000000000,0.000000000,0.457200000,0.457200000
2.298364195,22.926995103,2.298687755,0.000000000,0.000000000,0.457200000,0.457200000
2.323346415,22.951977323,2.298687755,0.000000000,0.000000000,0.457200000,0.457200000
2.348328634,22.976959542,2.298687755,0.000000000,0.000000000,0.457200000,0.457200000
2.373310854,23.001941762,2.298687755,0.000000000,0.000000000,0.457200000,0.457200000
2.398293073,23.026923981,2.298687755,0.000000000,0.000000000,0.457200000,0.457200000
2.423275293,23.051906201,2.298687755,0.000000000,0.000000000,0.457200000,0.457200000
2.448257512,23.076888420,2.298687755,0.000000000,0.000000000,0.457200000,0.457200000
2.473239732,23.101870640,2.298687755,0.000000000,0.000000000,0.457200000,0.457200000
2.498221951,23.126852859,2.298687755,0.000000000,0.000000000,0.457200000,0.457200000
2.523204171,23.151835079,2.298687755,0.000000000,0.000000000,0.457200000,0.457200000
2.548186390,23.176817298,2.298687755,0.000000000,0.000000000,0.457200000,0.457200000
2.573168610,23.201799518,2.298687755,0.000000000,0.000000000,0.457200000,0.457200000
2.598150829,23.226781737,2.298687755,0.000000000,0.000000000,0.457200000,0.457200000
2.623133049,23.251763957,2.298687755,0.000000000,0.000000000,0.457200000,0.457200000
2.648115268,23.276746176,2.298687755,0.000000000,0.000000000,0.457200000,0.457200000
2.673097488,23.301728396,2.298687755,0.000000000,0.000000000,0.457200000,0.457200000
2.698079707,23.326710616,2.298687755,0.000000000,0.000000000,0.457200000,0.457200000
2.723061927,23.351692835,2.298687755,0.000000000,0.000000000,0.457200000,0.457200000
2.748044146,23.376675055,2.298687755,0.000000000,0.000000000,0.457200000,0.457200000
2.773026366,23.401657274,2.298687755,0.000000000,0.000000000,0.457200000,0.457200000
2.798008585,23.426639494,2.298687755,0.000000000,0.000000000,0.457200000,0.457200000
2.822990805,23.451621713,2.298687755,0.000000000,0.000000000,0.457200000,0.457200000
2.847973024,23.476603933,2.298687755,0.000000000,0.000000000,0.457200000,0.457200000
2.872955244,23.501586152,2.298687755,0.000000000,0.000000000,0.457200000,0.457200000
2.897937463,23.526568372,2.298687755,0.000000000,0.000000000,0.457200000,0.457200000
2.922919683,23.551550591,2.298687755,0.000000000,0.000000000,0.457200000,0.457200000
2.947901903,23.576532811,2.298687755,0.000000000,0.000000000,0.457200000,0.457200000
2.972884122,23.601515030,2.298687755,0.000000000,0.000000000,0.457200000,0.457200000
2.997866342,23.626497250,2.298687755,0.000000000,0.000000000,0.457200000,0.457200000
3.022848561,23.651479469,2.298687755,0.000000000,0.000000000,0.457200000,0.457200000
3.047830781,23.676461689,2.298687755,0.000000000,0.000000000,0.457200000,0.457200000
3.072813000,23.701443908,2.298687755,0.000000000,0.000000000,0.457200000,0.457200000
3.097795220,23.726426128,2.298687755,0.000000000,0.000000000,0.457200000,0.457200000
3.122777439,23.751408347,2.298687755,0.000000000,0.000000000,0.457200000,0.457200000
3.147759659,23.776390567,2.298687755,0.000000000,0.000000000,0.457200000,0.457200000
3.172741878,23.801372786,2.298687755,0.000000000,0.000000000,0.457200000,0.457200000
3.197724098,23.826355006,2.298687755,0.000000000,0.000000000,0.457200000,0.457200000
3.222706317,23.851337225,2.298687755,0.000000000,0.000000000,0.457200000,0.457200000
3.247688537,23.876319445,2.298687755,0.000000000,0.000000000,0.457200000,0.457200000
3.272670756,23.901301664,2.298687755,0.000000000,0.000000000,0.457200000,0.457200000
3.297652976,23.926283884,2.298687755,0.000000000,0.000000000,0.457200000,0.457200000
3.322635195,23.951266103,2.298687755,0.000000000,0.000000000,0.457200000,0.457200000
3.347617415,23.976248323,2.298687755,0.000000000,0.000000000,0.457200000,0.457200000
3.372599634,24.001230542,2.298687755,0.000000000,0.000000000,0.457200000,0.457200000
3.397581854,24.026212762,2.298687755,0.000000000,0.000000000,0.457200000,0.457200000
3.422564073,24.051194981,2.298687755,0.000000000,0.000000000,0.457200000,0.457200000
3.447546293,24.076177201,2.298687755,0.000000000,0.000000000,0.457200000,0.457200000
3.472528512,24.101159420,2.298687755,0.000000000,0.000000000,0.457200000,0.457200000
3.497510732,24.126141640,2.298687755,0.000000000,0.000000000,0.457200000,0.457200000
3.522492951,24.151123859,2.298687755,0.000000000,0.000000000,0.457200000,0.457200000
3.547475171,24.176106079,2.298687755,0.000000000,0.000000000,0.457200000,0.457200000
3.572457390,24.201088298,2.298687755,0.000000000,0.000000000,0.457200000,0.457200000
3.597439610,24.226070518,2.298687755,0.000000000,0.000000000,0.457200000,0.457200000
3.622421829,24.251052737,2.298687755,0.000000000,0.000000000,0.457200000,0.457200000
3.647404049,24.276034957,2.298687755,0.000000000,0.000000000,0.457200000,0.457200000
3.672386268,24.301017177,2.298687755,0.000000000,0.000000000,0.457200000,0.457200000
3.697368488,24.325999396,2.298687755,0.000000000,0.000000000,0.457200000,0.457200000
3.722350707,24.350981616,2.298687755,0.000000000,0.000000000,0.457200000,0.457200000
3.747332927,24.375963835,2.298687755,0.000000000,0.000000000,0.457200000,0.457200000
3.772315146,24.400946055,2.298687755,0.000000000,0.000000000,0.457200000,0.457200000
3.797297366,24.425928274,2.298687755,0.000000000,0.000000000,0.457200000,0.457200000
3.822279585,24.450910494,2.298687755,0.000000000,0.000000000,0.457200000,0.457200000
3.847261805,24.475892713,2.298687755,0.000000000,0.000000000,0.457200000,0.457200000
3.872244024,24.500874933,2.298687755,0.000000000,0.000000000,0.457200000,0.457200000
3.897226244,24.525857152,2.298687755,0.000000000,0.000000000,0.457200000,0.457200000
3.922208464,24.550839372,2.298687755,0.000000000,0.000000000,0.457200000,0.457200000
3.947190683,24.575821591,2.298687755,0.000000000,0.000000000,0.457200000,0.457200000
3.972172903,24.600803811,2.298687755,0.000000000,0.000000000,0.457200000,0.457200000
3.997155122,24.625786030,2.298687755,0.000000000,0.000000000,0.457200000,0.457200000
4.022137342,24.650768250,2.298687755,0.000000000,0.000000000,0.457200000,0.457200000
4.047119561,24.675750469,2.298687755,0.000000000,0.000000000,0.457200000,0.457200000
4.072101781,24.700732689,2.298687755,0.000000000,0.000000000,0.457200000,0.457200000
4.097084000,24.725714908,2.298687755,0.000000000,0.000000000,0.457200000,0.457200000
4.122066220,24.750697128,2.298687755,0.000000000,0.000000000,0.457200000,0.457200000
4.147048439,24.775679347,2.298687755,0.000000000,0.000000000,0.457200000,0.457200000
4.172030659,24.800661567,2.298687755,0.000000000,0.000000000,0.457200000,0.457200000
4.197012878,24.825643786,2.298687755,0.000000000,0.000000000,0.457200000,0.457200000
4.221995098,24.850626006,2.298687755,0.000000000,0.000000000,0.457200000,0.457200000
4.246977317,24.875608225,2.298687755,0.000000000,0.000000000,0.457200000,0.457200000
4.271959537,24.900590445,2.298687755,0.000000000,0.000000000,0.457200000,0.457200000
4.296941756,24.925572664,2.298687755,0.000000000,0.000000000,0.457200000,0.457200000
4.321923976,24.950554884,2.298687755,0.000000000,0.000000000,0.457200000,0.457200000
4.346906195,24.975537103,2.298687755,0.000000000,0.000000000,0.457200000,0.457200000
4.371888415,25.000519323,2.298687755,0.000000000,0.000000000,0.457200000,0.457200000
4.396870634,25.025501542,2.298687755,0.000000000,0.000000000,0.457200000,0.457200000
4.421852854,25.050483762,2.298687755,0.000000000,0.000000000,0.457200000,0.457200000
4.446835073,25.075465981,2.298687755,0.000000000,0.000000000,0.457200000,0.457200000
4.471817293,25.100448201,2.298687755,0.000000000,0.000000000,0.457200000,0.457200000
4.496799512,25.125430420,2.298687755,0.000000000,0.000000000,0.457200000,0.457200000
4.521781732,25.150412640,2.298687755,0.000000000,0.000000000,0.457200000,0.457200000
4.546763951,25.175394859,2.298687755,0.000000000,0.000000000,0.457200000,0.457200000
4.571746171,25.200377079,2.298687755,0.000000000,0.000000000,0.457200000,0.457200000
4.596728390,25.225359298,2.298687755,0.000000000,0.000000000,0.457200000,0.457200000
4.621710610,25.250341518,2.298687755,0.000000000,0.000000000,0.457200000,0.457200000
4.646692829,25.275323738,2.298687755,0.000000000,0.000000000,0.457200000,0.457200000
4.671675049,25.300305957,2.298687755,0.000000000,0.000000000,0.457200000,0.457200000
4.696657268,25.325288177,2.298687755,0.000000000,0.000000000,0.457200000,0.457200000
4.721639488,25.350270396,2.298687755,0.000000000,0.000000000,0.457200000,0.457200000
4.746621707,25.375252616,2.298687755,0.000000000,0.000000000,0.457200000,0.457200000
4.771603927,25.400234835,2.298687755,0.000000000,0.000000000,0.457200000,0.457200000
4.796586146,25.425217055,2.298687755,0.000000000,0.000000000,0.457200000,0.457200000
4.821568366,25.450199274,2.298687755,0.000000000,0.000000000,0.457200000,0.457200000
4.846550585,25.475181494,2.298687755,0.000000000,0.000000000,0.457200000,0.457200000
4.871532805,25.500163713,2.298687755,0.000000000,0.000000000,0.457200000,0.457200000
4.896515025,25.525145933,2.298687755,0.000000000,0.000000000,0.457200000,0.457200000
4.921497244,25.550128152,2.298687755,0.000000000,0.000000000,0.457200000,0.457200000
4.946479464,25.575110372,2.298687755,0.000000000,0.000000000,0.457200000,0.457200000
4.971461683,25.600092591,2.298687755,0.000000000,0.000000000,0.457200000,0.457200000
4.996443903,25.625074811,2.298687755,0.000000000,0.000000000,0.457200000,0.457200000
5.021426122,25.650057030,2.298687755,0.000000000,0.000000000,0.457200000,0.457200000
5.046408342,25.675039250,2.298687755,0.000000000,0.000000000,0.457200000,0.457200000
5.071390561,25.700021469,2.298687755,0.000000000,0.000000000,0.457200000,0.457200000
5.096372781,25.725003689,2.298687755,0.000000000,0.000000000,0.457200000,0.457200000
5.121355000,25.749985908,2.298687755,0.000000000,0.000000000,0.457200000,0.457200000
5.146337220,25.774968128,2.298687755,0.000000000,0.000000000,0.457200000,0.457200000
5.171319439,25.799950347,2.298687755,0.000000000,0.000000000,0.457200000,0.457200000
5.196301659,25.824932567,2.298687755,0.000000000,0.000000000,0.457200000,0.457200000
5.221283878,25.849914786,2.298687755,0.000000000,0.000000000,0.457200000,0.457200000
5.246266098,25.874897006,2.298687755,0.000000000,0.000000000,0.457200000,0.457200000
5.271248317,25.899879225,2.298687755,0.000000000,0.000000000,0.457200000,0.457200000
5.296230537,25.924861445,2.298687755,0.000000000,0.000000000,0.457200000,0.457200000
5.321212756,25.949843664,2.298687755,0.000000000,0.000000000,0.457200000,0.457200000
5.346194976,25.974825884,2.298687755,0.000000000,0.000000000,0.457200000,0.457200000
5.371177195,25.999808103,2.298687755,0.000000000,0.000000000,0.457200000,0.457200000
5.396159415,26.024790323,2.298687755,0.000000000,0.000000000,0.457200000,0.457200000
5.421141634,26.049772542,2.298687755,0.000000000,0.000000000,0.457200000,0.457200000
5.446123854,26.074754762,2.298687755,0.000000000,0.000000000,0.457200000,0.457200000
5.471106073,26.099736981,2.298687755,0.000000000,0.000000000,0.457200000,0.457200000
5.496088293,26.124719201,2.298687755,0.000000000,0.000000000,0.457200000,0.457200000
5.521070512,26.149701420,2.298687755,0.000000000,0.000000000,0.457200000,0.457200000
5.546052732,26.174683640,2.298687755,0.000000000,0.000000000,0.457200000,0.457200000
5.571034951,26.199665859,2.298687755,0.000000000,0.000000000,0.457200000,0.457200000
5.596017171,26.224648079,2.298687755,0.000000000,0.000000000,0.457200000,0.457200000
5.620999390,26.249630299,2.298687755,0.000000000,0.000000000,0.457200000,0.457200000
5.645981610,26.274612518,2.298687755,0.000000000,0.000000000,0.457200000,0.457200000
5.670963829,26.299594738,2.298687755,0.000000000,0.000000000,0.457200000,0.457200000
5.695946049,26.324576957,2.298687755,0.000000000,0.000000000,0.457200000,0.457200000
5.720928268,26.349559177,2.298687755,0.000000000,0.000000000,0.457200000,0.457200000
5.745910488,26.374541396,2.298687755,0.000000000,0.000000000,0.457200000,0.457200000
5.770892707,26.399523616,2.298687755,0.000000000,0.000000000,0.457200000,0.457200000
5.795874927,26.424505835,2.298687755,0.000000000,0.000000000,0.457200000,0.457200000
5.820857146,26.449488055,2.298687755,0.000000000,0.000000000,0.457200000,0.457200000
5.845839366,26.474470274,2.298687755,0.000000000,0.000000000,0.457200000,0.457200000
5.870821586,26.499452494,2.298687755,0.000000000,0.000000000,0.457200000,0.457200000
5.895803805,26.524434713,2.298687755,0.000000000,0.000000000,0.457200000,0.457200000
5.920786025,26.549416933,2.298687755,0.000000000,0.000000000,0.457200000,0.457200000
5.945768244,26.574399152,2.298687755,0.000000000,0.000000000,0.457200000,0.457200000
5.970750464,26.599381372,2.298687755,0.000000000,0.000000000,0.457200000,0.457200000
5.995732683,26.624363591,2.298687755,0.000000000,0.000000000,0.457200000,0.457200000
6.020714903,26.649345811,2.298687755,0.000000000,0.000000000,0.457200000,0.457200000
6.045697122,26.674328030,2.298687755,0.000000000,0.000000000,0.457200000,0.457200000
6.070679342,26.699310250,2.298687755,0.000000000,0.000000000,0.457200000,0.457200000
6.095661561,26.724292469,2.298687755,0.000000000,0.000000000,0.457200000,0.457200000
6.120643781,26.749274689,2.298687755,0.000000000,0.000000000,0.457200000,0.457200000
6.145626000,26.774256908,2.298687755,0.000000000,0.000000000,0.457200000,0.457200000
6.170608220,26.799239128,2.298687755,0.000000000,0.000000000,0.457200000,0.457200000
6.195590439,26.824221347,2.298687755,0.000000000,0.000000000,0.457200000,0.457200000
6.220572659,26.849203567,2.298687755,0.000000000,0.000000000,0.457200000,0.457200000
6.245554878,26.874185786,2.298687755,0.000000000,0.000000000,0.457200000,0.457200000
6.270537098,26.899168006,2.298687755,0.000000000,0.000000000,0.457200000,0.457200000
6.295519317,26.924150225,2.298687755,0.000000000,0.000000000,0.457200000,0.457200000
6.320501537,26.949132445,2.298687755,0.000000000,0.000000000,0.457200000,0.457200000
6.345483756,26.974114664,2.298687755,0.000000000,0.000000000,0.457200000,0.457200000
6.370465976,26.999096884,2.298687755,0.000000000,0.000000000,0.457200000,0.457200000
6.395448195,27.024079103,2.298687755,0.000000000,0.000000000,0.457200000,0.457200000
6.420430415,27.049061323,2.298687755,0.000000000,0.000000000,0.457200000,0.457200000
6.445412634,27.074043542,2.298687755,0.000000000,0.000000000,0.457200000,0.457200000
6.470394854,27.099025762,2.298687755,0.000000000,0.000000000,0.457200000,0.457200000
6.495377073,27.124007981,2.298687755,0.000000000,0.000000000,0.457200000,0.457200000
6.520359293,27.148990201,2.298687755,0.000000000,0.000000000,0.457200000,0.457200000
6.545341512,27.173972420,2.298687755,0.000000000,0.000000000,0.457200000,0.457200000
6.570323732,27.198954640,2.298687755,0.000000000,0.000000000,0.457200000,0.457200000
6.595305951,27.223936860,2.298687755,0.000000000,0.000000000,0.457200000,0.457200000
6.620288171,27.248919079,2.298687755,0.000000000,0.000000000,0.457200000,0.457200000
6.645270390,27.273901299,2.298687755,0.000000000,0.000000000,0.457200000,0.457200000
6.670252610,27.298883518,2.298687755,0.000000000,0.000000000,0.457200000,0.457200000
6.695234829,27.323865738,2.298687755,0.000000000,0.000000000,0.457200000,0.457200000
6.720217049,27.348847957,2.298687755,0.000000000,0.000000000,0.457200000,0.457200000
6.745199268,27.373830177,2.298687755,0.000000000,0.059328027,0.457200000,0.457200000
6.770029399,27.398660301,2.298706044,0.001473123,0.059328027,0.457200000,0.457200000
6.794859530,27.423490371,2.298760910,0.002946246,0.059328027,0.457200000,0.457200000
6.819689661,27.448320334,2.298852355,0.004419368,0.059328027,0.457200000,0.457200000
6.844519792,27.473150135,2.298980377,0.005892491,0.059328027,0.457200000,0.457200000
6.869349923,27.497979720,2.299144976,0.007365614,0.059328027,0.457200000,0.457200000
6.894180054,27.522809036,2.299346152,0.008838737,0.059328027,0.457200000,0.457200000
6.919010185,27.547638029,2.299583904,0.010311860,0.059328027,0.457200000,0.457200000
6.943840316,27.572466644,2.299858232,0.011784983,0.059328027,0.457200000,0.457200000
6.968670447,27.597294829,2.300169136,0.013258105,0.059328027,0.457200000,0.457200000
6.993500578,27.622122528,2.300516614,0.014731228,0.059328027,0.457200000,0.457200000
7.018330709,27.646949689,2.300900666,0.016204351,0.059328027,0.457200000,0.457200000
7.043160840,27.671776257,2.301321290,0.017677474,0.059328027,0.457200000,0.457200000
7.067990971,27.696602179,2.301778488,0.019150597,0.059328027,0.457200000,0.457200000
7.092821102,27.721427400,2.302272256,0.020623719,0.059328027,0.457200000,0.457200000
7.117651233,27.746251866,2.302802594,0.022096842,0.059328027,0.457200000,0.457200000
7.142481364,27.771075525,2.303369501,0.023569965,0.059328027,0.457200000,0.457200000
7.167311495,27.795898321,2.303972976,0.025043088,0.059328027,0.457200000,0.457200000
7.192141626,27.820720202,2.304613017,0.026516211,0.059328027,0.457200000,0.457200000
7.216971757,27.845541112,2.305289623,0.027989333,0.059328027,0.457200000,0.457200000
7.241801888,27.870360999,2.306002793,0.029462456,0.059328027,0.457200000,0.457200000
7.266632019,27.895179809,2.306752524,0.030935579,0.059328027,0.457200000,0.457200000
7.291462150,27.919997487,2.307538816,0.032408702,0.059328027,0.457200000,0.457200000
7.316292281,27.944813980,2.308361667,0.033881825,0.059328027,0.457200000,0.457200000
7.341122412,27.969629234,2.309221074,0.035354948,0.059328027,0.457200000,0.457200000
7.365952543,27.994443195,2.310117037,0.036828070,0.059328027,0.457200000,0.457200000
7.390782674,28.019255809,2.311049552,0.038301193,0.059328027,0.457200000,0.457200000
7.415612805,28.044067022,2.312018618,0.039774316,0.059328027,0.457200000,0.457200000
7.440442936,28.068876781,2.313024234,0.041247439,0.059328027,0.457200000,0.457200000
7.465273067,28.093685032,2.314066396,0.042720562,0.059328027,0.457200000,0.457200000
7.490103198,28.118491721,2.315145102,0.044193684,0.059328027,0.457200000,0.457200000
7.514933329,28.143296793,2.316260351,0.045666807,0.059328027,0.457200000,0.457200000
7.539763460,28.168100196,2.317412139,0.047139930,0.059328027,0.457200000,0.457200000
7.564593591,28.192901875,2.318600464,0.048613053,0.059328027,0.457200000,0.457200000
7.589423722,28.217701777,2.319825325,0.050086176,0.059328027,0.457200000,0.457200000
7.614253853,28.242499847,2.321086717,0.051559299,0.059328027,0.457200000,0.457200000
7.639083984,28.267296033,2.322384638,0.053032421,0.059328027,0.457200000,0.457200000
7.663914115,28.292090279,2.323719085,0.054505544,0.059328027,0.457200000,0.457200000
7.688744246,28.316882533,2.325090057,0.055978667,0.059328027,0.457200000,0.457200000
7.713574377,28.341672740,2.326497548,0.057451790,0.059328027,0.457200000,0.457200000
7.738404508,28.366460847,2.327941558,0.058924913,0.059328027,0.457200000,0.457200000
7.763234639,28.391246799,2.329422081,0.060398035,0.059328027,0.457200000,0.457200000
7.788064770,28.416030544,2.330939116,0.061871158,0.059328027,0.457200000,0.457200000
7.812894901,28.440812028,2.332492658,0.063344281,0.059328027,0.457200000,0.457200000
7.837725032,28.465591195,2.334082705,0.064817404,0.059328027,0.457200000,0.457200000
7.862555163,28.490367994,2.335709253,0.066290527,0.059328027,0.457200000,0.457200000
7.887385294,28.515142369,2.337372299,0.067763650,0.059328027,0.457200000,0.457200000
7.912215425,28.539914268,2.339071838,0.069236772,0.059328027,0.457200000,0.457200000
7.937045556,28.564683636,2.340807868,0.070709895,0.059328027,0.457200000,0.457200000
7.961875687,28.589450421,2.342580384,0.072183018,0.059328027,0.457200000,0.457200000
7.986705818,28.614214567,2.344389382,0.073656141,0.059328027,0.457200000,0.457200000
8.011535949,28.638976021,2.346234859,0.075129264,0.059328027,0.457200000,0.457200000
8.036366080,28.663734730,2.348116811,0.076602386,0.059328027,0.457200000,0.457200000
8.061196211,28.688490639,2.350035234,0.078075509,0.059328027,0.457200000,0.457200000
8.086026342,28.713243696,2.351990122,0.079548632,0.059328027,0.457200000,0.457200000
8.110856473,28.737993846,2.353981473,0.081021755,0.059328027,0.457200000,0.457200000
8.135686604,28.762741036,2.356009282,0.082494878,0.059328027,0.457200000,0.457200000
8.160516735,28.787485211,2.358073545,0.083968000,0.059328027,0.457200000,0.457200000
8.185346866,28.812226319,2.360174256,0.085441123,0.059328027,0.457200000,0.457200000
8.210176996,28.836964305,2.362311411,0.086914246,0.059328027,0.457200000,0.457200000
8.235007127,28.861699117,2.364485007,0.088387369,0.059328027,0.457200000,0.457200000
8.259837258,28.886430699,2.366695037,0.089860492,0.059328027,0.457200000,0.457200000
8.284667389,28.911158999,2.368941498,0.091333615,0.059328027,0.457200000,0.457200000
8.309497520,28.935883963,2.371224384,0.092806737,0.059328027,0.457200000,0.457200000
8.334327651,28.960605537,2.373543690,0.094279860,0.059328027,0.457200000,0.457200000
8.359157782,28.985323668,2.375899412,0.095752983,0.059328027,0.457200000,0.457200000
8.383987913,29.010038301,2.378291544,0.097226106,0.059328027,0.457200000,0.457200000
8.408818044,29.034749384,2.380720081,0.098699229,0.059328027,0.457200000,0.457200000
8.433648175,29.059456862,2.383185018,0.100172351,0.059328027,0.457200000,0.457200000
8.458478306,29.084160683,2.385686350,0.101645474,0.059328027,0.457200000,0.457200000
8.483308437,29.108860792,2.388224070,0.103118597,0.059328027,0.457200000,0.457200000
8.508138568,29.133557135,2.390798174,0.104591720,0.059328027,0.457200000,0.457200000
8.532968699,29.158249660,2.393408656,0.106064843,0.059328027,0.457200000,0.457200000
8.557798830,29.182938313,2.396055511,0.107537966,0.059328027,0.457200000,0.457200000
8.582628961,29.207623040,2.398738731,0.109011088,0.059328027,0.457200000,0.457200000
8.607459092,29.232303787,2.401458313,0.110484211,0.059328027,0.457200000,0.457200000
8.632289223,29.256980501,2.404214249,0.111957334,0.059328027,0.457200000,0.457200000
8.657119354,29.281653128,2.407006534,0.113430457,0.059328027,0.457200000,0.457200000
8.681949485,29.306321616,2.409835162,0.114903580,0.059328027,0.457200000,0.457200000
8.706779616,29.330985909,2.412700127,0.116376702,0.059328027,0.457200000,0.457200000
8.731609747,29.355645956,2.415601422,0.117849825,0.059328027,0.457200000,0.457200000
8.756439878,29.380301702,2.418539041,0.119322948,0.059328027,0.457200000,0.457200000
8.781270009,29.404953093,2.421512977,0.120796071,0.059328027,0.457200000,0.457200000
8.806100140,29.429600077,2.424523225,0.122269194,0.059328027,0.457200000,0.457200000
8.830930271,29.454242600,2.427569778,0.123742316,0.059328027,0.457200000,0.457200000
8.855760402,29.478880608,2.430652629,0.125215439,0.059328027,0.457200000,0.457200000
8.880590533,29.503514047,2.433771772,0.126688562,0.059328027,0.457200000,0.457200000
8.905420664,29.528142865,2.436927199,0.128161685,0.059328027,0.457200000,0.457200000
8.930250795,29.552767009,2.440118904,0.129634808,0.059328027,0.457200000,0.457200000
8.955080926,29.577386423,2.443346880,0.131107931,0.059328027,0.457200000,0.457200000
8.979911057,29.602001056,2.446611119,0.132581053,0.059328027,0.457200000,0.457200000
9.004741188,29.626610853,2.449911616,0.134054176,0.059328027,0.457200000,0.457200000
9.029571319,29.651215762,2.453248362,0.135527299,0.059328027,0.457200000,0.457200000
9.054401450,29.675815728,2.456621351,0.137000422,0.059328027,0.457200000,0.457200000
9.079231581,29.700410699,2.460030575,0.138473545,0.059328027,0.457200000,0.457200000
9.104061712,29.725000622,2.463476026,0.139946667,0.059328027,0.457200000,0.457200000
9.128891843,29.749585441,2.466957698,0.141419790,0.059328027,0.457200000,0.457200000
9.153721974,29.774165106,2.470475582,0.142892913,0.059328027,0.457200000,0.457200000
9.178552105,29.798739561,2.474029671,0.144366036,0.059328027,0.457200000,0.457200000
9.203382236,29.823308754,2.477619958,0.145839159,0.059328027,0.457200000,0.457200000
9.228212367,29.847872631,2.481246434,0.147312282,0.059328027,0.457200000,0.457200000
9.253042498,29.872431140,2.484909092,0.148785404,0.059328027,0.457200000,0.457200000
9.277872629,29.896984226,2.488607924,0.150258527,0.059328027,0.457200000,0.457200000
9.302702760,29.921531837,2.492342921,0.151731650,0.059328027,0.457200000,0.457200000
9.327532891,29.946073919,2.496114076,0.153204773,0.059328027,0.457200000,0.457200000
9.352363022,29.970610419,2.499921380,0.154677896,0.059328027,0.457200000,0.457200000
9.377193153,29.995141284,2.503764826,0.156151018,0.059328027,0.457200000,0.457200000
9.402023284,30.019666461,2.507644404,0.157624141,0.059328027,0.457200000,0.457200000
9.426853415,30.044185895,2.511560107,0.159097264,0.059328027,0.457200000,0.457200000
9.451683546,30.068699535,2.515511925,0.160570387,0.059328027,0.457200000,0.457200000
9.476513677,30.093207327,2.519499851,0.162043510,0.059328027,0.457200000,0.457200000
9.501343808,30.117709217,2.523523875,0.163516633,0.059328027,0.457200000,0.457200000
9.526173939,30.142205153,2.527583989,0.164989755,0.059328027,0.457200000,0.457200000
9.551004070,30.166695081,2.531680185,0.166462878,0.059328027,0.457200000,0.457200000
9.575834201,30.191178949,2.535812453,0.167936001,0.059328027,0.457200000,0.457200000
9.600664332,30.215656703,2.539980783,0.169409124,0.059328027,0.457200000,0.457200000
9.625494463,30.240128289,2.544185168,0.170882247,0.059328027,0.457200000,0.457200000
9.650324594,30.264593656,2.548425599,0.172355369,0.059328027,0.457200000,0.457200000
9.675154725,30.289052749,2.552702065,0.173828492,0.059328027,0.457200000,0.457200000
9.699984856,30.313505516,2.557014557,0.175301615,0.059328027,0.457200000,0.457200000
9.724814986,30.337951904,2.561363067,0.176774738,0.059328027,0.457200000,0.457200000
9.749645117,30.362391859,2.565747585,0.178247861,0.059328027,0.457200000,0.457200000
9.774475248,30.386825328,2.570168101,0.179720983,0.059328027,0.457200000,0.457200000
9.799305379,30.411252260,2.574624605,0.181194106,0.059328027,0.457200000,0.457200000
9.824135510,30.435672599,2.579117089,0.182667229,0.059328027,0.457200000,0.457200000
9.848965641,30.460086295,2.583645542,0.184140352,0.059328027,0.457200000,0.457200000
9.873795772,30.484493293,2.588209954,0.185613475,0.059328027,0.457200000,0.457200000
9.898625903,30.508893540,2.592810316,0.187086598,0.059328027,0.457200000,0.457200000
9.923456034,30.533286984,2.597446618,0.188559720,0.059328027,0.457200000,0.457200000
9.948286165,30.557673572,2.602118849,0.190032843,0.059328027,0.457200000,0.457200000
9.973116296,30.582053250,2.606826999,0.191505966,0.059328027,0.457200000,0.457200000
9.997946427,30.606425967,2.611571059,0.192979089,0.059328027,0.457200000,0.457200000
10.022776558,30.630791668,2.616351017,0.194452212,0.059328027,0.457200000,0.457200000
10.047606689,30.655150302,2.621166864,0.195925334,0.059328027,0.457200000,0.457200000
10.072436820,30.679501814,2.626018588,0.197398457,0.059328027,0.457200000,0.457200000
10.097266951,30.703846153,2.630906181,0.198871580,0.059328027,0.457200000,0.457200000
10.122097082,30.728183266,2.635829630,0.200344703,0.072424722,0.457200000,0.457200000
10.147012485,30.752595828,2.640810001,0.202149194,0.072424722,0.457200000,0.457200000
10.171927887,30.776999363,2.645834417,0.203953686,0.072424722,0.457200000,0.457200000
10.196843290,30.801393792,2.650902860,0.205758177,0.072424722,0.457200000,0.457200000
10.221758692,30.825779036,2.656015315,0.207562668,0.072424722,0.457200000,0.457200000
10.246674095,30.850155014,2.661171764,0.209367160,0.072424722,0.457200000,0.457200000
10.271589498,30.874521648,2.666372191,0.211171651,0.072424722,0.457200000,0.457200000
10.296504900,30.898878858,2.671616579,0.212976142,0.072424722,0.457200000,0.457200000
10.321420303,30.923226565,2.676904911,0.214780634,0.072424722,0.457200000,0.457200000
10.346335705,30.947564689,2.682237169,0.216585125,0.072424722,0.457200000,0.457200000
10.371251108,30.971893152,2.687613336,0.218389616,0.072424722,0.457200000,0.457200000
10.396166510,30.996211874,2.693033396,0.220194108,0.072424722,0.457200000,0.457200000
10.421081913,31.020520776,2.698497329,0.221998599,0.072424722,0.457200000,0.457200000
10.445997315,31.044819779,2.704005119,0.223803090,0.072424722,0.457200000,0.457200000
10.470912718,31.069108804,2.709556747,0.225607582,0.072424722,0.457200000,0.457200000
10.495828121,31.093387771,2.715152195,0.227412073,0.072424722,0.457200000,0.457200000
10.520743523,31.117656601,2.720791445,0.229216564,0.072424722,0.457200000,0.457200000
10.545658926,31.141915216,2.726474479,0.231021056,0.072424722,0.457200000,0.457200000
10.570574328,31.166163537,2.732201278,0.232825547,0.072424722,0.457200000,0.457200000
10.595489731,31.190401484,2.737971824,0.234630038,0.072424722,0.457200000,0.457200000
10.620405133,31.214628979,2.743786097,0.236434530,0.072424722,0.457200000,0.457200000
10.645320536,31.238845943,2.749644080,0.238239021,0.072424722,0.457200000,0.457200000
10.670235938,31.263052297,2.755545752,0.240043512,0.072424722,0.457200000,0.457200000
10.695151341,31.287247961,2.761491094,0.241848004,0.072424722,0.457200000,0.457200000
10.720066744,31.311432858,2.767480088,0.243652495,0.072424722,0.457200000,0.457200000
10.744982146,31.335606909,2.773512713,0.245456986,0.072424722,0.457200000,0.457200000
10.769897549,31.359770034,2.779588951,0.247261478,0.072424722,0.457200000,0.457200000
10.794812951,31.383922155,2.785708780,0.249065969,0.072424722,0.457200000,0.457200000
10.819728354,31.408063194,2.791872182,0.250870460,0.072424722,0.457200000,0.457200000
10.844643756,31.432193072,2.798079136,0.252674952,0.072424722,0.457200000,0.457200000
10.869559159,31.456311710,2.804329622,0.254479443,0.072424722,0.457200000,0.457200000
10.894474561,31.480419030,2.810623620,0.256283935,0.072424722,0.457200000,0.457200000
10.919389964,31.504514953,2.816961109,0.258088426,0.072424722,0.457200000,0.457200000
10.944305367,31.528599401,2.823342069,0.259892917,0.072424722,0.457200000,0.457200000
10.969220769,31.552672296,2.829766478,0.261697409,0.072424722,0.457200000,0.457200000
10.994136172,31.576733558,2.836234316,0.263501900,0.072424722,0.457200000,0.457200000
11.019051574,31.600783111,2.842745562,0.265306391,0.072424722,0.457200000,0.457200000
11.043966977,31.624820874,2.849300195,0.267110883,0.072424722,0.457200000,0.457200000
11.068882379,31.648846771,2.855898193,0.268915374,0.072424722,0.457200000,0.457200000
11.093797782,31.672860722,2.862539534,0.270719865,0.072424722,0.457200000,0.457200000
11.118713184,31.696862651,2.869224198,0.272524357,0.072424722,0.457200000,0.457200000
11.143628587,31.720852477,2.875952162,0.274328848,0.072424722,0.457200000,0.457200000
11.168543990,31.744830124,2.882723405,0.276133339,0.072424722,0.457200000,0.457200000
11.193459392,31.768795514,2.889537904,0.277937831,0.072424722,0.457200000,0.457200000
11.218374795,31.792748567,2.896395637,0.279742322,0.072424722,0.457200000,0.457200000
11.243290197,31.816689207,2.903296582,0.281546813,0.072424722,0.457200000,0.457200000
11.268205600,31.840617356,2.910240716,0.283351305,0.072424722,0.457200000,0.457200000
11.293121002,31.864532934,2.917228017,0.285155796,0.072424722,0.457200000,0.457200000
11.318036405,31.888435866,2.924258463,0.286960287,0.072424722,0.457200000,0.457200000
11.342951807,31.912326072,2.931332029,0.288764779,0.072424722,0.457200000,0.457200000
11.367867210,31.936203475,2.938448694,0.290569270,0.072424722,0.457200000,0.457200000
11.392782612,31.960067997,2.945608433,0.292373761,0.072424722,0.457200000,0.457200000
11.417698015,31.983919560,2.952811225,0.294178253,0.072424722,0.457200000,0.457200000
11.442613418,32.007758087,2.960057044,0.295982744,0.072424722,0.457200000,0.457200000
11.467528820,32.031583501,2.967345868,0.297787235,0.072424722,0.457200000,0.457200000
11.492444223,32.055395723,2.974677673,0.299591727,0.072424722,0.457200000,0.457200000
11.517359625,32.079194676,2.982052435,0.301396218,0.072424722,0.457200000,0.457200000
11.542275028,32.102980283,2.989470129,0.303200709,0.072424722,0.457200000,0.457200000
11.567190430,32.126752466,2.996930733,0.305005201,0.072424722,0.457200000,0.457200000
11.592105833,32.150511147,3.004434221,0.306809692,0.072424722,0.457200000,0.457200000
11.617021235,32.174256250,3.011980569,0.308614183,0.072424722,0.457200000,0.457200000
11.641936638,32.197987697,3.019569753,0.310418675,0.072424722,0.457200000,0.457200000
11.666852041,32.221705411,3.027201748,0.312223166,0.072424722,0.457200000,0.457200000
11.691767443,32.245409314,3.034876528,0.314027657,0.072424722,0.457200000,0.457200000
11.716682846,32.269099330,3.042594070,0.315832149,0.072424722,0.457200000,0.457200000
11.741598248,32.292775381,3.050354347,0.317636640,0.072424722,0.457200000,0.457200000
11.766513651,32.316437389,3.058157335,0.319441131,0.072424722,0.457200000,0.457200000
11.791429053,32.340085279,3.066003008,0.321245623,0.072424722,0.457200000,0.457200000
11.816344456,32.363718973,3.073891341,0.323050114,0.072424722,0.457200000,0.457200000
11.841259858,32.387338394,3.081822308,0.324854605,0.072424722,0.457200000,0.457200000
11.866175261,32.410943466,3.089795882,0.326659097,0.072424722,0.457200000,0.457200000
11.891090664,32.434534110,3.097812039,0.328463588,0.072424722,0.457200000,0.457200000
11.916006066,32.458110251,3.105870752,0.330268080,0.072424722,0.457200000,0.457200000
11.940921469,32.481671812,3.113971995,0.332072571,0.072424722,0.457200000,0.457200000
11.965836871,32.505218716,3.122115741,0.333877062,0.072424722,0.457200000,0.457200000
11.990752274,32.528750886,3.130301964,0.335681554,0.072424722,0.457200000,0.457200000
12.015667676,32.552268246,3.138530637,0.337486045,0.072424722,0.457200000,0.457200000
12.040583079,32.575770720,3.146801734,0.339290536,0.072424722,0.457200000,0.457200000
12.065498481,32.599258229,3.155115227,0.341095028,0.072424722,0.457200000,0.457200000
12.090413884,32.622730699,3.163471090,0.342899519,0.072424722,0.457200000,0.457200000
12.115329287,32.646188053,3.171869295,0.344704010,0.072424722,0.457200000,0.457200000
12.140244689,32.669630214,3.180309815,0.346508502,0.072424722,0.457200000,0.457200000
12.165160092,32.693057106,3.188792622,0.348312993,0.072424722,0.457200000,0.457200000
12.190075494,32.716468652,3.197317689,0.350117484,0.072424722,0.457200000,0.457200000
12.214990897,32.739864777,3.205884988,0.351921976,0.072424722,0.457200000,0.457200000
12.239906299,32.763245405,3.214494492,0.353726467,0.072424722,0.457200000,0.457200000
12.264821702,32.786610458,3.223146171,0.355530958,0.072424722,0.457200000,0.457200000
12.289737104,32.809959862,3.231839998,0.357335450,0.072424722,0.457200000,0.457200000
12.314652507,32.833293540,3.240575945,0.359139941,0.072424722,0.457200000,0.457200000
12.339567910,32.856611416,3.249353983,0.360944432,0.072424722,0.457200000,0.457200000
12.364483312,32.879913414,3.258174084,0.362748924,0.072424722,0.457200000,0.457200000
12.389398715,32.903199458,3.267036218,0.364553415,0.072424722,0.457200000,0.457200000
12.414314117,32.926469473,3.275940358,0.366357906,0.072424722,0.457200000,0.457200000
12.439229520,32.949723382,3.284886473,0.368162398,0.072424722,0.457200000,0.457200000
12.464144922,32.972961110,3.293874536,0.369966889,0.072424722,0.457200000,0.457200000
12.489060325,32.996182582,3.302904516,0.371771380,0.072424722,0.457200000,0.457200000
12.513975727,33.019387721,3.311976384,0.373575872,0.072424722,0.457200000,0.457200000
12.538891130,33.042576453,3.321090111,0.375380363,0.072424722,0.457200000,0.457200000
12.563806533,33.065748701,3.330245667,0.377184854,0.072424722,0.457200000,0.457200000
12.588721935,33.088904390,3.339443022,0.378989346,0.072424722,0.457200000,0.457200000
12.613637338,33.112043445,3.348682146,0.380793837,0.072424722,0.457200000,0.457200000
12.638552740,33.135165790,3.357963010,0.382598328,0.072424722,0.457200000,0.457200000
12.663468143,33.158271351,3.367285583,0.384402820,0.072424722,0.457200000,0.457200000
12.688383545,33.181360051,3.376649834,0.386207311,0.072424722,0.457200000,0.457200000
12.713298948,33.204431816,3.386055733,0.388011802,0.072424722,0.457200000,0.457200000
12.738214350,33.227486571,3.395503249,0.389816294,0.072424722,0.457200000,0.457200000
12.763129753,33.250524240,3.404992353,0.391620785,0.072424722,0.457200000,0.457200000
12.788045156,33.273544749,3.414523012,0.393425276,0.072424722,0.457200000,0.457200000
12.812960558,33.296548022,3.424095196,0.395229768,0.072424722,0.457200000,0.457200000
12.837875961,33.319533985,3.433708873,0.397034259,0.072424722,0.457200000,0.457200000
12.862791363,33.342502563,3.443364013,0.398838751,0.072424722,0.457200000,0.457200000
12.887706766,33.365453680,3.453060584,0.400643242,0.072424722,0.457200000,0.457200000
12.912622168,33.388387263,3.462798554,0.402447733,0.072424722,0.457200000,0.457200000
12.937537571,33.411303237,3.472577891,0.404252225,0.072424722,0.457200000,0.457200000
12.962452973,33.434201526,3.482398564,0.406056716,0.072424722,0.457200000,0.457200000
12.987368376,33.457082057,3.492260541,0.407861207,0.072424722,0.457200000,0.457200000
13.012283779,33.479944755,3.502163790,0.409665699,0.072424722,0.457200000,0.457200000
13.037199181,33.502789545,3.512108278,0.411470190,0.072424722,0.457200000,0.457200000
13.062114584,33.525616354,3.522093973,0.413274681,0.072424722,0.457200000,0.457200000
13.087029986,33.548425106,3.532120843,0.415079173,0.072424722,0.457200000,0.457200000
13.111945389,33.571215727,3.542188854,0.416883664,0.072424722,0.457200000,0.457200000
13.136860791,33.593988144,3.552297975,0.418688155,0.072424722,0.457200000,0.457200000
13.161776194,33.616742282,3.562448171,0.420492647,0.072424722,0.457200000,0.457200000
13.186691596,33.639478067,3.572639411,0.422297138,0.072424722,0.457200000,0.457200000
13.211606999,33.662195425,3.582871661,0.424101629,0.072424722,0.457200000,0.457200000
13.236522402,33.684894282,3.593144887,0.425906121,0.072424722,0.457200000,0.457200000
13.261437804,33.707574564,3.603459056,0.427710612,0.072424722,0.457200000,0.457200000
13.286353207,33.730236197,3.613814135,0.429515103,0.072424722,0.457200000,0.457200000
13.311268609,33.752879108,3.624210090,0.431319595,0.072424722,0.457200000,0.457200000
13.336184012,33.775503223,3.634646887,0.433124086,0.072424722,0.457200000,0.457200000
13.361099414,33.798108467,3.645124491,0.434928577,0.072424722,0.457200000,0.457200000
13.386014817,33.820694768,3.655642870,0.436733069,0.072424722,0.457200000,0.457200000
13.410930219,33.843262052,3.666201988,0.438537560,0.072424722,0.457200000,0.457200000
13.435845622,33.865810246,3.676801812,0.440342051,0.072424722,0.457200000,0.457200000
13.460761025,33.888339275,3.687442306,0.442146543,0.072424722,0.457200000,0.457200000
13.485676427,33.910849067,3.698123436,0.443951034,0.092941640,0.457200000,0.457200000
13.510553211,33.933301971,3.708834248,0.446263124,0.092941640,0.457200000,0.457200000
13.535429995,33.955730050,3.719596945,0.448575213,0.092941640,0.457200000,0.457200000
13.560306779,33.978133185,3.730411468,0.450887303,0.092941640,0.457200000,0.457200000
13.585183563,34.000511257,3.741277761,0.453199393,0.092941640,0.457200000,0.457200000
13.610060347,34.022864144,3.752195764,0.455511482,0.092941640,0.457200000,0.457200000
13.634937131,34.045191729,3.763165420,0.457823572,0.092941640,0.457200000,0.457200000
13.659813915,34.067493891,3.774186670,0.460135661,0.092941640,0.457200000,0.457200000
13.684690699,34.089770511,3.785259456,0.462447751,0.092941640,0.457200000,0.457200000
13.709567483,34.112021470,3.796383717,0.464759841,0.092941640,0.457200000,0.457200000
13.734444267,34.134246650,3.807559394,0.467071930,0.092941640,0.457200000,0.457200000
13.759321051,34.156445931,3.818786429,0.469384020,0.092941640,0.457200000,0.457200000
13.784197835,34.178619195,3.830064760,0.471696110,0.092941640,0.457200000,0.457200000
13.809074619,34.200766323,3.841394327,0.474008199,0.092941640,0.457200000,0.457200000
13.833951403,34.222887197,3.852775070,0.476320289,0.092941640,0.457200000,0.457200000
13.858828187,34.244981699,3.864206928,0.478632378,0.092941640,0.457200000,0.457200000
13.883704971,34.267049710,3.875689840,0.480944468,0.092941640,0.457200000,0.457200000
13.908581755,34.289091113,3.887223745,0.483256558,0.092941640,0.457200000,0.457200000
13.933458539,34.311105789,3.898808580,0.485568647,0.092941640,0.457200000,0.457200000
13.958335323,34.333093621,3.910444284,0.487880737,0.092941640,0.457200000,0.457200000
13.983212107,34.355054492,3.922130795,0.490192826,0.092941640,0.457200000,0.457200000
14.008088891,34.376988284,3.933868050,0.492504916,0.092941640,0.457200000,0.457200000
14.032965675,34.398894880,3.945655987,0.494817006,0.092941640,0.457200000,0.457200000
14.057842459,34.420774162,3.957494542,0.497129095,0.092941640,0.457200000,0.457200000
14.082719243,34.442626014,3.969383652,0.499441185,0.092941640,0.457200000,0.457200000
14.107596027,34.464450319,3.981323254,0.501753275,0.092941640,0.457200000,0.457200000
14.132472811,34.486246961,3.993313283,0.504065364,0.092941640,0.457200000,0.457200000
14.157349595,34.508015822,4.005353677,0.506377454,0.092941640,0.457200000,0.457200000
14.182226379,34.529756786,4.017444369,0.508689543,0.092941640,0.457200000,0.457200000
14.207103163,34.551469738,4.029585297,0.511001633,0.092941640,0.457200000,0.457200000
14.231979947,34.573154560,4.041776394,0.513313723,0.092941640,0.457200000,0.457200000
14.256856731,34.594811138,4.054017596,0.515625812,0.092941640,0.457200000,0.457200000
14.281733515,34.616439355,4.066308837,0.517937902,0.092941640,0.457200000,0.457200000
14.306610299,34.638039096,4.078650051,0.520249992,0.092941640,0.457200000,0.457200000
14.331487083,34.659610246,4.091041173,0.522562081,0.092941640,0.457200000,0.457200000
14.356363867,34.681152688,4.103482136,0.524874171,0.092941640,0.457200000,0.457200000
14.381240651,34.702666308,4.115972874,0.527186260,0.092941640,0.457200000,0.457200000
14.406117435,34.724150991,4.128513320,0.529498350,0.092941640,0.457200000,0.457200000
14.430994219,34.745606622,4.141103407,0.531810440,0.092941640,0.457200000,0.457200000
14.455871003,34.767033086,4.153743067,0.534122529,0.092941640,0.457200000,0.457200000
14.480747787,34.788430268,4.166432234,0.536434619,0.092941640,0.457200000,0.457200000
14.505624571,34.809798056,4.179170839,0.538746709,0.092941640,0.457200000,0.457200000
14.530501355,34.831136333,4.191958814,0.541058798,0.092941640,0.457200000,0.457200000
14.555378139,34.852444986,4.204796091,0.543370888,0.092941640,0.457200000,0.457200000
14.580254923,34.873723902,4.217682601,0.545682977,0.092941640,0.457200000,0.457200000
14.605131707,34.894972966,4.230618275,0.547995067,0.092941640,0.457200000,0.457200000
14.630008492,34.916192064,4.243603044,0.550307157,0.092941640,0.457200000,0.457200000
14.654885276,34.937381084,4.256636839,0.552619246,0.092941640,0.457200000,0.457200000
14.679762060,34.958539912,4.269719590,0.554931336,0.092941640,0.457200000,0.457200000
14.704638844,34.979668436,4.282851227,0.557243425,0.092941640,0.457200000,0.457200000
14.729515628,35.000766541,4.296031681,0.559555515,0.092941640,0.457200000,0.457200000
14.754392412,35.021834115,4.309260879,0.561867605,0.092941640,0.457200000,0.457200000
14.779269196,35.042871046,4.322538752,0.564179694,0.092941640,0.457200000,0.457200000
14.804145980,35.063877221,4.335865229,0.566491784,0.092941640,0.457200000,0.457200000
14.829022764,35.084852528,4.349240239,0.568803874,0.092941640,0.457200000,0.457200000
14.853899548,35.105796855,4.362663709,0.571115963,0.092941640,0.457200000,0.457200000
14.878776332,35.126710089,4.376135569,0.573428053,0.092941640,0.457200000,0.457200000
14.903653116,35.147592120,4.389655746,0.575740142,0.092941640,0.457200000,0.457200000
14.928529900,35.168442835,4.403224168,0.578052232,0.092941640,0.457200000,0.457200000
14.953406684,35.189262123,4.416840762,0.580364322,0.092941640,0.457200000,0.457200000
14.978283468,35.210049872,4.430505456,0.582676411,0.092941640,0.457200000,0.457200000
15.003160252,35.230805972,4.444218176,0.584988501,0.092941640,0.457200000,0.457200000
15.028037036,35.251530311,4.457978850,0.587300591,0.092941640,0.457200000,0.457200000
15.052913820,35.272222779,4.471787403,0.589612680,0.092941640,0.457200000,0.457200000
15.077790604,35.292883265,4.485643763,0.591924770,0.092941640,0.457200000,0.457200000
15.102667388,35.313511659,4.499547854,0.594236859,0.092941640,0.457200000,0.457200000
15.127544172,35.334107851,4.513499602,0.596548949,0.092941640,0.457200000,0.457200000
15.152420956,35.354671729,4.527498934,0.598861039,0.092941640,0.457200000,0.457200000
15.177297740,35.375203185,4.541545774,0.601173128,0.092941640,0.457200000,0.457200000
15.202174524,35.395702108,4.555640046,0.603485218,0.092941640,0.457200000,0.457200000
15.227051308,35.416168390,4.569781676,0.605797308,0.092941640,0.457200000,0.457200000
15.251928092,35.436601920,4.583970589,0.608109397,0.092941640,0.457200000,0.457200000
15.276804876,35.457002589,4.598206707,0.610421487,0.092941640,0.457200000,0.457200000
15.301681660,35.477370289,4.612489956,0.612733576,0.092941640,0.457200000,0.457200000
15.326558444,35.497704910,4.626820258,0.615045666,0.092941640,0.457200000,0.457200000
15.351435228,35.518006344,4.641197537,0.617357756,0.092941640,0.457200000,0.457200000
15.376312012,35.538274482,4.655621717,0.619669845,0.092941640,0.457200000,0.457200000
15.401188796,35.558509216,4.670092720,0.621981935,0.092941640,0.457200000,0.457200000
15.426065580,35.578710438,4.684610468,0.624294024,0.092941640,0.457200000,0.457200000
15.450942364,35.598878040,4.699174885,0.626606114,0.092941640,0.457200000,0.457200000
15.475819148,35.619011913,4.713785892,0.628918204,0.092941640,0.457200000,0.457200000
15.500695932,35.639111950,4.728443411,0.631230293,0.092941640,0.457200000,0.457200000
15.525572716,35.659178045,4.743147365,0.633542383,0.092941640,0.457200000,0.457200000
15.550449500,35.679210089,4.757897673,0.635854473,0.092941640,0.457200000,0.457200000
15.575326284,35.699207975,4.772694258,0.638166562,0.092941640,0.457200000,0.457200000
15.600203068,35.719171597,4.787537040,0.640478652,0.092941640,0.457200000,0.457200000
15.625079852,35.739100848,4.802425940,0.642790741,0.092941640,0.457200000,0.457200000
15.649956636,35.758995621,4.817360879,0.645102831,0.092941640,0.457200000,0.457200000
15.674833420,35.778855810,4.832341776,0.647414921,0.092941640,0.457200000,0.457200000
15.699710204,35.798681308,4.847368551,0.649727010,0.092941640,0.457200000,0.457200000
15.724586988,35.818472011,4.862441125,0.652039100,0.092941640,0.457200000,0.457200000
15.749463772,35.838227811,4.877559416,0.654351190,0.092941640,0.457200000,0.457200000
15.774340556,35.857948604,4.892723344,0.656663279,0.092941640,0.457200000,0.457200000
15.799217340,35.877634284,4.907932828,0.658975369,0.092941640,0.457200000,0.457200000
15.824094124,35.897284746,4.923187786,0.661287458,0.092941640,0.457200000,0.457200000
15.848970908,35.916899884,4.938488137,0.663599548,0.092941640,0.457200000,0.457200000
15.873847692,35.936479594,4.953833798,0.665911638,0.092941640,0.457200000,0.457200000
15.898724476,35.956023771,4.969224689,0.668223727,0.092941640,0.457200000,0.457200000
15.923601260,35.975532311,4.984660727,0.670535817,0.092941640,0.457200000,0.457200000
15.948478044,35.995005109,5.000141828,0.672847907,0.092941640,0.457200000,0.457200000
15.973354828,36.014442062,5.015667912,0.675159996,0.092941640,0.457200000,0.457200000
15.998231612,36.033843065,5.031238893,0.677472086,0.092941640,0.457200000,0.457200000
16.023108396,36.053208015,5.046854690,0.679784175,0.092941640,0.457200000,0.457200000
16.047985180,36.072536807,5.062515218,0.682096265,0.092941640,0.457200000,0.457200000
16.072861964,36.091829340,5.078220395,0.684408355,0.092941640,0.457200000,0.457200000
16.097738748,36.111085509,5.093970135,0.686720444,0.092941640,0.457200000,0.457200000
16.122615532,36.130305212,5.109764356,0.689032534,0.092941640,0.457200000,0.457200000
16.147492316,36.149488346,5.125602972,0.691344624,0.092941640,0.457200000,0.457200000
16.172369100,36.168634809,5.141485898,0.693656713,0.092941640,0.457200000,0.457200000
16.197245884,36.187744497,5.157413051,0.695968803,0.092941640,0.457200000,0.457200000
16.222122668,36.206817310,5.173384344,0.698280892,0.092941640,0.457200000,0.457200000
16.246999452,36.225853145,5.189399692,0.700592982,0.092941640,0.457200000,0.457200000
16.271876236,36.244851899,5.205459010,0.702905072,0.092941640,0.457200000,0.457200000
16.296753020,36.263813473,5.221562212,0.705217161,0.092941640,0.457200000,0.457200000
16.321629804,36.282737764,5.237709212,0.707529251,0.092941640,0.457200000,0.457200000
16.346506588,36.301624671,5.253899923,0.709841340,0.092941640,0.457200000,0.457200000
16.371383372,36.320474093,5.270134259,0.712153430,0.092941640,0.457200000,0.457200000
16.396260156,36.339285929,5.286412134,0.714465520,0.092941640,0.457200000,0.457200000
16.421136940,36.358060079,5.302733459,0.716777609,0.092941640,0.457200000,0.457200000
16.446013724,36.376796443,5.319098148,0.719089699,0.092941640,0.457200000,0.457200000
16.470890508,36.395494920,5.335506114,0.721401789,0.092941640,0.457200000,0.457200000
16.495767292,36.414155411,5.351957268,0.723713878,0.092941640,0.457200000,0.457200000
16.520644076,36.432777815,5.368451523,0.726025968,0.092941640,0.457200000,0.457200000
16.545520860,36.451362033,5.384988791,0.728338057,0.092941640,0.457200000,0.457200000
16.570397644,36.469907966,5.401568982,0.730650147,0.092941640,0.457200000,0.457200000
16.595274428,36.488415515,5.418192009,0.732962237,0.092941640,0.457200000,0.457200000
16.620151212,36.506884580,5.434857783,0.735274326,0.129677466,0.457200000,0.457200000
16.645134224,36.525385979,5.451646145,0.738514061,0.129677466,0.457200000,0.457200000
16.670117236,36.543832892,5.468494359,0.741753797,0.129677466,0.457200000,0.457200000
16.695100249,36.562225124,5.485402248,0.744993532,0.129677466,0.457200000,0.457200000
16.720083261,36.580562483,5.502369633,0.748233267,0.129677466,0.457200000,0.457200000
16.745066273,36.598844775,5.519396338,0.751473002,0.129677466,0.457200000,0.457200000
16.770049285,36.617071810,5.536482182,0.754712737,0.129677466,0.457200000,0.457200000
16.795032297,36.635243396,5.553626988,0.757952472,0.129677466,0.457200000,0.457200000
16.820015309,36.653359342,5.570830575,0.761192207,0.129677466,0.457200000,0.457200000
16.844998321,36.671419457,5.588092763,0.764431942,0.129677466,0.457200000,0.457200000
16.869981333,36.689423554,5.605413369,0.767671678,0.129677466,0.457200000,0.457200000
16.894964345,36.707371441,5.622792213,0.770911413,0.129677466,0.457200000,0.457200000
16.919947357,36.725262932,5.640229113,0.774151148,0.129677466,0.457200000,0.457200000
16.944930369,36.743097838,5.657723884,0.777390883,0.129677466,0.457200000,0.457200000
16.969913381,36.760875972,5.675276344,0.780630618,0.129677466,0.457200000,0.457200000
16.994896394,36.778597147,5.692886308,0.783870353,0.129677466,0.457200000,0.457200000
17.019879406,36.796261178,5.710553591,0.787110088,0.129677466,0.457200000,0.457200000
17.044862418,36.813867879,5.728278009,0.790349823,0.129677466,0.457200000,0.457200000
17.069845430,36.831417065,5.746059374,0.793589559,0.129677466,0.457200000,0.457200000
17.094828442,36.848908553,5.763897501,0.796829294,0.129677466,0.457200000,0.457200000
17.119811454,36.866342158,5.781792201,0.800069029,0.129677466,0.457200000,0.457200000
17.144794466,36.883717697,5.799743288,0.803308764,0.129677466,0.457200000,0.457200000
17.169777478,36.901034989,5.817750573,0.806548499,0.129677466,0.457200000,0.457200000
17.194760490,36.918293850,5.835813867,0.809788234,0.129677466,0.457200000,0.457200000
17.219743502,36.935494102,5.853932980,0.813027969,0.129677466,0.457200000,0.457200000
17.244726514,36.952635562,5.872107722,0.816267704,0.129677466,0.457200000,0.457200000
17.269709527,36.969718050,5.890337902,0.819507439,0.129677466,0.457200000,0.457200000
17.294692539,36.986741388,5.908623329,0.822747175,0.129677466,0.457200000,0.457200000
17.319675551,37.003705397,5.926963812,0.825986910,0.129677466,0.457200000,0.457200000
17.344658563,37.020609899,5.945359156,0.829226645,0.129677466,0.457200000,0.457200000
17.369641575,37.037454716,5.963809171,0.832466380,0.129677466,0.457200000,0.457200000
17.394624587,37.054239672,5.982313661,0.835706115,0.129677466,0.457200000,0.457200000
17.419607599,37.070964590,6.000872433,0.838945850,0.129677466,0.457200000,0.457200000
17.444590611,37.087629295,6.019485291,0.842185585,0.129677466,0.457200000,0.457200000
17.469573623,37.104233612,6.038152041,0.845425320,0.129677466,0.457200000,0.457200000
17.494556635,37.120777366,6.056872487,0.848665056,0.129677466,0.457200000,0.457200000
17.519539647,37.137260385,6.075646431,0.851904791,0.129677466,0.457200000,0.457200000
17.544522659,37.153682494,6.094473678,0.855144526,0.129677466,0.457200000,0.457200000
17.569505672,37.170043522,6.113354029,0.858384261,0.129677466,0.457200000,0.457200000
17.594488684,37.186343297,6.132287286,0.861623996,0.129677466,0.457200000,0.457200000
17.619471696,37.202581648,6.151273251,0.864863731,0.129677466,0.457200000,0.457200000
17.644454708,37.218758404,6.170311724,0.868103466,0.129677466,0.457200000,0.457200000
17.669437720,37.234873396,6.189402505,0.871343201,0.129677466,0.457200000,0.457200000
17.694420732,37.250926454,6.208545394,0.874582937,0.129677466,0.457200000,0.457200000
17.719403744,37.266917411,6.227740191,0.877822672,0.129677466,0.457200000,0.457200000
17.744386756,37.282846097,6.246986693,0.881062407,0.129677466,0.457200000,0.457200000
17.769369768,37.298712346,6.266284699,0.884302142,0.129677466,0.457200000,0.457200000
17.794352780,37.314515992,6.285634006,0.887541877,0.129677466,0.457200000,0.457200000
17.819335792,37.330256868,6.305034410,0.890781612,0.129677466,0.457200000,0.457200000
17.844318805,37.345934810,6.324485710,0.894021347,0.129677466,0.457200000,0.457200000
17.869301817,37.361549652,6.343987699,0.897261082,0.129677466,0.457200000,0.457200000
17.894284829,37.377101232,6.363540174,0.900500818,0.129677466,0.457200000,0.457200000
17.919267841,37.392589385,6.383142929,0.903740553,0.129677466,0.457200000,0.457200000
17.944250853,37.408013949,6.402795759,0.906980288,0.129677466,0.457200000,0.457200000
17.969233865,37.423374762,6.422498457,0.910220023,0.129677466,0.457200000,0.457200000
17.994216877,37.438671663,6.442250816,0.913459758,0.129677466,0.457200000,0.457200000
18.019199889,37.453904492,6.462052630,0.916699493,0.129677466,0.457200000,0.457200000
18.044182901,37.469073088,6.481903690,0.919939228,0.129677466,0.457200000,0.457200000
18.069165913,37.484177292,6.501803788,0.923178963,0.129677466,0.457200000,0.457200000
18.094148925,37.499216947,6.521752715,0.926418699,0.129677466,0.457200000,0.457200000
18.119131938,37.514191893,6.541750262,0.929658434,0.129677466,0.457200000,0.457200000
18.144114950,37.529101974,6.561796218,0.932898169,0.129677466,0.457200000,0.457200000
18.169097962,37.543947033,6.581890374,0.936137904,0.129677466,0.457200000,0.457200000
18.194080974,37.558726915,6.602032519,0.939377639,0.129677466,0.457200000,0.457200000
18.219063986,37.573441464,6.622222441,0.942617374,0.129677466,0.457200000,0.457200000
18.244046998,37.588090526,6.642459928,0.945857109,0.129677466,0.457200000,0.457200000
18.269030010,37.602673947,6.662744767,0.949096844,0.129677466,0.457200000,0.457200000
18.294013022,37.617191575,6.683076747,0.952336580,0.129677466,0.457200000,0.457200000
18.318996034,37.631643255,6.703455653,0.955576315,0.129677466,0.457200000,0.457200000
18.343979046,37.646028838,6.723881272,0.958816050,0.129677466,0.457200000,0.457200000
18.368962058,37.660348172,6.744353388,0.962055785,0.129677466,0.457200000,0.457200000
18.393945070,37.674601107,6.764871789,0.965295520,0.129677466,0.457200000,0.457200000
18.418928083,37.688787493,6.785436257,0.968535255,0.129677466,0.457200000,0.457200000
18.443911095,37.702907181,6.806046577,0.971774990,0.129677466,0.457200000,0.457200000
18.468894107,37.716960023,6.826702533,0.975014725,0.129677466,0.457200000,0.457200000
18.493877119,37.730945872,6.847403908,0.978254460,0.129677466,0.457200000,0.457200000
18.518860131,37.744864580,6.868150485,0.981494196,0.129677466,0.457200000,0.457200000
18.543843143,37.758716002,6.888942046,0.984733931,0.129677466,0.457200000,0.457200000
18.568826155,37.772499992,6.909778372,0.987973666,0.129677466,0.457200000,0.457200000
18.593809167,37.786216406,6.930659246,0.991213401,0.129677466,0.457200000,0.457200000
18.618792179,37.799865100,6.951584447,0.994453136,0.129677466,0.457200000,0.457200000
18.643775191,37.813445930,6.972553757,0.997692871,0.129677466,0.457200000,0.457200000
18.668758203,37.826958754,6.993566955,1.000932606,0.129677466,0.457200000,0.457200000
18.693741216,37.840403429,7.014623821,1.004172341,0.129677466,0.457200000,0.457200000
18.718724228,37.853779816,7.035724133,1.007412077,0.129677466,0.457200000,0.457200000
18.743707240,37.867087773,7.056867670,1.010651812,0.129677466,0.457200000,0.457200000
18.768690252,37.880327161,7.078054210,1.013891547,0.129677466,0.457200000,0.457200000
18.793673264,37.893497841,7.099283532,1.017131282,0.129677466,0.457200000,0.457200000
18.818656276,37.906599675,7.120555411,1.020371017,0.129677466,0.457200000,0.457200000
18.843639288,37.919632524,7.141869625,1.023610752,0.129677466,0.457200000,0.457200000
18.868622300,37.932596253,7.163225950,1.026850487,0.129677466,0.457200000,0.457200000
18.893605312,37.945490725,7.184624163,1.030090222,0.129677466,0.457200000,0.457200000
18.918588324,37.958315805,7.206064037,1.033329958,0.129677466,0.457200000,0.457200000
18.943571336,37.971071359,7.227545349,1.036569693,0.129677466,0.457200000,0.457200000
18.968554348,37.983757252,7.249067872,1.039809428,0.546806649,0.457200000,0.457200000
18.993426276,37.996205879,7.270600277,1.053409668,0.546806649,0.457200000,0.457200000
19.018298204,38.008360518,7.292299990,1.067009908,0.546806649,0.457200000,0.457200000
19.043170132,38.020218921,7.314162997,1.080610149,0.546806649,0.457200000,0.457200000
19.068042060,38.031778894,7.336185255,1.094210389,0.546806649,0.457200000,0.457200000
19.092913987,38.043038299,7.358362689,1.107810629,0.546806649,0.457200000,0.457200000
19.117785915,38.053995054,7.380691198,1.121410870,0.546806649,0.457200000,0.457200000
19.142657843,38.064647131,7.403166652,1.135011110,0.546806649,0.457200000,0.457200000
19.167529771,38.074992562,7.425784893,1.148611350,0.546806649,0.457200000,0.457200000
19.192401699,38.085029432,7.448541739,1.162211591,0.546806649,0.457200000,0.457200000
19.217273626,38.094755884,7.471432980,1.175811831,0.546806649,0.457200000,0.457200000
19.242145554,38.104170120,7.494454383,1.189412071,0.546806649,0.457200000,0.457200000
19.267017482,38.113270399,7.517601687,1.203012312,0.546806649,0.457200000,0.457200000
19.291889410,38.122055037,7.540870614,1.216612552,0.546806649,0.457200000,0.457200000
19.316761338,38.130522409,7.564256858,1.230212792,0.546806649,0.457200000,0.457200000
19.341633265,38.138670949,7.587756093,1.243813033,0.546806649,0.457200000,0.457200000
19.366505193,38.146499150,7.611363975,1.257413273,0.546806649,0.457200000,0.457200000
19.391377121,38.154005564,7.635076135,1.271013513,0.546806649,0.457200000,0.457200000
19.416249049,38.161188803,7.658888188,1.284613753,0.546806649,0.457200000,0.457200000
19.441120977,38.168047538,7.682795729,1.298213994,0.546806649,0.457200000,0.457200000
19.465992904,38.174580501,7.706794338,1.311814234,0.546806649,0.457200000,0.457200000
19.490864832,38.180786482,7.730879573,1.325414474,0.546806649,0.457200000,0.457200000
19.515736760,38.186664335,7.755046982,1.339014715,0.546806649,0.457200000,0.457200000
19.540608688,38.192212972,7.779292093,1.352614955,0.546806649,0.457200000,0.457200000
19.565480616,38.197431366,7.803610423,1.366215195,0.546806649,0.457200000,0.457200000
19.590352543,38.202318553,7.827997473,1.379815436,0.546806649,0.457200000,0.457200000
19.615224471,38.206873628,7.852448732,1.393415676,0.546806649,0.457200000,0.457200000
19.640096399,38.211095749,7.876959678,1.407015916,0.546806649,0.457200000,0.457200000
19.664968327,38.214984135,7.901525778,1.420616157,0.546806649,0.457200000,0.457200000
19.689840255,38.218538068,7.926142487,1.434216397,0.546806649,0.457200000,0.457200000
19.714712182,38.221756888,7.950805252,1.447816637,0.546806649,0.457200000,0.457200000
19.739584110,38.224640002,7.975509512,1.461416878,0.546806649,0.457200000,0.457200000
19.764456038,38.227186875,8.000250696,1.475017118,0.546806649,0.457200000,0.457200000
19.789327966,38.229397038,8.025024230,1.488617358,0.546806649,0.457200000,0.457200000
19.814199894,38.231270080,8.049825531,1.502217598,0.546806649,0.457200000,0.457200000
19.839071821,38.232805656,8.074650011,1.515817839,0.546806649,0.457200000,0.457200000
19.863943749,38.234003481,8.099493078,1.529418079,0.546806649,0.457200000,0.457200000
19.888815677,38.234863335,8.124350138,1.543018319,0.546806649,0.457200000,0.457200000
19.913687605,38.235385057,8.149216594,1.556618560,0.546806649,0.457200000,0.457200000
19.938559533,38.235568552,8.174087845,1.570218800,0.546806649,0.457200000,0.457200000
19.963431460,38.235413785,8.198959291,1.583819040,0.546806649,0.457200000,0.457200000
19.988303388,38.234920785,8.223826332,1.597419281,0.546806649,0.457200000,0.457200000
20.013175316,38.234089643,8.248684369,1.611019521,0.546806649,0.457200000,0.457200000
20.038047244,38.232920514,8.273528804,1.624619761,0.546806649,0.457200000,0.457200000
20.062919172,38.231413613,8.298355041,1.638220002,0.546806649,0.457200000,0.457200000
20.087791099,38.229569218,8.323158488,1.651820242,0.546806649,0.457200000,0.457200000
20.112663027,38.227387672,8.347934558,1.665420482,0.546806649,0.457200000,0.457200000
20.137534955,38.224869378,8.372678668,1.679020723,0.546806649,0.457200000,0.457200000
20.162406883,38.222014801,8.397386241,1.692620963,0.546806649,0.457200000,0.457200000
20.187278811,38.218824469,8.422052708,1.706221203,0.546806649,0.457200000,0.457200000
20.212150738,38.215298973,8.446673506,1.719821443,0.546806649,0.457200000,0.457200000
20.237022666,38.211438964,8.471244080,1.733421684,0.546806649,0.457200000,0.457200000
20.261894594,38.207245157,8.495759887,1.747021924,0.546806649,0.457200000,0.457200000
20.286766522,38.202718328,8.520216391,1.760622164,0.546806649,0.457200000,0.457200000
20.311638450,38.197859312,8.544609070,1.774222405,0.546806649,0.457200000,0.457200000
20.336510377,38.192669011,8.568933410,1.787822645,0.546806649,0.457200000,0.457200000
20.361382305,38.187148382,8.593184915,1.801422885,0.546806649,0.457200000,0.457200000
20.386254233,38.181298448,8.617359096,1.815023126,0.546806649,0.457200000,0.457200000
20.411126161,38.175120290,8.641451484,1.828623366,0.546806649,0.457200000,0.457200000
20.435998089,38.168615052,8.665457622,1.842223606,0.546806649,0.457200000,0.457200000
20.460870016,38.161783936,8.689373070,1.855823847,0.546806649,0.457200000,0.457200000
20.485741944,38.154628206,8.713193404,1.869424087,0.546806649,0.457200000,0.457200000
20.510613872,38.147149186,8.736914219,1.883024327,0.546806649,0.457200000,0.457200000
20.535485800,38.139348258,8.760531127,1.896624568,0.546806649,0.457200000,0.457200000
20.560357728,38.131226866,8.784039759,1.910224808,0.546806649,0.457200000,0.457200000
20.585229655,38.122786512,8.807435767,1.923825048,0.546806649,0.457200000,0.457200000
20.610101583,38.114028757,8.830714825,1.937425288,0.546806649,0.457200000,0.457200000
20.634973511,38.104955221,8.853872625,1.951025529,0.546806649,0.457200000,0.457200000
20.659845439,38.095567582,8.876904886,1.964625769,0.546806649,0.457200000,0.457200000
20.684717367,38.085867577,8.899807346,1.978226009,0.546806649,0.457200000,0.457200000
20.709589294,38.075856999,8.922575770,1.991826250,0.546806649,0.457200000,0.457200000
20.734461222,38.065537701,8.945205947,2.005426490,0.546806649,0.457200000,0.457200000
20.759333150,38.054911590,8.967693689,2.019026730,0.546806649,0.457200000,0.457200000
20.784205078,38.043980633,8.990034839,2.032626971,0.546806649,0.457200000,0.457200000
20.809077005,38.032746852,9.012225264,2.046227211,0.546806649,0.457200000,0.457200000
20.833948933,38.021212323,9.034260859,2.059827451,0.546806649,0.457200000,0.457200000
20.858820861,38.009379181,9.056137548,2.073427692,0.546806649,0.457200000,0.457200000
20.883692789,37.997249615,9.077851286,2.087027932,0.546806649,0.457200000,0.457200000
20.908564717,37.984825867,9.099398055,2.100628172,0.546806649,0.457200000,0.457200000
20.933436644,37.972110236,9.120773872,2.114228413,0.546806649,0.457200000,0.457200000
20.958308572,37.959105074,9.141974781,2.127828653,0.546806649,0.457200000,0.457200000
20.983180500,37.945812785,9.162996861,2.141428893,0.546806649,0.457200000,0.457200000
21.008052428,37.932235830,9.183836225,2.155029134,0.546806649,0.457200000,0.457200000
21.032924356,37.918376719,9.204489017,2.168629374,0.546806649,0.457200000,0.457200000
21.057796283,37.904238015,9.224951418,2.182229614,0.546806649,0.457200000,0.457200000
21.082668211,37.889822333,9.245219642,2.195829854,0.546806649,0.457200000,0.457200000
21.107540139,37.875132341,9.265289941,2.209430095,0.546806649,0.457200000,0.457200000
21.132412067,37.860170754,9.285158603,2.223030335,0.546806649,0.457200000,0.457200000
21.157283995,37.844940342,9.304821953,2.236630575,0.546806649,0.457200000,0.457200000
21.182155922,37.829443919,9.324276353,2.250230816,0.546806649,0.457200000,0.457200000
21.207027850,37.813684354,9.343518205,2.263831056,0.546806649,0.457200000,0.457200000
21.231899778,37.797664560,9.362543951,2.277431296,0.546806649,0.457200000,0.457200000
21.256771706,37.781387501,9.381350071,2.291031537,0.546806649,0.457200000,0.457200000
21.281643634,37.764856187,9.399933086,2.304631777,0.546806649,0.457200000,0.457200000
21.306515561,37.748073676,9.418289560,2.318232017,0.546806649,0.457200000,0.457200000
21.331387489,37.731043073,9.436416097,2.331832258,0.546806649,0.457200000,0.457200000
21.356259417,37.713767527,9.454309345,2.345432498,0.546806649,0.457200000,0.457200000
21.381131345,37.696250234,9.471965993,2.359032738,0.546806649,0.457200000,0.457200000
21.406003273,37.678494434,9.489382777,2.372632979,0.546806649,0.457200000,0.457200000
21.430875200,37.660503411,9.506556474,2.386233219,0.546806649,0.457200000,0.457200000
21.455747128,37.642280492,9.523483908,2.399833459,0.546806649,0.457200000,0.457200000
21.480619056,37.623829048,9.540161948,2.413433699,0.546806649,0.457200000,0.457200000
21.505490984,37.605152493,9.556587510,2.427033940,0.546806649,0.457200000,0.457200000
21.530362912,37.586254280,9.572757554,2.440634180,0.546806649,0.457200000,0.457200000
21.555234839,37.567137905,9.588669091,2.454234420,0.546806649,0.457200000,0.457200000
21.580106767,37.547806904,9.604319177,2.467834661,0.546806649,0.457200000,0.457200000
21.604978695,37.528264853,9.619704918,2.481434901,0.546806649,0.457200000,0.457200000
21.629850623,37.508515365,9.634823467,2.495035141,0.546806649,0.457200000,0.457200000
21.654722551,37.488562094,9.649672028,2.508635382,0.546806649,0.457200000,0.457200000
21.679594478,37.468408731,9.664247856,2.522235622,0.546806649,0.457200000,0.457200000
21.704466406,37.448059003,9.678548253,2.535835862,0.546806649,0.457200000,0.457200000
21.729338334,37.427516674,9.692570575,2.549436103,0.546806649,0.457200000,0.457200000
21.754210262,37.406785544,9.706312228,2.563036343,0.546806649,0.457200000,0.457200000
21.779082190,37.385869447,9.719770671,2.576636583,0.546806649,0.457200000,0.457200000
21.803954117,37.364772252,9.732943414,2.590236824,0.546806649,0.457200000,0.457200000
21.828826045,37.343497861,9.745828020,2.603837064,0.546806649,0.457200000,0.457200000
21.853697973,37.322050209,9.758422108,2.617437304,0.546806649,0.457200000,0.457200000
21.878569901,37.300433264,9.770723346,2.631037544,0.546806649,0.457200000,0.457200000
21.903441829,37.278651023,9.782729460,2.644637785,0.546806649,0.457200000,0.457200000
21.928313756,37.256707515,9.794438229,2.658238025,0.546806649,0.457200000,0.457200000
21.953185684,37.234606800,9.805847487,2.671838265,0.546806649,0.457200000,0.457200000
21.978057612,37.212352965,9.816955124,2.685438506,-0.546806649,0.457200000,0.457200000
22.003022573,37.190016173,9.828104878,2.671787393,-0.546806649,0.457200000,0.457200000
22.027987534,37.167833664,9.839558505,2.658136280,-0.546806649,0.457200000,0.457200000
22.052952496,37.145809571,9.851313872,2.644485167,-0.546806649,0.457200000,0.457200000
22.077917457,37.123948000,9.863368788,2.630834055,-0.546806649,0.457200000,0.457200000
22.102882418,37.102253024,9.875721006,2.617182942,-0.546806649,0.457200000,0.457200000
22.127847379,37.080728685,9.888368224,2.603531829,-0.546806649,0.457200000,0.457200000
22.152812341,37.059378995,9.901308086,2.589880716,-0.546806649,0.457200000,0.457200000
22.177777302,37.038207932,9.914538180,2.576229603,-0.546806649,0.457200000,0.457200000
22.202742263,37.017219442,9.928056041,2.562578491,-0.546806649,0.457200000,0.457200000
22.227707224,36.996417435,9.941859150,2.548927378,-0.546806649,0.457200000,0.457200000
22.252672186,36.975805789,9.955944934,2.535276265,-0.546806649,0.457200000,0.457200000
22.277637147,36.955388344,9.970310770,2.521625152,-0.546806649,0.457200000,0.457200000
22.302602108,36.935168905,9.984953978,2.507974039,-0.546806649,0.457200000,0.457200000
22.327567069,36.915151239,9.999871832,2.494322927,-0.546806649,0.457200000,0.457200000
22.352532030,36.895339078,10.015061551,2.480671814,-0.546806649,0.457200000,0.457200000
22.377496992,36.875736113,10.030520304,2.467020701,-0.546806649,0.457200000,0.457200000
22.402461953,36.856345997,10.046245211,2.453369588,-0.546806649,0.457200000,0.457200000
22.427426914,36.837172343,10.062233341,2.439718475,-0.546806649,0.457200000,0.457200000
22.452391875,36.818218725,10.078481714,2.426067363,-0.546806649,0.457200000,0.457200000
22.477356837,36.799488675,10.094987304,2.412416250,-0.546806649,0.457200000,0.457200000
22.502321798,36.780985682,10.111747034,2.398765137,-0.546806649,0.457200000,0.457200000
22.527286759,36.762713195,10.128757781,2.385114024,-0.546806649,0.457200000,0.457200000
22.552251720,36.744674619,10.146016375,2.371462911,-0.546806649,0.457200000,0.457200000
22.577216682,36.726873316,10.163519600,2.357811799,-0.546806649,0.457200000,0.457200000
22.602181643,36.709312602,10.181264195,2.344160686,-0.546806649,0.457200000,0.457200000
22.627146604,36.691995750,10.199246851,2.330509573,-0.546806649,0.457200000,0.457200000
22.652111565,36.674925988,10.217464219,2.316858460,-0.546806649,0.457200000,0.457200000
22.677076527,36.658106496,10.235912904,2.303207347,-0.546806649,0.457200000,0.457200000
22.702041488,36.641540408,10.254589467,2.289556235,-0.546806649,0.457200000,0.457200000
22.727006449,36.625230811,10.273490429,2.275905122,-0.546806649,0.457200000,0.457200000
22.751971410,36.609180746,10.292612267,2.262254009,-0.546806649,0.457200000,0.457200000
22.776936371,36.593393202,10.311951418,2.248602896,-0.546806649,0.457200000,0.457200000
22.801901333,36.577871122,10.331504277,2.234951783,-0.546806649,0.457200000,0.457200000
22.826866294,36.562617398,10.351267202,2.221300671,-0.546806649,0.457200000,0.457200000
22.851831255,36.547634873,10.371236509,2.207649558,-0.546806649,0.457200000,0.457200000
22.876796216,36.532926338,10.391408478,2.193998445,-0.546806649,0.457200000,0.457200000
22.901761178,36.518494536,10.411779348,2.180347332,-0.546806649,0.457200000,0.457200000
22.926726139,36.504342154,10.432345325,2.166696219,-0.546806649,0.457200000,0.457200000
22.951691100,36.490471831,10.453102575,2.153045107,-0.546806649,0.457200000,0.457200000
22.976656061,36.476886151,10.474047230,2.139393994,-0.546806649,0.457200000,0.457200000
23.001621023,36.463587646,10.495175388,2.125742881,-0.546806649,0.457200000,0.457200000
23.026585984,36.450578794,10.516483111,2.112091768,-0.546806649,0.457200000,0.457200000
23.051550945,36.437862019,10.537966428,2.098440656,-0.546806649,0.457200000,0.457200000
23.076515906,36.425439691,10.559621336,2.084789543,-0.546806649,0.457200000,0.457200000
23.101480868,36.413314125,10.581443800,2.071138430,-0.546806649,0.457200000,0.457200000
23.126445829,36.401487580,10.603429753,2.057487317,-0.546806649,0.457200000,0.457200000
23.151410790,36.389962261,10.625575098,2.043836204,-0.546806649,0.457200000,0.457200000
23.176375751,36.378740315,10.647875708,2.030185092,-0.546806649,0.457200000,0.457200000
23.201340712,36.367823833,10.670327428,2.016533979,-0.546806649,0.457200000,0.457200000
23.226305674,36.357214850,10.692926073,2.002882866,-0.546806649,0.457200000,0.457200000
23.251270635,36.346915342,10.715667433,1.989231753,-0.546806649,0.457200000,0.457200000
23.276235596,36.336927229,10.738547268,1.975580640,-0.546806649,0.457200000,0.457200000
23.301200557,36.327252372,10.761561317,1.961929528,-0.546806649,0.457200000,0.457200000
23.326165519,36.317892574,10.784705290,1.948278415,-0.546806649,0.457200000,0.457200000
23.351130480,36.308849580,10.807974874,1.934627302,-0.546806649,0.457200000,0.457200000
23.376095441,36.300125074,10.831365733,1.920976189,-0.546806649,0.457200000,0.457200000
23.401060402,36.291720682,10.854873508,1.907325076,-0.546806649,0.457200000,0.457200000
23.426025364,36.283637971,10.878493819,1.893673964,-0.546806649,0.457200000,0.457200000
23.450990325,36.275878446,10.902222263,1.880022851,-0.546806649,0.457200000,0.457200000
23.475955286,36.268443554,10.926054419,1.866371738,-0.546806649,0.457200000,0.457200000
23.500920247,36.261334680,10.949985846,1.852720625,-0.546806649,0.457200000,0.457200000
23.525885208,36.254553149,10.974012084,1.839069512,-0.546806649,0.457200000,0.457200000
23.550850170,36.248100224,10.998128656,1.825418400,-0.546806649,0.457200000,0.457200000
23.575815131,36.241977109,11.022331068,1.811767287,-0.546806649,0.457200000,0.457200000
23.600780092,36.236184943,11.046614810,1.798116174,-0.546806649,0.457200000,0.457200000
23.625745053,36.230724807,11.070975356,1.784465061,-0.546806649,0.457200000,0.457200000
23.650710015,36.225597718,11.095408167,1.770813948,-0.546806649,0.457200000,0.457200000
23.675674976,36.220804632,11.119908690,1.757162836,-0.546806649,0.457200000,0.457200000
23.700639937,36.216346441,11.144472358,1.743511723,-0.546806649,0.457200000,0.457200000
23.725604898,36.212223976,11.169094596,1.729860610,-0.546806649,0.457200000,0.457200000
23.750569860,36.208438006,11.193770814,1.716209497,-0.546806649,0.457200000,0.457200000
23.775534821,36.204989237,11.218496413,1.702558384,-0.546806649,0.457200000,0.457200000
23.800499782,36.201878310,11.243266787,1.688907272,-0.546806649,0.457200000,0.457200000
23.825464743,36.199105805,11.268077319,1.675256159,-0.546806649,0.457200000,0.457200000
23.850429705,36.196672240,11.292923386,1.661605046,-0.546806649,0.457200000,0.457200000
23.875394666,36.194578067,11.317800358,1.647953933,-0.546806649,0.457200000,0.457200000
23.900359627,36.192823678,11.342703599,1.634302820,-0.546806649,0.457200000,0.457200000
23.925324588,36.191409398,11.367628468,1.620651708,-0.546806649,0.457200000,0.457200000
23.950289549,36.190335491,11.392570321,1.607000595,-0.546806649,0.457200000,0.457200000
23.975254511,36.189602158,11.417524509,1.593349482,-0.546806649,0.457200000,0.457200000
24.000219472,36.189209536,11.442486383,1.579698369,-0.546806649,0.457200000,0.457200000
24.025184433,36.189157696,11.467451290,1.566047256,-0.546806649,0.457200000,0.457200000
24.050149394,36.189446650,11.492414579,1.552396144,-0.546806649,0.457200000,0.457200000
24.075114356,36.190076343,11.517371598,1.538745031,-0.546806649,0.457200000,0.457200000
24.100079317,36.191046657,11.542317695,1.525093918,-0.546806649,0.457200000,0.457200000
24.125044278,36.192357413,11.567248223,1.511442805,-0.546806649,0.457200000,0.457200000
24.150009239,36.194008366,11.592158535,1.497791693,-0.546806649,0.457200000,0.457200000
24.174974201,36.195999207,11.617043989,1.484140580,-0.546806649,0.457200000,0.457200000
24.199939162,36.198329567,11.641899949,1.470489467,-0.546806649,0.457200000,0.457200000
24.224904123,36.200999010,11.666721781,1.456838354,-0.546806649,0.457200000,0.457200000
24.249869084,36.204007040,11.691504861,1.443187241,-0.546806649,0.457200000,0.457200000
24.274834046,36.207353095,11.716244570,1.429536129,-0.546806649,0.457200000,0.457200000
24.299799007,36.211036553,11.740936298,1.415885016,-0.546806649,0.457200000,0.457200000
24.324763968,36.215056727,11.765575443,1.402233903,-0.546806649,0.457200000,0.457200000
24.349728929,36.219412868,11.790157415,1.388582790,-0.546806649,0.457200000,0.457200000
24.374693890,36.224104163,11.814677632,1.374931677,-0.546806649,0.457200000,0.457200000
24.399658852,36.229129740,11.839131525,1.361280565,-0.546806649,0.457200000,0.457200000
24.424623813,36.234488660,11.863514536,1.347629452,-0.546806649,0.457200000,0.457200000
24.449588774,36.240179926,11.887822123,1.333978339,-0.546806649,0.457200000,0.457200000
24.474553735,36.246202477,11.912049756,1.320327226,-0.546806649,0.457200000,0.457200000
24.499518697,36.252555191,11.936192918,1.306676113,-0.546806649,0.457200000,0.457200000
24.524483658,36.259236884,11.960247113,1.293025001,-0.546806649,0.457200000,0.457200000
24.549448619,36.266246310,11.984207856,1.279373888,-0.546806649,0.457200000,0.457200000
24.574413580,36.273582164,12.008070684,1.265722775,-0.546806649,0.457200000,0.457200000
24.599378542,36.281243079,12.031831149,1.252071662,-0.546806649,0.457200000,0.457200000
24.624343503,36.289227626,12.055484823,1.238420549,-0.546806649,0.457200000,0.457200000
24.649308464,36.297534318,12.079027298,1.224769437,-0.546806649,0.457200000,0.457200000
24.674273425,36.306161608,12.102454188,1.211118324,-0.546806649,0.457200000,0.457200000
24.699238387,36.315107887,12.125761126,1.197467211,-0.546806649,0.457200000,0.457200000
24.724203348,36.324371488,12.148943770,1.183816098,-0.546806649,0.457200000,0.457200000
24.749168309,36.333950684,12.171997800,1.170164985,-0.546806649,0.457200000,0.457200000
24.774133270,36.343843692,12.194918919,1.156513873,-0.546806649,0.457200000,0.457200000
24.799098231,36.354048667,12.217702856,1.142862760,-0.546806649,0.457200000,0.457200000
24.824063193,36.364563708,12.240345364,1.129211647,-0.546806649,0.457200000,0.457200000
24.849028154,36.375386854,12.262842226,1.115560534,-0.546806649,0.457200000,0.457200000
24.873993115,36.386516090,12.285189248,1.101909421,-0.546806649,0.457200000,0.457200000
24.898958076,36.397949342,12.307382266,1.088258309,-0.546806649,0.457200000,0.457200000
24.923923038,36.409684477,12.329417145,1.074607196,-0.546806649,0.457200000,0.457200000
24.948887999,36.421719311,12.351289778,1.060956083,-0.546806649,0.457200000,0.457200000
24.973852960,36.434051600,12.372996089,1.047304970,-0.546806649,0.457200000,0.457200000
24.998817921,36.446679046,12.394532033,1.033653857,-0.546806649,0.457200000,0.457200000
25.023782883,36.459599296,12.415893598,1.020002745,-0.546806649,0.457200000,0.457200000
25.048747844,36.472809942,12.437076801,1.006351632,-0.546806649,0.457200000,0.457200000
25.073712805,36.486308522,12.458077697,0.992700519,-0.546806649,0.457200000,0.457200000
25.098677766,36.500092522,12.478892371,0.979049406,-0.546806649,0.457200000,0.457200000
25.123642727,36.514159372,12.499516944,0.965398293,-0.546806649,0.457200000,0.457200000
25.148607689,36.528506450,12.519947574,0.951747181,-0.546806649,0.457200000,0.457200000
25.173572650,36.543131084,12.540180452,0.938096068,-0.546806649,0.457200000,0.457200000
25.198537611,36.558030548,12.560211809,0.924444955,-0.546806649,0.457200000,0.457200000
25.223502572,36.573202066,12.580037912,0.910793842,-0.546806649,0.457200000,0.457200000
25.248467534,36.588642810,12.599655065,0.897142729,-0.546806649,0.457200000,0.457200000
25.273432495,36.604349903,12.619059614,0.883491617,-0.546806649,0.457200000,0.457200000
25.298397456,36.620320418,12.638247942,0.869840504,-0.546806649,0.457200000,0.457200000
25.323362417,36.636551379,12.657216474,0.856189391,-0.546806649,0.457200000,0.457200000
25.348327379,36.653039761,12.675961675,0.842538278,-0.546806649,0.457200000,0.457200000
25.373292340,36.669782492,12.694480051,0.828887166,-0.546806649,0.457200000,0.457200000
25.398257301,36.686776451,12.712768152,0.815236053,-0.546806649,0.457200000,0.457200000
25.423222262,36.704018472,12.730822570,0.801584940,-0.546806649,0.457200000,0.457200000
25.448187224,36.721505342,12.748639940,0.787933827,-0.546806649,0.457200000,0.457200000
25.473152185,36.739233801,12.766216942,0.774282714,-0.546806649,0.457200000,0.457200000
25.498117146,36.757200547,12.783550301,0.760631602,-0.546806649,0.457200000,0.457200000
25.523082107,36.775402232,12.800636786,0.746980489,-0.546806649,0.457200000,0.457200000
25.548047068,36.793835462,12.817473214,0.733329376,-0.546806649,0.457200000,0.457200000
25.573012030,36.812496804,12.834056446,0.719678263,-0.546806649,0.457200000,0.457200000
25.597976991,36.831382780,12.850383394,0.706027150,-0.546806649,0.457200000,0.457200000
25.622941952,36.850489870,12.866451013,0.692376038,-0.546806649,0.457200000,0.457200000
25.647906913,36.869814514,12.882256311,0.678724925,-0.546806649,0.457200000,0.457200000
25.672871875,36.889353111,12.897796341,0.665073812,-0.546806649,0.457200000,0.457200000
25.697836836,36.909102019,12.913068208,0.651422699,-0.546806649,0.457200000,0.457200000
25.722801797,36.929057558,12.928069065,0.637771586,-0.546806649,0.457200000,0.457200000
25.747766758,36.949216011,12.942796118,0.624120474,-0.546806649,0.457200000,0.457200000
25.772731720,36.969573619,12.957246623,0.610469361,-0.546806649,0.457200000,0.457200000
25.797696681,36.990126590,12.971417885,0.596818248,-0.546806649,0.457200000,0.457200000
25.822661642,37.010871093,12.985307265,0.583167135,-0.546806649,0.457200000,0.457200000
25.847626603,37.031803263,12.998912174,0.569516022,-0.546806649,0.457200000,0.457200000
25.872591565,37.052919199,13.012230076,0.555864910,-0.546806649,0.457200000,0.457200000
25.897556526,37.074214967,13.025258491,0.542213797,-0.546806649,0.457200000,0.457200000
25.922521487,37.095686596,13.037994990,0.528562684,-0.546806649,0.457200000,0.457200000
25.947486448,37.117330087,13.050437200,0.514911571,-0.546806649,0.457200000,0.457200000
25.972451409,37.139141407,13.062582801,0.501260458,-0.546806649,0.457200000,0.457200000
25.997416371,37.161116489,13.074429532,0.487609346,-0.546806649,0.457200000,0.457200000
26.022381332,37.183251241,13.085975184,0.473958233,-0.546806649,0.457200000,0.457200000
26.047346293,37.205541536,13.097217605,0.460307120,-0.546806649,0.457200000,0.457200000
26.072311254,37.227983221,13.108154701,0.446656007,-0.546806649,0.457200000,0.457200000
26.097276216,37.250572113,13.118784433,0.433004894,-0.546806649,0.457200000,0.457200000
26.122241177,37.273304005,13.129104822,0.419353782,-0.546806649,0.457200000,0.457200000
26.147206138,37.296174658,13.139113942,0.405702669,-0.546806649,0.457200000,0.457200000
26.172171099,37.319179812,13.148809930,0.392051556,-0.546806649,0.457200000,0.457200000
26.197136061,37.342315180,13.158190978,0.378400443,-0.546806649,0.457200000,0.457200000
26.222101022,37.365576449,13.167255338,0.364749330,-0.546806649,0.457200000,0.457200000
26.247065983,37.388959286,13.176001322,0.351098218,-0.546806649,0.457200000,0.457200000
26.272030944,37.412459333,13.184427298,0.337447105,-0.546806649,0.457200000,0.457200000
26.296995905,37.436072211,13.192531698,0.323795992,-0.546806649,0.457200000,0.457200000
26.321960867,37.459793519,13.200313011,0.310144879,-0.546806649,0.457200000,0.457200000
26.346925828,37.483618837,13.207769786,0.296493766,-0.546806649,0.457200000,0.457200000
26.371890789,37.507543726,13.214900635,0.282842654,-0.546806649,0.457200000,0.457200000
26.396855750,37.531563726,13.221704228,0.269191541,-0.546806649,0.457200000,0.457200000
26.421820712,37.555674362,13.228179297,0.255540428,-0.546806649,0.457200000,0.457200000
26.446785673,37.579871141,13.234324636,0.241889315,-0.546806649,0.457200000,0.457200000
26.471750634,37.604149553,13.240139100,0.228238202,-0.546806649,0.457200000,0.457200000
26.496715595,37.628505074,13.245621606,0.214587090,-0.546806649,0.457200000,0.457200000
26.521680557,37.652933166,13.250771131,0.200935977,-0.546806649,0.457200000,0.457200000
26.546645518,37.677429277,13.255586715,0.187284864,-0.546806649,0.457200000,0.457200000
26.571610479,37.701988841,13.260067462,0.173633751,-0.546806649,0.457200000,0.457200000
26.596575440,37.726607282,13.264212537,0.159982639,-0.546806649,0.457200000,0.457200000
26.621540402,37.751280013,13.268021167,0.146331526,-0.546806649,0.457200000,0.457200000
26.646505363,37.776002435,13.271492642,0.132680413,-0.546806649,0.457200000,0.457200000
26.671470324,37.800769941,13.274626316,0.119029300,-0.546806649,0.457200000,0.457200000
26.696435285,37.825577917,13.277421604,0.105378187,-0.546806649,0.457200000,0.457200000
26.721400246,37.850421739,13.279877986,0.091727075,-0.546806649,0.457200000,0.457200000
26.746365208,37.875296777,13.281995004,0.078075962,-0.546806649,0.457200000,0.457200000
26.771330169,37.900198396,13.283772263,0.064424849,-0.546806649,0.457200000,0.457200000
26.796295130,37.925121956,13.285209432,0.050773736,-0.546806649,0.457200000,0.457200000
26.821260091,37.950062812,13.286306243,0.037122623,-0.546806649,0.457200000,0.457200000
26.846225053,37.975016316,13.287062493,0.023471511,-0.546806649,0.457200000,0.457200000
26.871190014,37.999977819,13.287478039,0.009820398,-0.546806649,0.457200000,0.457200000
26.896154975,38.024942668,13.287552805,-0.003830715,-0.546806649,0.457200000,0.457200000
26.921119936,38.049906212,13.287286777,-0.017481828,-0.546806649,0.457200000,0.457200000
26.946084898,38.074863798,13.286680003,-0.031132941,-0.546806649,0.457200000,0.457200000
26.971049859,38.099810776,13.285732599,-0.044784053,-0.546806649,0.457200000,0.457200000
26.996014820,38.124742497,13.284444739,-0.058435166,-0.546806649,0.457200000,0.457200000
27.020979781,38.149654315,13.282816663,-0.072086279,-0.546806649,0.457200000,0.457200000
27.045944743,38.174541587,13.280848676,-0.085737392,-0.546806649,0.457200000,0.457200000
27.070909704,38.199399676,13.278541144,-0.099388505,-0.546806649,0.457200000,0.457200000
27.095874665,38.224223949,13.275894497,-0.113039617,-0.546806649,0.457200000,0.457200000
27.120839626,38.249009781,13.272909229,-0.126690730,-0.546806649,0.457200000,0.457200000
27.145804587,38.273752552,13.269585894,-0.140341843,-0.546806649,0.457200000,0.457200000
27.170769549,38.298447653,13.265925114,-0.153992956,-0.546806649,0.457200000,0.457200000
27.195734510,38.323090480,13.261927569,-0.167644069,-0.546806649,0.457200000,0.457200000
27.220699471,38.347676441,13.257594005,-0.181295181,-0.546806649,0.457200000,0.457200000
27.245664432,38.372200956,13.252925230,-0.194946294,-0.546806649,0.457200000,0.457200000
27.270629394,38.396659454,13.247922113,-0.208597407,-0.546806649,0.457200000,0.457200000
27.295594355,38.421047377,13.242585587,-0.222248520,-0.546806649,0.457200000,0.457200000
27.320559316,38.445360180,13.236916646,-0.235899633,-0.546806649,0.457200000,0.457200000
27.345524277,38.469593333,13.230916348,-0.249550745,-0.546806649,0.457200000,0.457200000
27.370489239,38.493742320,13.224585808,-0.263201858,-0.546806649,0.457200000,0.457200000
27.395454200,38.517802640,13.217926209,-0.276852971,-0.546806649,0.457200000,0.457200000
27.420419161,38.541769811,13.210938790,-0.290504084,-0.546806649,0.457200000,0.457200000
27.445384122,38.565639365,13.203624853,-0.304155197,-0.546806649,0.457200000,0.457200000
27.470349084,38.589406855,13.195985763,-0.317806309,-0.546806649,0.457200000,0.457200000
27.495314045,38.613067852,13.188022941,-0.331457422,-0.546806649,0.457200000,0.457200000
27.520279006,38.636617946,13.179737873,-0.345108535,-0.546806649,0.457200000,0.457200000
27.545243967,38.660052749,13.171132101,-0.358759648,-0.546806649,0.457200000,0.457200000
27.570208928,38.683367893,13.162207230,-0.372410761,-0.546806649,0.457200000,0.457200000
27.595173890,38.706559035,13.152964923,-0.386061873,-0.546806649,0.457200000,0.457200000
27.620138851,38.729621852,13.143406902,-0.399712986,-0.546806649,0.457200000,0.457200000
27.645103812,38.752552046,13.133534948,-0.413364099,-0.546806649,0.457200000,0.457200000
27.670068773,38.775345345,13.123350901,-0.427015212,-0.546806649,0.457200000,0.457200000
27.695033735,38.797997501,13.112856659,-0.440666324,-0.546806649,0.457200000,0.457200000
27.719998696,38.820504293,13.102054177,-0.454317437,-0.546806649,0.457200000,0.457200000
27.744963657,38.842861526,13.090945468,-0.467968550,-0.546806649,0.457200000,0.457200000
27.769928618,38.865065035,13.079532603,-0.481619663,-0.546806649,0.457200000,0.457200000
27.794893580,38.887110681,13.067817708,-0.495270776,-0.546806649,0.457200000,0.457200000
27.819858541,38.908994357,13.055802966,-0.508921888,-0.546806649,0.457200000,0.457200000
27.844823502,38.930711984,13.043490616,-0.522573001,-0.546806649,0.457200000,0.457200000
27.869788463,38.952259516,13.030882953,-0.536224114,-0.546806649,0.457200000,0.457200000
27.894753424,38.973632937,13.017982326,-0.549875227,-0.546806649,0.457200000,0.457200000
27.919718386,38.994828264,13.004791140,-0.563526340,-0.546806649,0.457200000,0.457200000
27.944683347,39.015841547,12.991311851,-0.577177452,-0.546806649,0.457200000,0.457200000
27.969648308,39.036668871,12.977546973,-0.590828565,-0.546806649,0.457200000,0.457200000
27.994613269,39.057306354,12.963499070,-0.604479678,-0.546806649,0.457200000,0.457200000
28.019578231,39.077750150,12.949170760,-0.618130791,-0.546806649,0.457200000,0.457200000
28.044543192,39.097996451,12.934564713,-0.631781904,-0.546806649,0.457200000,0.457200000
28.069508153,39.118041482,12.919683651,-0.645433016,-0.546806649,0.457200000,0.457200000
28.094473114,39.137881509,12.904530347,-0.659084129,-0.546806649,0.457200000,0.457200000
28.119438076,39.157512834,12.889107625,-0.672735242,-0.546806649,0.457200000,0.457200000
28.144403037,39.176931800,12.873418359,-0.686386355,-0.546806649,0.457200000,0.457200000
28.169367998,39.196134786,12.857465472,-0.700037468,-0.546806649,0.457200000,0.457200000
28.194332959,39.215118216,12.841251938,-0.713688580,-0.546806649,0.457200000,0.457200000
28.219297921,39.233878551,12.824780778,-0.727339693,-0.546806649,0.457200000,0.457200000
28.244262882,39.252412295,12.808055060,-0.740990806,-0.546806649,0.457200000,0.457200000
28.269227843,39.270715995,12.791077903,-0.754641919,-0.546806649,0.457200000,0.457200000
28.294192804,39.288786240,12.773852470,-0.768293032,-0.328083990,0.457200000,0.457200000
28.319181411,39.306684162,12.756414154,-0.776491416,-0.328083990,0.457200000,0.457200000
28.344170018,39.324438519,12.738829692,-0.784689801,-0.328083990,0.457200000,0.457200000
28.369158625,39.342048116,12.721100266,-0.792888186,-0.328083990,0.457200000,0.457200000
28.394147232,39.359511771,12.703227067,-0.801086571,-0.328083990,0.457200000,0.457200000
28.419135840,39.376828309,12.685211296,-0.809284956,-0.328083990,0.457200000,0.457200000
28.444124447,39.393996566,12.667054164,-0.817483341,-0.328083990,0.457200000,0.457200000
28.469113054,39.411015389,12.648756893,-0.825681726,-0.328083990,0.457200000,0.457200000
28.494101661,39.427883634,12.630320711,-0.833880110,-0.328083990,0.457200000,0.457200000
28.519090268,39.444600166,12.611746858,-0.842078495,-0.328083990,0.457200000,0.457200000
28.544078875,39.461163863,12.593036582,-0.850276880,-0.328083990,0.457200000,0.457200000
28.569067482,39.477573611,12.574191140,-0.858475265,-0.328083990,0.457200000,0.457200000
28.594056089,39.493828307,12.555211800,-0.866673650,-0.328083990,0.457200000,0.457200000
28.619044696,39.509926858,12.536099838,-0.874872035,-0.328083990,0.457200000,0.457200000
28.644033303,39.525868183,12.516856536,-0.883070420,-0.328083990,0.457200000,0.457200000
28.669021910,39.541651210,12.497483190,-0.891268804,-0.328083990,0.457200000,0.457200000
28.694010517,39.557274879,12.477981101,-0.899467189,-0.328083990,0.457200000,0.457200000
28.718999124,39.572738138,12.458351580,-0.907665574,-0.328083990,0.457200000,0.457200000
28.743987731,39.588039949,12.438595947,-0.915863959,-0.328083990,0.457200000,0.457200000
28.768976338,39.603179283,12.418715528,-0.924062344,-0.328083990,0.457200000,0.457200000
28.793964945,39.618155124,12.398711661,-0.932260729,-0.328083990,0.457200000,0.457200000
28.818953552,39.632966463,12.378585690,-0.940459114,-0.328083990,0.457200000,0.457200000
28.843942160,39.647612306,12.358338968,-0.948657498,-0.328083990,0.457200000,0.457200000
28.868930767,39.662091668,12.337972855,-0.956855883,-0.328083990,0.457200000,0.457200000
28.893919374,39.676403576,12.317488721,-0.965054268,-0.328083990,0.457200000,0.457200000
28.918907981,39.690547068,12.296887941,-0.973252653,-0.328083990,0.457200000,0.457200000
28.943896588,39.704521194,12.276171902,-0.981451038,-0.328083990,0.457200000,0.457200000
28.968885195,39.718325014,12.255341994,-0.989649423,-0.328083990,0.457200000,0.457200000
28.993873802,39.731957601,12.234399619,-0.997847808,-0.328083990,0.457200000,0.457200000
29.018862409,39.745418037,12.213346184,-1.006046192,-0.328083990,0.457200000,0.457200000
29.043851016,39.758705419,12.192183104,-1.014244577,-0.328083990,0.457200000,0.457200000
29.068839623,39.771818853,12.170911801,-1.022442962,-0.328083990,0.457200000,0.457200000
29.093828230,39.784757458,12.149533705,-1.030641347,-0.328083990,0.457200000,0.457200000
29.118816837,39.797520365,12.128050254,-1.038839732,-0.328083990,0.457200000,0.457200000
29.143805444,39.810106715,12.106462890,-1.047038117,-0.328083990,0.457200000,0.457200000
29.168794051,39.822515662,12.084773065,-1.055236502,-0.328083990,0.457200000,0.457200000
29.193782658,39.834746373,12.062982237,-1.063434886,-0.328083990,0.457200000,0.457200000
29.218771265,39.846798025,12.041091870,-1.071633271,-0.328083990,0.457200000,0.457200000
29.243759873,39.858669809,12.019103436,-1.079831656,-0.328083990,0.457200000,0.457200000
29.268748480,39.870360926,11.997018412,-1.088030041,-0.328083990,0.457200000,0.457200000
29.293737087,39.881870590,11.974838283,-1.096228426,-0.328083990,0.457200000,0.457200000
29.318725694,39.893198029,11.952564541,-1.104426811,-0.328083990,0.457200000,0.457200000
29.343714301,39.904342480,11.930198681,-1.112625196,-0.328083990,0.457200000,0.457200000
29.368702908,39.915303195,11.907742207,-1.120823580,-0.328083990,0.457200000,0.457200000
29.393691515,39.926079437,11.885196629,-1.129021965,-0.328083990,0.457200000,0.457200000
29.418680122,39.936670481,11.862563461,-1.137220350,-0.328083990,0.457200000,0.457200000
29.443668729,39.947075616,11.839844226,-1.145418735,-0.328083990,0.457200000,0.457200000
29.468657336,39.957294142,11.817040450,-1.153617120,-0.328083990,0.457200000,0.457200000
29.493645943,39.967325373,11.794153666,-1.161815505,-0.328083990,0.457200000,0.457200000
29.518634550,39.977168635,11.771185412,-1.170013890,-0.328083990,0.457200000,0.457200000
29.543623157,39.986823265,11.748137232,-1.178212274,-0.328083990,0.457200000,0.457200000
29.568611764,39.996288614,11.725010675,-1.186410659,-0.328083990,0.457200000,0.457200000
29.593600371,40.005564048,11.701807296,-1.194609044,-0.328083990,0.457200000,0.457200000
29.618588978,40.014648942,11.678528653,-1.202807429,-0.328083990,0.457200000,0.457200000
29.643577585,40.023542685,11.655176313,-1.211005814,-0.328083990,0.457200000,0.457200000
29.668566193,40.032244680,11.631751843,-1.219204199,-0.328083990,0.457200000,0.457200000
29.693554800,40.040754341,11.608256819,-1.227402584,-0.328083990,0.457200000,0.457200000
29.718543407,40.049071098,11.584692821,-1.235600968,-0.328083990,0.457200000,0.457200000
29.743532014,40.057194391,11.561061431,-1.243799353,-0.328083990,0.457200000,0.457200000
29.768520621,40.065123674,11.537364237,-1.251997738,-0.328083990,0.457200000,0.457200000
29.793509228,40.072858413,11.513602834,-1.260196123,-0.328083990,0.457200000,0.457200000
29.818497835,40.080398090,11.489778818,-1.268394508,-0.328083990,0.457200000,0.457200000
29.843486442,40.087742197,11.465893790,-1.276592893,-0.328083990,0.457200000,0.457200000
29.868475049,40.094890241,11.441949355,-1.284791278,-0.328083990,0.457200000,0.457200000
29.893463656,40.101841741,11.417947123,-1.292989662,-0.328083990,0.457200000,0.457200000
29.918452263,40.108596230,11.393888708,-1.301188047,-0.328083990,0.457200000,0.457200000
29.943440870,40.115153255,11.369775725,-1.309386432,-0.328083990,0.457200000,0.457200000
29.968429477,40.121512373,11.345609797,-1.317584817,-0.328083990,0.457200000,0.457200000
29.993418084,40.127673159,11.321392547,-1.325783202,-0.328083990,0.457200000,0.457200000
30.018406691,40.133635197,11.297125603,-1.333981587,-0.328083990,0.457200000,0.457200000
30.043395298,40.139398087,11.272810595,-1.342179972,-0.328083990,0.457200000,0.457200000
30.068383905,40.144961443,11.248449159,-1.350378356,-0.328083990,0.457200000,0.457200000
30.093372513,40.150324889,11.224042932,-1.358576741,-0.328083990,0.457200000,0.457200000
30.118361120,40.155488065,11.199593554,-1.366775126,-0.164041995,0.457200000,0.457200000
30.143225625,40.160476164,11.175234521,-1.370853952,-0.164041995,0.457200000,0.457200000
30.168090131,40.165364866,11.150855344,-1.374932778,-0.164041995,0.457200000,0.457200000
30.192954637,40.170154088,11.126456430,-1.379011604,-0.164041995,0.457200000,0.457200000
30.217819142,40.174843752,11.102038185,-1.383090430,-0.164041995,0.457200000,0.457200000
30.242683648,40.179433780,11.077601015,-1.387169256,-0.164041995,0.457200000,0.457200000
30.267548154,40.183924095,11.053145326,-1.391248082,-0.164041995,0.457200000,0.457200000
30.292412659,40.188314622,11.028671526,-1.395326908,-0.164041995,0.457200000,0.457200000
30.317277165,40.192605289,11.004180020,-1.399405734,-0.164041995,0.457200000,0.457200000
30.342141671,40.196796023,10.979671218,-1.403484560,-0.164041995,0.457200000,0.457200000
30.367006177,40.200886756,10.955145527,-1.407563386,-0.164041995,0.457200000,0.457200000
30.391870682,40.204877419,10.930603354,-1.411642211,-0.164041995,0.457200000,0.457200000
30.416735188,40.208767946,10.906045108,-1.415721037,-0.164041995,0.457200000,0.457200000
30.441599694,40.212558272,10.881471197,-1.419799863,-0.164041995,0.457200000,0.457200000
30.466464199,40.216248334,10.856882031,-1.423878689,-0.164041995,0.457200000,0.457200000
30.491328705,40.219838071,10.832278019,-1.427957515,-0.164041995,0.457200000,0.457200000
30.516193211,40.223327422,10.807659569,-1.432036341,-0.164041995,0.457200000,0.457200000
30.541057716,40.226716331,10.783027092,-1.436115167,-0.164041995,0.457200000,0.457200000
30.565922222,40.230004740,10.758380996,-1.440193993,-0.164041995,0.457200000,0.457200000
30.590786728,40.233192595,10.733721693,-1.444272819,-0.164041995,0.457200000,0.457200000
30.615651234,40.236279842,10.709049593,-1.448351645,-0.164041995,0.457200000,0.457200000
30.640515739,40.239266431,10.684365105,-1.452430471,-0.164041995,0.457200000,0.457200000
30.665380245,40.242152312,10.659668641,-1.456509297,-0.164041995,0.457200000,0.457200000
30.690244751,40.244937436,10.634960612,-1.460588123,-0.164041995,0.457200000,0.457200000
30.715109256,40.247621758,10.610241428,-1.464666949,-0.164041995,0.457200000,0.457200000
30.739973762,40.250205232,10.585511500,-1.468745775,-0.164041995,0.457200000,0.457200000
30.764838268,40.252687816,10.560771241,-1.472824601,-0.164041995,0.457200000,0.457200000
30.789702773,40.255069469,10.536021062,-1.476903426,-0.164041995,0.457200000,0.457200000
30.814567279,40.257350150,10.511261374,-1.480982252,-0.164041995,0.457200000,0.457200000
30.839431785,40.259529823,10.486492590,-1.485061078,-0.164041995,0.457200000,0.457200000
30.864296291,40.261608449,10.461715121,-1.489139904,-0.164041995,0.457200000,0.457200000
30.889160796,40.263585996,10.436929380,-1.493218730,-0.164041995,0.457200000,0.457200000
30.914025302,40.265462430,10.412135780,-1.497297556,-0.164041995,0.457200000,0.457200000
30.938889808,40.267237720,10.387334731,-1.501376382,-0.164041995,0.457200000,0.457200000
30.963754313,40.268911836,10.362526648,-1.505455208,-0.164041995,0.457200000,0.457200000
30.988618819,40.270484751,10.337711944,-1.509534034,-0.164041995,0.457200000,0.457200000
31.013483325,40.271956438,10.312891029,-1.513612860,-0.164041995,0.457200000,0.457200000
31.038347830,40.273326873,10.288064319,-1.517691686,-0.164041995,0.457200000,0.457200000
31.063212336,40.274596032,10.263232225,-1.521770512,-0.164041995,0.457200000,0.457200000
31.088076842,40.275763896,10.238395161,-1.525849338,-0.164041995,0.457200000,0.457200000
31.112941347,40.276830445,10.213553541,-1.529928164,-0.164041995,0.457200000,0.457200000
31.137805853,40.277795660,10.188707776,-1.534006990,-0.164041995,0.457200000,0.457200000
31.162670359,40.278659526,10.163858282,-1.538085816,-0.164041995,0.457200000,0.457200000
31.187534865,40.279422028,10.139005470,-1.542164642,-0.164041995,0.457200000,0.457200000
31.212399370,40.280083153,10.114149756,-1.546243467,-0.164041995,0.457200000,0.457200000
31.237263876,40.280642892,10.089291551,-1.550322293,-0.164041995,0.457200000,0.457200000
31.262128382,40.281101234,10.064431270,-1.554401119,-0.164041995,0.457200000,0.457200000
31.286992887,40.281458171,10.039569327,-1.558479945,-0.164041995,0.457200000,0.457200000
31.311857393,40.281713698,10.014706134,-1.562558771,-0.164041995,0.457200000,0.457200000
31.336721899,40.281867811,9.989842106,-1.566637597,-0.164041995,0.457200000,0.457200000
31.361586404,40.281920507,9.964977656,-1.570716423,-0.164041995,0.457200000,0.457200000
31.386450910,40.281871785,9.940113198,-1.574795249,-0.164041995,0.457200000,0.457200000
31.411315416,40.281721645,9.915249146,-1.578874075,-0.164041995,0.457200000,0.457200000
31.436179922,40.281470091,9.890385912,-1.582952901,-0.164041995,0.457200000,0.457200000
31.461044427,40.281117127,9.865523912,-1.587031727,-0.164041995,0.457200000,0.457200000
31.485908933,40.280662758,9.840663558,-1.591110553,-0.164041995,0.457200000,0.457200000
31.510773439,40.280106992,9.815805265,-1.595189379,-0.164041995,0.457200000,0.457200000
31.535637944,40.279449839,9.790949444,-1.599268205,-0.164041995,0.457200000,0.457200000
31.560502450,40.278691308,9.766096512,-1.603347031,-0.164041995,0.457200000,0.457200000
31.585366956,40.277831414,9.741246879,-1.607425857,-0.164041995,0.457200000,0.457200000
31.610231461,40.276870169,9.716400961,-1.611504683,-0.164041995,0.457200000,0.457200000
31.635095967,40.275807591,9.691559170,-1.615583508,-0.164041995,0.457200000,0.457200000
31.659960473,40.274643696,9.666721920,-1.619662334,-0.164041995,0.457200000,0.457200000
31.684824979,40.273378504,9.641889624,-1.623741160,-0.164041995,0.457200000,0.457200000
31.709689484,40.272012037,9.617062695,-1.627819986,-0.164041995,0.457200000,0.457200000
31.734553990,40.270544317,9.592241546,-1.631898812,-0.164041995,0.457200000,0.457200000
31.759418496,40.268975368,9.567426590,-1.635977638,-0.164041995,0.457200000,0.457200000
31.784283001,40.267305216,9.542618240,-1.640056464,-0.164041995,0.457200000,0.457200000
31.809147507,40.265533890,9.517816908,-1.644135290,-0.164041995,0.457200000,0.457200000
31.834012013,40.263661418,9.493023008,-1.648214116,-0.164041995,0.457200000,0.457200000
31.858876518,40.261687832,9.468236951,-1.652292942,-0.164041995,0.457200000,0.457200000
31.883741024,40.259613165,9.443459151,-1.656371768,-0.164041995,0.457200000,0.457200000
31.908605530,40.257437451,9.418690018,-1.660450594,-0.164041995,0.457200000,0.457200000
31.933470035,40.255160726,9.393929966,-1.664529420,-0.164041995,0.457200000,0.457200000
31.958334541,40.252783029,9.369179407,-1.668608246,-0.164041995,0.457200000,0.457200000
31.983199047,40.250304399,9.344438751,-1.672687072,-0.164041995,0.457200000,0.457200000
32.008063553,40.247724876,9.319708412,-1.676765898,-0.164041995,0.457200000,0.457200000
32.032928058,40.245044505,9.294988799,-1.680844724,-0.164041995,0.457200000,0.457200000
32.057792564,40.242263329,9.270280324,-1.684923549,-0.164041995,0.457200000,0.457200000
32.082657070,40.239381395,9.245583400,-1.689002375,-0.164041995,0.457200000,0.457200000
32.107521575,40.236398751,9.220898435,-1.693081201,-0.164041995,0.457200000,0.457200000
32.132386081,40.233315446,9.196225841,-1.697160027,-0.164041995,0.457200000,0.457200000
32.157250587,40.230131532,9.171566029,-1.701238853,-0.164041995,0.457200000,0.457200000
32.182115092,40.226847062,9.146919409,-1.705317679,-0.164041995,0.457200000,0.457200000
32.206979598,40.223462090,9.122286390,-1.709396505,-0.164041995,0.457200000,0.457200000
32.231844104,40.219976672,9.097667383,-1.713475331,-0.164041995,0.457200000,0.457200000
32.256708610,40.216390868,9.073062797,-1.717554157,-0.164041995,0.457200000,0.457200000
32.281573115,40.212704735,9.048473042,-1.721632983,-0.164041995,0.457200000,0.457200000
32.306437621,40.208918336,9.023898526,-1.725711809,-0.164041995,0.457200000,0.457200000
32.331302127,40.205031734,8.999339659,-1.729790635,-0.164041995,0.457200000,0.457200000
32.356166632,40.201044993,8.974796848,-1.733869461,-0.164041995,0.457200000,0.457200000
32.381031138,40.196958180,8.950270503,-1.737948287,-0.164041995,0.457200000,0.457200000
32.405895644,40.192771362,8.925761032,-1.742027113,-0.164041995,0.457200000,0.457200000
32.430760149,40.188484609,8.901268841,-1.746105939,-0.164041995,0.457200000,0.457200000
32.455624655,40.184097993,8.876794339,-1.750184765,-0.164041995,0.457200000,0.457200000
32.480489161,40.179611587,8.852337933,-1.754263590,-0.164041995,0.457200000,0.457200000
32.505353667,40.175025464,8.827900030,-1.758342416,-0.164041995,0.457200000,0.457200000
32.530218172,40.170339702,8.803481035,-1.762421242,-0.164041995,0.457200000,0.457200000
32.555082678,40.165554379,8.779081357,-1.766500068,-0.164041995,0.457200000,0.457200000
32.579947184,40.160669574,8.754701399,-1.770578894,-0.164041995,0.457200000,0.457200000
32.604811689,40.155685368,8.730341569,-1.774657720,-0.164041995,0.457200000,0.457200000
32.629676195,40.150601844,8.706002271,-1.778736546,-0.164041995,0.457200000,0.457200000
32.654540701,40.145419087,8.681683910,-1.782815372,-0.164041995,0.457200000,0.457200000
32.679405206,40.140137183,8.657386891,-1.786894198,-0.164041995,0.457200000,0.457200000
32.704269712,40.134756219,8.633111618,-1.790973024,-0.164041995,0.457200000,0.457200000
32.729134218,40.129276287,8.608858495,-1.795051850,-0.164041995,0.457200000,0.457200000
32.753998723,40.123697476,8.584627925,-1.799130676,-0.164041995,0.457200000,0.457200000
32.778863229,40.118019879,8.560420312,-1.803209502,-0.164041995,0.457200000,0.457200000
32.803727735,40.112243591,8.536236058,-1.807288328,-0.164041995,0.457200000,0.457200000
32.828592241,40.106368708,8.512075565,-1.811367154,-0.164041995,0.457200000,0.457200000
32.853456746,40.100395328,8.487939237,-1.815445980,-0.164041995,0.457200000,0.457200000
32.878321252,40.094323550,8.463827473,-1.819524805,-0.164041995,0.457200000,0.457200000
32.903185758,40.088153475,8.439740675,-1.823603631,-0.164041995,0.457200000,0.457200000
32.928050263,40.081885206,8.415679245,-1.827682457,-0.164041995,0.457200000,0.457200000
32.952914769,40.075518846,8.391643581,-1.831761283,-0.164041995,0.457200000,0.457200000
32.977779275,40.069054503,8.367634085,-1.835840109,-0.164041995,0.457200000,0.457200000
33.002643780,40.062492283,8.343651155,-1.839918935,-0.164041995,0.457200000,0.457200000
33.027508286,40.055832296,8.319695191,-1.843997761,-0.164041995,0.457200000,0.457200000
33.052372792,40.049074652,8.295766591,-1.848076587,-0.164041995,0.457200000,0.457200000
33.077237298,40.042219465,8.271865754,-1.852155413,-0.164041995,0.457200000,0.457200000
33.102101803,40.035266847,8.247993076,-1.856234239,-0.164041995,0.457200000,0.457200000
33.126966309,40.028216914,8.224148955,-1.860313065,-0.164041995,0.457200000,0.457200000
33.151830815,40.021069785,8.200333788,-1.864391891,-0.164041995,0.457200000,0.457200000
33.176695320,40.013825577,8.176547971,-1.868470717,-0.164041995,0.457200000,0.457200000
33.201559826,40.006484412,8.152791899,-1.872549543,-0.164041995,0.457200000,0.457200000
33.226424332,39.999046411,8.129065968,-1.876628369,-0.164041995,0.457200000,0.457200000
33.251288837,39.991511699,8.105370573,-1.880707195,-0.164041995,0.457200000,0.457200000
33.276153343,39.983880400,8.081706108,-1.884786021,-0.164041995,0.457200000,0.457200000
33.301017849,39.976152641,8.058072966,-1.888864846,-0.164041995,0.457200000,0.457200000
33.325882355,39.968328552,8.034471541,-1.892943672,-0.164041995,0.457200000,0.457200000
33.350746860,39.960408262,8.010902225,-1.897022498,-0.164041995,0.457200000,0.457200000
33.375611366,39.952391902,7.987365411,-1.901101324,-0.164041995,0.457200000,0.457200000
33.400475872,39.944279608,7.963861490,-1.905180150,-0.164041995,0.457200000,0.457200000
33.425340377,39.936071512,7.940390852,-1.909258976,-0.164041995,0.457200000,0.457200000
33.450204883,39.927767753,7.916953890,-1.913337802,-0.164041995,0.457200000,0.457200000
33.475069389,39.919368467,7.893550991,-1.917416628,-0.164041995,0.457200000,0.457200000
33.499933894,39.910873795,7.870182547,-1.921495454,-0.164041995,0.457200000,0.457200000
33.524798400,39.902283879,7.846848945,-1.925574280,-0.164041995,0.457200000,0.457200000
33.549662906,39.893598860,7.823550574,-1.929653106,-0.164041995,0.457200000,0.457200000
33.574527411,39.884818884,7.800287821,-1.933731932,-0.164041995,0.457200000,0.457200000
33.599391917,39.875944097,7.777061074,-1.937810758,-0.164041995,0.457200000,0.457200000
33.624256423,39.866974645,7.753870718,-1.941889584,-0.164041995,0.457200000,0.457200000
33.649120929,39.857910679,7.730717141,-1.945968410,-0.164041995,0.457200000,0.457200000
33.673985434,39.848752350,7.707600726,-1.950047236,-0.164041995,0.457200000,0.457200000
33.698849940,39.839499809,7.684521858,-1.954126062,-0.164041995,0.457200000,0.457200000
33.723714446,39.830153210,7.661480922,-1.958204887,-0.164041995,0.457200000,0.457200000
33.748578951,39.820712710,7.638478300,-1.962283713,-0.164041995,0.457200000,0.457200000
33.773443457,39.811178465,7.615514376,-1.966362539,-0.164041995,0.457200000,0.457200000
33.798307963,39.801550633,7.592589532,-1.970441365,-0.164041995,0.457200000,0.457200000
33.823172468,39.791829375,7.569704148,-1.974520191,-0.164041995,0.457200000,0.457200000
33.848036974,39.782014853,7.546858606,-1.978599017,-0.164041995,0.457200000,0.457200000
33.872901480,39.772107230,7.524053285,-1.982677843,-0.164041995,0.457200000,0.457200000
33.897765986,39.762106671,7.501288565,-1.986756669,-0.164041995,0.457200000,0.457200000
33.922630491,39.752013342,7.478564826,-1.990835495,-0.164041995,0.457200000,0.457200000
33.947494997,39.741827410,7.455882444,-1.994914321,-0.164041995,0.457200000,0.457200000
33.972359503,39.731549047,7.433241797,-1.998993147,-0.164041995,0.457200000,0.457200000
33.997224008,39.721178421,7.410643262,-2.003071973,-0.164041995,0.457200000,0.457200000
34.022088514,39.710715707,7.388087215,-2.007150799,-0.109361330,0.457200000,0.457200000
34.046957535,39.700174465,7.365562774,-2.009870509,-0.109361330,0.457200000,0.457200000
34.071826557,39.689572003,7.343067085,-2.012590219,-0.109361330,0.457200000,0.457200000
34.096695578,39.678908398,7.320600315,-2.015309929,-0.109361330,0.457200000,0.457200000
34.121564600,39.668183729,7.298162631,-2.018029639,-0.109361330,0.457200000,0.457200000
34.146433621,39.657398076,7.275754196,-2.020749349,-0.109361330,0.457200000,0.457200000
34.171302642,39.646551518,7.253375179,-2.023469059,-0.109361330,0.457200000,0.457200000
34.196171664,39.635644137,7.231025744,-2.026188769,-0.109361330,0.457200000,0.457200000
34.221040685,39.624676012,7.208706056,-2.028908479,-0.109361330,0.457200000,0.457200000
34.245909707,39.613647224,7.186416281,-2.031628190,-0.109361330,0.457200000,0.457200000
34.270778728,39.602557855,7.164156584,-2.034347900,-0.109361330,0.457200000,0.457200000
34.295647750,39.591407988,7.141927129,-2.037067610,-0.109361330,0.457200000,0.457200000
34.320516771,39.580197704,7.119728080,-2.039787320,-0.109361330,0.457200000,0.457200000
34.345385792,39.568927087,7.097559602,-2.042507030,-0.109361330,0.457200000,0.457200000
34.370254814,39.557596220,7.075421859,-2.045226740,-0.109361330,0.457200000,0.457200000
34.395123835,39.546205186,7.053315014,-2.047946450,-0.109361330,0.457200000,0.457200000
34.419992857,39.534754071,7.031239231,-2.050666160,-0.109361330,0.457200000,0.457200000
34.444861878,39.523242958,7.009194674,-2.053385870,-0.109361330,0.457200000,0.457200000
34.469730899,39.511671933,6.987181505,-2.056105580,-0.109361330,0.457200000,0.457200000
34.494599921,39.500041081,6.965199888,-2.058825290,-0.109361330,0.457200000,0.457200000
34.519468942,39.488350489,6.943249984,-2.061545001,-0.109361330,0.457200000,0.457200000
34.544337964,39.476600243,6.921331956,-2.064264711,-0.109361330,0.457200000,0.457200000
34.569206985,39.464790430,6.899445966,-2.066984421,-0.109361330,0.457200000,0.457200000
34.594076006,39.452921137,6.877592177,-2.069704131,-0.109361330,0.457200000,0.457200000
34.618945028,39.440992451,6.855770750,-2.072423841,-0.109361330,0.457200000,0.457200000
34.643814049,39.429004463,6.833981845,-2.075143551,-0.109361330,0.457200000,0.457200000
34.668683071,39.416957259,6.812225625,-2.077863261,-0.109361330,0.457200000,0.457200000
34.693552092,39.404850929,6.790502251,-2.080582971,-0.109361330,0.457200000,0.457200000
34.718421114,39.392685562,6.768811882,-2.083302681,-0.109361330,0.457200000,0.457200000
34.743290135,39.380461249,6.747154680,-2.086022391,-0.109361330,0.457200000,0.457200000
34.768159156,39.368178081,6.725530805,-2.088742101,-0.109361330,0.457200000,0.457200000
34.793028178,39.355836146,6.703940416,-2.091461812,-0.109361330,0.457200000,0.457200000
34.817897199,39.343435539,6.682383674,-2.094181522,-0.109361330,0.457200000,0.457200000
34.842766221,39.330976348,6.660860737,-2.096901232,-0.109361330,0.457200000,0.457200000
34.867635242,39.318458668,6.639371765,-2.099620942,-0.109361330,0.457200000,0.457200000
34.892504263,39.305882591,6.617916917,-2.102340652,-0.109361330,0.457200000,0.457200000
34.917373285,39.293248209,6.596496352,-2.105060362,-0.109361330,0.457200000,0.457200000
34.942242306,39.280555616,6.575110227,-2.107780072,-0.109361330,0.457200000,0.457200000
34.967111328,39.267804906,6.553758702,-2.110499782,-0.109361330,0.457200000,0.457200000
34.991980349,39.254996174,6.532441934,-2.113219492,-0.109361330,0.457200000,0.457200000
35.016849370,39.242129513,6.511160081,-2.115939202,-0.109361330,0.457200000,0.457200000
35.041718392,39.229205020,6.489913300,-2.118658913,-0.109361330,0.457200000,0.457200000
35.066587413,39.216222789,6.468701749,-2.121378623,-0.109361330,0.457200000,0.457200000
35.091456435,39.203182918,6.447525584,-2.124098333,-0.109361330,0.457200000,0.457200000
35.116325456,39.190085501,6.426384961,-2.126818043,-0.109361330,0.457200000,0.457200000
35.141194478,39.176930637,6.405280038,-2.129537753,-0.109361330,0.457200000,0.457200000
35.166063499,39.163718422,6.384210971,-2.132257463,-0.109361330,0.457200000,0.457200000
35.190932520,39.150448954,6.363177915,-2.134977173,-0.109361330,0.457200000,0.457200000
35.215801542,39.137122332,6.342181025,-2.137696883,-0.109361330,0.457200000,0.457200000
35.240670563,39.123738653,6.321220458,-2.140416593,-0.109361330,0.457200000,0.457200000
35.265539585,39.110298018,6.300296368,-2.143136303,-0.109361330,0.457200000,0.457200000
35.290408606,39.096800524,6.279408910,-2.145856013,-0.109361330,0.457200000,0.457200000
35.315277627,39.083246273,6.258558239,-2.148575724,-0.109361330,0.457200000,0.457200000
35.340146649,39.069635365,6.237744508,-2.151295434,-0.109361330,0.457200000,0.457200000
35.365015670,39.055967899,6.216967872,-2.154015144,-0.109361330,0.457200000,0.457200000
35.389884692,39.042243978,6.196228484,-2.156734854,-0.109361330,0.457200000,0.457200000
35.414753713,39.028463702,6.175526498,-2.159454564,-0.109361330,0.457200000,0.457200000
35.439622734,39.014627174,6.154862067,-2.162174274,-0.109361330,0.457200000,0.457200000
35.464491756,39.000734496,6.134235343,-2.164893984,-0.109361330,0.457200000,0.457200000
35.489360777,38.986785771,6.113646480,-2.167613694,-0.109361330,0.457200000,0.457200000
35.514229799,38.972781101,6.093095629,-2.170333404,-0.109361330,0.457200000,0.457200000
35.539098820,38.958720591,6.072582943,-2.173053114,-0.109361330,0.457200000,0.457200000
35.563967842,38.944604345,6.052108574,-2.175772824,-0.109361330,0.457200000,0.457200000
35.588836863,38.930432466,6.031672672,-2.178492535,-0.109361330,0.457200000,0.457200000
35.613705884,38.916205061,6.011275389,-2.181212245,-0.109361330,0.457200000,0.457200000
35.638574906,38.901922233,5.990916876,-2.183931955,-0.109361330,0.457200000,0.457200000
35.663443927,38.887584089,5.970597283,-2.186651665,-0.109361330,0.457200000,0.457200000
35.688312949,38.873190734,5.950316761,-2.189371375,-0.109361330,0.457200000,0.457200000
35.713181970,38.858742276,5.930075459,-2.192091085,-0.109361330,0.457200000,0.457200000
35.738050991,38.844238821,5.909873529,-2.194810795,-0.109361330,0.457200000,0.457200000
35.762920013,38.829680476,5.889711118,-2.197530505,-0.109361330,0.457200000,0.457200000
35.787789034,38.815067349,5.869588375,-2.200250215,-0.109361330,0.457200000,0.457200000
35.812658056,38.800399548,5.849505451,-2.202969925,-0.109361330,0.457200000,0.457200000
35.837527077,38.785677182,5.829462493,-2.205689635,-0.109361330,0.457200000,0.457200000
35.862396098,38.770900359,5.809459650,-2.208409346,-0.109361330,0.457200000,0.457200000
35.887265120,38.756069190,5.789497070,-2.211129056,-0.109361330,0.457200000,0.457200000
35.912134141,38.741183782,5.769574899,-2.213848766,-0.109361330,0.457200000,0.457200000
35.937003163,38.726244247,5.749693287,-2.216568476,-0.109361330,0.457200000,0.457200000
35.961872184,38.711250695,5.729852379,-2.219288186,-0.109361330,0.457200000,0.457200000
35.986741206,38.696203238,5.710052322,-2.222007896,-0.109361330,0.457200000,0.457200000
36.011610227,38.681101985,5.690293263,-2.224727606,-0.109361330,0.457200000,0.457200000
36.036479248,38.665947050,5.670575349,-2.227447316,-0.109361330,0.457200000,0.457200000
36.061348270,38.650738543,5.650898724,-2.230167026,-0.109361330,0.457200000,0.457200000
36.086217291,38.635476579,5.631263535,-2.232886736,-0.109361330,0.457200000,0.457200000
36.111086313,38.620161268,5.611669926,-2.235606446,-0.109361330,0.457200000,0.457200000
36.135955334,38.604792726,5.592118043,-2.238326157,-0.109361330,0.457200000,0.457200000
36.160824355,38.589371065,5.572608030,-2.241045867,-0.109361330,0.457200000,0.457200000
36.185693377,38.573896399,5.553140032,-2.243765577,-0.109361330,0.457200000,0.457200000
36.210562398,38.558368844,5.533714193,-2.246485287,-0.109361330,0.457200000,0.457200000
36.235431420,38.542788513,5.514330655,-2.249204997,-0.109361330,0.457200000,0.457200000
36.260300441,38.527155522,5.494989564,-2.251924707,-0.109361330,0.457200000,0.457200000
36.285169462,38.511469987,5.475691060,-2.254644417,-0.109361330,0.457200000,0.457200000
36.310038484,38.495732024,5.456435289,-2.257364127,-0.109361330,0.457200000,0.457200000
36.334907505,38.479941749,5.437222391,-2.260083837,-0.109361330,0.457200000,0.457200000
36.359776527,38.464099279,5.418052509,-2.262803547,-0.109361330,0.457200000,0.457200000
36.384645548,38.448204731,5.398925785,-2.265523257,-0.109361330,0.457200000,0.457200000
36.409514570,38.432258223,5.379842360,-2.268242968,-0.109361330,0.457200000,0.457200000
36.434383591,38.416259872,5.360802376,-2.270962678,-0.109361330,0.457200000,0.457200000
36.459252612,38.400209798,5.341805973,-2.273682388,-0.109361330,0.457200000,0.457200000
36.484121634,38.384108118,5.322853291,-2.276402098,-0.109361330,0.457200000,0.457200000
36.508990655,38.367954952,5.303944472,-2.279121808,-0.109361330,0.457200000,0.457200000
36.533859677,38.351750419,5.285079654,-2.281841518,-0.109361330,0.457200000,0.457200000
36.558728698,38.335494640,5.266258978,-2.284561228,-0.109361330,0.457200000,0.457200000
36.583597719,38.319187734,5.247482582,-2.287280938,-0.109361330,0.457200000,0.457200000
36.608466741,38.302829821,5.228750606,-2.290000648,-0.109361330,0.457200000,0.457200000
36.633335762,38.286421024,5.210063188,-2.292720358,-0.109361330,0.457200000,0.457200000
36.658204784,38.269961464,5.191420466,-2.295440068,-0.109361330,0.457200000,0.457200000
36.683073805,38.253451261,5.172822578,-2.298159779,-0.109361330,0.457200000,0.457200000
36.707942826,38.236890539,5.154269662,-2.300879489,-0.109361330,0.457200000,0.457200000
36.732811848,38.220279419,5.135761854,-2.303599199,-0.109361330,0.457200000,0.457200000
36.757680869,38.203618025,5.117299293,-2.306318909,-0.109361330,0.457200000,0.457200000
36.782549891,38.186906480,5.098882114,-2.309038619,-0.109361330,0.457200000,0.457200000
36.807418912,38.170144907,5.080510453,-2.311758329,-0.109361330,0.457200000,0.457200000
36.832287934,38.153333431,5.062184447,-2.314478039,-0.109361330,0.457200000,0.457200000
36.857156955,38.136472176,5.043904231,-2.317197749,-0.109361330,0.457200000,0.457200000
36.882025976,38.119561266,5.025669941,-2.319917459,-0.109361330,0.457200000,0.457200000
36.906894998,38.102600827,5.007481710,-2.322637169,-0.109361330,0.457200000,0.457200000
36.931764019,38.085590984,4.989339674,-2.325356879,-0.109361330,0.457200000,0.457200000
36.956633041,38.068531862,4.971243967,-2.328076590,-0.109361330,0.457200000,0.457200000
36.981502062,38.051423589,4.953194723,-2.330796300,-0.109361330,0.457200000,0.457200000
37.006371083,38.034266291,4.935192075,-2.333516010,-0.109361330,0.457200000,0.457200000
37.031240105,38.017060094,4.917236157,-2.336235720,-0.109361330,0.457200000,0.457200000
37.056109126,37.999805126,4.899327100,-2.338955430,-0.109361330,0.457200000,0.457200000
37.080978148,37.982501514,4.881465039,-2.341675140,-0.109361330,0.457200000,0.457200000
37.105847169,37.965149386,4.863650104,-2.344394850,-0.109361330,0.457200000,0.457200000
37.130716190,37.947748872,4.845882428,-2.347114560,-0.109361330,0.457200000,0.457200000
37.155585212,37.930300099,4.828162141,-2.349834270,-0.109361330,0.457200000,0.457200000
37.180454233,37.912803196,4.810489376,-2.352553980,-0.109361330,0.457200000,0.457200000
37.205323255,37.895258294,4.792864263,-2.355273690,-0.109361330,0.457200000,0.457200000
37.230192276,37.877665521,4.775286932,-2.357993401,-0.109361330,0.457200000,0.457200000
37.255061297,37.860025008,4.757757513,-2.360713111,-0.109361330,0.457200000,0.457200000
37.279930319,37.842336886,4.740276136,-2.363432821,-0.109361330,0.457200000,0.457200000
37.304799340,37.824601284,4.722842930,-2.366152531,-0.109361330,0.457200000,0.457200000
37.329668362,37.806818335,4.705458024,-2.368872241,-0.109361330,0.457200000,0.457200000
37.354537383,37.788988170,4.688121547,-2.371591951,-0.109361330,0.457200000,0.457200000
37.379406405,37.771110921,4.670833626,-2.374311661,-0.109361330,0.457200000,0.457200000
37.404275426,37.753186720,4.653594391,-2.377031371,-0.109361330,0.457200000,0.457200000
37.429144447,37.735215699,4.636403968,-2.379751081,-0.109361330,0.457200000,0.457200000
37.454013469,37.717197992,4.619262484,-2.382470791,-0.109361330,0.457200000,0.457200000
37.478882490,37.699133732,4.602170067,-2.385190501,-0.109361330,0.457200000,0.457200000
37.503751512,37.681023052,4.585126842,-2.387910212,-0.082020997,0.457200000,0.457200000
37.528658466,37.662844153,4.568100863,-2.389953105,-0.082020997,0.457200000,0.457200000
37.553565419,37.644630509,4.551112057,-2.391995999,-0.082020997,0.457200000,0.457200000
37.578472373,37.626382197,4.534160494,-2.394038892,-0.082020997,0.457200000,0.457200000
37.603379327,37.608099293,4.517246247,-2.396081786,-0.082020997,0.457200000,0.457200000
37.628286281,37.589781874,4.500369384,-2.398124679,-0.082020997,0.457200000,0.457200000
37.653193235,37.571430014,4.483529978,-2.400167573,-0.082020997,0.457200000,0.457200000
37.678100189,37.553043792,4.466728097,-2.402210466,-0.082020997,0.457200000,0.457200000
37.703007143,37.534623284,4.449963813,-2.404253360,-0.082020997,0.457200000,0.457200000
37.727914097,37.516168567,4.433237194,-2.406296254,-0.082020997,0.457200000,0.457200000
37.752821051,37.497679717,4.416548312,-2.408339147,-0.082020997,0.457200000,0.457200000
37.777728005,37.479156813,4.399897235,-2.410382041,-0.082020997,0.457200000,0.457200000
37.802634959,37.460599931,4.383284033,-2.412424934,-0.082020997,0.457200000,0.457200000
37.827541912,37.442009148,4.366708775,-2.414467828,-0.082020997,0.457200000,0.457200000
37.852448866,37.423384543,4.350171531,-2.416510721,-0.082020997,0.457200000,0.457200000
37.877355820,37.404726193,4.333672370,-2.418553615,-0.082020997,0.457200000,0.457200000
37.902262774,37.386034176,4.317211360,-2.420596508,-0.082020997,0.457200000,0.457200000
37.927169728,37.367308570,4.300788570,-2.422639402,-0.082020997,0.457200000,0.457200000
37.952076682,37.348549453,4.284404069,-2.424682296,-0.082020997,0.457200000,0.457200000
37.976983636,37.329756903,4.268057925,-2.426725189,-0.082020997,0.457200000,0.457200000
38.001890590,37.310930999,4.251750206,-2.428768083,-0.082020997,0.457200000,0.457200000
38.026797544,37.292071820,4.235480980,-2.430810976,-0.082020997,0.457200000,0.457200000
38.051704498,37.273179443,4.219250316,-2.432853870,-0.082020997,0.457200000,0.457200000
38.076611452,37.254253949,4.203058281,-2.434896763,-0.082020997,0.457200000,0.457200000
38.101518405,37.235295415,4.186904942,-2.436939657,-0.082020997,0.457200000,0.457200000
38.126425359,37.216303921,4.170790367,-2.438982550,-0.082020997,0.457200000,0.457200000
38.151332313,37.197279547,4.154714623,-2.441025444,-0.082020997,0.457200000,0.457200000
38.176239267,37.178222372,4.138677778,-2.443068338,-0.082020997,0.457200000,0.457200000
38.201146221,37.159132474,4.122679898,-2.445111231,-0.082020997,0.457200000,0.457200000
38.226053175,37.140009935,4.106721049,-2.447154125,-0.082020997,0.457200000,0.457200000
38.250960129,37.120854833,4.090801300,-2.449197018,-0.082020997,0.457200000,0.457200000
38.275867083,37.101667249,4.074920715,-2.451239912,-0.082020997,0.457200000,0.457200000
38.300774037,37.082447262,4.059079362,-2.453282805,-0.082020997,0.457200000,0.457200000
38.325680991,37.063194954,4.043277306,-2.455325699,-0.082020997,0.457200000,0.457200000
38.350587945,37.043910404,4.027514613,-2.457368592,-0.082020997,0.457200000,0.457200000
38.375494899,37.024593692,4.011791350,-2.459411486,-0.082020997,0.457200000,0.457200000
38.400401852,37.005244900,3.996107581,-2.461454380,-0.082020997,0.457200000,0.457200000
38.425308806,36.985864108,3.980463373,-2.463497273,-0.082020997,0.457200000,0.457200000
38.450215760,36.966451397,3.964858790,-2.465540167,-0.082020997,0.457200000,0.457200000
38.475122714,36.947006848,3.949293898,-2.467583060,-0.082020997,0.457200000,0.457200000
38.500029668,36.927530542,3.933768761,-2.469625954,-0.082020997,0.457200000,0.457200000
38.524936622,36.908022561,3.918283445,-2.471668847,-0.082020997,0.457200000,0.457200000
38.549843576,36.888482986,3.902838014,-2.473711741,-0.082020997,0.457200000,0.457200000
38.574750530,36.868911898,3.887432532,-2.475754634,-0.082020997,0.457200000,0.457200000
38.599657484,36.849309379,3.872067064,-2.477797528,-0.082020997,0.457200000,0.457200000
38.624564438,36.829675511,3.856741674,-2.479840422,-0.082020997,0.457200000,0.457200000
38.649471392,36.810010376,3.841456426,-2.481883315,-0.082020997,0.457200000,0.457200000
38.674378345,36.790314056,3.826211383,-2.483926209,-0.082020997,0.457200000,0.457200000
38.699285299,36.770586632,3.811006610,-2.485969102,-0.082020997,0.457200000,0.457200000
38.724192253,36.750828189,3.795842169,-2.488011996,-0.082020997,0.457200000,0.457200000
38.749099207,36.731038807,3.780718125,-2.490054889,-0.082020997,0.457200000,0.457200000
38.774006161,36.711218570,3.765634539,-2.492097783,-0.082020997,0.457200000,0.457200000
38.798913115,36.691367560,3.750591476,-2.494140677,-0.082020997,0.457200000,0.457200000
38.823820069,36.671485860,3.735588997,-2.496183570,-0.082020997,0.457200000,0.457200000
38.848727023,36.651573553,3.720627166,-2.498226464,-0.082020997,0.457200000,0.457200000
38.873633977,36.631630722,3.705706045,-2.500269357,-0.082020997,0.457200000,0.457200000
38.898540931,36.611657451,3.690825696,-2.502312251,-0.082020997,0.457200000,0.457200000
38.923447885,36.591653822,3.675986181,-2.504355144,-0.082020997,0.457200000,0.457200000
38.948354838,36.571619920,3.661187563,-2.506398038,-0.082020997,0.457200000,0.457200000
38.973261792,36.551555827,3.646429903,-2.508440931,-0.082020997,0.457200000,0.457200000
38.998168746,36.531461628,3.631713262,-2.510483825,-0.082020997,0.457200000,0.457200000
39.023075700,36.511337407,3.617037702,-2.512526719,-0.082020997,0.457200000,0.457200000
39.047982654,36.491183247,3.602403284,-2.514569612,-0.082020997,0.457200000,0.457200000
39.072889608,36.470999232,3.587810070,-2.516612506,-0.082020997,0.457200000,0.457200000
39.097796562,36.450785447,3.573258120,-2.518655399,-0.082020997,0.457200000,0.457200000
39.122703516,36.430541976,3.558747495,-2.520698293,-0.082020997,0.457200000,0.457200000
39.147610470,36.410268904,3.544278255,-2.522741186,-0.082020997,0.457200000,0.457200000
39.172517424,36.389966315,3.529850461,-2.524784080,-0.082020997,0.457200000,0.457200000
39.197424378,36.369634294,3.515464173,-2.526826973,-0.082020997,0.457200000,0.457200000
39.222331331,36.349272926,3.501119452,-2.528869867,-0.082020997,0.457200000,0.457200000
39.247238285,36.328882295,3.486816356,-2.530912761,-0.082020997,0.457200000,0.457200000
39.272145239,36.308462488,3.472554947,-2.532955654,-0.082020997,0.457200000,0.457200000
39.297052193,36.288013588,3.458335282,-2.534998548,-0.082020997,0.457200000,0.457200000
39.321959147,36.267535682,3.444157422,-2.537041441,-0.082020997,0.457200000,0.457200000
39.346866101,36.247028855,3.430021426,-2.539084335,-0.082020997,0.457200000,0.457200000
39.371773055,36.226493192,3.415927352,-2.541127228,-0.082020997,0.457200000,0.457200000
39.396680009,36.205928779,3.401875260,-2.543170122,-0.082020997,0.457200000,0.457200000
39.421586963,36.185335703,3.387865209,-2.545213015,-0.082020997,0.457200000,0.457200000
39.446493917,36.164714048,3.373897255,-2.547255909,-0.082020997,0.457200000,0.457200000
39.471400871,36.144063902,3.359971459,-2.549298803,-0.082020997,0.457200000,0.457200000
39.496307825,36.123385349,3.346087878,-2.551341696,-0.082020997,0.457200000,0.457200000
39.521214778,36.102678477,3.332246570,-2.553384590,-0.082020997,0.457200000,0.457200000
39.546121732,36.081943372,3.318447593,-2.555427483,-0.082020997,0.457200000,0.457200000
39.571028686,36.061180121,3.304691004,-2.557470377,-0.082020997,0.457200000,0.457200000
39.595935640,36.040388809,3.290976861,-2.559513270,-0.082020997,0.457200000,0.457200000
39.620842594,36.019569525,3.277305221,-2.561556164,-0.082020997,0.457200000,0.457200000
39.645749548,35.998722354,3.263676141,-2.563599057,-0.082020997,0.457200000,0.457200000
39.670656502,35.977847384,3.250089678,-2.565641951,-0.082020997,0.457200000,0.457200000
39.695563456,35.956944701,3.236545889,-2.567684845,-0.082020997,0.457200000,0.457200000
39.720470410,35.936014394,3.223044829,-2.569727738,-0.082020997,0.457200000,0.457200000
39.745377364,35.915056550,3.209586557,-2.571770632,-0.082020997,0.457200000,0.457200000
39.770284318,35.894071255,3.196171127,-2.573813525,-0.082020997,0.457200000,0.457200000
39.795191271,35.873058598,3.182798596,-2.575856419,-0.082020997,0.457200000,0.457200000
39.820098225,35.852018666,3.169469019,-2.577899312,-0.082020997,0.457200000,0.457200000
39.845005179,35.830951547,3.156182452,-2.579942206,-0.082020997,0.457200000,0.457200000
39.869912133,35.809857329,3.142938951,-2.581985099,-0.082020997,0.457200000,0.457200000
39.894819087,35.788736100,3.129738571,-2.584027993,-0.082020997,0.457200000,0.457200000
39.919726041,35.767587948,3.116581367,-2.586070887,-0.082020997,0.457200000,0.457200000
39.944632995,35.746412962,3.103467393,-2.588113780,-0.082020997,0.457200000,0.457200000
39.969539949,35.725211229,3.090396705,-2.590156674,-0.082020997,0.457200000,0.457200000
39.994446903,35.703982838,3.077369358,-2.592199567,-0.082020997,0.457200000,0.457200000
40.019353857,35.682727879,3.064385404,-2.594242461,-0.082020997,0.457200000,0.457200000
40.044260811,35.661446438,3.051444900,-2.596285354,-0.082020997,0.457200000,0.457200000
40.069167764,35.640138607,3.038547898,-2.598328248,-0.082020997,0.457200000,0.457200000
40.094074718,35.618804472,3.025694453,-2.600371141,-0.082020997,0.457200000,0.457200000
40.118981672,35.597444124,3.012884618,-2.602414035,-0.082020997,0.457200000,0.457200000
40.143888626,35.576057651,3.000118446,-2.604456929,-0.082020997,0.457200000,0.457200000
40.168795580,35.554645143,2.987395991,-2.606499822,-0.082020997,0.457200000,0.457200000
40.193702534,35.533206689,2.974717307,-2.608542716,-0.082020997,0.457200000,0.457200000
40.218609488,35.511742379,2.962082445,-2.610585609,-0.082020997,0.457200000,0.457200000
40.243516442,35.490252301,2.949491459,-2.612628503,-0.082020997,0.457200000,0.457200000
40.268423396,35.468736547,2.936944401,-2.614671396,-0.082020997,0.457200000,0.457200000
40.293330350,35.447195205,2.924441323,-2.616714290,-0.082020997,0.457200000,0.457200000
40.318237304,35.425628366,2.911982279,-2.618757183,-0.082020997,0.457200000,0.457200000
40.343144257,35.404036119,2.899567319,-2.620800077,-0.082020997,0.457200000,0.457200000
40.368051211,35.382418555,2.887196495,-2.622842971,-0.082020997,0.457200000,0.457200000
40.392958165,35.360775763,2.874869860,-2.624885864,-0.082020997,0.457200000,0.457200000
40.417865119,35.339107835,2.862587465,-2.626928758,-0.082020997,0.457200000,0.457200000
40.442772073,35.317414861,2.850349360,-2.628971651,-0.082020997,0.457200000,0.457200000
40.467679027,35.295696930,2.838155597,-2.631014545,-0.082020997,0.457200000,0.457200000
40.492585981,35.273954135,2.826006227,-2.633057438,-0.082020997,0.457200000,0.457200000
40.517492935,35.252186564,2.813901301,-2.635100332,-0.082020997,0.457200000,0.457200000
40.542399889,35.230394311,2.801840868,-2.637143225,-0.082020997,0.457200000,0.457200000
40.567306843,35.208577464,2.789824980,-2.639186119,-0.082020997,0.457200000,0.457200000
40.592213797,35.186736116,2.777853687,-2.641229013,-0.082020997,0.457200000,0.457200000
40.617120751,35.164870358,2.765927038,-2.643271906,-0.082020997,0.457200000,0.457200000
40.642027704,35.142980280,2.754045083,-2.645314800,-0.082020997,0.457200000,0.457200000
40.666934658,35.121065974,2.742207872,-2.647357693,-0.082020997,0.457200000,0.457200000
40.691841612,35.099127532,2.730415455,-2.649400587,-0.082020997,0.457200000,0.457200000
40.716748566,35.077165045,2.718667880,-2.651443480,-0.082020997,0.457200000,0.457200000
40.741655520,35.055178605,2.706965196,-2.653486374,-0.082020997,0.457200000,0.457200000
40.766562474,35.033168303,2.695307453,-2.655529267,-0.082020997,0.457200000,0.457200000
40.791469428,35.011134232,2.683694699,-2.657572161,-0.082020997,0.457200000,0.457200000
40.816376382,34.989076483,2.672126982,-2.659615055,-0.082020997,0.457200000,0.457200000
40.841283336,34.966995149,2.660604351,-2.661657948,-0.082020997,0.457200000,0.457200000
40.866190290,34.944890321,2.649126854,-2.663700842,-0.082020997,0.457200000,0.457200000
40.891097244,34.922762092,2.637694538,-2.665743735,-0.082020997,0.457200000,0.457200000
40.916004197,34.900610555,2.626307452,-2.667786629,-0.082020997,0.457200000,0.457200000
40.940911151,34.878435800,2.614965643,-2.669829522,-0.082020997,0.457200000,0.457200000
40.965818105,34.856237922,2.603669158,-2.671872416,-0.082020997,0.457200000,0.457200000
40.990725059,34.834017013,2.592418045,-2.673915309,-0.082020997,0.457200000,0.457200000
41.015632013,34.811773166,2.581212350,-2.675958203,-0.082020997,0.457200000,0.457200000
41.040538967,34.789506473,2.570052120,-2.678001097,-0.082020997,0.457200000,0.457200000
41.065445921,34.767217027,2.558937402,-2.680043990,-0.082020997,0.457200000,0.457200000
41.090352875,34.744904921,2.547868243,-2.682086884,-0.082020997,0.457200000,0.457200000
41.115259829,34.722570249,2.536844687,-2.684129777,-0.082020997,0.457200000,0.457200000
41.140166783,34.700213104,2.525866782,-2.686172671,-0.082020997,0.457200000,0.457200000
41.165073737,34.677833578,2.514934573,-2.688215564,-0.082020997,0.457200000,0.457200000
41.189980690,34.655431766,2.504048105,-2.690258458,-0.065616798,0.457200000,0.457200000
41.214861845,34.633033211,2.493214059,-2.691891080,-0.065616798,0.457200000,0.457200000
41.239742999,34.610616997,2.482416596,-2.693523702,-0.065616798,0.457200000,0.457200000
41.264624153,34.588183186,2.471655745,-2.695156323,-0.065616798,0.457200000,0.457200000
41.289505307,34.565731835,2.460931534,-2.696788945,-0.065616798,0.457200000,0.457200000
41.314386461,34.543263007,2.450243991,-2.698421567,-0.065616798,0.457200000,0.457200000
41.339267616,34.520776759,2.439593146,-2.700054189,-0.065616798,0.457200000,0.457200000
41.364148770,34.498273152,2.428979027,-2.701686811,-0.065616798,0.457200000,0.457200000
41.389029924,34.475752247,2.418401662,-2.703319433,-0.065616798,0.457200000,0.457200000
41.413911078,34.453214103,2.407861078,-2.704952055,-0.065616798,0.457200000,0.457200000
41.438792232,34.430658780,2.397357306,-2.706584676,-0.065616798,0.457200000,0.457200000
41.463673387,34.408086339,2.386890371,-2.708217298,-0.065616798,0.457200000,0.457200000
41.488554541,34.385496839,2.376460303,-2.709849920,-0.065616798,0.457200000,0.457200000
41.513435695,34.362890340,2.366067128,-2.711482542,-0.065616798,0.457200000,0.457200000
41.538316849,34.340266904,2.355710876,-2.713115164,-0.065616798,0.457200000,0.457200000
41.563198003,34.317626590,2.345391572,-2.714747786,-0.065616798,0.457200000,0.457200000
41.588079158,34.294969459,2.335109246,-2.716380407,-0.065616798,0.457200000,0.457200000
41.612960312,34.272295571,2.324863924,-2.718013029,-0.065616798,0.457200000,0.457200000
41.637841466,34.249604986,2.314655633,-2.719645651,-0.065616798,0.457200000,0.457200000
41.662722620,34.226897766,2.304484401,-2.721278273,-0.065616798,0.457200000,0.457200000
41.687603774,34.204173969,2.294350255,-2.722910895,-0.065616798,0.457200000,0.457200000
41.712484928,34.181433658,2.284253221,-2.724543517,-0.065616798,0.457200000,0.457200000
41.737366083,34.158676893,2.274193328,-2.726176139,-0.065616798,0.457200000,0.457200000
41.762247237,34.135903734,2.264170601,-2.727808760,-0.065616798,0.457200000,0.457200000
41.787128391,34.113114242,2.254185067,-2.729441382,-0.065616798,0.457200000,0.457200000
41.812009545,34.090308477,2.244236753,-2.731074004,-0.065616798,0.457200000,0.457200000
41.836890699,34.067486501,2.234325686,-2.732706626,-0.065616798,0.457200000,0.457200000
41.861771854,34.044648375,2.224451891,-2.734339248,-0.065616798,0.457200000,0.457200000
41.886653008,34.021794159,2.214615396,-2.735971870,-0.065616798,0.457200000,0.457200000
41.911534162,33.998923914,2.204816226,-2.737604492,-0.065616798,0.457200000,0.457200000
41.936415316,33.976037701,2.195054407,-2.739237113,-0.065616798,0.457200000,0.457200000
41.961296470,33.953135582,2.185329966,-2.740869735,-0.065616798,0.457200000,0.457200000
41.986177625,33.930217616,2.175642929,-2.742502357,-0.065616798,0.457200000,0.457200000
42.011058779,33.907283866,2.165993321,-2.744134979,-0.065616798,0.457200000,0.457200000
42.035939933,33.884334393,2.156381167,-2.745767601,-0.065616798,0.457200000,0.457200000
42.060821087,33.861369256,2.146806495,-2.747400223,-0.065616798,0.457200000,0.457200000
42.085702241,33.838388519,2.137269328,-2.749032844,-0.065616798,0.457200000,0.457200000
42.110583396,33.815392242,2.127769693,-2.750665466,-0.065616798,0.457200000,0.457200000
42.135464550,33.792380486,2.118307615,-2.752298088,-0.065616798,0.457200000,0.457200000
42.160345704,33.769353313,2.108883119,-2.753930710,-0.065616798,0.457200000,0.457200000
42.185226858,33.746310783,2.099496230,-2.755563332,-0.065616798,0.457200000,0.457200000
42.210108012,33.723252960,2.090146974,-2.757195954,-0.065616798,0.457200000,0.457200000
42.234989166,33.700179903,2.080835374,-2.758828576,-0.065616798,0.457200000,0.457200000
42.259870321,33.677091674,2.071561457,-2.760461197,-0.065616798,0.457200000,0.457200000
42.284751475,33.653988336,2.062325246,-2.762093819,-0.065616798,0.457200000,0.457200000
42.309632629,33.630869949,2.053126767,-2.763726441,-0.065616798,0.457200000,0.457200000
42.334513783,33.607736576,2.043966043,-2.765359063,-0.065616798,0.457200000,0.457200000
42.359394937,33.584588277,2.034843100,-2.766991685,-0.065616798,0.457200000,0.457200000
42.384276092,33.561425114,2.025757961,-2.768624307,-0.065616798,0.457200000,0.457200000
42.409157246,33.538247150,2.016710651,-2.770256928,-0.065616798,0.457200000,0.457200000
42.434038400,33.515054447,2.007701194,-2.771889550,-0.065616798,0.457200000,0.457200000
42.458919554,33.491847064,1.998729614,-2.773522172,-0.065616798,0.457200000,0.457200000
42.483800708,33.468625066,1.989795934,-2.775154794,-0.065616798,0.457200000,0.457200000
42.508681863,33.445388513,1.980900179,-2.776787416,-0.065616798,0.457200000,0.457200000
42.533563017,33.422137468,1.972042373,-2.778420038,-0.065616798,0.457200000,0.457200000
42.558444171,33.398871993,1.963222538,-2.780052660,-0.065616798,0.457200000,0.457200000
42.583325325,33.375592149,1.954440699,-2.781685281,-0.065616798,0.457200000,0.457200000
42.608206479,33.352297998,1.945696879,-2.783317903,-0.065616798,0.457200000,0.457200000
42.633087634,33.328989604,1.936991101,-2.784950525,-0.065616798,0.457200000,0.457200000
42.657968788,33.305667027,1.928323389,-2.786583147,-0.065616798,0.457200000,0.457200000
42.682849942,33.282330330,1.919693764,-2.788215769,-0.065616798,0.457200000,0.457200000
42.707731096,33.258979575,1.911102252,-2.789848391,-0.065616798,0.457200000,0.457200000
42.732612250,33.235614825,1.902548873,-2.791481012,-0.065616798,0.457200000,0.457200000
42.757493404,33.212236142,1.894033652,-2.793113634,-0.065616798,0.457200000,0.457200000
42.782374559,33.188843587,1.885556611,-2.794746256,-0.065616798,0.457200000,0.457200000
42.807255713,33.165437224,1.877117772,-2.796378878,-0.065616798,0.457200000,0.457200000
42.832136867,33.142017115,1.868717159,-2.798011500,-0.065616798,0.457200000,0.457200000
42.857018021,33.118583321,1.860354792,-2.799644122,-0.065616798,0.457200000,0.457200000
42.881899175,33.095135907,1.852030696,-2.801276744,-0.065616798,0.457200000,0.457200000
42.906780330,33.071674933,1.843744891,-2.802909365,-0.065616798,0.457200000,0.457200000
42.931661484,33.048200464,1.835497400,-2.804541987,-0.065616798,0.457200000,0.457200000
42.956542638,33.024712560,1.827288245,-2.806174609,-0.065616798,0.457200000,0.457200000
42.981423792,33.001211286,1.819117447,-2.807807231,-0.065616798,0.457200000,0.457200000
43.006304946,32.977696703,1.810985030,-2.809439853,-0.065616798,0.457200000,0.457200000
43.031186101,32.954168874,1.802891013,-2.811072475,-0.065616798,0.457200000,0.457200000
43.056067255,32.930627862,1.794835419,-2.812705096,-0.065616798,0.457200000,0.457200000
43.080948409,32.907073730,1.786818270,-2.814337718,-0.065616798,0.457200000,0.457200000
43.105829563,32.883506540,1.778839586,-2.815970340,-0.065616798,0.457200000,0.457200000
43.130710717,32.859926355,1.770899390,-2.817602962,-0.065616798,0.457200000,0.457200000
43.155591872,32.836333239,1.762997701,-2.819235584,-0.065616798,0.457200000,0.457200000
43.180473026,32.812727253,1.755134541,-2.820868206,-0.065616798,0.457200000,0.457200000
43.205354180,32.789108461,1.747309932,-2.822500828,-0.065616798,0.457200000,0.457200000
43.230235334,32.765476926,1.739523893,-2.824133449,-0.065616798,0.457200000,0.457200000
43.255116488,32.741832711,1.731776447,-2.825766071,-0.065616798,0.457200000,0.457200000
43.279997642,32.718175879,1.724067612,-2.827398693,-0.065616798,0.457200000,0.457200000
43.304878797,32.694506493,1.716397411,-2.829031315,-0.065616798,0.457200000,0.457200000
43.329759951,32.670824616,1.708765863,-2.830663937,-0.065616798,0.457200000,0.457200000
43.354641105,32.647130311,1.701172988,-2.832296559,-0.065616798,0.457200000,0.457200000
43.379522259,32.623423641,1.693618808,-2.833929181,-0.065616798,0.457200000,0.457200000
43.404403413,32.599704670,1.686103342,-2.835561802,-0.065616798,0.457200000,0.457200000
43.429284568,32.575973460,1.678626609,-2.837194424,-0.065616798,0.457200000,0.457200000
43.454165722,32.552230076,1.671188631,-2.838827046,-0.065616798,0.457200000,0.457200000
43.479046876,32.528474579,1.663789427,-2.840459668,-0.065616798,0.457200000,0.457200000
43.503928030,32.504707034,1.656429016,-2.842092290,-0.065616798,0.457200000,0.457200000
43.528809184,32.480927504,1.649107418,-2.843724912,-0.065616798,0.457200000,0.457200000
43.553690339,32.457136053,1.641824653,-2.845357533,-0.065616798,0.457200000,0.457200000
43.578571493,32.433332743,1.634580741,-2.846990155,-0.065616798,0.457200000,0.457200000
43.603452647,32.409517638,1.627375699,-2.848622777,-0.065616798,0.457200000,0.457200000
43.628333801,32.385690802,1.620209549,-2.850255399,-0.065616798,0.457200000,0.457200000
43.653214955,32.361852298,1.613082308,-2.851888021,-0.065616798,0.457200000,0.457200000
43.678096110,32.338002190,1.605993996,-2.853520643,-0.065616798,0.457200000,0.457200000
43.702977264,32.314140541,1.598944631,-2.855153265,-0.065616798,0.457200000,0.457200000
43.727858418,32.290267415,1.591934233,-2.856785886,-0.065616798,0.457200000,0.457200000
43.752739572,32.266382875,1.584962820,-2.858418508,-0.065616798,0.457200000,0.457200000
43.777620726,32.242486985,1.578030411,-2.860051130,-0.065616798,0.457200000,0.457200000
43.802501880,32.218579810,1.571137024,-2.861683752,-0.065616798,0.457200000,0.457200000
43.827383035,32.194661412,1.564282677,-2.863316374,-0.065616798,0.457200000,0.457200000
43.852264189,32.170731855,1.557467390,-2.864948996,-0.065616798,0.457200000,0.457200000
43.877145343,32.146791203,1.550691179,-2.866581617,-0.065616798,0.457200000,0.457200000
43.902026497,32.122839521,1.543954063,-2.868214239,-0.065616798,0.457200000,0.457200000
43.926907651,32.098876871,1.537256060,-2.869846861,-0.065616798,0.457200000,0.457200000
43.951788806,32.074903317,1.530597189,-2.871479483,-0.065616798,0.457200000,0.457200000
43.976669960,32.050918924,1.523977465,-2.873112105,-0.065616798,0.457200000,0.457200000
44.001551114,32.026923756,1.517396908,-2.874744727,-0.065616798,0.457200000,0.457200000
44.026432268,32.002917876,1.510855535,-2.876377349,-0.065616798,0.457200000,0.457200000
44.051313422,31.978901349,1.504353363,-2.878009970,-0.065616798,0.457200000,0.457200000
44.076194577,31.954874238,1.497890410,-2.879642592,-0.065616798,0.457200000,0.457200000
44.101075731,31.930836607,1.491466692,-2.881275214,-0.065616798,0.457200000,0.457200000
44.125956885,31.906788521,1.485082227,-2.882907836,-0.065616798,0.457200000,0.457200000
44.150838039,31.882730043,1.478737032,-2.884540458,-0.065616798,0.457200000,0.457200000
44.175719193,31.858661239,1.472431124,-2.886173080,-0.065616798,0.457200000,0.457200000
44.200600348,31.834582171,1.466164520,-2.887805701,-0.065616798,0.457200000,0.457200000
44.225481502,31.810492904,1.459937236,-2.889438323,-0.065616798,0.457200000,0.457200000
44.250362656,31.786393503,1.453749289,-2.891070945,-0.065616798,0.457200000,0.457200000
44.275243810,31.762284031,1.447600695,-2.892703567,-0.065616798,0.457200000,0.457200000
44.300124964,31.738164553,1.441491472,-2.894336189,-0.065616798,0.457200000,0.457200000
44.325006118,31.714035133,1.435421634,-2.895968811,-0.065616798,0.457200000,0.457200000
44.349887273,31.689895836,1.429391199,-2.897601433,-0.065616798,0.457200000,0.457200000
44.374768427,31.665746725,1.423400182,-2.899234054,-0.065616798,0.457200000,0.457200000
44.399649581,31.641587866,1.417448599,-2.900866676,-0.065616798,0.457200000,0.457200000
44.424530735,31.617419321,1.411536466,-2.902499298,-0.065616798,0.457200000,0.457200000
44.449411889,31.593241157,1.405663800,-2.904131920,-0.065616798,0.457200000,0.457200000
44.474293044,31.569053438,1.399830615,-2.905764542,-0.065616798,0.457200000,0.457200000
44.499174198,31.544856227,1.394036927,-2.907397164,-0.065616798,0.457200000,0.457200000
44.524055352,31.520649589,1.388282752,-2.909029785,-0.065616798,0.457200000,0.457200000
44.548936506,31.496433589,1.382568105,-2.910662407,-0.065616798,0.457200000,0.457200000
44.573817660,31.472208292,1.376893001,-2.912295029,-0.065616798,0.457200000,0.457200000
44.598698815,31.447973762,1.371257455,-2.913927651,-0.065616798,0.457200000,0.457200000
44.623579969,31.423730063,1.365661482,-2.915560273,-0.065616798,0.457200000,0.457200000
44.648461123,31.399477261,1.360105098,-2.917192895,-0.065616798,0.457200000,0.457200000
44.673342277,31.375215419,1.354588317,-2.918825517,-0.065616798,0.457200000,0.457200000
44.698223431,31.350944603,1.349111154,-2.920458138,-0.065616798,0.457200000,0.457200000
44.723104586,31.326664877,1.343673623,-2.922090760,-0.065616798,0.457200000,0.457200000
44.747985740,31.302376306,1.338275738,-2.923723382,-0.065616798,0.457200000,0.457200000
44.772866894,31.278078955,1.332917515,-2.925356004,-0.065616798,0.457200000,0.457200000
44.797748048,31.253772888,1.327598968,-2.926988626,-0.065616798,0.457200000,0.457200000
44.822629202,31.229458170,1.322320110,-2.928621248,-0.065616798,0.457200000,0.457200000
44.847510356,31.205134867,1.317080956,-2.930253869,-0.065616798,0.457200000,0.457200000
44.872391511,31.180803042,1.311881520,-2.931886491,-0.054680665,0.457200000,0.457200000
44.897294241,31.156442354,1.306714040,-2.933248189,-0.054680665,0.457200000,0.457200000
44.922196971,31.132074652,1.301579738,-2.934609887,-0.054680665,0.457200000,0.457200000
44.947099701,31.107699981,1.296478622,-2.935971585,-0.054680665,0.457200000,0.457200000
44.972002431,31.083318386,1.291410701,-2.937333283,-0.054680665,0.457200000,0.457200000
44.996905162,31.058929913,1.286375986,-2.938694981,-0.054680665,0.457200000,0.457200000
45.021807892,31.034534607,1.281374485,-2.940056679,-0.054680665,0.457200000,0.457200000
45.046710622,31.010132513,1.276406207,-2.941418377,-0.054680665,0.457200000,0.457200000
45.071613352,30.985723676,1.271471163,-2.942780075,-0.054680665,0.457200000,0.457200000
45.096516082,30.961308142,1.266569360,-2.944141773,-0.054680665,0.457200000,0.457200000
45.121418812,30.936885956,1.261700809,-2.945503471,-0.054680665,0.457200000,0.457200000
45.146321543,30.912457163,1.256865518,-2.946865169,-0.054680665,0.457200000,0.457200000
45.171224273,30.888021809,1.252063496,-2.948226867,-0.054680665,0.457200000,0.457200000
45.196127003,30.863579938,1.247294752,-2.949588565,-0.054680665,0.457200000,0.457200000
45.221029733,30.839131596,1.242559294,-2.950950263,-0.054680665,0.457200000,0.457200000
45.245932463,30.814676829,1.237857133,-2.952311961,-0.054680665,0.457200000,0.457200000
45.270835194,30.790215681,1.233188275,-2.953673659,-0.054680665,0.457200000,0.457200000
45.295737924,30.765748199,1.228552731,-2.955035356,-0.054680665,0.457200000,0.457200000
45.320640654,30.741274427,1.223950508,-2.956397054,-0.054680665,0.457200000,0.457200000
45.345543384,30.716794410,1.219381616,-2.957758752,-0.054680665,0.457200000,0.457200000
45.370446114,30.692308195,1.214846062,-2.959120450,-0.054680665,0.457200000,0.457200000
45.395348844,30.667815827,1.210343855,-2.960482148,-0.054680665,0.457200000,0.457200000
45.420251575,30.643317351,1.205875004,-2.961843846,-0.054680665,0.457200000,0.457200000
45.445154305,30.618812812,1.201439516,-2.963205544,-0.054680665,0.457200000,0.457200000
45.470057035,30.594302256,1.197037400,-2.964567242,-0.054680665,0.457200000,0.457200000
45.494959765,30.569785729,1.192668664,-2.965928940,-0.054680665,0.457200000,0.457200000
45.519862495,30.545263275,1.188333316,-2.967290638,-0.054680665,0.457200000,0.457200000
45.544765226,30.520734941,1.184031365,-2.968652336,-0.054680665,0.457200000,0.457200000
45.569667956,30.496200772,1.179762817,-2.970014034,-0.054680665,0.457200000,0.457200000
45.594570686,30.471660812,1.175527682,-2.971375732,-0.054680665,0.457200000,0.457200000
45.619473416,30.447115109,1.171325966,-2.972737430,-0.054680665,0.457200000,0.457200000
45.644376146,30.422563707,1.167157679,-2.974099128,-0.054680665,0.457200000,0.457200000
45.669278876,30.398006651,1.163022826,-2.975460826,-0.054680665,0.457200000,0.457200000
45.694181607,30.373443988,1.158921417,-2.976822524,-0.054680665,0.457200000,0.457200000
45.719084337,30.348875763,1.154853459,-2.978184222,-0.054680665,0.457200000,0.457200000
45.743987067,30.324302022,1.150818959,-2.979545920,-0.054680665,0.457200000,0.457200000
45.768889797,30.299722809,1.146817924,-2.980907618,-0.054680665,0.457200000,0.457200000
45.793792527,30.275138171,1.142850363,-2.982269315,-0.054680665,0.457200000,0.457200000
45.818695258,30.250548153,1.138916282,-2.983631013,-0.054680665,0.457200000,0.457200000
45.843597988,30.225952801,1.135015689,-2.984992711,-0.054680665,0.457200000,0.457200000
45.868500718,30.201352160,1.131148592,-2.986354409,-0.054680665,0.457200000,0.457200000
45.893403448,30.176746277,1.127314996,-2.987716107,-0.054680665,0.457200000,0.457200000
45.918306178,30.152135195,1.123514910,-2.989077805,-0.054680665,0.457200000,0.457200000
45.943208908,30.127518963,1.119748340,-2.990439503,-0.054680665,0.457200000,0.457200000
45.968111639,30.102897624,1.116015293,-2.991801201,-0.054680665,0.457200000,0.457200000
45.993014369,30.078271224,1.112315777,-2.993162899,-0.054680665,0.457200000,0.457200000
46.017917099,30.053639810,1.108649798,-2.994524597,-0.054680665,0.457200000,0.457200000
46.042819829,30.029003427,1.105017362,-2.995886295,-0.054680665,0.457200000,0.457200000
46.067722559,30.004362120,1.101418478,-2.997247993,-0.054680665,0.457200000,0.457200000
46.092625289,29.979715935,1.097853150,-2.998609691,-0.054680665,0.457200000,0.457200000
46.117528020,29.955064919,1.094321387,-2.999971389,-0.054680665,0.457200000,0.457200000
46.142430750,29.930409116,1.090823194,-3.001333087,-0.054680665,0.457200000,0.457200000
46.167333480,29.905748572,1.087358579,-3.002694785,-0.054680665,0.457200000,0.457200000
46.192236210,29.881083334,1.083927546,-3.004056483,-0.054680665,0.457200000,0.457200000
46.217138940,29.856413446,1.080530104,-3.005418181,-0.054680665,0.457200000,0.457200000
46.242041671,29.831738955,1.077166257,-3.006779879,-0.054680665,0.457200000,0.457200000
46.266944401,29.807059906,1.073836013,-3.008141577,-0.054680665,0.457200000,0.457200000
46.291847131,29.782376346,1.070539377,-3.009503274,-0.054680665,0.457200000,0.457200000
46.316749861,29.757688319,1.067276356,-3.010864972,-0.054680665,0.457200000,0.457200000
46.341652591,29.732995872,1.064046956,-3.012226670,-0.054680665,0.457200000,0.457200000
46.366555321,29.708299050,1.060851182,-3.013588368,-0.054680665,0.457200000,0.457200000
46.391458052,29.683597900,1.057689040,-3.014950066,-0.054680665,0.457200000,0.457200000
46.416360782,29.658892467,1.054560538,-3.016311764,-0.054680665,0.457200000,0.457200000
46.441263512,29.634182796,1.051465679,-3.017673462,-0.054680665,0.457200000,0.457200000
46.466166242,29.609468934,1.048404470,-3.019035160,-0.054680665,0.457200000,0.457200000
46.491068972,29.584750927,1.045376917,-3.020396858,-0.054680665,0.457200000,0.457200000
46.515971703,29.560028819,1.042383025,-3.021758556,-0.054680665,0.457200000,0.457200000
46.540874433,29.535302658,1.039422801,-3.023120254,-0.054680665,0.457200000,0.457200000
46.565777163,29.510572489,1.036496248,-3.024481952,-0.054680665,0.457200000,0.457200000
46.590679893,29.485838358,1.033603373,-3.025843650,-0.054680665,0.457200000,0.457200000
46.615582623,29.461100311,1.030744181,-3.027205348,-0.054680665,0.457200000,0.457200000
46.640485353,29.436358393,1.027918678,-3.028567046,-0.054680665,0.457200000,0.457200000
46.665388084,29.411612650,1.025126868,-3.029928744,-0.054680665,0.457200000,0.457200000
46.690290814,29.386863129,1.022368757,-3.031290442,-0.054680665,0.457200000,0.457200000
46.715193544,29.362109875,1.019644350,-3.032652140,-0.054680665,0.457200000,0.457200000
46.740096274,29.337352935,1.016953652,-3.034013838,-0.054680665,0.457200000,0.457200000
46.764999004,29.312592353,1.014296667,-3.035375536,-0.054680665,0.457200000,0.457200000
46.789901735,29.287828176,1.011673402,-3.036737233,-0.054680665,0.457200000,0.457200000
46.814804465,29.263060450,1.009083861,-3.038098931,-0.054680665,0.457200000,0.457200000
46.839707195,29.238289221,1.006528048,-3.039460629,-0.054680665,0.457200000,0.457200000
46.864609925,29.213514535,1.004005968,-3.040822327,-0.054680665,0.457200000,0.457200000
46.889512655,29.188736437,1.001517626,-3.042184025,-0.054680665,0.457200000,0.457200000
46.914415385,29.163954974,0.999063027,-3.043545723,-0.054680665,0.457200000,0.457200000
46.939318116,29.139170192,0.996642175,-3.044907421,-0.054680665,0.457200000,0.457200000
46.964220846,29.114382136,0.994255075,-3.046269119,-0.054680665,0.457200000,0.457200000
46.989123576,29.089590852,0.991901730,-3.047630817,-0.054680665,0.457200000,0.457200000
47.014026306,29.064796387,0.989582146,-3.048992515,-0.054680665,0.457200000,0.457200000
47.038929036,29.039998786,0.987296327,-3.050354213,-0.054680665,0.457200000,0.457200000
47.063831767,29.015198096,0.985044277,-3.051715911,-0.054680665,0.457200000,0.457200000
47.088734497,28.990394362,0.982826000,-3.053077609,-0.054680665,0.457200000,0.457200000
47.113637227,28.965587630,0.980641500,-3.054439307,-0.054680665,0.457200000,0.457200000
47.138539957,28.940777947,0.978490781,-3.055801005,-0.054680665,0.457200000,0.457200000
47.163442687,28.915965358,0.976373848,-3.057162703,-0.054680665,0.457200000,0.457200000
47.188345417,28.891149910,0.974290704,-3.058524401,-0.054680665,0.457200000,0.457200000
47.213248148,28.866331648,0.972241353,-3.059886099,-0.054680665,0.457200000,0.457200000
47.238150878,28.841510618,0.970225799,-3.061247797,-0.054680665,0.457200000,0.457200000
47.263053608,28.816686867,0.968244045,-3.062609495,-0.054680665,0.457200000,0.457200000
47.287956338,28.791860440,0.966296096,-3.063971192,-0.054680665,0.457200000,0.457200000
47.312859068,28.767031384,0.964381954,-3.065332890,-0.054680665,0.457200000,0.457200000
47.337761798,28.742199744,0.962501624,-3.066694588,-0.054680665,0.457200000,0.457200000
47.362664529,28.717365567,0.960655109,-3.068056286,-0.054680665,0.457200000,0.457200000
47.387567259,28.692528899,0.958842412,-3.069417984,-0.054680665,0.457200000,0.457200000
47.412469989,28.667689785,0.957063537,-3.070779682,-0.054680665,0.457200000,0.457200000
47.437372719,28.642848272,0.955318487,-3.072141380,-0.054680665,0.457200000,0.457200000
47.462275449,28.618004406,0.953607266,-3.073503078,-0.054680665,0.457200000,0.457200000
47.487178180,28.593158232,0.951929875,-3.074864776,-0.054680665,0.457200000,0.457200000
47.512080910,28.568309798,0.950286320,-3.076226474,-0.054680665,0.457200000,0.457200000
47.536983640,28.543459148,0.948676601,-3.077588172,-0.054680665,0.457200000,0.457200000
47.561886370,28.518606330,0.947100724,-3.078949870,-0.054680665,0.457200000,0.457200000
47.586789100,28.493751389,0.945558689,-3.080311568,-0.054680665,0.457200000,0.457200000
47.611691830,28.468894371,0.944050502,-3.081673266,-0.054680665,0.457200000,0.457200000
47.636594561,28.444035322,0.942576163,-3.083034964,-0.054680665,0.457200000,0.457200000
47.661497291,28.419174289,0.941135676,-3.084396662,-0.054680665,0.457200000,0.457200000
47.686400021,28.394311318,0.939729044,-3.085758360,-0.054680665,0.457200000,0.457200000
47.711302751,28.369446454,0.938356269,-3.087120058,-0.054680665,0.457200000,0.457200000
47.736205481,28.344579744,0.937017353,-3.088481756,-0.054680665,0.457200000,0.457200000
47.761108212,28.319711233,0.935712300,-3.089843454,-0.054680665,0.457200000,0.457200000
47.786010942,28.294840969,0.934441111,-3.091205151,-0.054680665,0.457200000,0.457200000
47.810913672,28.269968997,0.933203790,-3.092566849,-0.054680665,0.457200000,0.457200000
47.835816402,28.245095363,0.932000337,-3.093928547,-0.054680665,0.457200000,0.457200000
47.860719132,28.220220113,0.930830756,-3.095290245,-0.054680665,0.457200000,0.457200000
47.885621862,28.195343293,0.929695049,-3.096651943,-0.054680665,0.457200000,0.457200000
47.910524593,28.170464951,0.928593217,-3.098013641,-0.054680665,0.457200000,0.457200000
47.935427323,28.145585131,0.927525264,-3.099375339,-0.054680665,0.457200000,0.457200000
47.960330053,28.120703879,0.926491190,-3.100737037,-0.054680665,0.457200000,0.457200000
47.985232783,28.095821243,0.925490997,-3.102098735,-0.054680665,0.457200000,0.457200000
48.010135513,28.070937268,0.924524689,-3.103460433,-0.054680665,0.457200000,0.457200000
48.035038244,28.046052000,0.923592265,-3.104822131,-0.054680665,0.457200000,0.457200000
48.059940974,28.021165486,0.922693729,-3.106183829,-0.054680665,0.457200000,0.457200000
48.084843704,27.996277771,0.921829081,-3.107545527,-0.054680665,0.457200000,0.457200000
48.109746434,27.971388902,0.920998324,-3.108907225,-0.054680665,0.457200000,0.457200000
48.134649164,27.946498924,0.920201459,-3.110268923,-0.054680665,0.457200000,0.457200000
48.159551894,27.921607885,0.919438487,-3.111630621,-0.054680665,0.457200000,0.457200000
48.184454625,27.896715829,0.918709409,-3.112992319,-0.054680665,0.457200000,0.457200000
48.209357355,27.871822804,0.918014228,-3.114354017,-0.054680665,0.457200000,0.457200000
48.234260085,27.846928856,0.917352945,-3.115715715,-0.054680665,0.457200000,0.457200000
48.259162815,27.822034030,0.916725560,-3.117077413,-0.054680665,0.457200000,0.457200000
48.284065545,27.797138373,0.916132074,-3.118439110,-0.054680665,0.457200000,0.457200000
48.308968276,27.772241931,0.915572490,-3.119800808,-0.054680665,0.457200000,0.457200000
48.333871006,27.747344749,0.915046808,-3.121162506,-0.054680665,0.457200000,0.457200000
48.358773736,27.722446875,0.914555028,-3.122524204,-0.054680665,0.457200000,0.457200000
48.383676466,27.697548355,0.914097152,-3.123885902,-0.054680665,0.457200000,0.457200000
48.408579196,27.672649234,0.913673181,-3.125247600,-0.054680665,0.457200000,0.457200000
48.433481926,27.647749559,0.913283116,-3.126609298,-0.054680665,0.457200000,0.457200000
48.458384657,27.622849376,0.912926957,-3.127970996,-0.054680665,0.457200000,0.457200000
48.483287387,27.597948731,0.912604704,-3.129332694,-0.054680665,0.457200000,0.457200000
48.508190117,27.573047670,0.912316359,-3.130694392,-0.054680665,0.457200000,0.457200000
48.533092847,27.548146240,0.912061922,-3.132056090,-0.054680665,0.457200000,0.457200000
48.557995577,27.523244486,0.911841394,-3.133417788,-0.054680665,0.457200000,0.457200000
48.582898307,27.498342455,0.911654774,-3.134779486,-0.054680665,0.457200000,0.457200000
48.607801038,27.473440193,0.911502063,-3.136141184,-0.054680665,0.457200000,0.457200000
48.632703768,27.448537746,0.911383262,-3.137502882,-0.054680665,0.457200000,0.457200000
48.657606498,27.423635161,0.911298371,-3.138864580,-0.054680665,0.457200000,0.457200000
48.682509228,27.398732483,0.911247389,-3.140226278,-0.054680665,0.457200000,0.457200000
48.707411958,27.373829759,0.911230318,-3.141592806,0.000000000,0.457200000,0.457200000
48.732386258,27.348855459,0.911230322,-3.141592806,0.000000000,0.457200000,0.457200000
48.757360558,27.323881159,0.911230326,-3.141592806,0.000000000,0.457200000,0.457200000
48.782334858,27.298906859,0.911230329,-3.141592806,0.000000000,0.457200000,0.457200000
48.807309158,27.273932559,0.911230333,-3.141592806,0.000000000,0.457200000,0.457200000
48.832283458,27.248958259,0.911230337,-3.141592806,0.000000000,0.457200000,0.457200000
48.857257757,27.223983960,0.911230341,-3.141592806,0.000000000,0.457200000,0.457200000
48.882232057,27.199009660,0.911230345,-3.141592806,0.000000000,0.457200000,0.457200000
48.907206357,27.174035360,0.911230348,-3.141592806,0.000000000,0.457200000,0.457200000
48.932180657,27.149061060,0.911230352,-3.141592806,0.000000000,0.457200000,0.457200000
48.957154957,27.124086760,0.911230356,-3.141592806,0.000000000,0.457200000,0.457200000
48.982129257,27.099112460,0.911230360,-3.141592806,0.000000000,0.457200000,0.457200000
49.007103557,27.074138160,0.911230364,-3.141592806,0.000000000,0.457200000,0.457200000
49.032077856,27.049163861,0.911230367,-3.141592806,0.000000000,0.457200000,0.457200000
49.057052156,27.024189561,0.911230371,-3.141592806,0.000000000,0.457200000,0.457200000
49.082026456,26.999215261,0.911230375,-3.141592806,0.000000000,0.457200000,0.457200000
49.107000756,26.974240961,0.911230379,-3.141592806,0.000000000,0.457200000,0.457200000
49.131975056,26.949266661,0.911230382,-3.141592806,0.000000000,0.457200000,0.457200000
49.156949356,26.924292361,0.911230386,-3.141592806,0.000000000,0.457200000,0.457200000
49.181923656,26.899318062,0.911230390,-3.141592806,0.000000000,0.457200000,0.457200000
49.206897955,26.874343762,0.911230394,-3.141592806,0.000000000,0.457200000,0.457200000
49.231872255,26.849369462,0.911230398,-3.141592806,0.000000000,0.457200000,0.457200000
49.256846555,26.824395162,0.911230401,-3.141592806,0.000000000,0.457200000,0.457200000
49.281820855,26.799420862,0.911230405,-3.141592806,0.000000000,0.457200000,0.457200000
49.306795155,26.774446562,0.911230409,-3.141592806,0.000000000,0.457200000,0.457200000
49.331769455,26.749472262,0.911230413,-3.141592806,0.000000000,0.457200000,0.457200000
49.356743754,26.724497963,0.911230417,-3.141592806,0.000000000,0.457200000,0.457200000
49.381718054,26.699523663,0.911230420,-3.141592806,0.000000000,0.457200000,0.457200000
49.406692354,26.674549363,0.911230424,-3.141592806,0.000000000,0.457200000,0.457200000
49.431666654,26.649575063,0.911230428,-3.141592806,0.000000000,0.457200000,0.457200000
49.456640954,26.624600763,0.911230432,-3.141592806,0.000000000,0.457200000,0.457200000
49.481615254,26.599626463,0.911230436,-3.141592806,0.000000000,0.457200000,0.457200000
49.506589554,26.574652163,0.911230439,-3.141592806,0.000000000,0.457200000,0.457200000
49.531563853,26.549677864,0.911230443,-3.141592806,0.000000000,0.457200000,0.457200000
49.556538153,26.524703564,0.911230447,-3.141592806,0.000000000,0.457200000,0.457200000
49.581512453,26.499729264,0.911230451,-3.141592806,0.000000000,0.457200000,0.457200000
49.606486753,26.474754964,0.911230455,-3.141592806,0.000000000,0.457200000,0.457200000
49.631461053,26.449780664,0.911230458,-3.141592806,0.000000000,0.457200000,0.457200000
49.656435353,26.424806364,0.911230462,-3.141592806,0.000000000,0.457200000,0.457200000
49.681409653,26.399832065,0.911230466,-3.141592806,0.000000000,0.457200000,0.457200000
49.706383952,26.374857765,0.911230470,-3.141592806,0.000000000,0.457200000,0.457200000
49.731358252,26.349883465,0.911230474,-3.141592806,0.000000000,0.457200000,0.457200000
49.756332552,26.324909165,0.911230477,-3.141592806,0.000000000,0.457200000,0.457200000
49.781306852,26.299934865,0.911230481,-3.141592806,0.000000000,0.457200000,0.457200000
49.806281152,26.274960565,0.911230485,-3.141592806,0.000000000,0.457200000,0.457200000
49.831255452,26.249986265,0.911230489,-3.141592806,0.000000000,0.457200000,0.457200000
49.856229751,26.225011966,0.911230493,-3.141592806,0.000000000,0.457200000,0.457200000
49.881204051,26.200037666,0.911230496,-3.141592806,0.000000000,0.457200000,0.457200000
49.906178351,26.175063366,0.911230500,-3.141592806,0.000000000,0.457200000,0.457200000
49.931152651,26.150089066,0.911230504,-3.141592806,0.000000000,0.457200000,0.457200000
49.956126951,26.125114766,0.911230508,-3.141592806,0.000000000,0.457200000,0.457200000
49.981101251,26.100140466,0.911230512,-3.141592806,0.000000000,0.457200000,0.457200000
50.006075551,26.075166166,0.911230515,-3.141592806,0.000000000,0.457200000,0.457200000
50.031049850,26.050191867,0.911230519,-3.141592806,0.000000000,0.457200000,0.457200000
50.056024150,26.025217567,0.911230523,-3.141592806,0.000000000,0.457200000,0.457200000
50.080998450,26.000243267,0.911230527,-3.141592806,0.000000000,0.457200000,0.457200000
50.105972750,25.975268967,0.911230530,-3.141592806,0.000000000,0.457200000,0.457200000
50.130947050,25.950294667,0.911230534,-3.141592806,0.000000000,0.457200000,0.457200000
50.155921350,25.925320367,0.911230538,-3.141592806,0.000000000,0.457200000,0.457200000
50.180895650,25.900346068,0.911230542,-3.141592806,0.000000000,0.457200000,0.457200000
50.205869949,25.875371768,0.911230546,-3.141592806,0.000000000,0.457200000,0.457200000
50.230844249,25.850397468,0.911230549,-3.141592806,0.000000000,0.457200000,0.457200000
50.255818549,25.825423168,0.911230553,-3.141592806,0.000000000,0.457200000,0.457200000
50.280792849,25.800448868,0.911230557,-3.141592806,0.000000000,0.457200000,0.457200000
50.305767149,25.775474568,0.911230561,-3.141592806,0.000000000,0.457200000,0.457200000
50.330741449,25.750500268,0.911230565,-3.141592806,0.000000000,0.457200000,0.457200000
50.355715748,25.725525969,0.911230568,-3.141592806,0.000000000,0.457200000,0.457200000
50.380690048,25.700551669,0.911230572,-3.141592806,0.000000000,0.457200000,0.457200000
50.405664348,25.675577369,0.911230576,-3.141592806,0.000000000,0.457200000,0.457200000
50.430638648,25.650603069,0.911230580,-3.141592806,0.000000000,0.457200000,0.457200000
50.455612948,25.625628769,0.911230584,-3.141592806,0.000000000,0.457200000,0.457200000
50.480587248,25.600654469,0.911230587,-3.141592806,0.000000000,0.457200000,0.457200000
50.505561548,25.575680169,0.911230591,-3.141592806,0.000000000,0.457200000,0.457200000
50.530535847,25.550705870,0.911230595,-3.141592806,0.000000000,0.457200000,0.457200000
50.555510147,25.525731570,0.911230599,-3.141592806,0.000000000,0.457200000,0.457200000
50.580484447,25.500757270,0.911230603,-3.141592806,0.000000000,0.457200000,0.457200000
50.605458747,25.475782970,0.911230606,-3.141592806,0.000000000,0.457200000,0.457200000
50.630433047,25.450808670,0.911230610,-3.141592806,0.000000000,0.457200000,0.457200000
50.655407347,25.425834370,0.911230614,-3.141592806,0.000000000,0.457200000,0.457200000
50.680381647,25.400860071,0.911230618,-3.141592806,0.000000000,0.457200000,0.457200000
50.705355946,25.375885771,0.911230622,-3.141592806,0.000000000,0.457200000,0.457200000
50.730330246,25.350911471,0.911230625,-3.141592806,0.000000000,0.457200000,0.457200000
50.755304546,25.325937171,0.911230629,-3.141592806,0.000000000,0.457200000,0.457200000
50.780278846,25.300962871,0.911230633,-3.141592806,0.000000000,0.457200000,0.457200000
50.805253146,25.275988571,0.911230637,-3.141592806,0.000000000,0.457200000,0.457200000
50.830227446,25.251014271,0.911230641,-3.141592806,0.000000000,0.457200000,0.457200000
50.855201745,25.226039972,0.911230644,-3.141592806,0.000000000,0.457200000,0.457200000
50.880176045,25.201065672,0.911230648,-3.141592806,0.000000000,0.457200000,0.457200000
50.905150345,25.176091372,0.911230652,-3.141592806,0.000000000,0.457200000,0.457200000
50.930124645,25.151117072,0.911230656,-3.141592806,0.000000000,0.457200000,0.457200000
50.955098945,25.126142772,0.911230659,-3.141592806,0.000000000,0.457200000,0.457200000
50.980073245,25.101168472,0.911230663,-3.141592806,0.000000000,0.457200000,0.457200000
51.005047545,25.076194173,0.911230667,-3.141592806,0.000000000,0.457200000,0.457200000
51.030021844,25.051219873,0.911230671,-3.141592806,0.000000000,0.457200000,0.457200000
51.054996144,25.026245573,0.911230675,-3.141592806,0.000000000,0.457200000,0.457200000
51.079970444,25.001271273,0.911230678,-3.141592806,0.000000000,0.457200000,0.457200000
51.104944744,24.976296973,0.911230682,-3.141592806,0.000000000,0.457200000,0.457200000
51.129919044,24.951322673,0.911230686,-3.141592806,0.000000000,0.457200000,0.457200000
51.154893344,24.926348373,0.911230690,-3.141592806,0.000000000,0.457200000,0.457200000
51.179867643,24.901374074,0.911230694,-3.141592806,0.000000000,0.457200000,0.457200000
51.204841943,24.876399774,0.911230697,-3.141592806,0.000000000,0.457200000,0.457200000
51.229816243,24.851425474,0.911230701,-3.141592806,0.000000000,0.457200000,0.457200000
51.254790543,24.826451174,0.911230705,-3.141592806,0.000000000,0.457200000,0.457200000
51.279764843,24.801476874,0.911230709,-3.141592806,0.000000000,0.457200000,0.457200000
51.304739143,24.776502574,0.911230713,-3.141592806,0.000000000,0.457200000,0.457200000
51.329713443,24.751528274,0.911230716,-3.141592806,0.000000000,0.457200000,0.457200000
51.354687742,24.726553975,0.911230720,-3.141592806,0.000000000,0.457200000,0.457200000
51.379662042,24.701579675,0.911230724,-3.141592806,0.000000000,0.457200000,0.457200000
51.404636342,24.676605375,0.911230728,-3.141592806,0.000000000,0.457200000,0.457200000
51.429610642,24.651631075,0.911230732,-3.141592806,0.000000000,0.457200000,0.457200000
51.454584942,24.626656775,0.911230735,-3.141592806,0.000000000,0.457200000,0.457200000
51.479559242,24.601682475,0.911230739,-3.141592806,0.000000000,0.457200000,0.457200000
51.504533542,24.576708176,0.911230743,-3.141592806,0.000000000,0.457200000,0.457200000
51.529507841,24.551733876,0.911230747,-3.141592806,0.000000000,0.457200000,0.457200000
51.554482141,24.526759576,0.911230751,-3.141592806,0.000000000,0.457200000,0.457200000
51.579456441,24.501785276,0.911230754,-3.141592806,0.000000000,0.457200000,0.457200000
51.604430741,24.476810976,0.911230758,-3.141592806,0.000000000,0.457200000,0.457200000
51.629405041,24.451836676,0.911230762,-3.141592806,0.000000000,0.457200000,0.457200000
51.654379341,24.426862376,0.911230766,-3.141592806,0.000000000,0.457200000,0.457200000
51.679353640,24.401888077,0.911230770,-3.141592806,0.000000000,0.457200000,0.457200000
51.704327940,24.376913777,0.911230773,-3.141592806,0.000000000,0.457200000,0.457200000
51.729302240,24.351939477,0.911230777,-3.141592806,0.000000000,0.457200000,0.457200000
51.754276540,24.326965177,0.911230781,-3.141592806,0.000000000,0.457200000,0.457200000
51.779250840,24.301990877,0.911230785,-3.141592806,0.000000000,0.457200000,0.457200000
51.804225140,24.277016577,0.911230788,-3.141592806,0.000000000,0.457200000,0.457200000
51.829199440,24.252042277,0.911230792,-3.141592806,0.000000000,0.457200000,0.457200000
51.854173739,24.227067978,0.911230796,-3.141592806,0.000000000,0.457200000,0.457200000
51.879148039,24.202093678,0.911230800,-3.141592806,0.000000000,0.457200000,0.457200000
51.904122339,24.177119378,0.911230804,-3.141592806,0.000000000,0.457200000,0.457200000
51.929096639,24.152145078,0.911230807,-3.141592806,0.000000000,0.457200000,0.457200000
51.954070939,24.127170778,0.911230811,-3.141592806,0.000000000,0.457200000,0.457200000
51.979045239,24.102196478,0.911230815,-3.141592806,0.000000000,0.457200000,0.457200000
52.004019539,24.077222179,0.911230819,-3.141592806,0.000000000,0.457200000,0.457200000
52.028993838,24.052247879,0.911230823,-3.141592806,0.000000000,0.457200000,0.457200000
52.053968138,24.027273579,0.911230826,-3.141592806,0.000000000,0.457200000,0.457200000
52.078942438,24.002299279,0.911230830,-3.141592806,0.000000000,0.457200000,0.457200000
52.103916738,23.977324979,0.911230834,-3.141592806,0.000000000,0.457200000,0.457200000
52.128891038,23.952350679,0.911230838,-3.141592806,0.000000000,0.457200000,0.457200000
52.153865338,23.927376379,0.911230842,-3.141592806,0.000000000,0.457200000,0.457200000
52.178839637,23.902402080,0.911230845,-3.141592806,0.000000000,0.457200000,0.457200000
52.203813937,23.877427780,0.911230849,-3.141592806,0.000000000,0.457200000,0.457200000
52.228788237,23.852453480,0.911230853,-3.141592806,0.000000000,0.457200000,0.457200000
52.253762537,23.827479180,0.911230857,-3.141592806,0.000000000,0.457200000,0.457200000
52.278736837,23.802504880,0.911230861,-3.141592806,0.000000000,0.457200000,0.457200000
52.303711137,23.777530580,0.911230864,-3.141592806,0.000000000,0.457200000,0.457200000
52.328685437,23.752556280,0.911230868,-3.141592806,0.000000000,0.457200000,0.457200000
52.353659736,23.727581981,0.911230872,-3.141592806,0.000000000,0.457200000,0.457200000
52.378634036,23.702607681,0.911230876,-3.141592806,0.000000000,0.457200000,0.457200000
52.403608336,23.677633381,0.911230880,-3.141592806,0.000000000,0.457200000,0.457200000
52.428582636,23.652659081,0.911230883,-3.141592806,0.000000000,0.457200000,0.457200000
52.453556936,23.627684781,0.911230887,-3.141592806,0.000000000,0.457200000,0.457200000
52.478531236,23.602710481,0.911230891,-3.141592806,0.000000000,0.457200000,0.457200000
52.503505536,23.577736182,0.911230895,-3.141592806,0.000000000,0.457200000,0.457200000
52.528479835,23.552761882,0.911230899,-3.141592806,0.000000000,0.457200000,0.457200000
52.553454135,23.527787582,0.911230902,-3.141592806,0.000000000,0.457200000,0.457200000
52.578428435,23.502813282,0.911230906,-3.141592806,0.000000000,0.457200000,0.457200000
52.603402735,23.477838982,0.911230910,-3.141592806,0.000000000,0.457200000,0.457200000
52.628377035,23.452864682,0.911230914,-3.141592806,0.000000000,0.457200000,0.457200000
52.653351335,23.427890382,0.911230918,-3.141592806,0.000000000,0.457200000,0.457200000
52.678325634,23.402916083,0.911230921,-3.141592806,0.000000000,0.457200000,0.457200000
52.703299934,23.377941783,0.911230925,-3.141592806,0.000000000,0.457200000,0.457200000
52.728274234,23.352967483,0.911230929,-3.141592806,0.000000000,0.457200000,0.457200000
52.753248534,23.327993183,0.911230933,-3.141592806,0.000000000,0.457200000,0.457200000
52.778222834,23.303018883,0.911230936,-3.141592806,0.000000000,0.457200000,0.457200000
52.803197134,23.278044583,0.911230940,-3.141592806,0.000000000,0.457200000,0.457200000
52.828171434,23.253070283,0.911230944,-3.141592806,0.000000000,0.457200000,0.457200000
52.853145733,23.228095984,0.911230948,-3.141592806,0.000000000,0.457200000,0.457200000
52.878120033,23.203121684,0.911230952,-3.141592806,0.000000000,0.457200000,0.457200000
52.903094333,23.178147384,0.911230955,-3.141592806,0.000000000,0.457200000,0.457200000
52.928068633,23.153173084,0.911230959,-3.141592806,0.000000000,0.457200000,0.457200000
52.953042933,23.128198784,0.911230963,-3.141592806,0.000000000,0.457200000,0.457200000
52.978017233,23.103224484,0.911230967,-3.141592806,0.000000000,0.457200000,0.457200000
53.002991533,23.078250185,0.911230971,-3.141592806,0.000000000,0.457200000,0.457200000
53.027965832,23.053275885,0.911230974,-3.141592806,0.000000000,0.457200000,0.457200000
53.052940132,23.028301585,0.911230978,-3.141592806,0.000000000,0.457200000,0.457200000
53.077914432,23.003327285,0.911230982,-3.141592806,0.000000000,0.457200000,0.457200000
53.102888732,22.978352985,0.911230986,-3.141592806,0.000000000,0.457200000,0.457200000
53.127863032,22.953378685,0.911230990,-3.141592806,0.000000000,0.457200000,0.457200000
53.152837332,22.928404385,0.911230993,-3.141592806,0.000000000,0.457200000,0.457200000
53.177811631,22.903430086,0.911230997,-3.141592806,0.000000000,0.457200000,0.457200000
53.202785931,22.878455786,0.911231001,-3.141592806,0.000000000,0.457200000,0.457200000
53.227760231,22.853481486,0.911231005,-3.141592806,0.000000000,0.457200000,0.457200000
53.252734531,22.828507186,0.911231009,-3.141592806,0.000000000,0.457200000,0.457200000
53.277708831,22.803532886,0.911231012,-3.141592806,0.000000000,0.457200000,0.457200000
53.302683131,22.778558586,0.911231016,-3.141592806,0.000000000,0.457200000,0.457200000
53.327657431,22.753584286,0.911231020,-3.141592806,0.000000000,0.457200000,0.457200000
53.352631730,22.728609987,0.911231024,-3.141592806,0.000000000,0.457200000,0.457200000
53.377606030,22.703635687,0.911231028,-3.141592806,0.000000000,0.457200000,0.457200000
53.402580330,22.678661387,0.911231031,-3.141592806,0.000000000,0.457200000,0.457200000
53.427554630,22.653687087,0.911231035,-3.141592806,0.000000000,0.457200000,0.457200000
53.452528930,22.628712787,0.911231039,-3.141592806,0.000000000,0.457200000,0.457200000
53.477503230,22.603738487,0.911231043,-3.141592806,0.000000000,0.457200000,0.457200000
53.502477529,22.578764188,0.911231047,-3.141592806,0.000000000,0.457200000,0.457200000
53.527451829,22.553789888,0.911231050,-3.141592806,0.000000000,0.457200000,0.457200000
53.552426129,22.528815588,0.911231054,-3.141592806,0.000000000,0.457200000,0.457200000
53.577400429,22.503841288,0.911231058,-3.141592806,0.000000000,0.457200000,0.457200000
53.602374729,22.478866988,0.911231062,-3.141592806,0.000000000,0.457200000,0.457200000
53.627349029,22.453892688,0.911231065,-3.141592806,0.000000000,0.457200000,0.457200000
53.652323329,22.428918388,0.911231069,-3.141592806,0.000000000,0.457200000,0.457200000
53.677297628,22.403944089,0.911231073,-3.141592806,0.000000000,0.457200000,0.457200000
53.702271928,22.378969789,0.911231077,-3.141592806,0.000000000,0.457200000,0.457200000
53.727246228,22.353995489,0.911231081,-3.141592806,0.000000000,0.457200000,0.457200000
53.752220528,22.329021189,0.911231084,-3.141592806,0.000000000,0.457200000,0.457200000
53.777194828,22.304046889,0.911231088,-3.141592806,0.000000000,0.457200000,0.457200000
53.802169128,22.279072589,0.911231092,-3.141592806,0.000000000,0.457200000,0.457200000
53.827143428,22.254098290,0.911231096,-3.141592806,0.000000000,0.457200000,0.457200000
53.852117727,22.229123990,0.911231100,-3.141592806,0.000000000,0.457200000,0.457200000
53.877092027,22.204149690,0.911231103,-3.141592806,0.000000000,0.457200000,0.457200000
53.902066327,22.179175390,0.911231107,-3.141592806,0.000000000,0.457200000,0.457200000
53.927040627,22.154201090,0.911231111,-3.141592806,0.000000000,0.457200000,0.457200000
53.952014927,22.129226790,0.911231115,-3.141592806,0.000000000,0.457200000,0.457200000
53.976989227,22.104252490,0.911231119,-3.141592806,0.000000000,0.457200000,0.457200000
54.001963526,22.079278191,0.911231122,-3.141592806,0.000000000,0.457200000,0.457200000
54.026937826,22.054303891,0.911231126,-3.141592806,0.000000000,0.457200000,0.457200000
54.051912126,22.029329591,0.911231130,-3.141592806,0.000000000,0.457200000,0.457200000
54.076886426,22.004355291,0.911231134,-3.141592806,0.000000000,0.457200000,0.457200000
54.101860726,21.979380991,0.911231138,-3.141592806,0.000000000,0.457200000,0.457200000
54.126835026,21.954406691,0.911231141,-3.141592806,0.000000000,0.457200000,0.457200000
54.151809326,21.929432391,0.911231145,-3.141592806,0.000000000,0.457200000,0.457200000
54.176783625,21.904458092,0.911231149,-3.141592806,0.000000000,0.457200000,0.457200000
54.201757925,21.879483792,0.911231153,-3.141592806,0.000000000,0.457200000,0.457200000
54.226732225,21.854509492,0.911231157,-3.141592806,0.000000000,0.457200000,0.457200000
54.251706525,21.829535192,0.911231160,-3.141592806,0.000000000,0.457200000,0.457200000
54.276680825,21.804560892,0.911231164,-3.141592806,0.000000000,0.457200000,0.457200000
54.301655125,21.779586592,0.911231168,-3.141592806,0.000000000,0.457200000,0.457200000
54.326629425,21.754612293,0.911231172,-3.141592806,0.000000000,0.457200000,0.457200000
54.351603724,21.729637993,0.911231176,-3.141592806,0.000000000,0.457200000,0.457200000
54.376578024,21.704663693,0.911231179,-3.141592806,0.000000000,0.457200000,0.457200000
54.401552324,21.679689393,0.911231183,-3.141592806,0.000000000,0.457200000,0.457200000
54.426526624,21.654715093,0.911231187,-3.141592806,0.000000000,0.457200000,0.457200000
54.451500924,21.629740793,0.911231191,-3.141592806,0.000000000,0.457200000,0.457200000
54.476475224,21.604766493,0.911231194,-3.141592806,0.000000000,0.457200000,0.457200000
54.501449523,21.579792194,0.911231198,-3.141592806,0.000000000,0.457200000,0.457200000
54.526423823,21.554817894,0.911231202,-3.141592806,0.000000000,0.457200000,0.457200000
54.551398123,21.529843594,0.911231206,-3.141592806,0.000000000,0.457200000,0.457200000
54.576372423,21.504869294,0.911231210,-3.141592806,0.000000000,0.457200000,0.457200000
54.601346723,21.479894994,0.911231213,-3.141592806,0.000000000,0.457200000,0.457200000
54.626321023,21.454920694,0.911231217,-3.141592806,0.000000000,0.457200000,0.457200000
54.651295323,21.429946394,0.911231221,-3.141592806,0.000000000,0.457200000,0.457200000
54.676269622,21.404972095,0.911231225,-3.141592806,0.000000000,0.457200000,0.457200000
54.701243922,21.379997795,0.911231229,-3.141592806,0.000000000,0.457200000,0.457200000
54.726218222,21.355023495,0.911231232,-3.141592806,0.000000000,0.457200000,0.457200000
54.751192522,21.330049195,0.911231236,-3.141592806,0.000000000,0.457200000,0.457200000
54.776166822,21.305074895,0.911231240,-3.141592806,0.000000000,0.457200000,0.457200000
54.801141122,21.280100595,0.911231244,-3.141592806,0.000000000,0.457200000,0.457200000
54.826115422,21.255126296,0.911231248,-3.141592806,0.000000000,0.457200000,0.457200000
54.851089721,21.230151996,0.911231251,-3.141592806,0.000000000,0.457200000,0.457200000
54.876064021,21.205177696,0.911231255,-3.141592806,0.000000000,0.457200000,0.457200000
54.901038321,21.180203396,0.911231259,-3.141592806,0.000000000,0.457200000,0.457200000
54.926012621,21.155229096,0.911231263,-3.141592806,0.000000000,0.457200000,0.457200000
54.950986921,21.130254796,0.911231267,-3.141592806,0.000000000,0.457200000,0.457200000
54.975961221,21.105280496,0.911231270,-3.141592806,0.000000000,0.457200000,0.457200000
55.000935520,21.080306197,0.911231274,-3.141592806,0.000000000,0.457200000,0.457200000
55.025909820,21.055331897,0.911231278,-3.141592806,0.000000000,0.457200000,0.457200000
55.050884120,21.030357597,0.911231282,-3.141592806,0.000000000,0.457200000,0.457200000
55.075858420,21.005383297,0.911231286,-3.141592806,0.000000000,0.457200000,0.457200000
55.100832720,20.980408997,0.911231289,-3.141592806,0.000000000,0.457200000,0.457200000
55.125807020,20.955434697,0.911231293,-3.141592806,0.000000000,0.457200000,0.457200000
55.150781320,20.930460397,0.911231297,-3.141592806,0.000000000,0.457200000,0.457200000
55.175755619,20.905486098,0.911231301,-3.141592806,0.000000000,0.457200000,0.457200000
55.200729919,20.880511798,0.911231305,-3.141592806,0.000000000,0.457200000,0.457200000
55.225704219,20.855537498,0.911231308,-3.141592806,0.000000000,0.457200000,0.457200000
55.250678519,20.830563198,0.911231312,-3.141592806,0.000000000,0.457200000,0.457200000
55.275652819,20.805588898,0.911231316,-3.141592806,0.000000000,0.457200000,0.457200000
55.300627119,20.780614598,0.911231320,-3.141592806,0.000000000,0.457200000,0.457200000
55.325601419,20.755640299,0.911231324,-3.141592806,0.000000000,0.457200000,0.457200000
55.350575718,20.730665999,0.911231327,-3.141592806,0.000000000,0.457200000,0.457200000
55.375550018,20.705691699,0.911231331,-3.141592806,0.000000000,0.457200000,0.457200000
55.400524318,20.680717399,0.911231335,-3.141592806,0.000000000,0.457200000,0.457200000
55.425498618,20.655743099,0.911231339,-3.141592806,0.000000000,0.457200000,0.457200000
55.450472918,20.630768799,0.911231342,-3.141592806,0.000000000,0.457200000,0.457200000
55.475447218,20.605794499,0.911231346,-3.141592806,0.000000000,0.457200000,0.457200000
55.500421517,20.580820200,0.911231350,-3.141592806,0.000000000,0.457200000,0.457200000
55.525395817,20.555845900,0.911231354,-3.141592806,0.000000000,0.457200000,0.457200000
55.550370117,20.530871600,0.911231358,-3.141592806,0.000000000,0.457200000,0.457200000
55.575344417,20.505897300,0.911231361,-3.141592806,0.000000000,0.457200000,0.457200000
55.600318717,20.480923000,0.911231365,-3.141592806,0.000000000,0.457200000,0.457200000
55.625293017,20.455948700,0.911231369,-3.141592806,0.000000000,0.457200000,0.457200000
55.650267317,20.430974400,0.911231373,-3.141592806,0.000000000,0.457200000,0.457200000
55.675241616,20.406000101,0.911231377,-3.141592806,0.000000000,0.457200000,0.457200000
55.700215916,20.381025801,0.911231380,-3.141592806,0.000000000,0.457200000,0.457200000
55.725190216,20.356051501,0.911231384,-3.141592806,0.000000000,0.457200000,0.457200000
55.750164516,20.331077201,0.911231388,-3.141592806,0.000000000,0.457200000,0.457200000
55.775138816,20.306102901,0.911231392,-3.141592806,0.000000000,0.457200000,0.457200000
55.800113116,20.281128601,0.911231396,-3.141592806,0.000000000,0.457200000,0.457200000
55.825087416,20.256154302,0.911231399,-3.141592806,0.000000000,0.457200000,0.457200000
55.850061715,20.231180002,0.911231403,-3.141592806,0.000000000,0.457200000,0.457200000
55.875036015,20.206205702,0.911231407,-3.141592806,0.000000000,0.457200000,0.457200000
55.900010315,20.181231402,0.911231411,-3.141592806,0.000000000,0.457200000,0.457200000
55.924984615,20.156257102,0.911231415,-3.141592806,0.000000000,0.457200000,0.457200000
55.949958915,20.131282802,0.911231418,-3.141592806,0.000000000,0.457200000,0.457200000
55.974933215,20.106308502,0.911231422,-3.141592806,0.000000000,0.457200000,0.457200000
55.999907514,20.081334203,0.911231426,-3.141592806,0.000000000,0.457200000,0.457200000
56.024881814,20.056359903,0.911231430,-3.141592806,0.000000000,0.457200000,0.457200000
56.049856114,20.031385603,0.911231434,-3.141592806,0.000000000,0.457200000,0.457200000
56.074830414,20.006411303,0.911231437,-3.141592806,0.000000000,0.457200000,0.457200000
56.099804714,19.981437003,0.911231441,-3.141592806,0.000000000,0.457200000,0.457200000
56.124779014,19.956462703,0.911231445,-3.141592806,0.000000000,0.457200000,0.457200000
56.149753314,19.931488404,0.911231449,-3.141592806,0.000000000,0.457200000,0.457200000
56.174727613,19.906514104,0.911231453,-3.141592806,0.000000000,0.457200000,0.457200000
56.199701913,19.881539804,0.911231456,-3.141592806,0.000000000,0.457200000,0.457200000
56.224676213,19.856565504,0.911231460,-3.141592806,0.000000000,0.457200000,0.457200000
56.249650513,19.831591204,0.911231464,-3.141592806,0.000000000,0.457200000,0.457200000
56.274624813,19.806616904,0.911231468,-3.141592806,0.000000000,0.457200000,0.457200000
56.299599113,19.781642604,0.911231471,-3.141592806,0.000000000,0.457200000,0.457200000
56.324573412,19.756668305,0.911231475,-3.141592806,0.000000000,0.457200000,0.457200000
56.349547712,19.731694005,0.911231479,-3.141592806,0.000000000,0.457200000,0.457200000
56.374522012,19.706719705,0.911231483,-3.141592806,0.000000000,0.457200000,0.457200000
56.399496312,19.681745405,0.911231487,-3.141592806,0.000000000,0.457200000,0.457200000
56.424470612,19.656771105,0.911231490,-3.141592806,0.000000000,0.457200000,0.457200000
56.449444912,19.631796805,0.911231494,-3.141592806,0.000000000,0.457200000,0.457200000
56.474419212,19.606822505,0.911231498,-3.141592806,0.000000000,0.457200000,0.457200000
56.499393511,19.581848206,0.911231502,-3.141592806,0.000000000,0.457200000,0.457200000
56.524367811,19.556873906,0.911231506,-3.141592806,0.000000000,0.457200000,0.457200000
56.549342111,19.531899606,0.911231509,-3.141592806,0.000000000,0.457200000,0.457200000
56.574316411,19.506925306,0.911231513,-3.141592806,0.000000000,0.457200000,0.457200000
56.599290711,19.481951006,0.911231517,-3.141592806,0.000000000,0.457200000,0.457200000
56.624265011,19.456976706,0.911231521,-3.141592806,0.000000000,0.457200000,0.457200000
56.649239311,19.432002407,0.911231525,-3.141592806,0.000000000,0.457200000,0.457200000
56.674213610,19.407028107,0.911231528,-3.141592806,0.000000000,0.457200000,0.457200000
56.699187910,19.382053807,0.911231532,-3.141592806,0.000000000,0.457200000,0.457200000
56.724162210,19.357079507,0.911231536,-3.141592806,0.000000000,0.457200000,0.457200000
56.749136510,19.332105207,0.911231540,-3.141592806,0.000000000,0.457200000,0.457200000
56.774110810,19.307130907,0.911231544,-3.141592806,0.000000000,0.457200000,0.457200000
56.799085110,19.282156607,0.911231547,-3.141592806,0.000000000,0.457200000,0.457200000
56.824059409,19.257182308,0.911231551,-3.141592806,0.000000000,0.457200000,0.457200000
56.849033709,19.232208008,0.911231555,-3.141592806,0.000000000,0.457200000,0.457200000
56.874008009,19.207233708,0.911231559,-3.141592806,0.000000000,0.457200000,0.457200000
56.898982309,19.182259408,0.911231563,-3.141592806,0.000000000,0.457200000,0.457200000
56.923956609,19.157285108,0.911231566,-3.141592806,0.000000000,0.457200000,0.457200000
56.948930909,19.132310808,0.911231570,-3.141592806,0.000000000,0.457200000,0.457200000
56.973905209,19.107336508,0.911231574,-3.141592806,0.000000000,0.457200000,0.457200000
56.998879508,19.082362209,0.911231578,-3.141592806,0.000000000,0.457200000,0.457200000
57.023853808,19.057387909,0.911231582,-3.141592806,0.000000000,0.457200000,0.457200000
57.048828108,19.032413609,0.911231585,-3.141592806,0.000000000,0.457200000,0.457200000
57.073802408,19.007439309,0.911231589,-3.141592806,0.000000000,0.457200000,0.457200000
57.098776708,18.982465009,0.911231593,-3.141592806,0.000000000,0.457200000,0.457200000
57.123751008,18.957490709,0.911231597,-3.141592806,0.000000000,0.457200000,0.457200000
57.148725308,18.932516410,0.911231600,-3.141592806,0.000000000,0.457200000,0.457200000
57.173699607,18.907542110,0.911231604,-3.141592806,0.000000000,0.457200000,0.457200000
57.198673907,18.882567810,0.911231608,-3.141592806,0.000000000,0.457200000,0.457200000
57.223648207,18.857593510,0.911231612,-3.141592806,0.000000000,0.457200000,0.457200000
57.248622507,18.832619210,0.911231616,-3.141592806,0.000000000,0.457200000,0.457200000
57.273596807,18.807644910,0.911231619,-3.141592806,0.000000000,0.457200000,0.457200000
57.298571107,18.782670610,0.911231623,-3.141592806,0.000000000,0.457200000,0.457200000
57.323545406,18.757696311,0.911231627,-3.141592806,0.000000000,0.457200000,0.457200000
57.348519706,18.732722011,0.911231631,-3.141592806,0.000000000,0.457200000,0.457200000
57.373494006,18.707747711,0.911231635,-3.141592806,0.000000000,0.457200000,0.457200000
57.398468306,18.682773411,0.911231638,-3.141592806,0.000000000,0.457200000,0.457200000
57.423442606,18.657799111,0.911231642,-3.141592806,0.000000000,0.457200000,0.457200000
57.448416906,18.632824811,0.911231646,-3.141592806,0.000000000,0.457200000,0.457200000
57.473391206,18.607850511,0.911231650,-3.141592806,0.000000000,0.457200000,0.457200000
57.498365505,18.582876212,0.911231654,-3.141592806,0.000000000,0.457200000,0.457200000
57.523339805,18.557901912,0.911231657,-3.141592806,0.000000000,0.457200000,0.457200000
57.548314105,18.532927612,0.911231661,-3.141592806,0.000000000,0.457200000,0.457200000
57.573288405,18.507953312,0.911231665,-3.141592806,0.000000000,0.457200000,0.457200000
57.598262705,18.482979012,0.911231669,-3.141592806,0.000000000,0.457200000,0.457200000
57.623237005,18.458004712,0.911231673,-3.141592806,0.000000000,0.457200000,0.457200000
57.648211305,18.433030413,0.911231676,-3.141592806,0.000000000,0.457200000,0.457200000
57.673185604,18.408056113,0.911231680,-3.141592806,0.000000000,0.457200000,0.457200000
57.698159904,18.383081813,0.911231684,-3.141592806,0.000000000,0.457200000,0.457200000
57.723134204,18.358107513,0.911231688,-3.141592806,0.000000000,0.457200000,0.457200000
57.748108504,18.333133213,0.911231692,-3.141592806,0.000000000,0.457200000,0.457200000
57.773082804,18.308158913,0.911231695,-3.141592806,0.000000000,0.457200000,0.457200000
57.798057104,18.283184613,0.911231699,-3.141592806,0.000000000,0.457200000,0.457200000
57.823031403,18.258210314,0.911231703,-3.141592806,0.000000000,0.457200000,0.457200000
57.848005703,18.233236014,0.911231707,-3.141592806,0.000000000,0.457200000,0.457200000
57.872980003,18.208261714,0.911231711,-3.141592806,0.000000000,0.457200000,0.457200000
57.897954303,18.183287414,0.911231714,-3.141592806,0.000000000,0.457200000,0.457200000
57.922928603,18.158313114,0.911231718,-3.141592806,0.000000000,0.457200000,0.457200000
57.947902903,18.133338814,0.911231722,-3.141592806,0.000000000,0.457200000,0.457200000
57.972877203,18.108364514,0.911231726,-3.141592806,0.000000000,0.457200000,0.457200000
57.997851502,18.083390215,0.911231730,-3.141592806,0.000000000,0.457200000,0.457200000
58.022825802,18.058415915,0.911231733,-3.141592806,0.000000000,0.457200000,0.457200000
58.047800102,18.033441615,0.911231737,-3.141592806,0.000000000,0.457200000,0.457200000
58.072774402,18.008467315,0.911231741,-3.141592806,0.000000000,0.457200000,0.457200000
58.097748702,17.983493015,0.911231745,-3.141592806,0.000000000,0.457200000,0.457200000
58.122723002,17.958518715,0.911231748,-3.141592806,0.000000000,0.457200000,0.457200000
58.147697302,17.933544416,0.911231752,-3.141592806,0.000000000,0.457200000,0.457200000
58.172671601,17.908570116,0.911231756,-3.141592806,0.000000000,0.457200000,0.457200000
58.197645901,17.883595816,0.911231760,-3.141592806,0.000000000,0.457200000,0.457200000
58.222620201,17.858621516,0.911231764,-3.141592806,0.000000000,0.457200000,0.457200000
58.247594501,17.833647216,0.911231767,-3.141592806,0.000000000,0.457200000,0.457200000
58.272568801,17.808672916,0.911231771,-3.141592806,0.000000000,0.457200000,0.457200000
58.297543101,17.783698616,0.911231775,-3.141592806,0.000000000,0.457200000,0.457200000
58.322517400,17.758724317,0.911231779,-3.141592806,0.000000000,0.457200000,0.457200000
58.347491700,17.733750017,0.911231783,-3.141592806,0.000000000,0.457200000,0.457200000
58.372466000,17.708775717,0.911231786,-3.141592806,0.000000000,0.457200000,0.457200000
58.397440300,17.683801417,0.911231790,-3.141592806,0.000000000,0.457200000,0.457200000
58.422414600,17.658827117,0.911231794,-3.141592806,0.000000000,0.457200000,0.457200000
58.447388900,17.633852817,0.911231798,-3.141592806,0.000000000,0.457200000,0.457200000
58.472363200,17.608878518,0.911231802,-3.141592806,0.000000000,0.457200000,0.457200000
58.497337499,17.583904218,0.911231805,-3.141592806,0.000000000,0.457200000,0.457200000
58.522311799,17.558929918,0.911231809,-3.141592806,0.000000000,0.457200000,0.457200000
58.547286099,17.533955618,0.911231813,-3.141592806,0.000000000,0.457200000,0.457200000
58.572260399,17.508981318,0.911231817,-3.141592806,0.000000000,0.457200000,0.457200000
58.597234699,17.484007018,0.911231821,-3.141592806,0.000000000,0.457200000,0.457200000
58.622208999,17.459032718,0.911231824,-3.141592806,0.000000000,0.457200000,0.457200000
58.647183298,17.434058419,0.911231828,-3.141592806,0.000000000,0.457200000,0.457200000
58.672157598,17.409084119,0.911231832,-3.141592806,0.000000000,0.457200000,0.457200000
58.697131898,17.384109819,0.911231836,-3.141592806,0.000000000,0.457200000,0.457200000
58.722106198,17.359135519,0.911231840,-3.141592806,0.000000000,0.457200000,0.457200000
58.747080498,17.334161219,0.911231843,-3.141592806,0.000000000,0.457200000,0.457200000
58.772054798,17.309186919,0.911231847,-3.141592806,0.000000000,0.457200000,0.457200000
58.797029098,17.284212619,0.911231851,-3.141592806,0.000000000,0.457200000,0.457200000
58.822003397,17.259238320,0.911231855,-3.141592806,0.000000000,0.457200000,0.457200000
58.846977697,17.234264020,0.911231859,-3.141592806,0.000000000,0.457200000,0.457200000
58.871951997,17.209289720,0.911231862,-3.141592806,0.000000000,0.457200000,0.457200000
58.896926297,17.184315420,0.911231866,-3.141592806,0.000000000,0.457200000,0.457200000
58.921900597,17.159341120,0.911231870,-3.141592806,0.000000000,0.457200000,0.457200000
58.946874897,17.134366820,0.911231874,-3.141592806,0.000000000,0.457200000,0.457200000
58.971849197,17.109392521,0.911231877,-3.141592806,0.000000000,0.457200000,0.457200000
58.996823496,17.084418221,0.911231881,-3.141592806,0.000000000,0.457200000,0.457200000
59.021797796,17.059443921,0.911231885,-3.141592806,0.000000000,0.457200000,0.457200000
59.046772096,17.034469621,0.911231889,-3.141592806,0.000000000,0.457200000,0.457200000
59.071746396,17.009495321,0.911231893,-3.141592806,0.000000000,0.457200000,0.457200000
59.096720696,16.984521021,0.911231896,-3.141592806,0.000000000,0.457200000,0.457200000
59.121694996,16.959546721,0.911231900,-3.141592806,0.000000000,0.457200000,0.457200000
59.146669295,16.934572422,0.911231904,-3.141592806,0.000000000,0.457200000,0.457200000
59.171643595,16.909598122,0.911231908,-3.141592806,0.000000000,0.457200000,0.457200000
59.196617895,16.884623822,0.911231912,-3.141592806,0.000000000,0.457200000,0.457200000
59.221592195,16.859649522,0.911231915,-3.141592806,0.000000000,0.457200000,0.457200000
59.246566495,16.834675222,0.911231919,-3.141592806,0.000000000,0.457200000,0.457200000
59.271540795,16.809700922,0.911231923,-3.141592806,0.000000000,0.457200000,0.457200000
59.296515095,16.784726622,0.911231927,-3.141592806,0.000000000,0.457200000,0.457200000
59.321489394,16.759752323,0.911231931,-3.141592806,0.000000000,0.457200000,0.457200000
59.346463694,16.734778023,0.911231934,-3.141592806,0.000000000,0.457200000,0.457200000
59.371437994,16.709803723,0.911231938,-3.141592806,0.000000000,0.457200000,0.457200000
59.396412294,16.684829423,0.911231942,-3.141592806,0.000000000,0.457200000,0.457200000
59.421386594,16.659855123,0.911231946,-3.141592806,0.000000000,0.457200000,0.457200000
59.446360894,16.634880823,0.911231950,-3.141592806,0.000000000,0.457200000,0.457200000
59.471335194,16.609906524,0.911231953,-3.141592806,0.000000000,0.457200000,0.457200000
59.496309493,16.584932224,0.911231957,-3.141592806,0.000000000,0.457200000,0.457200000
59.521283793,16.559957924,0.911231961,-3.141592806,0.000000000,0.457200000,0.457200000
59.546258093,16.534983624,0.911231965,-3.141592806,0.000000000,0.457200000,0.457200000
59.571232393,16.510009324,0.911231969,-3.141592806,0.000000000,0.457200000,0.457200000
59.596206693,16.485035024,0.911231972,-3.141592806,0.000000000,0.457200000,0.457200000
59.621180993,16.460060724,0.911231976,-3.141592806,0.000000000,0.457200000,0.457200000
59.646155292,16.435086425,0.911231980,-3.141592806,0.000000000,0.457200000,0.457200000
59.671129592,16.410112125,0.911231984,-3.141592806,0.000000000,0.457200000,0.457200000
59.696103892,16.385137825,0.911231988,-3.141592806,0.000000000,0.457200000,0.457200000
59.721078192,16.360163525,0.911231991,-3.141592806,0.000000000,0.457200000,0.457200000
59.746052492,16.335189225,0.911231995,-3.141592806,0.000000000,0.457200000,0.457200000
59.771026792,16.310214925,0.911231999,-3.141592806,0.000000000,0.457200000,0.457200000
59.796001092,16.285240625,0.911232003,-3.141592806,0.000000000,0.457200000,0.457200000
59.820975391,16.260266326,0.911232006,-3.141592806,0.000000000,0.457200000,0.457200000
59.845949691,16.235292026,0.911232010,-3.141592806,0.000000000,0.457200000,0.457200000
59.870923991,16.210317726,0.911232014,-3.141592806,0.000000000,0.457200000,0.457200000
59.895898291,16.185343426,0.911232018,-3.141592806,0.000000000,0.457200000,0.457200000
59.920872591,16.160369126,0.911232022,-3.141592806,0.000000000,0.457200000,0.457200000
59.945846891,16.135394826,0.911232025,-3.141592806,0.000000000,0.457200000,0.457200000
59.970821191,16.110420527,0.911232029,-3.141592806,0.000000000,0.457200000,0.457200000
59.995795490,16.085446227,0.911232033,-3.141592806,0.000000000,0.457200000,0.457200000
60.020769790,16.060471927,0.911232037,-3.141592806,0.000000000,0.457200000,0.457200000
60.045744090,16.035497627,0.911232041,-3.141592806,0.000000000,0.457200000,0.457200000
60.070718390,16.010523327,0.911232044,-3.141592806,0.000000000,0.457200000,0.457200000
60.095692690,15.985549027,0.911232048,-3.141592806,0.000000000,0.457200000,0.457200000
60.120666990,15.960574727,0.911232052,-3.141592806,0.000000000,0.457200000,0.457200000
60.145641289,15.935600428,0.911232056,-3.141592806,0.000000000,0.457200000,0.457200000
60.170615589,15.910626128,0.911232060,-3.141592806,0.000000000,0.457200000,0.457200000
60.195589889,15.885651828,0.911232063,-3.141592806,0.000000000,0.457200000,0.457200000
60.220564189,15.860677528,0.911232067,-3.141592806,0.000000000,0.457200000,0.457200000
60.245538489,15.835703228,0.911232071,-3.141592806,0.000000000,0.457200000,0.457200000
60.270512789,15.810728928,0.911232075,-3.141592806,0.000000000,0.457200000,0.457200000
60.295487089,15.785754628,0.911232079,-3.141592806,0.000000000,0.457200000,0.457200000
60.320461388,15.760780329,0.911232082,-3.141592806,0.000000000,0.457200000,0.457200000
60.345435688,15.735806029,0.911232086,-3.141592806,0.000000000,0.457200000,0.457200000
60.370409988,15.710831729,0.911232090,-3.141592806,0.000000000,0.457200000,0.457200000
60.395384288,15.685857429,0.911232094,-3.141592806,0.000000000,0.457200000,0.457200000
60.420358588,15.660883129,0.911232098,-3.141592806,0.000000000,0.457200000,0.457200000
60.445332888,15.635908829,0.911232101,-3.141592806,0.000000000,0.457200000,0.457200000
60.470307188,15.610934530,0.911232105,-3.141592806,0.000000000,0.457200000,0.457200000
60.495281487,15.585960230,0.911232109,-3.141592806,0.000000000,0.457200000,0.457200000
60.520255787,15.560985930,0.911232113,-3.141592806,0.000000000,0.457200000,0.457200000
60.545230087,15.536011630,0.911232117,-3.141592806,0.000000000,0.457200000,0.457200000
60.570204387,15.511037330,0.911232120,-3.141592806,0.000000000,0.457200000,0.457200000
60.595178687,15.486063030,0.911232124,-3.141592806,0.000000000,0.457200000,0.457200000
60.620152987,15.461088730,0.911232128,-3.141592806,0.000000000,0.457200000,0.457200000
60.645127286,15.436114431,0.911232132,-3.141592806,0.000000000,0.457200000,0.457200000
60.670101586,15.411140131,0.911232136,-3.141592806,0.000000000,0.457200000,0.457200000
60.695075886,15.386165831,0.911232139,-3.141592806,0.000000000,0.457200000,0.457200000
60.720050186,15.361191531,0.911232143,-3.141592806,0.000000000,0.457200000,0.457200000
60.745024486,15.336217231,0.911232147,-3.141592806,0.000000000,0.457200000,0.457200000
60.769998786,15.311242931,0.911232151,-3.141592806,0.000000000,0.457200000,0.457200000
60.794973086,15.286268631,0.911232154,-3.141592806,0.000000000,0.457200000,0.457200000
60.819947385,15.261294332,0.911232158,-3.141592806,0.000000000,0.457200000,0.457200000
60.844921685,15.236320032,0.911232162,-3.141592806,0.000000000,0.457200000,0.457200000
60.869895985,15.211345732,0.911232166,-3.141592806,0.000000000,0.457200000,0.457200000
60.894870285,15.186371432,0.911232170,-3.141592806,0.000000000,0.457200000,0.457200000
60.919844585,15.161397132,0.911232173,-3.141592806,0.000000000,0.457200000,0.457200000
60.944818885,15.136422832,0.911232177,-3.141592806,0.000000000,0.457200000,0.457200000
60.969793184,15.111448533,0.911232181,-3.141592806,0.000000000,0.457200000,0.457200000
60.994767484,15.086474233,0.911232185,-3.141592806,0.000000000,0.457200000,0.457200000
61.019741784,15.061499933,0.911232189,-3.141592806,0.000000000,0.457200000,0.457200000
61.044716084,15.036525633,0.911232192,-3.141592806,0.000000000,0.457200000,0.457200000
61.069690384,15.011551333,0.911232196,-3.141592806,0.000000000,0.457200000,0.457200000
61.094664684,14.986577033,0.911232200,-3.141592806,0.000000000,0.457200000,0.457200000
61.119638984,14.961602733,0.911232204,-3.141592806,0.000000000,0.457200000,0.457200000
61.144613283,14.936628434,0.911232208,-3.141592806,0.000000000,0.457200000,0.457200000
61.169587583,14.911654134,0.911232211,-3.141592806,0.000000000,0.457200000,0.457200000
61.194561883,14.886679834,0.911232215,-3.141592806,0.000000000,0.457200000,0.457200000
61.219536183,14.861705534,0.911232219,-3.141592806,0.000000000,0.457200000,0.457200000
61.244510483,14.836731234,0.911232223,-3.141592806,0.000000000,0.457200000,0.457200000
61.269484783,14.811756934,0.911232227,-3.141592806,0.000000000,0.457200000,0.457200000
61.294459083,14.786782635,0.911232230,-3.141592806,0.000000000,0.457200000,0.457200000
61.319433382,14.761808335,0.911232234,-3.141592806,0.000000000,0.457200000,0.457200000
61.344407682,14.736834035,0.911232238,-3.141592806,0.000000000,0.457200000,0.457200000
61.369381982,14.711859735,0.911232242,-3.141592806,0.000000000,0.457200000,0.457200000
61.394356282,14.686885435,0.911232246,-3.141592806,0.000000000,0.457200000,0.457200000
61.419330582,14.661911135,0.911232249,-3.141592806,0.000000000,0.457200000,0.457200000
61.444304882,14.636936835,0.911232253,-3.141592806,0.000000000,0.457200000,0.457200000
61.469279181,14.611962536,0.911232257,-3.141592806,0.000000000,0.457200000,0.457200000
61.494253481,14.586988236,0.911232261,-3.141592806,0.000000000,0.457200000,0.457200000
61.519227781,14.562013936,0.911232265,-3.141592806,0.000000000,0.457200000,0.457200000
61.544202081,14.537039636,0.911232268,-3.141592806,0.000000000,0.457200000,0.457200000
61.569176381,14.512065336,0.911232272,-3.141592806,0.000000000,0.457200000,0.457200000
61.594150681,14.487091036,0.911232276,-3.141592806,0.000000000,0.457200000,0.457200000
61.619124981,14.462116736,0.911232280,-3.141592806,0.000000000,0.457200000,0.457200000
61.644099280,14.437142437,0.911232283,-3.141592806,0.000000000,0.457200000,0.457200000
61.669073580,14.412168137,0.911232287,-3.141592806,0.000000000,0.457200000,0.457200000
61.694047880,14.387193837,0.911232291,-3.141592806,0.000000000,0.457200000,0.457200000
61.719022180,14.362219537,0.911232295,-3.141592806,0.000000000,0.457200000,0.457200000
61.743996480,14.337245237,0.911232299,-3.141592806,0.000000000,0.457200000,0.457200000
61.768970780,14.312270937,0.911232302,-3.141592806,0.000000000,0.457200000,0.457200000
61.793945080,14.287296638,0.911232306,-3.141592806,0.000000000,0.457200000,0.457200000
61.818919379,14.262322338,0.911232310,-3.141592806,0.000000000,0.457200000,0.457200000
61.843893679,14.237348038,0.911232314,-3.141592806,0.000000000,0.457200000,0.457200000
61.868867979,14.212373738,0.911232318,-3.141592806,0.000000000,0.457200000,0.457200000
61.893842279,14.187399438,0.911232321,-3.141592806,0.000000000,0.457200000,0.457200000
61.918816579,14.162425138,0.911232325,-3.141592806,0.000000000,0.457200000,0.457200000
61.943790879,14.137450838,0.911232329,-3.141592806,0.000000000,0.457200000,0.457200000
61.968765178,14.112476539,0.911232333,-3.141592806,0.000000000,0.457200000,0.457200000
61.993739478,14.087502239,0.911232337,-3.141592806,0.000000000,0.457200000,0.457200000
62.018713778,14.062527939,0.911232340,-3.141592806,0.000000000,0.457200000,0.457200000
62.043688078,14.037553639,0.911232344,-3.141592806,0.000000000,0.457200000,0.457200000
62.068662378,14.012579339,0.911232348,-3.141592806,0.000000000,0.457200000,0.457200000
62.093636678,13.987605039,0.911232352,-3.141592806,0.000000000,0.457200000,0.457200000
62.118610978,13.962630739,0.911232356,-3.141605115,-0.054680665,0.457200000,0.457200000
62.143513187,13.937728536,0.911249620,-3.142966785,-0.054680665,0.457200000,0.457200000
62.168415396,13.912826380,0.911300793,-3.144328454,-0.054680665,0.457200000,0.457200000
62.193317605,13.887924316,0.911385875,-3.145690123,-0.054680665,0.457200000,0.457200000
62.218219814,13.863022392,0.911504865,-3.147051793,-0.054680665,0.457200000,0.457200000
62.243122023,13.838120652,0.911657763,-3.148413462,-0.054680665,0.457200000,0.457200000
62.268024232,13.813219144,0.911844569,-3.149775132,-0.054680665,0.457200000,0.457200000
62.292926441,13.788317913,0.912065282,-3.151136801,-0.054680665,0.457200000,0.457200000
62.317828649,13.763417006,0.912319902,-3.152498471,-0.054680665,0.457200000,0.457200000
62.342730858,13.738516468,0.912608429,-3.153860140,-0.054680665,0.457200000,0.457200000
62.367633067,13.713616347,0.912930861,-3.155221810,-0.054680665,0.457200000,0.457200000
62.392535276,13.688716687,0.913287200,-3.156583479,-0.054680665,0.457200000,0.457200000
62.417437485,13.663817536,0.913677443,-3.157945149,-0.054680665,0.457200000,0.457200000
62.442339694,13.638918940,0.914101590,-3.159306818,-0.054680665,0.457200000,0.457200000
62.467241903,13.614020944,0.914559640,-3.160668487,-0.054680665,0.457200000,0.457200000
62.492144112,13.589123595,0.915051593,-3.162030157,-0.054680665,0.457200000,0.457200000
62.517046321,13.564226938,0.915577447,-3.163391826,-0.054680665,0.457200000,0.457200000
62.541948530,13.539331021,0.916137202,-3.164753496,-0.054680665,0.457200000,0.457200000
62.566850739,13.514435890,0.916730856,-3.166115165,-0.054680665,0.457200000,0.457200000
62.591752948,13.489541589,0.917358408,-3.167476835,-0.054680665,0.457200000,0.457200000
62.616655157,13.464648166,0.918019858,-3.168838504,-0.054680665,0.457200000,0.457200000
62.641557366,13.439755667,0.918715204,-3.170200174,-0.054680665,0.457200000,0.457200000
62.666459575,13.414864138,0.919444444,-3.171561843,-0.054680665,0.457200000,0.457200000
62.691361784,13.389973625,0.920207578,-3.172923512,-0.054680665,0.457200000,0.457200000
62.716263993,13.365084175,0.921004604,-3.174285182,-0.054680665,0.457200000,0.457200000
62.741166202,13.340195832,0.921835520,-3.175646851,-0.054680665,0.457200000,0.457200000
62.766068411,13.315308644,0.922700325,-3.177008521,-0.054680665,0.457200000,0.457200000
62.790970620,13.290422657,0.923599018,-3.178370190,-0.054680665,0.457200000,0.457200000
62.815872829,13.265537916,0.924531596,-3.179731860,-0.054680665,0.457200000,0.457200000
62.840775038,13.240654469,0.925498058,-3.181093529,-0.054680665,0.457200000,0.457200000
62.865677247,13.215772360,0.926498402,-3.182455199,-0.054680665,0.457200000,0.457200000
62.890579456,13.190891637,0.927532626,-3.183816868,-0.054680665,0.457200000,0.457200000
62.915481665,13.166012345,0.928600729,-3.185178538,-0.054680665,0.457200000,0.457200000
62.940383874,13.141134530,0.929702708,-3.186540207,-0.054680665,0.457200000,0.457200000
62.965286083,13.116258239,0.930838561,-3.187901876,-0.054680665,0.457200000,0.457200000
62.990188292,13.091383518,0.932008287,-3.189263546,-0.054680665,0.457200000,0.457200000
63.015090501,13.066510413,0.933211883,-3.190625215,-0.054680665,0.457200000,0.457200000
63.039992710,13.041638970,0.934449346,-3.191986885,-0.054680665,0.457200000,0.457200000
63.064894919,13.016769234,0.935720675,-3.193348554,-0.054680665,0.457200000,0.457200000
63.089797128,12.991901253,0.937025868,-3.194710224,-0.054680665,0.457200000,0.457200000
63.114699337,12.967035072,0.938364920,-3.196071893,-0.054680665,0.457200000,0.457200000
63.139601546,12.942170738,0.939737832,-3.197433563,-0.054680665,0.457200000,0.457200000
63.164503755,12.917308296,0.941144599,-3.198795232,-0.054680665,0.457200000,0.457200000
63.189405964,12.892447792,0.942585219,-3.200156901,-0.054680665,0.457200000,0.457200000
63.214308173,12.867589274,0.944059689,-3.201518571,-0.054680665,0.457200000,0.457200000
63.239210382,12.842732786,0.945568008,-3.202880240,-0.054680665,0.457200000,0.457200000
63.264112591,12.817878375,0.947110171,-3.204241910,-0.054680665,0.457200000,0.457200000
63.289014800,12.793026087,0.948686176,-3.205603579,-0.054680665,0.457200000,0.457200000
63.313917009,12.768175968,0.950296020,-3.206965249,-0.054680665,0.457200000,0.457200000
63.338819218,12.743328064,0.951939701,-3.208326918,-0.054680665,0.457200000,0.457200000
63.363721427,12.718482421,0.953617214,-3.209688588,-0.054680665,0.457200000,0.457200000
63.388623636,12.693639086,0.955328558,-3.211050257,-0.054680665,0.457200000,0.457200000
63.413525845,12.668798104,0.957073728,-3.212411927,-0.054680665,0.457200000,0.457200000
63.438428054,12.643959521,0.958852722,-3.213773596,-0.054680665,0.457200000,0.457200000
63.463330263,12.619123384,0.960665536,-3.215135265,-0.054680665,0.457200000,0.457200000
63.488232472,12.594289738,0.962512167,-3.216496935,-0.054680665,0.457200000,0.457200000
63.513134681,12.569458630,0.964392612,-3.217858604,-0.054680665,0.457200000,0.457200000
63.538036890,12.544630105,0.966306867,-3.219220274,-0.054680665,0.457200000,0.457200000
63.562939099,12.519804210,0.968254928,-3.220581943,-0.054680665,0.457200000,0.457200000
63.587841308,12.494980990,0.970236792,-3.221943613,-0.054680665,0.457200000,0.457200000
63.612743517,12.470160492,0.972252455,-3.223305282,-0.054680665,0.457200000,0.457200000
63.637645726,12.445342762,0.974301913,-3.224666952,-0.054680665,0.457200000,0.457200000
63.662547935,12.420527846,0.976385164,-3.226028621,-0.054680665,0.457200000,0.457200000
63.687450144,12.395715789,0.978502201,-3.227390291,-0.054680665,0.457200000,0.457200000
63.712352353,12.370906638,0.980653023,-3.228751960,-0.054680665,0.457200000,0.457200000
63.737254562,12.346100438,0.982837625,-3.230113629,-0.054680665,0.457200000,0.457200000
63.762156771,12.321297237,0.985056002,-3.231475299,-0.054680665,0.457200000,0.457200000
63.787058980,12.296497079,0.987308152,-3.232836968,-0.054680665,0.457200000,0.457200000
63.811961189,12.271700010,0.989594068,-3.234198638,-0.054680665,0.457200000,0.457200000
63.836863398,12.246906078,0.991913748,-3.235560307,-0.054680665,0.457200000,0.457200000
63.861765607,12.222115327,0.994267187,-3.236921977,-0.054680665,0.457200000,0.457200000
63.886667816,12.197327803,0.996654381,-3.238283646,-0.054680665,0.457200000,0.457200000
63.911570025,12.172543553,0.999075324,-3.239645316,-0.054680665,0.457200000,0.457200000
63.936472234,12.147762623,1.001530014,-3.241006985,-0.054680665,0.457200000,0.457200000
63.961374443,12.122985058,1.004018445,-3.242368654,-0.054680665,0.457200000,0.457200000
63.986276652,12.098210904,1.006540612,-3.243730324,-0.054680665,0.457200000,0.457200000
64.011178861,12.073440208,1.009096511,-3.245091993,-0.054680665,0.457200000,0.457200000
64.036081070,12.048673015,1.011686137,-3.246453663,-0.054680665,0.457200000,0.457200000
64.060983279,12.023909371,1.014309485,-3.247815332,-0.054680665,0.457200000,0.457200000
64.085885488,11.999149322,1.016966551,-3.249177002,-0.054680665,0.457200000,0.457200000
64.110787697,11.974392915,1.019657330,-3.250538671,-0.054680665,0.457200000,0.457200000
64.135689906,11.949640194,1.022381816,-3.251900341,-0.054680665,0.457200000,0.457200000
64.160592115,11.924891206,1.025140004,-3.253262010,-0.054680665,0.457200000,0.457200000
64.185494324,11.900145996,1.027931890,-3.254623680,-0.054680665,0.457200000,0.457200000
64.210396533,11.875404612,1.030757468,-3.255985349,-0.054680665,0.457200000,0.457200000
64.235298742,11.850667097,1.033616733,-3.257347018,-0.054680665,0.457200000,0.457200000
64.260200951,11.825933499,1.036509679,-3.258708688,-0.054680665,0.457200000,0.457200000
64.285103160,11.801203863,1.039436302,-3.260070357,-0.054680665,0.457200000,0.457200000
64.310005369,11.776478235,1.042396596,-3.261432027,-0.054680665,0.457200000,0.457200000
64.334907578,11.751756661,1.045390555,-3.262793696,-0.054680665,0.457200000,0.457200000
64.359809787,11.727039187,1.048418174,-3.264155366,-0.054680665,0.457200000,0.457200000
64.384711996,11.702325858,1.051479447,-3.265517035,-0.054680665,0.457200000,0.457200000
64.409614205,11.677616721,1.054574369,-3.266878705,-0.054680665,0.457200000,0.457200000
64.434516414,11.652911821,1.057702934,-3.268240374,-0.054680665,0.457200000,0.457200000
64.459418623,11.628211203,1.060865135,-3.269602043,-0.054680665,0.457200000,0.457200000
64.484320832,11.603514915,1.064060968,-3.270963713,-0.054680665,0.457200000,0.457200000
64.509223041,11.578823001,1.067290426,-3.272325382,-0.054680665,0.457200000,0.457200000
64.534125250,11.554135507,1.070553503,-3.273687052,-0.054680665,0.457200000,0.457200000
64.559027459,11.529452480,1.073850193,-3.275048721,-0.054680665,0.457200000,0.457200000
64.583929668,11.504773964,1.077180491,-3.276410391,-0.054680665,0.457200000,0.457200000
64.608831877,11.480100006,1.080544389,-3.277772060,-0.054680665,0.457200000,0.457200000
64.633734086,11.455430652,1.083941882,-3.279133730,-0.054680665,0.457200000,0.457200000
64.658636295,11.430765946,1.087372963,-3.280495399,-0.054680665,0.457200000,0.457200000
64.683538504,11.406105936,1.090837626,-3.281857069,-0.054680665,0.457200000,0.457200000
64.708440713,11.381450666,1.094335865,-3.283218738,-0.054680665,0.457200000,0.457200000
64.733342922,11.356800182,1.097867673,-3.284580407,-0.054680665,0.457200000,0.457200000
64.758245131,11.332154530,1.101433043,-3.285942077,-0.054680665,0.457200000,0.457200000
64.783147340,11.307513756,1.105031969,-3.287303746,-0.054680665,0.457200000,0.457200000
64.808049548,11.282877906,1.108664445,-3.288665416,-0.054680665,0.457200000,0.457200000
64.832951757,11.258247024,1.112330463,-3.290027085,-0.054680665,0.457200000,0.457200000
64.857853966,11.233621157,1.116030016,-3.291388755,-0.054680665,0.457200000,0.457200000
64.882756175,11.209000351,1.119763099,-3.292750424,-0.054680665,0.457200000,0.457200000
64.907658384,11.184384651,1.123529704,-3.294112094,-0.054680665,0.457200000,0.457200000
64.932560593,11.159774102,1.127329823,-3.295473763,-0.054680665,0.457200000,0.457200000
64.957462802,11.135168751,1.131163450,-3.296835432,-0.054680665,0.457200000,0.457200000
64.982365011,11.110568642,1.135030578,-3.298197102,-0.054680665,0.457200000,0.457200000
65.007267220,11.085973823,1.138931200,-3.299558771,-0.054680665,0.457200000,0.457200000
65.032169429,11.061384337,1.142865308,-3.300920441,-0.054680665,0.457200000,0.457200000
65.057071638,11.036800231,1.146832896,-3.302282110,-0.054680665,0.457200000,0.457200000
65.081973847,11.012221550,1.150833955,-3.303643780,-0.054680665,0.457200000,0.457200000
65.106876056,10.987648341,1.154868478,-3.305005449,-0.054680665,0.457200000,0.457200000
65.131778265,10.963080647,1.158936458,-3.306367119,-0.054680665,0.457200000,0.457200000
65.156680474,10.938518516,1.163037887,-3.307728788,-0.054680665,0.457200000,0.457200000
65.181582683,10.913961993,1.167172759,-3.309090458,-0.054680665,0.457200000,0.457200000
65.206484892,10.889411122,1.171341064,-3.310452127,-0.054680665,0.457200000,0.457200000
65.231387101,10.864865950,1.175542795,-3.311813796,-0.054680665,0.457200000,0.457200000
65.256289310,10.840326522,1.179777945,-3.313175466,-0.054680665,0.457200000,0.457200000
65.281191519,10.815792884,1.184046506,-3.314537135,-0.054680665,0.457200000,0.457200000
65.306093728,10.791265081,1.188348469,-3.315898805,-0.054680665,0.457200000,0.457200000
65.330995937,10.766743159,1.192683827,-3.317260474,-0.054680665,0.457200000,0.457200000
65.355898146,10.742227162,1.197052572,-3.318622144,-0.054680665,0.457200000,0.457200000
65.380800355,10.717717137,1.201454695,-3.319983813,-0.054680665,0.457200000,0.457200000
65.405702564,10.693213129,1.205890189,-3.321345483,-0.054680665,0.457200000,0.457200000
65.430604773,10.668715184,1.210359045,-3.322707152,-0.054680665,0.457200000,0.457200000
65.455506982,10.644223346,1.214861256,-3.324068822,-0.054680665,0.457200000,0.457200000
65.480409191,10.619737661,1.219396811,-3.325430491,-0.054680665,0.457200000,0.457200000
65.505311400,10.595258175,1.223965704,-3.326792160,-0.054680665,0.457200000,0.457200000
65.530213609,10.570784934,1.228567926,-3.328153830,-0.054680665,0.457200000,0.457200000
65.555115818,10.546317981,1.233203468,-3.329515499,-0.054680665,0.457200000,0.457200000
65.580018027,10.521857363,1.237872321,-3.330877169,-0.054680665,0.457200000,0.457200000
65.604920236,10.497403126,1.242574477,-3.332238838,-0.054680665,0.457200000,0.457200000
65.629822445,10.472955314,1.247309928,-3.333600508,-0.054680665,0.457200000,0.457200000
65.654724654,10.448513972,1.252078664,-3.334962177,-0.054680665,0.457200000,0.457200000
65.679626863,10.424079147,1.256880676,-3.336323847,-0.054680665,0.457200000,0.457200000
65.704529072,10.399650883,1.261715957,-3.337685516,-0.054680665,0.457200000,0.457200000
65.729431281,10.375229226,1.266584496,-3.339047185,-0.054680665,0.457200000,0.457200000
65.754333490,10.350814220,1.271486284,-3.340408855,-0.054680665,0.457200000,0.457200000
65.779235699,10.326405912,1.276421314,-3.341770524,-0.054680665,0.457200000,0.457200000
65.804137908,10.302004347,1.281389575,-3.343132194,-0.054680665,0.457200000,0.457200000
65.829040117,10.277609569,1.286391058,-3.344493863,-0.054680665,0.457200000,0.457200000
65.853942326,10.253221625,1.291425754,-3.345855533,-0.054680665,0.457200000,0.457200000
65.878844535,10.228840558,1.296493653,-3.347217202,-0.054680665,0.457200000,0.457200000
65.903746744,10.204466415,1.301594747,-3.348578872,-0.065616798,0.457200000,0.457200000
65.928680978,10.180068609,1.306738976,-3.350214976,-0.065616798,0.457200000,0.457200000
65.953615211,10.155679253,1.311923116,-3.351851081,-0.065616798,0.457200000,0.457200000
65.978549445,10.131298411,1.317147153,-3.353487186,-0.065616798,0.457200000,0.457200000
66.003483679,10.106926149,1.322411072,-3.355123291,-0.065616798,0.457200000,0.457200000
66.028417912,10.082562532,1.327714859,-3.356759395,-0.065616798,0.457200000,0.457200000
66.053352146,10.058207625,1.333058501,-3.358395500,-0.065616798,0.457200000,0.457200000
66.078286380,10.033861493,1.338441983,-3.360031605,-0.065616798,0.457200000,0.457200000
66.103220613,10.009524202,1.343865290,-3.361667710,-0.065616798,0.457200000,0.457200000
66.128154847,9.985195816,1.349328408,-3.363303814,-0.065616798,0.457200000,0.457200000
66.153089081,9.960876401,1.354831323,-3.364939919,-0.065616798,0.457200000,0.457200000
66.178023314,9.936566022,1.360374020,-3.366576024,-0.065616798,0.457200000,0.457200000
66.202957548,9.912264744,1.365956484,-3.368212129,-0.065616798,0.457200000,0.457200000
66.227891782,9.887972633,1.371578699,-3.369848233,-0.065616798,0.457200000,0.457200000
66.252826015,9.863689752,1.377240651,-3.371484338,-0.065616798,0.457200000,0.457200000
66.277760249,9.839416167,1.382942326,-3.373120443,-0.065616798,0.457200000,0.457200000
66.302694483,9.815151943,1.388683706,-3.374756548,-0.065616798,0.457200000,0.457200000
66.327628716,9.790897145,1.394464778,-3.376392652,-0.065616798,0.457200000,0.457200000
66.352562950,9.766651838,1.400285525,-3.378028757,-0.065616798,0.457200000,0.457200000
66.377497183,9.742416087,1.406145933,-3.379664862,-0.065616798,0.457200000,0.457200000
66.402431417,9.718189957,1.412045984,-3.381300967,-0.065616798,0.457200000,0.457200000
66.427365651,9.693973512,1.417985665,-3.382937071,-0.065616798,0.457200000,0.457200000
66.452299884,9.669766817,1.423964958,-3.384573176,-0.065616798,0.457200000,0.457200000
66.477234118,9.645569938,1.429983848,-3.386209281,-0.065616798,0.457200000,0.457200000
66.502168352,9.621382938,1.436042318,-3.387845386,-0.065616798,0.457200000,0.457200000
66.527102585,9.597205883,1.442140352,-3.389481490,-0.065616798,0.457200000,0.457200000
66.552036819,9.573038838,1.448277935,-3.391117595,-0.065616798,0.457200000,0.457200000
66.576971053,9.548881866,1.454455049,-3.392753700,-0.065616798,0.457200000,0.457200000
66.601905286,9.524735034,1.460671678,-3.394389805,-0.065616798,0.457200000,0.457200000
66.626839520,9.500598404,1.466927806,-3.396025909,-0.065616798,0.457200000,0.457200000
66.651773754,9.476472043,1.473223415,-3.397662014,-0.065616798,0.457200000,0.457200000
66.676707987,9.452356014,1.479558489,-3.399298119,-0.065616798,0.457200000,0.457200000
66.701642221,9.428250383,1.485933011,-3.400934224,-0.065616798,0.457200000,0.457200000
66.726576455,9.404155213,1.492346964,-3.402570328,-0.065616798,0.457200000,0.457200000
66.751510688,9.380070569,1.498800331,-3.404206433,-0.065616798,0.457200000,0.457200000
66.776444922,9.355996516,1.505293093,-3.405842538,-0.065616798,0.457200000,0.457200000
66.801379156,9.331933117,1.511825235,-3.407478643,-0.065616798,0.457200000,0.457200000
66.826313389,9.307880439,1.518396738,-3.409114747,-0.065616798,0.457200000,0.457200000
66.851247623,9.283838544,1.525007585,-3.410750852,-0.065616798,0.457200000,0.457200000
66.876181857,9.259807497,1.531657758,-3.412386957,-0.065616798,0.457200000,0.457200000
66.901116090,9.235787363,1.538347240,-3.414023062,-0.065616798,0.457200000,0.457200000
66.926050324,9.211778206,1.545076012,-3.415659166,-0.065616798,0.457200000,0.457200000
66.950984557,9.187780089,1.551844057,-3.417295271,-0.065616798,0.457200000,0.457200000
66.975918791,9.163793079,1.558651356,-3.418931376,-0.065616798,0.457200000,0.457200000
67.000853025,9.139817237,1.565497891,-3.420567481,-0.065616798,0.457200000,0.457200000
67.025787258,9.115852630,1.572383644,-3.422203586,-0.065616798,0.457200000,0.457200000
67.050721492,9.091899320,1.579308596,-3.423839690,-0.065616798,0.457200000,0.457200000
67.075655726,9.067957373,1.586272729,-3.425475795,-0.065616798,0.457200000,0.457200000
67.100589959,9.044026851,1.593276025,-3.427111900,-0.065616798,0.457200000,0.457200000
67.125524193,9.020107820,1.600318463,-3.428748005,-0.065616798,0.457200000,0.457200000
67.150458427,8.996200342,1.607400027,-3.430384109,-0.065616798,0.457200000,0.457200000
67.175392660,8.972304483,1.614520696,-3.432020214,-0.065616798,0.457200000,0.457200000
67.200326894,8.948420306,1.621680451,-3.433656319,-0.065616798,0.457200000,0.457200000
67.225261128,8.924547875,1.628879274,-3.435292424,-0.065616798,0.457200000,0.457200000
67.250195361,8.900687254,1.636117145,-3.436928528,-0.065616798,0.457200000,0.457200000
67.275129595,8.876838507,1.643394045,-3.438564633,-0.065616798,0.457200000,0.457200000
67.300063829,8.853001698,1.650709954,-3.440200738,-0.065616798,0.457200000,0.457200000
67.324998062,8.829176890,1.658064853,-3.441836843,-0.065616798,0.457200000,0.457200000
67.349932296,8.805364148,1.665458722,-3.443472947,-0.065616798,0.457200000,0.457200000
67.374866530,8.781563534,1.672891541,-3.445109052,-0.065616798,0.457200000,0.457200000
67.399800763,8.757775113,1.680363291,-3.446745157,-0.065616798,0.457200000,0.457200000
67.424734997,8.733998949,1.687873951,-3.448381262,-0.065616798,0.457200000,0.457200000
67.449669231,8.710235104,1.695423501,-3.450017366,-0.065616798,0.457200000,0.457200000
67.474603464,8.686483643,1.703011921,-3.451653471,-0.065616798,0.457200000,0.457200000
67.499537698,8.662744630,1.710639191,-3.453289576,-0.065616798,0.457200000,0.457200000
67.524471932,8.639018127,1.718305290,-3.454925681,-0.065616798,0.457200000,0.457200000
67.549406165,8.615304199,1.726010197,-3.456561785,-0.065616798,0.457200000,0.457200000
67.574340399,8.591602908,1.733753893,-3.458197890,-0.065616798,0.457200000,0.457200000
67.599274632,8.567914319,1.741536357,-3.459833995,-0.065616798,0.457200000,0.457200000
67.624208866,8.544238494,1.749357567,-3.461470100,-0.065616798,0.457200000,0.457200000
67.649143100,8.520575497,1.757217502,-3.463106204,-0.065616798,0.457200000,0.457200000
67.674077333,8.496925391,1.765116143,-3.464742309,-0.065616798,0.457200000,0.457200000
67.699011567,8.473288240,1.773053466,-3.466378414,-0.065616798,0.457200000,0.457200000
67.723945801,8.449664108,1.781029452,-3.468014519,-0.065616798,0.457200000,0.457200000
67.748880034,8.426053056,1.789044079,-3.469650623,-0.065616798,0.457200000,0.457200000
67.773814268,8.402455148,1.797097325,-3.471286728,-0.065616798,0.457200000,0.457200000
67.798748502,8.378870448,1.805189169,-3.472922833,-0.065616798,0.457200000,0.457200000
67.823682735,8.355299019,1.813319589,-3.474558938,-0.065616798,0.457200000,0.457200000
67.848616969,8.331740924,1.821488564,-3.476195042,-0.065616798,0.457200000,0.457200000
67.873551203,8.308196225,1.829696071,-3.477831147,-0.065616798,0.457200000,0.457200000
67.898485436,8.284664986,1.837942089,-3.479467252,-0.065616798,0.457200000,0.457200000
67.923419670,8.261147270,1.846226595,-3.481103357,-0.065616798,0.457200000,0.457200000
67.948353904,8.237643140,1.854549568,-3.482739461,-0.065616798,0.457200000,0.457200000
67.973288137,8.214152659,1.862910984,-3.484375566,-0.065616798,0.457200000,0.457200000
67.998222371,8.190675889,1.871310823,-3.486011671,-0.065616798,0.457200000,0.457200000
68.023156605,8.167212894,1.879749060,-3.487647776,-0.065616798,0.457200000,0.457200000
68.048090838,8.143763735,1.888225675,-3.489283880,-0.065616798,0.457200000,0.457200000
68.073025072,8.120328477,1.896740643,-3.490919985,-0.065616798,0.457200000,0.457200000
68.097959306,8.096907182,1.905293942,-3.492556090,-0.065616798,0.457200000,0.457200000
68.122893539,8.073499912,1.913885549,-3.494192195,-0.065616798,0.457200000,0.457200000
68.147827773,8.050106730,1.922515442,-3.495828299,-0.065616798,0.457200000,0.457200000
68.172762006,8.026727699,1.931183597,-3.497464404,-0.065616798,0.457200000,0.457200000
68.197696240,8.003362881,1.939889991,-3.499100509,-0.065616798,0.457200000,0.457200000
68.222630474,7.980012339,1.948634600,-3.500736614,-0.065616798,0.457200000,0.457200000
68.247564707,7.956676135,1.957417401,-3.502372718,-0.065616798,0.457200000,0.457200000
68.272498941,7.933354332,1.966238372,-3.504008823,-0.065616798,0.457200000,0.457200000
68.297433175,7.910046992,1.975097487,-3.505644928,-0.065616798,0.457200000,0.457200000
68.322367408,7.886754178,1.983994724,-3.507281033,-0.065616798,0.457200000,0.457200000
68.347301642,7.863475952,1.992930058,-3.508917137,-0.065616798,0.457200000,0.457200000
68.372235876,7.840212376,2.001903466,-3.510553242,-0.065616798,0.457200000,0.457200000
68.397170109,7.816963513,2.010914924,-3.512189347,-0.065616798,0.457200000,0.457200000
68.422104343,7.793729425,2.019964407,-3.513825452,-0.065616798,0.457200000,0.457200000
68.447038577,7.770510173,2.029051891,-3.515461556,-0.065616798,0.457200000,0.457200000
68.471972810,7.747305821,2.038177352,-3.517097661,-0.065616798,0.457200000,0.457200000
68.496907044,7.724116430,2.047340766,-3.518733766,-0.065616798,0.457200000,0.457200000
68.521841278,7.700942062,2.056542108,-3.520369871,-0.065616798,0.457200000,0.457200000
68.546775511,7.677782780,2.065781353,-3.522005975,-0.065616798,0.457200000,0.457200000
68.571709745,7.654638645,2.075058477,-3.523642080,-0.065616798,0.457200000,0.457200000
68.596643979,7.631509719,2.084373454,-3.525278185,-0.065616798,0.457200000,0.457200000
68.621578212,7.608396065,2.093726261,-3.526914290,-0.065616798,0.457200000,0.457200000
68.646512446,7.585297744,2.103116871,-3.528550394,-0.065616798,0.457200000,0.457200000
68.671446680,7.562214817,2.112545260,-3.530186499,-0.065616798,0.457200000,0.457200000
68.696380913,7.539147348,2.122011402,-3.531822604,-0.065616798,0.457200000,0.457200000
68.721315147,7.516095396,2.131515273,-3.533458709,-0.065616798,0.457200000,0.457200000
68.746249381,7.493059025,2.141056846,-3.535094813,-0.065616798,0.457200000,0.457200000
68.771183614,7.470038296,2.150636096,-3.536730918,-0.065616798,0.457200000,0.457200000
68.796117848,7.447033271,2.160252998,-3.538367023,-0.065616798,0.457200000,0.457200000
68.821052081,7.424044010,2.169907525,-3.540003128,-0.065616798,0.457200000,0.457200000
68.845986315,7.401070576,2.179599653,-3.541639232,-0.065616798,0.457200000,0.457200000
68.870920549,7.378113030,2.189329354,-3.543275337,-0.065616798,0.457200000,0.457200000
68.895854782,7.355171433,2.199096604,-3.544911442,-0.065616798,0.457200000,0.457200000
68.920789016,7.332245848,2.208901375,-3.546547547,-0.065616798,0.457200000,0.457200000
68.945723250,7.309336335,2.218743641,-3.548183651,-0.065616798,0.457200000,0.457200000
68.970657483,7.286442955,2.228623377,-3.549819756,-0.065616798,0.457200000,0.457200000
68.995591717,7.263565770,2.238540555,-3.551455861,-0.065616798,0.457200000,0.457200000
69.020525951,7.240704842,2.248495150,-3.553091966,-0.065616798,0.457200000,0.457200000
69.045460184,7.217860231,2.258487134,-3.554728070,-0.065616798,0.457200000,0.457200000
69.070394418,7.195031998,2.268516481,-3.556364175,-0.065616798,0.457200000,0.457200000
69.095328652,7.172220205,2.278583164,-3.558000280,-0.065616798,0.457200000,0.457200000
69.120262885,7.149424912,2.288687156,-3.559636385,-0.065616798,0.457200000,0.457200000
69.145197119,7.126646182,2.298828430,-3.561272489,-0.065616798,0.457200000,0.457200000
69.170131353,7.103884074,2.309006959,-3.562908594,-0.065616798,0.457200000,0.457200000
69.195065586,7.081138649,2.319222715,-3.564544699,-0.065616798,0.457200000,0.457200000
69.219999820,7.058409969,2.329475671,-3.566180804,-0.065616798,0.457200000,0.457200000
69.244934054,7.035698095,2.339765800,-3.567816909,-0.065616798,0.457200000,0.457200000
69.269868287,7.013003086,2.350093075,-3.569453013,-0.065616798,0.457200000,0.457200000
69.294802521,6.990325005,2.360457467,-3.571089118,-0.065616798,0.457200000,0.457200000
69.319736755,6.967663910,2.370858949,-3.572725223,-0.065616798,0.457200000,0.457200000
69.344670988,6.945019865,2.381297492,-3.574361328,-0.065616798,0.457200000,0.457200000
69.369605222,6.922392928,2.391773070,-3.575997432,-0.065616798,0.457200000,0.457200000
69.394539455,6.899783160,2.402285654,-3.577633537,-0.065616798,0.457200000,0.457200000
69.419473689,6.877190623,2.412835216,-3.579269642,-0.065616798,0.457200000,0.457200000
69.444407923,6.854615375,2.423421727,-3.580905747,-0.065616798,0.457200000,0.457200000
69.469342156,6.832057479,2.434045160,-3.582541851,-0.065616798,0.457200000,0.457200000
69.494276390,6.809516994,2.444705485,-3.584177956,-0.065616798,0.457200000,0.457200000
69.519210624,6.786993980,2.455402675,-3.585814061,-0.065616798,0.457200000,0.457200000
69.544144857,6.764488499,2.466136700,-3.587450166,-0.065616798,0.457200000,0.457200000
69.569079091,6.742000609,2.476907533,-3.589086270,-0.065616798,0.457200000,0.457200000
69.594013325,6.719530372,2.487715143,-3.590722375,-0.065616798,0.457200000,0.457200000
69.618947558,6.697077847,2.498559503,-3.592358480,-0.065616798,0.457200000,0.457200000
69.643881792,6.674643095,2.509440583,-3.593994585,-0.065616798,0.457200000,0.457200000
69.668816026,6.652226175,2.520358353,-3.595630689,-0.065616798,0.457200000,0.457200000
69.693750259,6.629827148,2.531312786,-3.597266794,-0.065616798,0.457200000,0.457200000
69.718684493,6.607446073,2.542303851,-3.598902899,-0.065616798,0.457200000,0.457200000
69.743618727,6.585083011,2.553331519,-3.600539004,-0.065616798,0.457200000,0.457200000
69.768552960,6.562738022,2.564395761,-3.602175108,-0.065616798,0.457200000,0.457200000
69.793487194,6.540411164,2.575496547,-3.603811213,-0.082020997,0.457200000,0.457200000
69.818486266,6.518046801,2.586667441,-3.605861662,-0.082020997,0.457200000,0.457200000
69.843485338,6.495705391,2.597884169,-3.607912111,-0.082020997,0.457200000,0.457200000
69.868484410,6.473387027,2.609146684,-3.609962561,-0.082020997,0.457200000,0.457200000
69.893483483,6.451091803,2.620454937,-3.612013010,-0.082020997,0.457200000,0.457200000
69.918482555,6.428819813,2.631808882,-3.614063459,-0.082020997,0.457200000,0.457200000
69.943481627,6.406571150,2.643208470,-3.616113908,-0.082020997,0.457200000,0.457200000
69.968480699,6.384345908,2.654653654,-3.618164357,-0.082020997,0.457200000,0.457200000
69.993479771,6.362144181,2.666144386,-3.620214807,-0.082020997,0.457200000,0.457200000
70.018478843,6.339966062,2.677680617,-3.622265256,-0.082020997,0.457200000,0.457200000
70.043477916,6.317811643,2.689262299,-3.624315705,-0.082020997,0.457200000,0.457200000
70.068476988,6.295681019,2.700889383,-3.626366154,-0.082020997,0.457200000,0.457200000
70.093476060,6.273574282,2.712561821,-3.628416603,-0.082020997,0.457200000,0.457200000
70.118475132,6.251491526,2.724279562,-3.630467053,-0.082020997,0.457200000,0.457200000
70.143474204,6.229432842,2.736042559,-3.632517502,-0.082020997,0.457200000,0.457200000
70.168473276,6.207398324,2.747850761,-3.634567951,-0.082020997,0.457200000,0.457200000
70.193472348,6.185388065,2.759704118,-3.636618400,-0.082020997,0.457200000,0.457200000
70.218471421,6.163402156,2.771602582,-3.638668849,-0.082020997,0.457200000,0.457200000
70.243470493,6.141440691,2.783546102,-3.640719299,-0.082020997,0.457200000,0.457200000
70.268469565,6.119503762,2.795534627,-3.642769748,-0.082020997,0.457200000,0.457200000
70.293468637,6.097591460,2.807568107,-3.644820197,-0.082020997,0.457200000,0.457200000
70.318467709,6.075703879,2.819646493,-3.646870646,-0.082020997,0.457200000,0.457200000
70.343466781,6.053841110,2.831769732,-3.648921095,-0.082020997,0.457200000,0.457200000
70.368465854,6.032003245,2.843937775,-3.650971544,-0.082020997,0.457200000,0.457200000
70.393464926,6.010190375,2.856150569,-3.653021994,-0.082020997,0.457200000,0.457200000
70.418463998,5.988402594,2.868408063,-3.655072443,-0.082020997,0.457200000,0.457200000
70.443463070,5.966639991,2.880710207,-3.657122892,-0.082020997,0.457200000,0.457200000
70.468462142,5.944902659,2.893056948,-3.659173341,-0.082020997,0.457200000,0.457200000
70.493461214,5.923190689,2.905448234,-3.661223790,-0.082020997,0.457200000,0.457200000
70.518460287,5.901504172,2.917884013,-3.663274240,-0.082020997,0.457200000,0.457200000
70.543459359,5.879843200,2.930364233,-3.665324689,-0.082020997,0.457200000,0.457200000
70.568458431,5.858207864,2.942888842,-3.667375138,-0.082020997,0.457200000,0.457200000
70.593457503,5.836598254,2.955457786,-3.669425587,-0.082020997,0.457200000,0.457200000
70.618456575,5.815014461,2.968071014,-3.671476036,-0.082020997,0.457200000,0.457200000
70.643455647,5.793456577,2.980728471,-3.673526486,-0.082020997,0.457200000,0.457200000
70.668454719,5.771924691,2.993430105,-3.675576935,-0.082020997,0.457200000,0.457200000
70.693453792,5.750418895,3.006175863,-3.677627384,-0.082020997,0.457200000,0.457200000
70.718452864,5.728939278,3.018965690,-3.679677833,-0.082020997,0.457200000,0.457200000
70.743451936,5.707485931,3.031799533,-3.681728282,-0.082020997,0.457200000,0.457200000
70.768451008,5.686058945,3.044677338,-3.683778732,-0.082020997,0.457200000,0.457200000
70.793450080,5.664658409,3.057599050,-3.685829181,-0.082020997,0.457200000,0.457200000
70.818449152,5.643284413,3.070564617,-3.687879630,-0.082020997,0.457200000,0.457200000
70.843448225,5.621937047,3.083573982,-3.689930079,-0.082020997,0.457200000,0.457200000
70.868447297,5.600616402,3.096627092,-3.691980528,-0.082020997,0.457200000,0.457200000
70.893446369,5.579322565,3.109723891,-3.694030977,-0.082020997,0.457200000,0.457200000
70.918445441,5.558055628,3.122864325,-3.696081427,-0.082020997,0.457200000,0.457200000
70.943444513,5.536815680,3.136048337,-3.698131876,-0.082020997,0.457200000,0.457200000
70.968443585,5.515602809,3.149275873,-3.700182325,-0.082020997,0.457200000,0.457200000
70.993442658,5.494417105,3.162546878,-3.702232774,-0.082020997,0.457200000,0.457200000
71.018441730,5.473258657,3.175861294,-3.704283223,-0.082020997,0.457200000,0.457200000
71.043440802,5.452127554,3.189219067,-3.706333673,-0.082020997,0.457200000,0.457200000
71.068439874,5.431023885,3.202620141,-3.708384122,-0.082020997,0.457200000,0.457200000
71.093438946,5.409947738,3.216064457,-3.710434571,-0.082020997,0.457200000,0.457200000
71.118438018,5.388899203,3.229551962,-3.712485020,-0.082020997,0.457200000,0.457200000
71.143437090,5.367878367,3.243082596,-3.714535469,-0.082020997,0.457200000,0.457200000
71.168436163,5.346885320,3.256656305,-3.716585919,-0.082020997,0.457200000,0.457200000
71.193435235,5.325920148,3.270273030,-3.718636368,-0.082020997,0.457200000,0.457200000
71.218434307,5.304982942,3.283932714,-3.720686817,-0.082020997,0.457200000,0.457200000
71.243433379,5.284073787,3.297635301,-3.722737266,-0.082020997,0.457200000,0.457200000
71.268432451,5.263192773,3.311380731,-3.724787715,-0.082020997,0.457200000,0.457200000
71.293431523,5.242339987,3.325168948,-3.726838165,-0.082020997,0.457200000,0.457200000
71.318430596,5.221515517,3.338999894,-3.728888614,-0.082020997,0.457200000,0.457200000
71.343429668,5.200719451,3.352873510,-3.730939063,-0.082020997,0.457200000,0.457200000
71.368428740,5.179951875,3.366789739,-3.732989512,-0.082020997,0.457200000,0.457200000
71.393427812,5.159212878,3.380748520,-3.735039961,-0.082020997,0.457200000,0.457200000
71.418426884,5.138502546,3.394749797,-3.737090410,-0.082020997,0.457200000,0.457200000
71.443425956,5.117820966,3.408793510,-3.739140860,-0.082020997,0.457200000,0.457200000
71.468425028,5.097168225,3.422879600,-3.741191309,-0.082020997,0.457200000,0.457200000
71.493424101,5.076544411,3.437008007,-3.743241758,-0.082020997,0.457200000,0.457200000
71.518423173,5.055949610,3.451178673,-3.745292207,-0.082020997,0.457200000,0.457200000
71.543422245,5.035383908,3.465391538,-3.747342656,-0.082020997,0.457200000,0.457200000
71.568421317,5.014847392,3.479646541,-3.749393106,-0.082020997,0.457200000,0.457200000
71.593420389,4.994340149,3.493943624,-3.751443555,-0.082020997,0.457200000,0.457200000
71.618419461,4.973862264,3.508282726,-3.753494004,-0.082020997,0.457200000,0.457200000
71.643418534,4.953413824,3.522663786,-3.755544453,-0.082020997,0.457200000,0.457200000
71.668417606,4.932994914,3.537086744,-3.757594902,-0.082020997,0.457200000,0.457200000
71.693416678,4.912605621,3.551551541,-3.759645352,-0.082020997,0.457200000,0.457200000
71.718415750,4.892246030,3.566058114,-3.761695801,-0.082020997,0.457200000,0.457200000
71.743414822,4.871916226,3.580606402,-3.763746250,-0.082020997,0.457200000,0.457200000
71.768413894,4.851616296,3.595196346,-3.765796699,-0.082020997,0.457200000,0.457200000
71.793412967,4.831346325,3.609827882,-3.767847148,-0.082020997,0.457200000,0.457200000
71.818412039,4.811106397,3.624500951,-3.769897598,-0.082020997,0.457200000,0.457200000
71.843411111,4.790896598,3.639215489,-3.771948047,-0.082020997,0.457200000,0.457200000
71.868410183,4.770717013,3.653971436,-3.773998496,-0.082020997,0.457200000,0.457200000
71.893409255,4.750567727,3.668768729,-3.776048945,-0.082020997,0.457200000,0.457200000
71.918408327,4.730448824,3.683607305,-3.778099394,-0.082020997,0.457200000,0.457200000
71.943407399,4.710360390,3.698487104,-3.780149844,-0.082020997,0.457200000,0.457200000
71.968406472,4.690302507,3.713408061,-3.782200293,-0.082020997,0.457200000,0.457200000
71.993405544,4.670275262,3.728370115,-3.784250742,-0.082020997,0.457200000,0.457200000
72.018404616,4.650278738,3.743373202,-3.786301191,-0.082020997,0.457200000,0.457200000
72.043403688,4.630313018,3.758417259,-3.788351640,-0.082020997,0.457200000,0.457200000
72.068402760,4.610378188,3.773502223,-3.790402089,-0.082020997,0.457200000,0.457200000
72.093401832,4.590474330,3.788628031,-3.792452539,-0.082020997,0.457200000,0.457200000
72.118400905,4.570601529,3.803794619,-3.794502988,-0.082020997,0.457200000,0.457200000
72.143399977,4.550759868,3.819001923,-3.796553437,-0.082020997,0.457200000,0.457200000
72.168399049,4.530949431,3.834249880,-3.798603886,-0.082020997,0.457200000,0.457200000
72.193398121,4.511170300,3.849538425,-3.800654335,-0.082020997,0.457200000,0.457200000
72.218397193,4.491422560,3.864867493,-3.802704785,-0.082020997,0.457200000,0.457200000
72.243396265,4.471706292,3.880237022,-3.804755234,-0.082020997,0.457200000,0.457200000
72.268395338,4.452021580,3.895646945,-3.806805683,-0.082020997,0.457200000,0.457200000
72.293394410,4.432368507,3.911097198,-3.808856132,-0.082020997,0.457200000,0.457200000
72.318393482,4.412747155,3.926587716,-3.810906581,-0.082020997,0.457200000,0.457200000
72.343392554,4.393157607,3.942118434,-3.812957031,-0.082020997,0.457200000,0.457200000
72.368391626,4.373599945,3.957689287,-3.815007480,-0.082020997,0.457200000,0.457200000
72.393390698,4.354074251,3.973300209,-3.817057929,-0.082020997,0.457200000,0.457200000
72.418389770,4.334580608,3.988951135,-3.819108378,-0.082020997,0.457200000,0.457200000
72.443388843,4.315119097,4.004641999,-3.821158827,-0.082020997,0.457200000,0.457200000
72.468387915,4.295689800,4.020372734,-3.823209277,-0.082020997,0.457200000,0.457200000
72.493386987,4.276292799,4.036143275,-3.825259726,-0.082020997,0.457200000,0.457200000
72.518386059,4.256928175,4.051953556,-3.827310175,-0.082020997,0.457200000,0.457200000
72.543385131,4.237596011,4.067803509,-3.829360624,-0.082020997,0.457200000,0.457200000
72.568384203,4.218296386,4.083693069,-3.831411073,-0.082020997,0.457200000,0.457200000
72.593383276,4.199029383,4.099622168,-3.833461522,-0.082020997,0.457200000,0.457200000
72.618382348,4.179795082,4.115590739,-3.835511972,-0.082020997,0.457200000,0.457200000
72.643381420,4.160593565,4.131598716,-3.837562421,-0.082020997,0.457200000,0.457200000
72.668380492,4.141424911,4.147646031,-3.839612870,-0.082020997,0.457200000,0.457200000
72.693379564,4.122289202,4.163732617,-3.841663319,-0.082020997,0.457200000,0.457200000
72.718378636,4.103186517,4.179858406,-3.843713768,-0.082020997,0.457200000,0.457200000
72.743377709,4.084116938,4.196023329,-3.845764218,-0.082020997,0.457200000,0.457200000
72.768376781,4.065080544,4.212227320,-3.847814667,-0.082020997,0.457200000,0.457200000
72.793375853,4.046077416,4.228470310,-3.849865116,-0.082020997,0.457200000,0.457200000
72.818374925,4.027107633,4.244752231,-3.851915565,-0.082020997,0.457200000,0.457200000
72.843373997,4.008171275,4.261073014,-3.853966014,-0.082020997,0.457200000,0.457200000
72.868373069,3.989268422,4.277432591,-3.856016464,-0.082020997,0.457200000,0.457200000
72.893372141,3.970399153,4.293830893,-3.858066913,-0.082020997,0.457200000,0.457200000
72.918371214,3.951563548,4.310267850,-3.860117362,-0.082020997,0.457200000,0.457200000
72.943370286,3.932761685,4.326743395,-3.862167811,-0.082020997,0.457200000,0.457200000
72.968369358,3.913993644,4.343257457,-3.864218260,-0.082020997,0.457200000,0.457200000
72.993368430,3.895259504,4.359809967,-3.866268710,-0.082020997,0.457200000,0.457200000
73.018367502,3.876559343,4.376400856,-3.868319159,-0.082020997,0.457200000,0.457200000
73.043366574,3.857893240,4.393030054,-3.870369608,-0.082020997,0.457200000,0.457200000
73.068365647,3.839261274,4.409697491,-3.872420057,-0.082020997,0.457200000,0.457200000
73.093364719,3.820663523,4.426403096,-3.874470506,-0.082020997,0.457200000,0.457200000
73.118363791,3.802100065,4.443146800,-3.876520955,-0.082020997,0.457200000,0.457200000
73.143362863,3.783570978,4.459928532,-3.878571405,-0.082020997,0.457200000,0.457200000
73.168361935,3.765076339,4.476748222,-3.880621854,-0.082020997,0.457200000,0.457200000
73.193361007,3.746616228,4.493605799,-3.882672303,-0.082020997,0.457200000,0.457200000
73.218360080,3.728190721,4.510501192,-3.884722752,-0.082020997,0.457200000,0.457200000
73.243359152,3.709799896,4.527434330,-3.886773201,-0.082020997,0.457200000,0.457200000
73.268358224,3.691443830,4.544405142,-3.888823651,-0.082020997,0.457200000,0.457200000
73.293357296,3.673122601,4.561413556,-3.890874100,-0.082020997,0.457200000,0.457200000
73.318356368,3.654836284,4.578459501,-3.892924549,-0.082020997,0.457200000,0.457200000
73.343355440,3.636584958,4.595542906,-3.894974998,-0.082020997,0.457200000,0.457200000
73.368354512,3.618368699,4.612663698,-3.897025447,-0.082020997,0.457200000,0.457200000
73.393353585,3.600187584,4.629821805,-3.899075897,-0.082020997,0.457200000,0.457200000
73.418352657,3.582041689,4.647017156,-3.901126346,-0.082020997,0.457200000,0.457200000
73.443351729,3.563931090,4.664249678,-3.903176795,-0.082020997,0.457200000,0.457200000
73.468350801,3.545855863,4.681519299,-3.905227244,-0.082020997,0.457200000,0.457200000
73.493349873,3.527816085,4.698825945,-3.907277693,-0.082020997,0.457200000,0.457200000
73.518348945,3.509811831,4.716169545,-3.909328143,-0.082020997,0.457200000,0.457200000
73.543348018,3.491843177,4.733550025,-3.911378592,-0.109361330,0.457200000,0.457200000
73.568326894,3.473930616,4.750959344,-3.914110316,-0.109361330,0.457200000,0.457200000
73.593305770,3.456065679,4.768417531,-3.916842040,-0.109361330,0.457200000,0.457200000
73.618284646,3.438248499,4.785924454,-3.919573764,-0.109361330,0.457200000,0.457200000
73.643263522,3.420479210,4.803479983,-3.922305488,-0.109361330,0.457200000,0.457200000
73.668242398,3.402757944,4.821083988,-3.925037212,-0.109361330,0.457200000,0.457200000
73.693221274,3.385084833,4.838736336,-3.927768935,-0.109361330,0.457200000,0.457200000
73.718200151,3.367460009,4.856436897,-3.930500659,-0.109361330,0.457200000,0.457200000
73.743179027,3.349883604,4.874185538,-3.933232383,-0.109361330,0.457200000,0.457200000
73.768157903,3.332355749,4.891982126,-3.935964107,-0.109361330,0.457200000,0.457200000
73.793136779,3.314876575,4.909826529,-3.938695831,-0.109361330,0.457200000,0.457200000
73.818115655,3.297446212,4.927718614,-3.941427555,-0.109361330,0.457200000,0.457200000
73.843094531,3.280064790,4.945658247,-3.944159279,-0.109361330,0.457200000,0.457200000
73.868073407,3.262732439,4.963645294,-3.946891003,-0.109361330,0.457200000,0.457200000
73.893052284,3.245449288,4.981679621,-3.949622727,-0.109361330,0.457200000,0.457200000
73.918031160,3.228215467,4.999761093,-3.952354451,-0.109361330,0.457200000,0.457200000
73.943010036,3.211031103,5.017889577,-3.955086175,-0.109361330,0.457200000,0.457200000
73.967988912,3.193896326,5.036064935,-3.957817899,-0.109361330,0.457200000,0.457200000
73.992967788,3.176811262,5.054287033,-3.960549623,-0.109361330,0.457200000,0.457200000
74.017946664,3.159776040,5.072555734,-3.963281347,-0.109361330,0.457200000,0.457200000
74.042925540,3.142790786,5.090870903,-3.966013071,-0.109361330,0.457200000,0.457200000
74.067904416,3.125855628,5.109232403,-3.968744795,-0.109361330,0.457200000,0.457200000
74.092883293,3.108970691,5.127640096,-3.971476519,-0.109361330,0.457200000,0.457200000
74.117862169,3.092136102,5.146093845,-3.974208243,-0.109361330,0.457200000,0.457200000
74.142841045,3.075351986,5.164593513,-3.976939967,-0.109361330,0.457200000,0.457200000
74.167819921,3.058618469,5.183138962,-3.979671691,-0.109361330,0.457200000,0.457200000
74.192798797,3.041935676,5.201730052,-3.982403415,-0.109361330,0.457200000,0.457200000
74.217777673,3.025303730,5.220366646,-3.985135139,-0.109361330,0.457200000,0.457200000
74.242756549,3.008722756,5.239048604,-3.987866863,-0.109361330,0.457200000,0.457200000
74.267735426,2.992192878,5.257775787,-3.990598587,-0.109361330,0.457200000,0.457200000
74.292714302,2.975714219,5.276548055,-3.993330311,-0.109361330,0.457200000,0.457200000
74.317693178,2.959286902,5.295365269,-3.996062035,-0.109361330,0.457200000,0.457200000
74.342672054,2.942911050,5.314227286,-3.998793758,-0.109361330,0.457200000,0.457200000
74.367650930,2.926586784,5.333133968,-4.001525482,-0.109361330,0.457200000,0.457200000
74.392629806,2.910314228,5.352085173,-4.004257206,-0.109361330,0.457200000,0.457200000
74.417608682,2.894093501,5.371080758,-4.006988930,-0.109361330,0.457200000,0.457200000
74.442587559,2.877924726,5.390120584,-4.009720654,-0.109361330,0.457200000,0.457200000
74.467566435,2.861808022,5.409204507,-4.012452378,-0.109361330,0.457200000,0.457200000
74.492545311,2.845743511,5.428332385,-4.015184102,-0.109361330,0.457200000,0.457200000
74.517524187,2.829731311,5.447504076,-4.017915826,-0.109361330,0.457200000,0.457200000
74.542503063,2.813771543,5.466719436,-4.020647550,-0.109361330,0.457200000,0.457200000
74.567481939,2.797864325,5.485978321,-4.023379274,-0.109361330,0.457200000,0.457200000
74.592460815,2.782009777,5.505280589,-4.026110998,-0.109361330,0.457200000,0.457200000
74.617439692,2.766208016,5.524626096,-4.028842722,-0.109361330,0.457200000,0.457200000
74.642418568,2.750459161,5.544014696,-4.031574446,-0.109361330,0.457200000,0.457200000
74.667397444,2.734763329,5.563446245,-4.034306170,-0.109361330,0.457200000,0.457200000
74.692376320,2.719120636,5.582920598,-4.037037894,-0.109361330,0.457200000,0.457200000
74.717355196,2.703531201,5.602437610,-4.039769618,-0.109361330,0.457200000,0.457200000
74.742334072,2.687995139,5.621997135,-4.042501342,-0.109361330,0.457200000,0.457200000
74.767312948,2.672512566,5.641599028,-4.045233066,-0.109361330,0.457200000,0.457200000
74.792291825,2.657083598,5.661243141,-4.047964790,-0.109361330,0.457200000,0.457200000
74.817270701,2.641708349,5.680929329,-4.050696514,-0.109361330,0.457200000,0.457200000
74.842249577,2.626386935,5.700657444,-4.053428238,-0.109361330,0.457200000,0.457200000
74.867228453,2.611119470,5.720427339,-4.056159962,-0.109361330,0.457200000,0.457200000
74.892207329,2.595906068,5.740238867,-4.058891686,-0.109361330,0.457200000,0.457200000
74.917186205,2.580746842,5.760091880,-4.061623410,-0.109361330,0.457200000,0.457200000
74.942165081,2.565641905,5.779986229,-4.064355134,-0.109361330,0.457200000,0.457200000
74.967143957,2.550591371,5.799921767,-4.067086858,-0.109361330,0.457200000,0.457200000
74.992122834,2.535595351,5.819898344,-4.069818582,-0.109361330,0.457200000,0.457200000
75.017101710,2.520653957,5.839915812,-4.072550305,-0.109361330,0.457200000,0.457200000
75.042080586,2.505767301,5.859974021,-4.075282029,-0.109361330,0.457200000,0.457200000
75.067059462,2.490935495,5.880072821,-4.078013753,-0.109361330,0.457200000,0.457200000
75.092038338,2.476158648,5.900212062,-4.080745477,-0.109361330,0.457200000,0.457200000
75.117017214,2.461436870,5.920391595,-4.083477201,-0.109361330,0.457200000,0.457200000
75.141996090,2.446770273,5.940611268,-4.086208925,-0.109361330,0.457200000,0.457200000
75.166974967,2.432158965,5.960870930,-4.088940649,-0.109361330,0.457200000,0.457200000
75.191953843,2.417603055,5.981170431,-4.091672373,-0.109361330,0.457200000,0.457200000
75.216932719,2.403102652,6.001509619,-4.094404097,-0.109361330,0.457200000,0.457200000
75.241911595,2.388657864,6.021888342,-4.097135821,-0.109361330,0.457200000,0.457200000
75.266890471,2.374268799,6.042306448,-4.099867545,-0.109361330,0.457200000,0.457200000
75.291869347,2.359935564,6.062763785,-4.102599269,-0.109361330,0.457200000,0.457200000
75.316848223,2.345658266,6.083260200,-4.105330993,-0.109361330,0.457200000,0.457200000
75.341827100,2.331437012,6.103795540,-4.108062717,-0.109361330,0.457200000,0.457200000
75.366805976,2.317271908,6.124369652,-4.110794441,-0.109361330,0.457200000,0.457200000
75.391784852,2.303163060,6.144982382,-4.113526165,-0.109361330,0.457200000,0.457200000
75.416763728,2.289110572,6.165633577,-4.116257889,-0.109361330,0.457200000,0.457200000
75.441742604,2.275114550,6.186323082,-4.118989613,-0.109361330,0.457200000,0.457200000
75.466721480,2.261175099,6.207050744,-4.121721337,-0.109361330,0.457200000,0.457200000
75.491700356,2.247292321,6.227816406,-4.124453061,-0.109361330,0.457200000,0.457200000
75.516679233,2.233466322,6.248619915,-4.127184785,-0.109361330,0.457200000,0.457200000
75.541658109,2.219697203,6.269461115,-4.129916509,-0.109361330,0.457200000,0.457200000
75.566636985,2.205985068,6.290339851,-4.132648233,-0.109361330,0.457200000,0.457200000
75.591615861,2.192330019,6.311255966,-4.135379957,-0.109361330,0.457200000,0.457200000
75.616594737,2.178732158,6.332209306,-4.138111681,-0.109361330,0.457200000,0.457200000
75.641573613,2.165191586,6.353199712,-4.140843405,-0.109361330,0.457200000,0.457200000
75.666552489,2.151708405,6.374227030,-4.143575128,-0.109361330,0.457200000,0.457200000
75.691531366,2.138282715,6.395291101,-4.146306852,-0.109361330,0.457200000,0.457200000
75.716510242,2.124914616,6.416391769,-4.149038576,-0.109361330,0.457200000,0.457200000
75.741489118,2.111604208,6.437528876,-4.151770300,-0.109361330,0.457200000,0.457200000
75.766467994,2.098351590,6.458702264,-4.154502024,-0.109361330,0.457200000,0.457200000
75.791446870,2.085156862,6.479911776,-4.157233748,-0.109361330,0.457200000,0.457200000
75.816425746,2.072020121,6.501157254,-4.159965472,-0.109361330,0.457200000,0.457200000
75.841404622,2.058941466,6.522438537,-4.162697196,-0.109361330,0.457200000,0.457200000
75.866383498,2.045920995,6.543755469,-4.165428920,-0.109361330,0.457200000,0.457200000
75.891362375,2.032958804,6.565107889,-4.168160644,-0.109361330,0.457200000,0.457200000
75.916341251,2.020054990,6.586495639,-4.170892368,-0.109361330,0.457200000,0.457200000
75.941320127,2.007209649,6.607918559,-4.173624092,-0.109361330,0.457200000,0.457200000
75.966299003,1.994422878,6.629376488,-4.176355816,-0.109361330,0.457200000,0.457200000
75.991277879,1.981694772,6.650869267,-4.179087540,-0.109361330,0.457200000,0.457200000
76.016256755,1.969025425,6.672396736,-4.181819264,-0.109361330,0.457200000,0.457200000
76.041235631,1.956414933,6.693958734,-4.184550988,-0.109361330,0.457200000,0.457200000
76.066214508,1.943863389,6.715555099,-4.187282712,-0.109361330,0.457200000,0.457200000
76.091193384,1.931370888,6.737185671,-4.190014436,-0.109361330,0.457200000,0.457200000
76.116172260,1.918937521,6.758850289,-4.192746160,-0.109361330,0.457200000,0.457200000
76.141151136,1.906563383,6.780548790,-4.195477884,-0.109361330,0.457200000,0.457200000
76.166130012,1.894248565,6.802281013,-4.198209608,-0.109361330,0.457200000,0.457200000
76.191108888,1.881993159,6.824046795,-4.200941332,-0.109361330,0.457200000,0.457200000
76.216087764,1.869797257,6.845845975,-4.203673056,-0.109361330,0.457200000,0.457200000
76.241066641,1.857660950,6.867678389,-4.206404780,-0.109361330,0.457200000,0.457200000
76.266045517,1.845584328,6.889543874,-4.209136504,-0.109361330,0.457200000,0.457200000
76.291024393,1.833567482,6.911442268,-4.211868228,-0.109361330,0.457200000,0.457200000
76.316003269,1.821610501,6.933373407,-4.214599951,-0.109361330,0.457200000,0.457200000
76.340982145,1.809713474,6.955337128,-4.217331675,-0.109361330,0.457200000,0.457200000
76.365961021,1.797876490,6.977333265,-4.220063399,-0.109361330,0.457200000,0.457200000
76.390939897,1.786099638,6.999361656,-4.222795123,-0.109361330,0.457200000,0.457200000
76.415918774,1.774383005,7.021422136,-4.225526847,-0.109361330,0.457200000,0.457200000
76.440897650,1.762726679,7.043514540,-4.228258571,-0.109361330,0.457200000,0.457200000
76.465876526,1.751130746,7.065638703,-4.230990295,-0.109361330,0.457200000,0.457200000
76.490855402,1.739595294,7.087794461,-4.233722019,-0.109361330,0.457200000,0.457200000
76.515834278,1.728120409,7.109981648,-4.236453743,-0.109361330,0.457200000,0.457200000
76.540813154,1.716706175,7.132200098,-4.239185467,-0.109361330,0.457200000,0.457200000
76.565792030,1.705352679,7.154449645,-4.241917191,-0.109361330,0.457200000,0.457200000
76.590770907,1.694060004,7.176730124,-4.244648915,-0.109361330,0.457200000,0.457200000
76.615749783,1.682828236,7.199041369,-4.247380639,-0.109361330,0.457200000,0.457200000
76.640728659,1.671657457,7.221383212,-4.250112363,-0.109361330,0.457200000,0.457200000
76.665707535,1.660547752,7.243755488,-4.252844087,-0.109361330,0.457200000,0.457200000
76.690686411,1.649499203,7.266158028,-4.255575811,-0.109361330,0.457200000,0.457200000
76.715665287,1.638511893,7.288590667,-4.258307535,-0.109361330,0.457200000,0.457200000
76.740644163,1.627585904,7.311053236,-4.261039259,-0.109361330,0.457200000,0.457200000
76.765623040,1.616721317,7.333545568,-4.263770983,-0.109361330,0.457200000,0.457200000
76.790601916,1.605918213,7.356067495,-4.266502707,-0.109361330,0.457200000,0.457200000
76.815580792,1.595176673,7.378618849,-4.269234431,-0.109361330,0.457200000,0.457200000
76.840559668,1.584496777,7.401199462,-4.271966155,-0.109361330,0.457200000,0.457200000
76.865538544,1.573878605,7.423809165,-4.274697879,-0.109361330,0.457200000,0.457200000
76.890517420,1.563322236,7.446447790,-4.277429603,-0.109361330,0.457200000,0.457200000
76.915496296,1.552827749,7.469115167,-4.280161327,-0.109361330,0.457200000,0.457200000
76.940475172,1.542395221,7.491811127,-4.282893051,-0.109361330,0.457200000,0.457200000
76.965454049,1.532024732,7.514535502,-4.285624774,-0.109361330,0.457200000,0.457200000
76.990432925,1.521716358,7.537288121,-4.288356498,-0.109361330,0.457200000,0.457200000
77.015411801,1.511470176,7.560068815,-4.291088222,-0.109361330,0.457200000,0.457200000
77.040390677,1.501286264,7.582877414,-4.293819946,-0.109361330,0.457200000,0.457200000
77.065369553,1.491164695,7.605713747,-4.296551670,-0.109361330,0.457200000,0.457200000
77.090348429,1.481105547,7.628577644,-4.299283394,-0.109361330,0.457200000,0.457200000
77.115327305,1.471108895,7.651468935,-4.302015118,-0.109361330,0.457200000,0.457200000
77.140306182,1.461174812,7.674387448,-4.304746842,-0.164041995,0.457200000,0.457200000
77.165279788,1.451321115,7.697334903,-4.308843565,-0.164041995,0.457200000,0.457200000
77.190253394,1.441561510,7.720322532,-4.312940288,-0.164041995,0.457200000,0.457200000
77.215227000,1.431896161,7.743349952,-4.317037011,-0.164041995,0.457200000,0.457200000
77.240200607,1.422325229,7.766416774,-4.321133734,-0.164041995,0.457200000,0.457200000
77.265174213,1.412848876,7.789522611,-4.325230457,-0.164041995,0.457200000,0.457200000
77.290147819,1.403467260,7.812667077,-4.329327181,-0.164041995,0.457200000,0.457200000
77.315121426,1.394180539,7.835849783,-4.333423904,-0.164041995,0.457200000,0.457200000
77.340095032,1.384988869,7.859070339,-4.337520627,-0.164041995,0.457200000,0.457200000
77.365068638,1.375892405,7.882328355,-4.341617350,-0.164041995,0.457200000,0.457200000
77.390042245,1.366891297,7.905623442,-4.345714073,-0.164041995,0.457200000,0.457200000
77.415015851,1.357985699,7.928955209,-4.349810796,-0.164041995,0.457200000,0.457200000
77.439989457,1.349175759,7.952323263,-4.353907519,-0.164041995,0.457200000,0.457200000
77.464963063,1.340461625,7.975727213,-4.358004242,-0.164041995,0.457200000,0.457200000
77.489936670,1.331843443,7.999166666,-4.362100965,-0.164041995,0.457200000,0.457200000
77.514910276,1.323321358,8.022641229,-4.366197688,-0.164041995,0.457200000,0.457200000
77.539883882,1.314895513,8.046150507,-4.370294411,-0.164041995,0.457200000,0.457200000
77.564857489,1.306566050,8.069694106,-4.374391134,-0.164041995,0.457200000,0.457200000
77.589831095,1.298333108,8.093271630,-4.378487857,-0.164041995,0.457200000,0.457200000
77.614804701,1.290196826,8.116882685,-4.382584580,-0.164041995,0.457200000,0.457200000
77.639778308,1.282157339,8.140526874,-4.386681303,-0.164041995,0.457200000,0.457200000
77.664751914,1.274214783,8.164203800,-4.390778026,-0.164041995,0.457200000,0.457200000
77.689725520,1.266369292,8.187913066,-4.394874749,-0.164041995,0.457200000,0.457200000
77.714699126,1.258620996,8.211654273,-4.398971473,-0.164041995,0.457200000,0.457200000
77.739672733,1.250970026,8.235427024,-4.403068196,-0.164041995,0.457200000,0.457200000
77.764646339,1.243416511,8.259230919,-4.407164919,-0.164041995,0.457200000,0.457200000
77.789619945,1.235960576,8.283065558,-4.411261642,-0.164041995,0.457200000,0.457200000
77.814593552,1.228602348,8.306930543,-4.415358365,-0.164041995,0.457200000,0.457200000
77.839567158,1.221341949,8.330825472,-4.419455088,-0.164041995,0.457200000,0.457200000
77.864540764,1.214179502,8.354749944,-4.423551811,-0.164041995,0.457200000,0.457200000
77.889514370,1.207115127,8.378703558,-4.427648534,-0.164041995,0.457200000,0.457200000
77.914487977,1.200148942,8.402685911,-4.431745257,-0.164041995,0.457200000,0.457200000
77.939461583,1.193281065,8.426696602,-4.435841980,-0.164041995,0.457200000,0.457200000
77.964435189,1.186511610,8.450735227,-4.439938703,-0.164041995,0.457200000,0.457200000
77.989408796,1.179840691,8.474801383,-4.444035426,-0.164041995,0.457200000,0.457200000
78.014382402,1.173268420,8.498894665,-4.448132149,-0.164041995,0.457200000,0.457200000
78.039356008,1.166794907,8.523014670,-4.452228872,-0.164041995,0.457200000,0.457200000
78.064329615,1.160420262,8.547160993,-4.456325595,-0.164041995,0.457200000,0.457200000
78.089303221,1.154144590,8.571333228,-4.460422318,-0.164041995,0.457200000,0.457200000
78.114276827,1.147967998,8.595530970,-4.464519041,-0.164041995,0.457200000,0.457200000
78.139250433,1.141890589,8.619753813,-4.468615765,-0.164041995,0.457200000,0.457200000
78.164224040,1.135912465,8.644001350,-4.472712488,-0.164041995,0.457200000,0.457200000
78.189197646,1.130033726,8.668273174,-4.476809211,-0.164041995,0.457200000,0.457200000
78.214171252,1.124254471,8.692568878,-4.480905934,-0.164041995,0.457200000,0.457200000
78.239144859,1.118574797,8.716888054,-4.485002657,-0.164041995,0.457200000,0.457200000
78.264118465,1.112994800,8.741230294,-4.489099380,-0.164041995,0.457200000,0.457200000
78.289092071,1.107514572,8.765595189,-4.493196103,-0.164041995,0.457200000,0.457200000
78.314065678,1.102134207,8.789982330,-4.497292826,-0.164041995,0.457200000,0.457200000
78.339039284,1.096853793,8.814391309,-4.501389549,-0.164041995,0.457200000,0.457200000
78.364012890,1.091673421,8.838821716,-4.505486272,-0.164041995,0.457200000,0.457200000
78.388986496,1.086593176,8.863273139,-4.509582995,-0.164041995,0.457200000,0.457200000
78.413960103,1.081613144,8.887745170,-4.513679718,-0.164041995,0.457200000,0.457200000
78.438933709,1.076733409,8.912237398,-4.517776441,-0.164041995,0.457200000,0.457200000
78.463907315,1.071954053,8.936749410,-4.521873164,-0.164041995,0.457200000,0.457200000
78.488880922,1.067275155,8.961280797,-4.525969887,-0.164041995,0.457200000,0.457200000
78.513854528,1.062696795,8.985831146,-4.530066610,-0.164041995,0.457200000,0.457200000
78.538828134,1.058219048,9.010400045,-4.534163333,-0.164041995,0.457200000,0.457200000
78.563801741,1.053841991,9.034987081,-4.538260057,-0.164041995,0.457200000,0.457200000
78.588775347,1.049565697,9.059591844,-4.542356780,-0.164041995,0.457200000,0.457200000
78.613748953,1.045390237,9.084213918,-4.546453503,-0.164041995,0.457200000,0.457200000
78.638722559,1.041315682,9.108852891,-4.550550226,-0.164041995,0.457200000,0.457200000
78.663696166,1.037342099,9.133508350,-4.554646949,-0.164041995,0.457200000,0.457200000
78.688669772,1.033469557,9.158179881,-4.558743672,-0.164041995,0.457200000,0.457200000
78.713643378,1.029698119,9.182867069,-4.562840395,-0.164041995,0.457200000,0.457200000
78.738616985,1.026027849,9.207569501,-4.566937118,-0.164041995,0.457200000,0.457200000
78.763590591,1.022458808,9.232286761,-4.571033841,-0.164041995,0.457200000,0.457200000
78.788564197,1.018991057,9.257018436,-4.575130564,-0.164041995,0.457200000,0.457200000
78.813537803,1.015624654,9.281764109,-4.579227287,-0.164041995,0.457200000,0.457200000
78.838511410,1.012359654,9.306523365,-4.583324010,-0.164041995,0.457200000,0.457200000
78.863485016,1.009196114,9.331295790,-4.587420733,-0.164041995,0.457200000,0.457200000
78.888458622,1.006134086,9.356080967,-4.591517456,-0.164041995,0.457200000,0.457200000
78.913432229,1.003173621,9.380878480,-4.595614179,-0.164041995,0.457200000,0.457200000
78.938405835,1.000314769,9.405687913,-4.599710902,-0.164041995,0.457200000,0.457200000
78.963379441,0.997557578,9.430508850,-4.603807625,-0.164041995,0.457200000,0.457200000
78.988353048,0.994902095,9.455340874,-4.607904348,-0.164041995,0.457200000,0.457200000
79.013326654,0.992348363,9.480183569,-4.612001072,-0.164041995,0.457200000,0.457200000
79.038300260,0.989896426,9.505036517,-4.616097795,-0.164041995,0.457200000,0.457200000
79.063273866,0.987546326,9.529899301,-4.620194518,-0.164041995,0.457200000,0.457200000
79.088247473,0.985298100,9.554771504,-4.624291241,-0.164041995,0.457200000,0.457200000
79.113221079,0.983151788,9.579652709,-4.628387964,-0.164041995,0.457200000,0.457200000
79.138194685,0.981107425,9.604542498,-4.632484687,-0.164041995,0.457200000,0.457200000
79.163168292,0.979165045,9.629440453,-4.636581410,-0.164041995,0.457200000,0.457200000
79.188141898,0.977324681,9.654346157,-4.640678133,-0.164041995,0.457200000,0.457200000
79.213115504,0.975586365,9.679259191,-4.644774856,-0.164041995,0.457200000,0.457200000
79.238089111,0.973950124,9.704179137,-4.648871579,-0.164041995,0.457200000,0.457200000
79.263062717,0.972415987,9.729105578,-4.652968302,-0.164041995,0.457200000,0.457200000
79.288036323,0.970983979,9.754038094,-4.657065025,-0.164041995,0.457200000,0.457200000
79.313009929,0.969654125,9.778976267,-4.661161748,-0.164041995,0.457200000,0.457200000
79.337983536,0.968426446,9.803919680,-4.665258471,-0.164041995,0.457200000,0.457200000
79.362957142,0.967300964,9.828867912,-4.669355194,-0.164041995,0.457200000,0.457200000
79.387930748,0.966277696,9.853820546,-4.673451917,-0.164041995,0.457200000,0.457200000
79.412904355,0.965356661,9.878777162,-4.677548640,-0.164041995,0.457200000,0.457200000
79.437877961,0.964537874,9.903737343,-4.681645364,-0.164041995,0.457200000,0.457200000
79.462851567,0.963821348,9.928700668,-4.685742087,-0.164041995,0.457200000,0.457200000
79.487825173,0.963207096,9.953666719,-4.689838810,-0.164041995,0.457200000,0.457200000
79.512798780,0.962695128,9.978635077,-4.693935533,-0.164041995,0.457200000,0.457200000
79.537772386,0.962285452,10.003605323,-4.698032256,-0.164041995,0.457200000,0.457200000
79.562745992,0.961978076,10.028577037,-4.702128979,-0.164041995,0.457200000,0.457200000
79.587719599,0.961773004,10.053549802,-4.706225702,-0.164041995,0.457200000,0.457200000
79.612693205,0.961670240,10.078523196,-4.710322425,-0.164041995,0.457200000,0.457200000
79.637666811,0.961669786,10.103496803,-4.714419148,-0.164041995,0.457200000,0.457200000
79.662640418,0.961771641,10.128470201,-4.718515871,-0.164041995,0.457200000,0.457200000
79.687614024,0.961975804,10.153442973,-4.722612594,-0.164041995,0.457200000,0.457200000
79.712587630,0.962282272,10.178414699,-4.726709317,-0.164041995,0.457200000,0.457200000
79.737561236,0.962691039,10.203384960,-4.730806040,-0.164041995,0.457200000,0.457200000
79.762534843,0.963202099,10.228353336,-4.734902763,-0.164041995,0.457200000,0.457200000
79.787508449,0.963815442,10.253319410,-4.738999486,-0.164041995,0.457200000,0.457200000
79.812482055,0.964531060,10.278282761,-4.743096209,-0.164041995,0.457200000,0.457200000
79.837455662,0.965348939,10.303242971,-4.747192932,-0.164041995,0.457200000,0.457200000
79.862429268,0.966269066,10.328199621,-4.751289656,-0.164041995,0.457200000,0.457200000
79.887402874,0.967291425,10.353152292,-4.755386379,-0.164041995,0.457200000,0.457200000
79.912376481,0.968416000,10.378100565,-4.759483102,-0.164041995,0.457200000,0.457200000
79.937350087,0.969642771,10.403044022,-4.763579825,-0.164041995,0.457200000,0.457200000
79.962323693,0.970971718,10.427982244,-4.767676548,-0.164041995,0.457200000,0.457200000
79.987297299,0.972402818,10.452914812,-4.771773271,-0.164041995,0.457200000,0.457200000
80.012270906,0.973936048,10.477841309,-4.775869994,-0.164041995,0.457200000,0.457200000
80.037244512,0.975571382,10.502761315,-4.779966717,-0.164041995,0.457200000,0.457200000
80.062218118,0.977308792,10.527674412,-4.784063440,-0.164041995,0.457200000,0.457200000
80.087191725,0.979148250,10.552580182,-4.788160163,-0.164041995,0.457200000,0.457200000
80.112165331,0.981089723,10.577478208,-4.792256886,-0.164041995,0.457200000,0.457200000
80.137138937,0.983133181,10.602368072,-4.796353609,-0.164041995,0.457200000,0.457200000
80.162112543,0.985278588,10.627249354,-4.800450332,-0.164041995,0.457200000,0.457200000
80.187086150,0.987525908,10.652121640,-4.804547055,-0.164041995,0.457200000,0.457200000
80.212059756,0.989875104,10.676984509,-4.808643778,-0.164041995,0.457200000,0.457200000
80.237033362,0.992326136,10.701837546,-4.812740501,-0.164041995,0.457200000,0.457200000
80.262006969,0.994878964,10.726680334,-4.816837224,-0.164041995,0.457200000,0.457200000
80.286980575,0.997533544,10.751512454,-4.820933948,-0.164041995,0.457200000,0.457200000
80.311954181,1.000289831,10.776333492,-4.825030671,-0.164041995,0.457200000,0.457200000
80.336927788,1.003147780,10.801143029,-4.829127394,-0.164041995,0.457200000,0.457200000
80.361901394,1.006107343,10.825940650,-4.833224117,-0.164041995,0.457200000,0.457200000
80.386875000,1.009168469,10.850725938,-4.837320840,-0.164041995,0.457200000,0.457200000
80.411848606,1.012331108,10.875498478,-4.841417563,-0.164041995,0.457200000,0.457200000
80.436822213,1.015595207,10.900257853,-4.845514286,-0.164041995,0.457200000,0.457200000
80.461795819,1.018960710,10.925003649,-4.849611009,-0.164041995,0.457200000,0.457200000
80.486769425,1.022427561,10.949735449,-4.853707732,-0.164041995,0.457200000,0.457200000
80.511743032,1.025995702,10.974452840,-4.857804455,-0.164041995,0.457200000,0.457200000
80.536716638,1.029665073,10.999155405,-4.861901178,-0.164041995,0.457200000,0.457200000
80.561690244,1.033435613,11.023842730,-4.865997901,-0.164041995,0.457200000,0.457200000
80.586663851,1.037307258,11.048514402,-4.870094624,-0.164041995,0.457200000,0.457200000
80.611637457,1.041279943,11.073170005,-4.874191347,-0.164041995,0.457200000,0.457200000
80.636611063,1.045353602,11.097809127,-4.878288070,-0.164041995,0.457200000,0.457200000
80.661584669,1.049528166,11.122431353,-4.882384793,-0.164041995,0.457200000,0.457200000
80.686558276,1.053803565,11.147036271,-4.886481516,-0.164041995,0.457200000,0.457200000
80.711531882,1.058179727,11.171623467,-4.890578239,-0.164041995,0.457200000,0.457200000
80.736505488,1.062656579,11.196192529,-4.894674963,-0.164041995,0.457200000,0.457200000
80.761479095,1.067234047,11.220743044,-4.898771686,-0.164041995,0.457200000,0.457200000
80.786452701,1.071912052,11.245274601,-4.902868409,-0.164041995,0.457200000,0.457200000
80.811426307,1.076690516,11.269786788,-4.906965132,-0.328083990,0.457200000,0.457200000
80.836135617,1.081566305,11.294010261,-4.915071883,-0.328083990,0.457200000,0.457200000
80.860844926,1.086638305,11.318193412,-4.923178634,-0.328083990,0.457200000,0.457200000
80.885554236,1.091906184,11.342334651,-4.931285385,-0.328083990,0.457200000,0.457200000
80.910263545,1.097369594,11.366432393,-4.939392136,-0.328083990,0.457200000,0.457200000
80.934972855,1.103028176,11.390485052,-4.947498887,-0.328083990,0.457200000,0.457200000
80.959682164,1.108881560,11.414491049,-4.955605638,-0.328083990,0.457200000,0.457200000
80.984391474,1.114929360,11.438448805,-4.963712389,-0.328083990,0.457200000,0.457200000
81.009100784,1.121171178,11.462356747,-4.971819140,-0.328083990,0.457200000,0.457200000
81.033810093,1.127606605,11.486213303,-4.979925891,-0.328083990,0.457200000,0.457200000
81.058519403,1.134235218,11.510016905,-4.988032642,-0.328083990,0.457200000,0.457200000
81.083228712,1.141056580,11.533765989,-4.996139393,-0.328083990,0.457200000,0.457200000
81.107938022,1.148070244,11.557458994,-5.004246144,-0.328083990,0.457200000,0.457200000
81.132647331,1.155275749,11.581094363,-5.012352895,-0.328083990,0.457200000,0.457200000
81.157356641,1.162672621,11.604670543,-5.020459646,-0.328083990,0.457200000,0.457200000
81.182065950,1.170260374,11.628185985,-5.028566398,-0.328083990,0.457200000,0.457200000
81.206775260,1.178038510,11.651639142,-5.036673149,-0.328083990,0.457200000,0.457200000
81.231484570,1.186006517,11.675028474,-5.044779900,-0.328083990,0.457200000,0.457200000
81.256193879,1.194163871,11.698352443,-5.052886651,-0.328083990,0.457200000,0.457200000
81.280903189,1.202510037,11.721609517,-5.060993402,-0.328083990,0.457200000,0.457200000
81.305612498,1.211044466,11.744798167,-5.069100153,-0.328083990,0.457200000,0.457200000
81.330321808,1.219766597,11.767916870,-5.077206904,-0.328083990,0.457200000,0.457200000
81.355031117,1.228675857,11.790964106,-5.085313655,-0.328083990,0.457200000,0.457200000
81.379740427,1.237771660,11.813938360,-5.093420406,-0.328083990,0.457200000,0.457200000
81.404449736,1.247053409,11.836838122,-5.101527157,-0.328083990,0.457200000,0.457200000
81.429159046,1.256520493,11.859661888,-5.109633908,-0.328083990,0.457200000,0.457200000
81.453868355,1.266172292,11.882408157,-5.117740659,-0.328083990,0.457200000,0.457200000
81.478577665,1.276008169,11.905075435,-5.125847410,-0.328083990,0.457200000,0.457200000
81.503286975,1.286027479,11.927662232,-5.133954161,-0.328083990,0.457200000,0.457200000
81.527996284,1.296229563,11.950167064,-5.142060912,-0.328083990,0.457200000,0.457200000
81.552705594,1.306613751,11.972588452,-5.150167663,-0.328083990,0.457200000,0.457200000
81.577414903,1.317179361,11.994924921,-5.158274414,-0.328083990,0.457200000,0.457200000
81.602124213,1.327925697,12.017175005,-5.166381165,-0.328083990,0.457200000,0.457200000
81.626833522,1.338852055,12.039337241,-5.174487916,-0.328083990,0.457200000,0.457200000
81.651542832,1.349957715,12.061410172,-5.182594668,-0.328083990,0.457200000,0.457200000
81.676252141,1.361241948,12.083392348,-5.190701419,-0.328083990,0.457200000,0.457200000
81.700961451,1.372704012,12.105282324,-5.198808170,-0.328083990,0.457200000,0.457200000
81.725670760,1.384343154,12.127078662,-5.206914921,-0.328083990,0.457200000,0.457200000
81.750380070,1.396158609,12.148779929,-5.215021672,-0.328083990,0.457200000,0.457200000
81.775089380,1.408149601,12.170384700,-5.223128423,-0.328083990,0.457200000,0.457200000
81.799798689,1.420315342,12.191891553,-5.231235174,-0.328083990,0.457200000,0.457200000
81.824507999,1.432655031,12.213299076,-5.239341925,-0.328083990,0.457200000,0.457200000
81.849217308,1.445167859,12.234605862,-5.247448676,-0.328083990,0.457200000,0.457200000
81.873926618,1.457853002,12.255810510,-5.255555427,-0.328083990,0.457200000,0.457200000
81.898635927,1.470709628,12.276911628,-5.263662178,-0.328083990,0.457200000,0.457200000
81.923345237,1.483736890,12.297907827,-5.271768929,-0.328083990,0.457200000,0.457200000
81.948054546,1.496933934,12.318797730,-5.279875680,-0.328083990,0.457200000,0.457200000
81.972763856,1.510299891,12.339579962,-5.287982431,-0.328083990,0.457200000,0.457200000
81.997473165,1.523833884,12.360253157,-5.296089182,-0.328083990,0.457200000,0.457200000
82.022182475,1.537535023,12.380815958,-5.304195933,-0.328083990,0.457200000,0.457200000
82.046891785,1.551402407,12.401267013,-5.312302684,-0.328083990,0.457200000,0.457200000
82.071601094,1.565435125,12.421604977,-5.320409435,-0.328083990,0.457200000,0.457200000
82.096310404,1.579632255,12.441828515,-5.328516186,-0.328083990,0.457200000,0.457200000
82.121019713,1.593992864,12.461936297,-5.336622938,-0.328083990,0.457200000,0.457200000
82.145729023,1.608516008,12.481927001,-5.344729689,-0.328083990,0.457200000,0.457200000
82.170438332,1.623200733,12.501799315,-5.352836440,-0.328083990,0.457200000,0.457200000
82.195147642,1.638046073,12.521551931,-5.360943191,-0.328083990,0.457200000,0.457200000
82.219856951,1.653051053,12.541183552,-5.369049942,-0.328083990,0.457200000,0.457200000
82.244566261,1.668214688,12.560692887,-5.377156693,-0.328083990,0.457200000,0.457200000
82.269275571,1.683535979,12.580078656,-5.385263444,-0.328083990,0.457200000,0.457200000
82.293984880,1.699013921,12.599339582,-5.393370195,-0.328083990,0.457200000,0.457200000
82.318694190,1.714647496,12.618474401,-5.401476946,-0.328083990,0.457200000,0.457200000
82.343403499,1.730435677,12.637481856,-5.409583697,-0.328083990,0.457200000,0.457200000
82.368112809,1.746377426,12.656360696,-5.417690448,-0.546806649,0.457200000,0.457200000
82.393017525,1.762650987,12.675213179,-5.431308618,-0.546806649,0.457200000,0.457200000
82.417922241,1.779179767,12.693842305,-5.444926787,-0.546806649,0.457200000,0.457200000
82.442826957,1.795960700,12.712244618,-5.458544957,-0.546806649,0.457200000,0.457200000
82.467731673,1.812990676,12.730416707,-5.472163126,-0.546806649,0.457200000,0.457200000
82.492636389,1.830266536,12.748355200,-5.485781296,-0.546806649,0.457200000,0.457200000
82.517541105,1.847785076,12.766056772,-5.499399466,-0.546806649,0.457200000,0.457200000
82.542445821,1.865543047,12.783518140,-5.513017635,-0.546806649,0.457200000,0.457200000
82.567350538,1.883537155,12.800736065,-5.526635805,-0.546806649,0.457200000,0.457200000
82.592255254,1.901764065,12.817707354,-5.540253974,-0.546806649,0.457200000,0.457200000
82.617159970,1.920220395,12.834428859,-5.553872144,-0.546806649,0.457200000,0.457200000
82.642064686,1.938902724,12.850897481,-5.567490314,-0.546806649,0.457200000,0.457200000
82.666969402,1.957807585,12.867110164,-5.581108483,-0.546806649,0.457200000,0.457200000
82.691874118,1.976931474,12.883063903,-5.594726653,-0.546806649,0.457200000,0.457200000
82.716778834,1.996270843,12.898755737,-5.608344822,-0.546806649,0.457200000,0.457200000
82.741683550,2.015822106,12.914182758,-5.621962992,-0.546806649,0.457200000,0.457200000
82.766588266,2.035581638,12.929342105,-5.635581162,-0.546806649,0.457200000,0.457200000
82.791492983,2.055545774,12.944230965,-5.649199331,-0.546806649,0.457200000,0.457200000
82.816397699,2.075710812,12.958846578,-5.662817501,-0.546806649,0.457200000,0.457200000
82.841302415,2.096073011,12.973186234,-5.676435670,-0.546806649,0.457200000,0.457200000
82.866207131,2.116628596,12.987247272,-5.690053840,-0.546806649,0.457200000,0.457200000
82.891111847,2.137373755,13.001027086,-5.703672010,-0.546806649,0.457200000,0.457200000
82.916016563,2.158304640,13.014523120,-5.717290179,-0.546806649,0.457200000,0.457200000
82.940921279,2.179417370,13.027732871,-5.730908349,-0.546806649,0.457200000,0.457200000
82.965825995,2.200708030,13.040653889,-5.744526518,-0.546806649,0.457200000,0.457200000
82.990730711,2.222172670,13.053283778,-5.758144688,-0.546806649,0.457200000,0.457200000
83.015635427,2.243807311,13.065620196,-5.771762857,-0.546806649,0.457200000,0.457200000
83.040540144,2.265607939,13.077660855,-5.785381027,-0.546806649,0.457200000,0.457200000
83.065444860,2.287570513,13.089403522,-5.798999197,-0.546806649,0.457200000,0.457200000
83.090349576,2.309690959,13.100846020,-5.812617366,-0.546806649,0.457200000,0.457200000
83.115254292,2.331965176,13.111986225,-5.826235536,-0.546806649,0.457200000,0.457200000
83.140159008,2.354389031,13.122822073,-5.839853705,-0.546806649,0.457200000,0.457200000
83.165063724,2.376958367,13.133351554,-5.853471875,-0.546806649,0.457200000,0.457200000
83.189968440,2.399668997,13.143572715,-5.867090045,-0.546806649,0.457200000,0.457200000
83.214873156,2.422516712,13.153483660,-5.880708214,-0.546806649,0.457200000,0.457200000
83.239777872,2.445497272,13.163082552,-5.894326384,-0.546806649,0.457200000,0.457200000
83.264682589,2.468606417,13.172367611,-5.907944553,-0.546806649,0.457200000,0.457200000
83.289587305,2.491839860,13.181337114,-5.921562723,-0.546806649,0.457200000,0.457200000
83.314492021,2.515193294,13.189989398,-5.935180893,-0.546806649,0.457200000,0.457200000
83.339396737,2.538662387,13.198322859,-5.948799062,-0.546806649,0.457200000,0.457200000
83.364301453,2.562242787,13.206335950,-5.962417232,-0.546806649,0.457200000,0.457200000
83.389206169,2.585930120,13.214027187,-5.976035401,-0.546806649,0.457200000,0.457200000
83.414110885,2.609719994,13.221395142,-5.989653571,-0.546806649,0.457200000,0.457200000
83.439015601,2.633607998,13.228438450,-6.003271741,-0.546806649,0.457200000,0.457200000
83.463920317,2.657589700,13.235155804,-6.016889910,-0.546806649,0.457200000,0.457200000
83.488825033,2.681660654,13.241545958,-6.030508080,-0.546806649,0.457200000,0.457200000
83.513729750,2.705816395,13.247607727,-6.044126249,-0.546806649,0.457200000,0.457200000
83.538634466,2.730052444,13.253339987,-6.057744419,-0.546806649,0.457200000,0.457200000
83.563539182,2.754364306,13.258741676,-6.071362589,-0.546806649,0.457200000,0.457200000
83.588443898,2.778747473,13.263811791,-6.084980758,-0.546806649,0.457200000,0.457200000
83.613348614,2.803197422,13.268549391,-6.098598928,-0.546806649,0.457200000,0.457200000
83.638253330,2.827709620,13.272953600,-6.112217097,-0.546806649,0.457200000,0.457200000
83.663158046,2.852279520,13.277023599,-6.125835267,-0.546806649,0.457200000,0.457200000
83.688062762,2.876902566,13.280758633,-6.139453436,-0.546806649,0.457200000,0.457200000
83.712967478,2.901574192,13.284158011,-6.153071606,-0.546806649,0.457200000,0.457200000
83.737872195,2.926289822,13.287221102,-6.166689776,-0.546806649,0.457200000,0.457200000
83.762776911,2.951044872,13.289947338,-6.180307945,-0.546806649,0.457200000,0.457200000
83.787681627,2.975834752,13.292336212,-6.193926115,-0.546806649,0.457200000,0.457200000
83.812586343,3.000654865,13.294387283,-6.207544284,-0.546806649,0.457200000,0.457200000
83.837491059,3.025500607,13.296100170,-6.221162454,-0.546806649,0.457200000,0.457200000
83.862395775,3.050367371,13.297474554,-6.234780624,-0.546806649,0.457200000,0.457200000
83.887300491,3.075250545,13.298510182,-6.248398793,-0.546806649,0.457200000,0.457200000
83.912205207,3.100145515,13.299206861,-6.262016963,-0.546806649,0.457200000,0.457200000
83.937109923,3.125047664,13.299564462,-6.275635132,-0.546806649,0.457200000,0.457200000
83.962014639,3.149952373,13.299582919,-6.289253302,-0.546806649,0.457200000,0.457200000
83.986919356,3.174855024,13.299262228,-6.302871472,-0.546806649,0.457200000,0.457200000
84.011824072,3.199751000,13.298602448,-6.316489641,-0.546806649,0.457200000,0.457200000
84.036728788,3.224635681,13.297603703,-6.330107811,-0.546806649,0.457200000,0.457200000
84.061633504,3.249504455,13.296266177,-6.343725980,-0.546806649,0.457200000,0.457200000
84.086538220,3.274352709,13.294590118,-6.357344150,-0.546806649,0.457200000,0.457200000
84.111442936,3.299175834,13.292575837,-6.370962320,-0.546806649,0.457200000,0.457200000
84.136347652,3.323969228,13.290223708,-6.384580489,-0.546806649,0.457200000,0.457200000
84.161252368,3.348728292,13.287534167,-6.398198659,-0.546806649,0.457200000,0.457200000
84.186157084,3.373448435,13.284507713,-6.411816828,-0.546806649,0.457200000,0.457200000
84.211061801,3.398125072,13.281144906,-6.425434998,-0.546806649,0.457200000,0.457200000
84.235966517,3.422753627,13.277446371,-6.439053168,-0.546806649,0.457200000,0.457200000
84.260871233,3.447329533,13.273412794,-6.452671337,-0.546806649,0.457200000,0.457200000
84.285775949,3.471848231,13.269044922,-6.466289507,-0.546806649,0.457200000,0.457200000
84.310680665,3.496305176,13.264343566,-6.479907676,-0.546806649,0.457200000,0.457200000
84.335585381,3.520695830,13.259309597,-6.493525846,-0.546806649,0.457200000,0.457200000
84.360490097,3.545015672,13.253943949,-6.507144016,-0.546806649,0.457200000,0.457200000
84.385394813,3.569260191,13.248247617,-6.520762185,-0.546806649,0.457200000,0.457200000
84.410299529,3.593424890,13.242221657,-6.534380355,-0.546806649,0.457200000,0.457200000
84.435204245,3.617505289,13.235867188,-6.547998524,-0.546806649,0.457200000,0.457200000
84.460108962,3.641496921,13.229185386,-6.561616694,-0.546806649,0.457200000,0.457200000
84.485013678,3.665395338,13.222177493,-6.575234863,-0.546806649,0.457200000,0.457200000
84.509918394,3.689196107,13.214844806,-6.588853033,-0.546806649,0.457200000,0.457200000
84.534823110,3.712894814,13.207188687,-6.602471203,-0.546806649,0.457200000,0.457200000
84.559727826,3.736487064,13.199210555,-6.616089372,-0.546806649,0.457200000,0.457200000
84.584632542,3.759968483,13.190911888,-6.629707542,-0.546806649,0.457200000,0.457200000
84.609537258,3.783334715,13.182294228,-6.643325711,-0.546806649,0.457200000,0.457200000
84.634441974,3.806581428,13.173359171,-6.656943881,-0.546806649,0.457200000,0.457200000
84.659346690,3.829704309,13.164108374,-6.670562051,-0.546806649,0.457200000,0.457200000
84.684251407,3.852699072,13.154543554,-6.684180220,-0.546806649,0.457200000,0.457200000
84.709156123,3.875561451,13.144666484,-6.697798390,-0.546806649,0.457200000,0.457200000
84.734060839,3.898287206,13.134478996,-6.711416559,-0.546806649,0.457200000,0.457200000
84.758965555,3.920872124,13.123982978,-6.725034729,-0.546806649,0.457200000,0.457200000
84.783870271,3.943312015,13.113180378,-6.738652899,-0.546806649,0.457200000,0.457200000
84.808774987,3.965602718,13.102073199,-6.752271068,-0.546806649,0.457200000,0.457200000
84.833679703,3.987740100,13.090663501,-6.765889238,-0.546806649,0.457200000,0.457200000
84.858584419,4.009720055,13.078953399,-6.779507407,-0.546806649,0.457200000,0.457200000
84.883489135,4.031538506,13.066945066,-6.793125577,-0.546806649,0.457200000,0.457200000
84.908393851,4.053191408,13.054640728,-6.806743747,-0.546806649,0.457200000,0.457200000
84.933298568,4.074674744,13.042042667,-6.820361916,-0.546806649,0.457200000,0.457200000
84.958203284,4.095984531,13.029153220,-6.833980086,-0.546806649,0.457200000,0.457200000
84.983108000,4.117116817,13.015974776,-6.847598255,-0.546806649,0.457200000,0.457200000
85.008012716,4.138067683,13.002509781,-6.861216425,-0.546806649,0.457200000,0.457200000
85.032917432,4.158833243,12.988760730,-6.874834595,-0.546806649,0.457200000,0.457200000
85.057822148,4.179409647,12.974730174,-6.888452764,-0.546806649,0.457200000,0.457200000
85.082726864,4.199793078,12.960420715,-6.902070934,-0.546806649,0.457200000,0.457200000
85.107631580,4.219979756,12.945835006,-6.915689103,-0.546806649,0.457200000,0.457200000
85.132536296,4.239965938,12.930975752,-6.929307273,-0.546806649,0.457200000,0.457200000
85.157441013,4.259747917,12.915845710,-6.942925443,-0.546806649,0.457200000,0.457200000
85.182345729,4.279322025,12.900447684,-6.956543612,-0.546806649,0.457200000,0.457200000
85.207250445,4.298684631,12.884784531,-6.970161782,-0.546806649,0.457200000,0.457200000
85.232155161,4.317832145,12.868859155,-6.983779951,-0.546806649,0.457200000,0.457200000
85.257059877,4.336761016,12.852674510,-6.997398121,-0.546806649,0.457200000,0.457200000
85.281964593,4.355467733,12.836233597,-7.011016290,-0.546806649,0.457200000,0.457200000
85.306869309,4.373948827,12.819539465,-7.024634460,-0.546806649,0.457200000,0.457200000
85.331774025,4.392200871,12.802595210,-7.038252630,-0.546806649,0.457200000,0.457200000
85.356678741,4.410220480,12.785403975,-7.051870799,-0.546806649,0.457200000,0.457200000
85.381583457,4.428004312,12.767968947,-7.065488969,-0.546806649,0.457200000,0.457200000
85.406488174,4.445549070,12.750293360,-7.079107138,-0.546806649,0.457200000,0.457200000
85.431392890,4.462851499,12.732380492,-7.092725308,-0.546806649,0.457200000,0.457200000
85.456297606,4.479908390,12.714233665,-7.106343478,-0.546806649,0.457200000,0.457200000
85.481202322,4.496716581,12.695856244,-7.119961647,-0.546806649,0.457200000,0.457200000
85.506107038,4.513272954,12.677251638,-7.133579817,-0.546806649,0.457200000,0.457200000
85.531011754,4.529574440,12.658423296,-7.147197986,-0.546806649,0.457200000,0.457200000
85.555916470,4.545618014,12.639374710,-7.160816156,-0.546806649,0.457200000,0.457200000
85.580821186,4.561400701,12.620109413,-7.174434326,-0.546806649,0.457200000,0.457200000
85.605725902,4.576919575,12.600630978,-7.188052495,-0.546806649,0.457200000,0.457200000
85.630630619,4.592171758,12.580943017,-7.201670665,-0.546806649,0.457200000,0.457200000
85.655535335,4.607154421,12.561049182,-7.215288834,-0.546806649,0.457200000,0.457200000
85.680440051,4.621864785,12.540953160,-7.228907004,-0.546806649,0.457200000,0.457200000
85.705344767,4.636300123,12.520658680,-7.242525174,-0.546806649,0.457200000,0.457200000
85.730249483,4.650457757,12.500169506,-7.256143343,-0.546806649,0.457200000,0.457200000
85.755154199,4.664335061,12.479489436,-7.269761513,-0.546806649,0.457200000,0.457200000
85.780058915,4.677929463,12.458622305,-7.283379682,-0.546806649,0.457200000,0.457200000
85.804963631,4.691238441,12.437571985,-7.296997852,-0.546806649,0.457200000,0.457200000
85.829868347,4.704259527,12.416342378,-7.310616022,-0.546806649,0.457200000,0.457200000
85.854773064,4.716990306,12.394937422,-7.324234191,-0.546806649,0.457200000,0.457200000
85.879677780,4.729428418,12.373361086,-7.337852361,-0.546806649,0.457200000,0.457200000
85.904582496,4.741571555,12.351617372,-7.351470530,-0.546806649,0.457200000,0.457200000
85.929487212,4.753417465,12.329710312,-7.365088700,-0.546806649,0.457200000,0.457200000
85.954391928,4.764963953,12.307643968,-7.378706869,-0.546806649,0.457200000,0.457200000
85.979296644,4.776208875,12.285422434,-7.392325039,-0.546806649,0.457200000,0.457200000
86.004201360,4.787150148,12.263049829,-7.405943209,-0.546806649,0.457200000,0.457200000
86.029106076,4.797785742,12.240530303,-7.419561378,-0.546806649,0.457200000,0.457200000
86.054010792,4.808113684,12.217868033,-7.433179548,-0.546806649,0.457200000,0.457200000
86.078915508,4.818132059,12.195067221,-7.446797717,-0.546806649,0.457200000,0.457200000
86.103820225,4.827839010,12.172132095,-7.460415887,-0.546806649,0.457200000,0.457200000
86.128724941,4.837232736,12.149066909,-7.474034057,-0.546806649,0.457200000,0.457200000
86.153629657,4.846311495,12.125875941,-7.487652226,-0.546806649,0.457200000,0.457200000
86.178534373,4.855073603,12.102563491,-7.501270396,-0.546806649,0.457200000,0.457200000
86.203439089,4.863517436,12.079133882,-7.514888565,-0.546806649,0.457200000,0.457200000
86.228343805,4.871641427,12.055591459,-7.528506735,-0.546806649,0.457200000,0.457200000
86.253248521,4.879444070,12.031940590,-7.542124905,-0.546806649,0.457200000,0.457200000
86.278153237,4.886923918,12.008185658,-7.555743074,-0.546806649,0.457200000,0.457200000
86.303057953,4.894079584,11.984331071,-7.569361244,-0.546806649,0.457200000,0.457200000
86.327962670,4.900909741,11.960381252,-7.582979413,-0.546806649,0.457200000,0.457200000
86.352867386,4.907413121,11.936340642,-7.596597583,-0.546806649,0.457200000,0.457200000
86.377772102,4.913588520,11.912213700,-7.610215753,-0.546806649,0.457200000,0.457200000
86.402676818,4.919434791,11.888004900,-7.623833922,-0.546806649,0.457200000,0.457200000
86.427581534,4.924950851,11.863718731,-7.637452092,-0.546806649,0.457200000,0.457200000
86.452486250,4.930135677,11.839359699,-7.651070261,-0.546806649,0.457200000,0.457200000
86.477390966,4.934988306,11.814932319,-7.664688431,-0.546806649,0.457200000,0.457200000
86.502295682,4.939507840,11.790441123,-7.678306601,-0.546806649,0.457200000,0.457200000
86.527200398,4.943693439,11.765890652,-7.691924770,-0.546806649,0.457200000,0.457200000
86.552105114,4.947544329,11.741285458,-7.705542940,-0.546806649,0.457200000,0.457200000
86.577009831,4.951059793,11.716630106,-7.719161109,-0.546806649,0.457200000,0.457200000
86.601914547,4.954239182,11.691929168,-7.732779279,-0.546806649,0.457200000,0.457200000
86.626819263,4.957081905,11.667187223,-7.746397449,-0.546806649,0.457200000,0.457200000
86.651723979,4.959587434,11.642408861,-7.760015618,-0.546806649,0.457200000,0.457200000
86.676628695,4.961755305,11.617598678,-7.773633788,-0.546806649,0.457200000,0.457200000
86.701533411,4.963585117,11.592761273,-7.787251957,-0.546806649,0.457200000,0.457200000
86.726438127,4.965076530,11.567901253,-7.800870127,-0.546806649,0.457200000,0.457200000
86.751342843,4.966229266,11.543023229,-7.814488296,-0.546806649,0.457200000,0.457200000
86.776247559,4.967043113,11.518131814,-7.828106466,-0.546806649,0.457200000,0.457200000
86.801152276,4.967517920,11.493231625,-7.841724636,-0.546806649,0.457200000,0.457200000
86.826056992,4.967653598,11.468327278,-7.855342805,-0.546806649,0.457200000,0.457200000
86.850961708,4.967450122,11.443423393,-7.868960975,-0.546806649,0.457200000,0.457200000
86.875866424,4.966907531,11.418524589,-7.882579144,-0.546806649,0.457200000,0.457200000
86.900771140,4.966025924,11.393635481,-7.896197314,-0.546806649,0.457200000,0.457200000
86.925675856,4.964805465,11.368760688,-7.909815484,-0.546806649,0.457200000,0.457200000
86.950580572,4.963246381,11.343904820,-7.923433653,-0.546806649,0.457200000,0.457200000
86.975485288,4.961348960,11.319072489,-7.937051823,-0.546806649,0.457200000,0.457200000
87.000390004,4.959113555,11.294268299,-7.950669992,-0.546806649,0.457200000,0.457200000
87.025294720,4.956540579,11.269496850,-7.964288162,-0.546806649,0.457200000,0.457200000
87.050199437,4.953630511,11.244762736,-7.977906332,-0.546806649,0.457200000,0.457200000
87.075104153,4.950383890,11.220070544,-7.991524501,-0.546806649,0.457200000,0.457200000
87.100008869,4.946801318,11.195424854,-8.005142671,-0.546806649,0.457200000,0.457200000
87.124913585,4.942883460,11.170830235,-8.018760840,-0.546806649,0.457200000,0.457200000
87.149818301,4.938631041,11.146291249,-8.032379010,-0.546806649,0.457200000,0.457200000
87.174723017,4.934044851,11.121812448,-8.045997180,-0.546806649,0.457200000,0.457200000
87.199627733,4.929125739,11.097398369,-8.059615349,-0.546806649,0.457200000,0.457200000
87.224532449,4.923874620,11.073053542,-8.073233519,-0.546806649,0.457200000,0.457200000
87.249437165,4.918292465,11.048782480,-8.086851688,-0.546806649,0.457200000,0.457200000
87.274341882,4.912380311,11.024589685,-8.100469858,-0.546806649,0.457200000,0.457200000
87.299246598,4.906139253,11.000479644,-8.114088028,-0.546806649,0.457200000,0.457200000
87.324151314,4.899570450,10.976456828,-8.127706197,-0.546806649,0.457200000,0.457200000
87.349056030,4.892675120,10.952525691,-8.141324367,-0.546806649,0.457200000,0.457200000
87.373960746,4.885454540,10.928690672,-8.154942536,-0.546806649,0.457200000,0.457200000
87.398865462,4.877910051,10.904956192,-8.168560706,-0.546806649,0.457200000,0.457200000
87.423770178,4.870043051,10.881326651,-8.182178875,-0.546806649,0.457200000,0.457200000
87.448674894,4.861854999,10.857806432,-8.195797045,-0.546806649,0.457200000,0.457200000
87.473579610,4.853347414,10.834399897,-8.209415215,-0.546806649,0.457200000,0.457200000
87.498484326,4.844521874,10.811111387,-8.223033384,-0.546806649,0.457200000,0.457200000
87.523389043,4.835380015,10.787945219,-8.236651554,-0.546806649,0.457200000,0.457200000
87.548293759,4.825923533,10.764905692,-8.250269723,-0.546806649,0.457200000,0.457200000
87.573198475,4.816154181,10.741997077,-8.263887893,-0.546806649,0.457200000,0.457200000
87.598103191,4.806073771,10.719223623,-8.277506063,-0.546806649,0.457200000,0.457200000
87.623007907,4.795684172,10.696589552,-8.291124232,-0.546806649,0.457200000,0.457200000
87.647912623,4.784987312,10.674099064,-8.304742402,-0.546806649,0.457200000,0.457200000
87.672817339,4.773985174,10.651756328,-8.318360571,-0.546806649,0.457200000,0.457200000
87.697722055,4.762679799,10.629565488,-8.331978741,-0.546806649,0.457200000,0.457200000
87.722626771,4.751073282,10.607530660,-8.345596911,-0.546806649,0.457200000,0.457200000
87.747531488,4.739167777,10.585655930,-8.359215080,-0.546806649,0.457200000,0.457200000
87.772436204,4.726965492,10.563945354,-8.372833250,-0.546806649,0.457200000,0.457200000
87.797340920,4.714468688,10.542402958,-8.386451419,-0.546806649,0.457200000,0.457200000
87.822245636,4.701679685,10.521032739,-8.400069589,-0.546806649,0.457200000,0.457200000
87.847150352,4.688600853,10.499838659,-8.413687759,-0.546806649,0.457200000,0.457200000
87.872055068,4.675234618,10.478824648,-8.427305928,-0.546806649,0.457200000,0.457200000
87.896959784,4.661583459,10.457994604,-8.440924098,-0.546806649,0.457200000,0.457200000
87.921864500,4.647649907,10.437352389,-8.454542267,-0.546806649,0.457200000,0.457200000
87.946769216,4.633436547,10.416901832,-8.468160437,-0.546806649,0.457200000,0.457200000
87.971673932,4.618946015,10.396646725,-8.481778607,-0.546806649,0.457200000,0.457200000
87.996578649,4.604180997,10.376590825,-8.495396776,-0.546806649,0.457200000,0.457200000
88.021483365,4.589144232,10.356737851,-8.509014946,-0.546806649,0.457200000,0.457200000
88.046388081,4.573838509,10.337091485,-8.522633115,-0.546806649,0.457200000,0.457200000
88.071292797,4.558266665,10.317655369,-8.536251285,-0.546806649,0.457200000,0.457200000
88.096197513,4.542431589,10.298433110,-8.549869455,-0.546806649,0.457200000,0.457200000
88.121102229,4.526336218,10.279428271,-8.563487624,-0.546806649,0.457200000,0.457200000
88.146006945,4.509983536,10.260644377,-8.577105794,-0.546806649,0.457200000,0.457200000
88.170911661,4.493376576,10.242084911,-8.590723963,-0.546806649,0.457200000,0.457200000
88.195816377,4.476518418,10.223753316,-8.604342133,-0.546806649,0.457200000,0.457200000
88.220721094,4.459412188,10.205652991,-8.617960302,-0.546806649,0.457200000,0.457200000
88.245625810,4.442061058,10.187787292,-8.631578472,-0.546806649,0.457200000,0.457200000
88.270530526,4.424468247,10.170159534,-8.645196642,-0.546806649,0.457200000,0.457200000
88.295435242,4.406637016,10.152772984,-8.658814811,-0.546806649,0.457200000,0.457200000
88.320339958,4.388570673,10.135630868,-8.672432981,-0.546806649,0.457200000,0.457200000
88.345244674,4.370272569,10.118736364,-8.686051150,-0.546806649,0.457200000,0.457200000
88.370149390,4.351746096,10.102092606,-8.699669320,-0.546806649,0.457200000,0.457200000
88.395054106,4.332994691,10.085702680,-8.713287490,-0.546806649,0.457200000,0.457200000
88.419958822,4.314021830,10.069569625,-8.726905659,-0.546806649,0.457200000,0.457200000
88.444863538,4.294831033,10.053696435,-8.740523829,-0.546806649,0.457200000,0.457200000
88.469768255,4.275425858,10.038086051,-8.754141998,-0.546806649,0.457200000,0.457200000
88.494672971,4.255809904,10.022741370,-8.767760168,-0.546806649,0.457200000,0.457200000
88.519577687,4.235986809,10.007665237,-8.781378338,-0.546806649,0.457200000,0.457200000
88.544482403,4.215960249,9.992860448,-8.794996507,-0.546806649,0.457200000,0.457200000
88.569387119,4.195733939,9.978329748,-8.808614677,-0.546806649,0.457200000,0.457200000
88.594291835,4.175311628,9.964075832,-8.822232846,-0.546806649,0.457200000,0.457200000
88.619196551,4.154697105,9.950101344,-8.835851016,-0.546806649,0.457200000,0.457200000
88.644101267,4.133894192,9.936408875,-8.849469186,-0.546806649,0.457200000,0.457200000
88.669005983,4.112906748,9.923000965,-8.863087355,-0.546806649,0.457200000,0.457200000
88.693910700,4.091738664,9.909880099,-8.876705525,-0.546806649,0.457200000,0.457200000
88.718815416,4.070393866,9.897048712,-8.890323694,-0.546806649,0.457200000,0.457200000
88.743720132,4.048876313,9.884509183,-8.903941864,-0.546806649,0.457200000,0.457200000
88.768624848,4.027189995,9.872263837,-8.917560034,-0.546806649,0.457200000,0.457200000
88.793529564,4.005338934,9.860314945,-8.931178203,-0.546806649,0.457200000,0.457200000
88.818434280,3.983327182,9.848664724,-8.944796373,0.546806649,0.457200000,0.457200000
88.843233476,3.961408358,9.837064497,-8.931235904,0.546806649,0.457200000,0.457200000
88.868032671,3.939648850,9.825168116,-8.917675435,0.546806649,0.457200000,0.457200000
88.892831867,3.918052657,9.812977768,-8.904114966,0.546806649,0.457200000,0.457200000
88.917631062,3.896623752,9.800495696,-8.890554497,0.546806649,0.457200000,0.457200000
88.942430258,3.875366075,9.787724194,-8.876994028,0.546806649,0.457200000,0.457200000
88.967229453,3.854283534,9.774665611,-8.863433559,0.546806649,0.457200000,0.457200000
88.992028649,3.833380007,9.761322349,-8.849873090,0.546806649,0.457200000,0.457200000
89.016827844,3.812659337,9.747696860,-8.836312622,0.546806649,0.457200000,0.457200000
89.041627040,3.792125335,9.733791651,-8.822752153,0.546806649,0.457200000,0.457200000
89.066426235,3.771781776,9.719609278,-8.809191684,0.546806649,0.457200000,0.457200000
89.091225431,3.751632401,9.705152350,-8.795631215,0.546806649,0.457200000,0.457200000
89.116024626,3.731680915,9.690423523,-8.782070746,0.546806649,0.457200000,0.457200000
89.140823822,3.711930988,9.675425508,-8.768510277,0.546806649,0.457200000,0.457200000
89.165623017,3.692386250,9.660161062,-8.754949808,0.546806649,0.457200000,0.457200000
89.190422213,3.673050296,9.644632992,-8.741389339,0.546806649,0.457200000,0.457200000
89.215221408,3.653926681,9.628844152,-8.727828870,0.546806649,0.457200000,0.457200000
89.240020604,3.635018922,9.612797447,-8.714268401,0.546806649,0.457200000,0.457200000
89.264819799,3.616330495,9.596495827,-8.700707933,0.546806649,0.457200000,0.457200000
89.289618995,3.597864837,9.579942290,-8.687147464,0.546806649,0.457200000,0.457200000
89.314418190,3.579625344,9.563139880,-8.673586995,0.546806649,0.457200000,0.457200000
89.339217386,3.561615370,9.546091686,-8.660026526,0.546806649,0.457200000,0.457200000
89.364016581,3.543838226,9.528800843,-8.646466057,0.546806649,0.457200000,0.457200000
89.388815777,3.526297181,9.511270531,-8.632905588,0.546806649,0.457200000,0.457200000
89.413614972,3.508995461,9.493503973,-8.619345119,0.546806649,0.457200000,0.457200000
89.438414168,3.491936247,9.475504436,-8.605784650,0.546806649,0.457200000,0.457200000
89.463213363,3.475122676,9.457275231,-8.592224181,0.546806649,0.457200000,0.457200000
89.488012559,3.458557840,9.438819708,-8.578663712,0.546806649,0.457200000,0.457200000
89.512811754,3.442244785,9.420141262,-8.565103244,0.546806649,0.457200000,0.457200000
89.537610950,3.426186511,9.401243328,-8.551542775,0.546806649,0.457200000,0.457200000
89.562410146,3.410385970,9.382129380,-8.537982306,0.546806649,0.457200000,0.457200000
89.587209341,3.394846068,9.362802934,-8.524421837,0.546806649,0.457200000,0.457200000
89.612008537,3.379569662,9.343267542,-8.510861368,0.546806649,0.457200000,0.457200000
89.636807732,3.364559562,9.323526798,-8.497300899,0.546806649,0.457200000,0.457200000
89.661606928,3.349818527,9.303584331,-8.483740430,0.546806649,0.457200000,0.457200000
89.686406123,3.335349269,9.283443808,-8.470179961,0.546806649,0.457200000,0.457200000
89.711205319,3.321154447,9.263108933,-8.456619492,0.546806649,0.457200000,0.457200000
89.736004514,3.307236673,9.242583445,-8.443059023,0.546806649,0.457200000,0.457200000
89.760803710,3.293598505,9.221871119,-8.429498555,0.546806649,0.457200000,0.457200000
89.785602905,3.280242451,9.200975762,-8.415938086,0.546806649,0.457200000,0.457200000
89.810402101,3.267170967,9.179901218,-8.402377617,0.546806649,0.457200000,0.457200000
89.835201296,3.254386457,9.158651362,-8.388817148,0.546806649,0.457200000,0.457200000
89.860000492,3.241891271,9.137230100,-8.375256679,0.546806649,0.457200000,0.457200000
89.884799687,3.229687708,9.115641373,-8.361696210,0.546806649,0.457200000,0.457200000
89.909598883,3.217778011,9.093889150,-8.348135741,0.546806649,0.457200000,0.457200000
89.934398078,3.206164371,9.071977430,-8.334575272,0.546806649,0.457200000,0.457200000
89.959197274,3.194848922,9.049910244,-8.321014803,0.546806649,0.457200000,0.457200000
89.983996469,3.183833746,9.027691648,-8.307454334,0.546806649,0.457200000,0.457200000
90.008795665,3.173120868,9.005325729,-8.293893865,0.546806649,0.457200000,0.457200000
90.033594860,3.162712258,8.982816599,-8.280333397,0.546806649,0.457200000,0.457200000
90.058394056,3.152609830,8.960168397,-8.266772928,0.546806649,0.457200000,0.457200000
90.083193251,3.142815441,8.937385288,-8.253212459,0.546806649,0.457200000,0.457200000
90.107992447,3.133330894,8.914471461,-8.239651990,0.546806649,0.457200000,0.457200000
90.132791642,3.124157931,8.891431130,-8.226091521,0.546806649,0.457200000,0.457200000
90.157590838,3.115298239,8.868268532,-8.212531052,0.546806649,0.457200000,0.457200000
90.182390033,3.106753449,8.844987925,-8.198970583,0.546806649,0.457200000,0.457200000
90.207189229,3.098525130,8.821593591,-8.185410114,0.546806649,0.457200000,0.457200000
90.231988424,3.090614796,8.798089831,-8.171849645,0.546806649,0.457200000,0.457200000
90.256787620,3.083023901,8.774480968,-8.158289176,0.546806649,0.457200000,0.457200000
90.281586815,3.075753842,8.750771343,-8.144728708,0.546806649,0.457200000,0.457200000
90.306386011,3.068805955,8.726965315,-8.131168239,0.546806649,0.457200000,0.457200000
90.331185206,3.062181518,8.703067262,-8.117607770,0.546806649,0.457200000,0.457200000
90.355984402,3.055881749,8.679081579,-8.104047301,0.546806649,0.457200000,0.457200000
90.380783597,3.049907806,8.655012675,-8.090486832,0.546806649,0.457200000,0.457200000
90.405582793,3.044260789,8.630864978,-8.076926363,0.546806649,0.457200000,0.457200000
90.430381989,3.038941734,8.606642927,-8.063365894,0.546806649,0.457200000,0.457200000
90.455181184,3.033951621,8.582350976,-8.049805425,0.546806649,0.457200000,0.457200000
90.479980380,3.029291366,8.557993593,-8.036244956,0.546806649,0.457200000,0.457200000
90.504779575,3.024961828,8.533575256,-8.022684487,0.546806649,0.457200000,0.457200000
90.529578771,3.020963801,8.509100455,-8.009124019,0.546806649,0.457200000,0.457200000
90.554377966,3.017298022,8.484573690,-7.995563550,0.546806649,0.457200000,0.457200000
90.579177162,3.013965164,8.459999473,-7.982003081,0.546806649,0.457200000,0.457200000
90.603976357,3.010965840,8.435382322,-7.968442612,0.546806649,0.457200000,0.457200000
90.628775553,3.008300602,8.410726762,-7.954882143,0.546806649,0.457200000,0.457200000
90.653574748,3.005969940,8.386037329,-7.941321674,0.546806649,0.457200000,0.457200000
90.678373944,3.003974282,8.361318562,-7.927761205,0.546806649,0.457200000,0.457200000
90.703173139,3.002313995,8.336575006,-7.914200736,0.546806649,0.457200000,0.457200000
90.727972335,3.000989384,8.311811212,-7.900640267,0.546806649,0.457200000,0.457200000
90.752771530,3.000000694,8.287031733,-7.887079798,0.546806649,0.457200000,0.457200000
90.777570726,2.999348106,8.262241125,-7.873519330,0.546806649,0.457200000,0.457200000
90.802369921,2.999031740,8.237443948,-7.859958861,0.546806649,0.457200000,0.457200000
90.827169117,2.999051654,8.212644760,-7.846398392,0.546806649,0.457200000,0.457200000
90.851968312,2.999407844,8.187848123,-7.832837923,0.546806649,0.457200000,0.457200000
90.876767508,3.000100246,8.163058595,-7.819277454,0.546806649,0.457200000,0.457200000
90.901566703,3.001128731,8.138280736,-7.805716985,0.546806649,0.457200000,0.457200000
90.926365899,3.002493110,8.113519101,-7.792156516,0.546806649,0.457200000,0.457200000
90.951165094,3.004193134,8.088778244,-7.778596047,0.546806649,0.457200000,0.457200000
90.975964290,3.006228488,8.064062713,-7.765035578,0.546806649,0.457200000,0.457200000
91.000763485,3.008598799,8.039377055,-7.751475109,0.546806649,0.457200000,0.457200000
91.025562681,3.011303631,8.014725808,-7.737914641,0.546806649,0.457200000,0.457200000
91.050361876,3.014342486,7.990113505,-7.724354172,0.546806649,0.457200000,0.457200000
91.075161072,3.017714807,7.965544672,-7.710793703,0.546806649,0.457200000,0.457200000
91.099960267,3.021419971,7.941023827,-7.697233234,0.546806649,0.457200000,0.457200000
91.124759463,3.025457300,7.916555478,-7.683672765,0.546806649,0.457200000,0.457200000
91.149558658,3.029826049,7.892144126,-7.670112296,0.546806649,0.457200000,0.457200000
91.174357854,3.034525415,7.867794258,-7.656551827,0.546806649,0.457200000,0.457200000
91.199157049,3.039554535,7.843510353,-7.642991358,0.546806649,0.457200000,0.457200000
91.223956245,3.044912484,7.819296876,-7.629430889,0.546806649,0.457200000,0.457200000
91.248755441,3.050598276,7.795158279,-7.615870420,0.546806649,0.457200000,0.457200000
91.273554636,3.056610866,7.771099001,-7.602309952,0.546806649,0.457200000,0.457200000
91.298353832,3.062949149,7.747123466,-7.588749483,0.546806649,0.457200000,0.457200000
91.323153027,3.069611958,7.723236083,-7.575189014,0.546806649,0.457200000,0.457200000
91.347952223,3.076598069,7.699441244,-7.561628545,0.546806649,0.457200000,0.457200000
91.372751418,3.083906196,7.675743325,-7.548068076,0.546806649,0.457200000,0.457200000
91.397550614,3.091534997,7.652146683,-7.534507607,0.546806649,0.457200000,0.457200000
91.422349809,3.099483068,7.628655658,-7.520947138,0.546806649,0.457200000,0.457200000
91.447149005,3.107748948,7.605274569,-7.507386669,0.546806649,0.457200000,0.457200000
91.471948200,3.116331117,7.582007715,-7.493826200,0.546806649,0.457200000,0.457200000
91.496747396,3.125227996,7.558859376,-7.480265731,0.546806649,0.457200000,0.457200000
91.521546591,3.134437951,7.535833806,-7.466705263,0.546806649,0.457200000,0.457200000
91.546345787,3.143959286,7.512935242,-7.453144794,0.546806649,0.457200000,0.457200000
91.571144982,3.153790252,7.490167892,-7.439584325,0.546806649,0.457200000,0.457200000
91.595944178,3.163929040,7.467535944,-7.426023856,0.546806649,0.457200000,0.457200000
91.620743373,3.174373787,7.445043559,-7.412463387,0.546806649,0.457200000,0.457200000
91.645542569,3.185122571,7.422694874,-7.398902918,0.546806649,0.457200000,0.457200000
91.670341764,3.196173416,7.400493997,-7.385342449,0.546806649,0.457200000,0.457200000
91.695140960,3.207524291,7.378445012,-7.371781980,0.546806649,0.457200000,0.457200000
91.719940155,3.219173107,7.356551973,-7.358221511,0.546806649,0.457200000,0.457200000
91.744739351,3.231117723,7.334818905,-7.344661042,0.546806649,0.457200000,0.457200000
91.769538546,3.243355942,7.313249804,-7.331100574,0.546806649,0.457200000,0.457200000
91.794337742,3.255885514,7.291848638,-7.317540105,0.129677466,0.457200000,0.457200000
91.819055362,3.268552244,7.270623306,-7.314334785,0.129677466,0.457200000,0.457200000
91.843772983,3.281286943,7.249438684,-7.311129465,0.129677466,0.457200000,0.457200000
91.868490604,3.294089479,7.228294989,-7.307924145,0.129677466,0.457200000,0.457200000
91.893208224,3.306959722,7.207192439,-7.304718826,0.129677466,0.457200000,0.457200000
91.917925845,3.319897540,7.186131251,-7.301513506,0.129677466,0.457200000,0.457200000
91.942643465,3.332902798,7.165111640,-7.298308186,0.129677466,0.457200000,0.457200000
91.967361086,3.345975364,7.144133824,-7.295102866,0.129677466,0.457200000,0.457200000
91.992078707,3.359115104,7.123198017,-7.291897546,0.129677466,0.457200000,0.457200000
92.016796327,3.372321882,7.102304435,-7.288692227,0.129677466,0.457200000,0.457200000
92.041513948,3.385595562,7.081453291,-7.285486907,0.129677466,0.457200000,0.457200000
92.066231568,3.398936009,7.060644802,-7.282281587,0.129677466,0.457200000,0.457200000
92.090949189,3.412343085,7.039879179,-7.279076267,0.129677466,0.457200000,0.457200000
92.115666810,3.425816652,7.019156637,-7.275870947,0.129677466,0.457200000,0.457200000
92.140384430,3.439356573,6.998477389,-7.272665628,0.129677466,0.457200000,0.457200000
92.165102051,3.452962707,6.977841646,-7.269460308,0.129677466,0.457200000,0.457200000
92.189819671,3.466634916,6.957249621,-7.266254988,0.129677466,0.457200000,0.457200000
92.214537292,3.480373058,6.936701526,-7.263049668,0.129677466,0.457200000,0.457200000
92.239254913,3.494176993,6.916197572,-7.259844349,0.129677466,0.457200000,0.457200000
92.263972533,3.508046579,6.895737968,-7.256639029,0.129677466,0.457200000,0.457200000
92.288690154,3.521981672,6.875322926,-7.253433709,0.129677466,0.457200000,0.457200000
92.313407774,3.535982131,6.854952656,-7.250228389,0.129677466,0.457200000,0.457200000
92.338125395,3.550047811,6.834627366,-7.247023069,0.129677466,0.457200000,0.457200000
92.362843016,3.564178568,6.814347265,-7.243817750,0.129677466,0.457200000,0.457200000
92.387560636,3.578374256,6.794112562,-7.240612430,0.129677466,0.457200000,0.457200000
92.412278257,3.592634730,6.773923465,-7.237407110,0.129677466,0.457200000,0.457200000
92.436995877,3.606959843,6.753780180,-7.234201790,0.129677466,0.457200000,0.457200000
92.461713498,3.621349448,6.733682916,-7.230996471,0.129677466,0.457200000,0.457200000
92.486431119,3.635803397,6.713631878,-7.227791151,0.129677466,0.457200000,0.457200000
92.511148739,3.650321541,6.693627272,-7.224585831,0.129677466,0.457200000,0.457200000
92.535866360,3.664903732,6.673669305,-7.221380511,0.129677466,0.457200000,0.457200000
92.560583980,3.679549820,6.653758180,-7.218175191,0.129677466,0.457200000,0.457200000
92.585301601,3.694259654,6.633894103,-7.214969872,0.129677466,0.457200000,0.457200000
92.610019222,3.709033083,6.614077278,-7.211764552,0.129677466,0.457200000,0.457200000
92.634736842,3.723869956,6.594307908,-7.208559232,0.129677466,0.457200000,0.457200000
92.659454463,3.738770119,6.574586197,-7.205353912,0.129677466,0.457200000,0.457200000
92.684172083,3.753733420,6.554912346,-7.202148593,0.129677466,0.457200000,0.457200000
92.708889704,3.768759704,6.535286559,-7.198943273,0.129677466,0.457200000,0.457200000
92.733607325,3.783848819,6.515709036,-7.195737953,0.129677466,0.457200000,0.457200000
92.758324945,3.799000608,6.496179979,-7.192532633,0.129677466,0.457200000,0.457200000
92.783042566,3.814214916,6.476699589,-7.189327313,0.129677466,0.457200000,0.457200000
92.807760186,3.829491587,6.457268066,-7.186121994,0.129677466,0.457200000,0.457200000
92.832477807,3.844830463,6.437885609,-7.182916674,0.129677466,0.457200000,0.457200000
92.857195428,3.860231387,6.418552417,-7.179711354,0.129677466,0.457200000,0.457200000
92.881913048,3.875694202,6.399268690,-7.176506034,0.129677466,0.457200000,0.457200000
92.906630669,3.891218747,6.380034624,-7.173300714,0.129677466,0.457200000,0.457200000
92.931348289,3.906804863,6.360850419,-7.170095395,0.129677466,0.457200000,0.457200000
92.956065910,3.922452391,6.341716271,-7.166890075,0.129677466,0.457200000,0.457200000
92.980783531,3.938161170,6.322632376,-7.163684755,0.129677466,0.457200000,0.457200000
93.005501151,3.953931038,6.303598931,-7.160479435,0.129677466,0.457200000,0.457200000
93.030218772,3.969761833,6.284616130,-7.157274116,0.129677466,0.457200000,0.457200000
93.054936392,3.985653392,6.265684171,-7.154068796,0.129677466,0.457200000,0.457200000
93.079654013,4.001605553,6.246803245,-7.150863476,0.129677466,0.457200000,0.457200000
93.104371634,4.017618151,6.227973549,-7.147658156,0.129677466,0.457200000,0.457200000
93.129089254,4.033691022,6.209195274,-7.144452836,0.129677466,0.457200000,0.457200000
93.153806875,4.049824000,6.190468615,-7.141247517,0.129677466,0.457200000,0.457200000
93.178524495,4.066016921,6.171793763,-7.138042197,0.129677466,0.457200000,0.457200000
93.203242116,4.082269617,6.153170911,-7.134836877,0.129677466,0.457200000,0.457200000
93.227959737,4.098581922,6.134600249,-7.131631557,0.129677466,0.457200000,0.457200000
93.252677357,4.114953667,6.116081968,-7.128426238,0.129677466,0.457200000,0.457200000
93.277394978,4.131384686,6.097616260,-7.125220918,0.129677466,0.457200000,0.457200000
93.302112598,4.147874809,6.079203312,-7.122015598,0.129677466,0.457200000,0.457200000
93.326830219,4.164423866,6.060843316,-7.118810278,0.129677466,0.457200000,0.457200000
93.351547840,4.181031687,6.042536458,-7.115604958,0.129677466,0.457200000,0.457200000
93.376265460,4.197698103,6.024282928,-7.112399639,0.129677466,0.457200000,0.457200000
93.400983081,4.214422941,6.006082913,-7.109194319,0.129677466,0.457200000,0.457200000
93.425700701,4.231206030,5.987936600,-7.105988999,0.129677466,0.457200000,0.457200000
93.450418322,4.248047198,5.969844175,-7.102783679,0.129677466,0.457200000,0.457200000
93.475135943,4.264946271,5.951805824,-7.099578359,0.129677466,0.457200000,0.457200000
93.499853563,4.281903075,5.933821732,-7.096373040,0.129677466,0.457200000,0.457200000
93.524571184,4.298917438,5.915892085,-7.093167720,0.129677466,0.457200000,0.457200000
93.549288804,4.315989183,5.898017067,-7.089962400,0.129677466,0.457200000,0.457200000
93.574006425,4.333118135,5.880196860,-7.086757080,0.129677466,0.457200000,0.457200000
93.598724046,4.350304119,5.862431649,-7.083551761,0.129677466,0.457200000,0.457200000
93.623441666,4.367546957,5.844721615,-7.080346441,0.129677466,0.457200000,0.457200000
93.648159287,4.384846474,5.827066942,-7.077141121,0.129677466,0.457200000,0.457200000
93.672876907,4.402202490,5.809467809,-7.073935801,0.129677466,0.457200000,0.457200000
93.697594528,4.419614827,5.791924398,-7.070730481,0.129677466,0.457200000,0.457200000
93.722312149,4.437083308,5.774436889,-7.067525162,0.129677466,0.457200000,0.457200000
93.747029769,4.454607751,5.757005462,-7.064319842,0.129677466,0.457200000,0.457200000
93.771747390,4.472187978,5.739630296,-7.061114522,0.129677466,0.457200000,0.457200000
93.796465010,4.489823807,5.722311570,-7.057909202,0.129677466,0.457200000,0.457200000
93.821182631,4.507515058,5.705049461,-7.054703883,0.129677466,0.457200000,0.457200000
93.845900252,4.525261548,5.687844146,-7.051498563,0.129677466,0.457200000,0.457200000
93.870617872,4.543063096,5.670695803,-7.048293243,0.092941640,0.457200000,0.457200000
93.895549673,4.561066589,5.653448514,-7.045976040,0.092941640,0.457200000,0.457200000
93.920481475,4.579109998,5.636242990,-7.043658837,0.092941640,0.457200000,0.457200000
93.945413276,4.597193228,5.619079321,-7.041341634,0.092941640,0.457200000,0.457200000
93.970345077,4.615316181,5.601957602,-7.039024431,0.092941640,0.457200000,0.457200000
93.995276878,4.633478760,5.584877922,-7.036707228,0.092941640,0.457200000,0.457200000
94.020208680,4.651680867,5.567840375,-7.034390025,0.092941640,0.457200000,0.457200000
94.045140481,4.669922405,5.550845052,-7.032072822,0.092941640,0.457200000,0.457200000
94.070072282,4.688203276,5.533892044,-7.029755619,0.092941640,0.457200000,0.457200000
94.095004083,4.706523380,5.516981441,-7.027438416,0.092941640,0.457200000,0.457200000
94.119935885,4.724882621,5.500113335,-7.025121213,0.092941640,0.457200000,0.457200000
94.144867686,4.743280899,5.483287817,-7.022804010,0.092941640,0.457200000,0.457200000
94.169799487,4.761718117,5.466504977,-7.020486807,0.092941640,0.457200000,0.457200000
94.194731288,4.780194173,5.449764904,-7.018169604,0.092941640,0.457200000,0.457200000
94.219663090,4.798708971,5.433067688,-7.015852401,0.092941640,0.457200000,0.457200000
94.244594891,4.817262409,5.416413421,-7.013535198,0.092941640,0.457200000,0.457200000
94.269526692,4.835854389,5.399802190,-7.011217995,0.092941640,0.457200000,0.457200000
94.294458493,4.854484810,5.383234084,-7.008900792,0.092941640,0.457200000,0.457200000
94.319390295,4.873153573,5.366709194,-7.006583589,0.092941640,0.457200000,0.457200000
94.344322096,4.891860578,5.350227608,-7.004266386,0.092941640,0.457200000,0.457200000
94.369253897,4.910605723,5.333789413,-7.001949183,0.092941640,0.457200000,0.457200000
94.394185698,4.929388909,5.317394699,-6.999631980,0.092941640,0.457200000,0.457200000
94.419117500,4.948210034,5.301043553,-6.997314777,0.092941640,0.457200000,0.457200000
94.444049301,4.967068998,5.284736064,-6.994997574,0.092941640,0.457200000,0.457200000
94.468981102,4.985965698,5.268472318,-6.992680371,0.092941640,0.457200000,0.457200000
94.493912903,5.004900034,5.252252404,-6.990363168,0.092941640,0.457200000,0.457200000
94.518844704,5.023871905,5.236076408,-6.988045965,0.092941640,0.457200000,0.457200000
94.543776506,5.042881207,5.219944416,-6.985728762,0.092941640,0.457200000,0.457200000
94.568708307,5.061927839,5.203856517,-6.983411559,0.092941640,0.457200000,0.457200000
94.593640108,5.081011699,5.187812795,-6.981094355,0.092941640,0.457200000,0.457200000
94.618571909,5.100132684,5.171813338,-6.978777152,0.092941640,0.457200000,0.457200000
94.643503711,5.119290692,5.155858231,-6.976459949,0.092941640,0.457200000,0.457200000
94.668435512,5.138485620,5.139947560,-6.974142746,0.092941640,0.457200000,0.457200000
94.693367313,5.157717365,5.124081410,-6.971825543,0.092941640,0.457200000,0.457200000
94.718299114,5.176985822,5.108259866,-6.969508340,0.092941640,0.457200000,0.457200000
94.743230916,5.196290890,5.092483013,-6.967191137,0.092941640,0.457200000,0.457200000
94.768162717,5.215632464,5.076750937,-6.964873934,0.092941640,0.457200000,0.457200000
94.793094518,5.235010441,5.061063721,-6.962556731,0.092941640,0.457200000,0.457200000
94.818026319,5.254424716,5.045421450,-6.960239528,0.092941640,0.457200000,0.457200000
94.842958121,5.273875185,5.029824208,-6.957922325,0.092941640,0.457200000,0.457200000
94.867889922,5.293361744,5.014272079,-6.955605122,0.092941640,0.457200000,0.457200000
94.892821723,5.312884288,4.998765145,-6.953287919,0.092941640,0.457200000,0.457200000
94.917753524,5.332442712,4.983303491,-6.950970716,0.092941640,0.457200000,0.457200000
94.942685326,5.352036912,4.967887199,-6.948653513,0.092941640,0.457200000,0.457200000
94.967617127,5.371666781,4.952516352,-6.946336310,0.092941640,0.457200000,0.457200000
94.992548928,5.391332215,4.937191032,-6.944019107,0.092941640,0.457200000,0.457200000
95.017480729,5.411033108,4.921911323,-6.941701904,0.092941640,0.457200000,0.457200000
95.042412531,5.430769355,4.906677305,-6.939384701,0.092941640,0.457200000,0.457200000
95.067344332,5.450540849,4.891489062,-6.937067498,0.092941640,0.457200000,0.457200000
95.092276133,5.470347484,4.876346673,-6.934750295,0.092941640,0.457200000,0.457200000
95.117207934,5.490189153,4.861250222,-6.932433092,0.092941640,0.457200000,0.457200000
95.142139736,5.510065751,4.846199787,-6.930115889,0.092941640,0.457200000,0.457200000
95.167071537,5.529977171,4.831195452,-6.927798686,0.092941640,0.457200000,0.457200000
95.192003338,5.549923305,4.816237295,-6.925481483,0.092941640,0.457200000,0.457200000
95.216935139,5.569904046,4.801325398,-6.923164280,0.092941640,0.457200000,0.457200000
95.241866941,5.589919288,4.786459840,-6.920847077,0.092941640,0.457200000,0.457200000
95.266798742,5.609968923,4.771640701,-6.918529874,0.092941640,0.457200000,0.457200000
95.291730543,5.630052842,4.756868062,-6.916212671,0.092941640,0.457200000,0.457200000
95.316662344,5.650170939,4.742142000,-6.913895468,0.092941640,0.457200000,0.457200000
95.341594146,5.670323105,4.727462595,-6.911578265,0.092941640,0.457200000,0.457200000
95.366525947,5.690509232,4.712829927,-6.909261062,0.092941640,0.457200000,0.457200000
95.391457748,5.710729212,4.698244073,-6.906943859,0.092941640,0.457200000,0.457200000
95.416389549,5.730982936,4.683705112,-6.904626656,0.092941640,0.457200000,0.457200000
95.441321351,5.751270295,4.669213122,-6.902309453,0.092941640,0.457200000,0.457200000
95.466253152,5.771591181,4.654768181,-6.899992250,0.092941640,0.457200000,0.457200000
95.491184953,5.791945483,4.640370367,-6.897675047,0.092941640,0.457200000,0.457200000
95.516116754,5.812333094,4.626019755,-6.895357844,0.092941640,0.457200000,0.457200000
95.541048556,5.832753904,4.611716425,-6.893040641,0.092941640,0.457200000,0.457200000
95.565980357,5.853207802,4.597460452,-6.890723438,0.092941640,0.457200000,0.457200000
95.590912158,5.873694679,4.583251913,-6.888406235,0.092941640,0.457200000,0.457200000
95.615843959,5.894214425,4.569090885,-6.886089032,0.092941640,0.457200000,0.457200000
95.640775761,5.914766930,4.554977443,-6.883771829,0.092941640,0.457200000,0.457200000
95.665707562,5.935352084,4.540911663,-6.881454626,0.092941640,0.457200000,0.457200000
95.690639363,5.955969776,4.526893621,-6.879137423,0.092941640,0.457200000,0.457200000
95.715571164,5.976619895,4.512923392,-6.876820220,0.092941640,0.457200000,0.457200000
95.740502966,5.997302330,4.499001050,-6.874503017,0.092941640,0.457200000,0.457200000
95.765434767,6.018016970,4.485126672,-6.872185814,0.092941640,0.457200000,0.457200000
95.790366568,6.038763705,4.471300331,-6.869868611,0.092941640,0.457200000,0.457200000
95.815298369,6.059542422,4.457522101,-6.867551408,0.092941640,0.457200000,0.457200000
95.840230171,6.080353011,4.443792057,-6.865234205,0.092941640,0.457200000,0.457200000
95.865161972,6.101195359,4.430110271,-6.862917002,0.092941640,0.457200000,0.457200000
95.890093773,6.122069354,4.416476819,-6.860599799,0.092941640,0.457200000,0.457200000
95.915025574,6.142974885,4.402891772,-6.858282596,0.092941640,0.457200000,0.457200000
95.939957375,6.163911839,4.389355204,-6.855965393,0.092941640,0.457200000,0.457200000
95.964889177,6.184880104,4.375867188,-6.853648190,0.092941640,0.457200000,0.457200000
95.989820978,6.205879567,4.362427796,-6.851330987,0.092941640,0.457200000,0.457200000
96.014752779,6.226910115,4.349037099,-6.849013784,0.092941640,0.457200000,0.457200000
96.039684580,6.247971636,4.335695171,-6.846696581,0.092941640,0.457200000,0.457200000
96.064616382,6.269064016,4.322402082,-6.844379378,0.092941640,0.457200000,0.457200000
96.089548183,6.290187143,4.309157904,-6.842062175,0.092941640,0.457200000,0.457200000
96.114479984,6.311340902,4.295962708,-6.839744971,0.092941640,0.457200000,0.457200000
96.139411785,6.332525180,4.282816565,-6.837427768,0.092941640,0.457200000,0.457200000
96.164343587,6.353739863,4.269719546,-6.835110565,0.092941640,0.457200000,0.457200000
96.189275388,6.374984838,4.256671720,-6.832793362,0.092941640,0.457200000,0.457200000
96.214207189,6.396259991,4.243673158,-6.830476159,0.092941640,0.457200000,0.457200000
96.239138990,6.417565206,4.230723930,-6.828158956,0.092941640,0.457200000,0.457200000
96.264070792,6.438900370,4.217824106,-6.825841753,0.092941640,0.457200000,0.457200000
96.289002593,6.460265369,4.204973754,-6.823524550,0.092941640,0.457200000,0.457200000
96.313934394,6.481660087,4.192172943,-6.821207347,0.092941640,0.457200000,0.457200000
96.338866195,6.503084409,4.179421742,-6.818890144,0.092941640,0.457200000,0.457200000
96.363797997,6.524538222,4.166720221,-6.816572941,0.092941640,0.457200000,0.457200000
96.388729798,6.546021408,4.154068446,-6.814255738,0.092941640,0.457200000,0.457200000
96.413661599,6.567533854,4.141466486,-6.811938535,0.092941640,0.457200000,0.457200000
96.438593400,6.589075443,4.128914408,-6.809621332,0.092941640,0.457200000,0.457200000
96.463525202,6.610646060,4.116412280,-6.807304129,0.092941640,0.457200000,0.457200000
96.488457003,6.632245589,4.103960170,-6.804986926,0.092941640,0.457200000,0.457200000
96.513388804,6.653873914,4.091558143,-6.802669723,0.092941640,0.457200000,0.457200000
96.538320605,6.675530919,4.079206267,-6.800352520,0.092941640,0.457200000,0.457200000
96.563252407,6.697216488,4.066904607,-6.798035317,0.092941640,0.457200000,0.457200000
96.588184208,6.718930503,4.054653230,-6.795718114,0.092941640,0.457200000,0.457200000
96.613116009,6.740672850,4.042452202,-6.793400911,0.092941640,0.457200000,0.457200000
96.638047810,6.762443410,4.030301588,-6.791083708,0.092941640,0.457200000,0.457200000
96.662979612,6.784242067,4.018201454,-6.788766505,0.092941640,0.457200000,0.457200000
96.687911413,6.806068705,4.006151864,-6.786449302,0.092941640,0.457200000,0.457200000
96.712843214,6.827923204,3.994152883,-6.784132099,0.092941640,0.457200000,0.457200000
96.737775015,6.849805450,3.982204575,-6.781814896,0.092941640,0.457200000,0.457200000
96.762706817,6.871715323,3.970307005,-6.779497693,0.092941640,0.457200000,0.457200000
96.787638618,6.893652706,3.958460236,-6.777180490,0.092941640,0.457200000,0.457200000
96.812570419,6.915617482,3.946664333,-6.774863287,0.092941640,0.457200000,0.457200000
96.837502220,6.937609532,3.934919358,-6.772546084,0.092941640,0.457200000,0.457200000
96.862434022,6.959628739,3.923225375,-6.770228881,0.092941640,0.457200000,0.457200000
96.887365823,6.981674984,3.911582446,-6.767911678,0.092941640,0.457200000,0.457200000
96.912297624,7.003748149,3.899990634,-6.765594475,0.092941640,0.457200000,0.457200000
96.937229425,7.025848115,3.888450000,-6.763277272,0.092941640,0.457200000,0.457200000
96.962161227,7.047974764,3.876960608,-6.760960069,0.092941640,0.457200000,0.457200000
96.987093028,7.070127976,3.865522519,-6.758642866,0.092941640,0.457200000,0.457200000
97.012024829,7.092307634,3.854135794,-6.756325663,0.092941640,0.457200000,0.457200000
97.036956630,7.114513617,3.842800494,-6.754008460,0.092941640,0.457200000,0.457200000
97.061888432,7.136745807,3.831516680,-6.751691257,0.092941640,0.457200000,0.457200000
97.086820233,7.159004084,3.820284413,-6.749374054,0.092941640,0.457200000,0.457200000
97.111752034,7.181288328,3.809103753,-6.747056851,0.092941640,0.457200000,0.457200000
97.136683835,7.203598421,3.797974761,-6.744739648,0.092941640,0.457200000,0.457200000
97.161615637,7.225934242,3.786897495,-6.742422445,0.092941640,0.457200000,0.457200000
97.186547438,7.248295671,3.775872015,-6.740105242,0.092941640,0.457200000,0.457200000
97.211479239,7.270682588,3.764898381,-6.737788039,0.092941640,0.457200000,0.457200000
97.236411040,7.293094873,3.753976651,-6.735470836,0.072424722,0.457200000,0.457200000
97.261376661,7.315560071,3.743086421,-6.733662707,0.072424722,0.457200000,0.457200000
97.286342282,7.338044923,3.732236829,-6.731854579,0.072424722,0.457200000,0.457200000
97.311307902,7.360549356,3.721427910,-6.730046451,0.072424722,0.457200000,0.457200000
97.336273523,7.383073296,3.710659700,-6.728238322,0.072424722,0.457200000,0.457200000
97.361239144,7.405616669,3.699932234,-6.726430194,0.072424722,0.457200000,0.457200000
97.386204765,7.428179402,3.689245546,-6.724622065,0.072424722,0.457200000,0.457200000
97.411170385,7.450761421,3.678599672,-6.722813937,0.072424722,0.457200000,0.457200000
97.436136006,7.473362652,3.667994646,-6.721005809,0.072424722,0.457200000,0.457200000
97.461101627,7.495983022,3.657430504,-6.719197680,0.072424722,0.457200000,0.457200000
97.486067247,7.518622456,3.646907280,-6.717389552,0.072424722,0.457200000,0.457200000
97.511032868,7.541280880,3.636425008,-6.715581424,0.072424722,0.457200000,0.457200000
97.535998489,7.563958220,3.625983722,-6.713773295,0.072424722,0.457200000,0.457200000
97.560964109,7.586654403,3.615583457,-6.711965167,0.072424722,0.457200000,0.457200000
97.585929730,7.609369353,3.605224246,-6.710157038,0.072424722,0.457200000,0.457200000
97.610895351,7.632102997,3.594906124,-6.708348910,0.072424722,0.457200000,0.457200000
97.635860972,7.654855261,3.584629124,-6.706540782,0.072424722,0.457200000,0.457200000
97.660826592,7.677626069,3.574393280,-6.704732653,0.072424722,0.457200000,0.457200000
97.685792213,7.700415348,3.564198625,-6.702924525,0.072424722,0.457200000,0.457200000
97.710757834,7.723223023,3.554045193,-6.701116397,0.072424722,0.457200000,0.457200000
97.735723454,7.746049019,3.543933017,-6.699308268,0.072424722,0.457200000,0.457200000
97.760689075,7.768893262,3.533862129,-6.697500140,0.072424722,0.457200000,0.457200000
97.785654696,7.791755677,3.523832563,-6.695692011,0.072424722,0.457200000,0.457200000
97.810620317,7.814636190,3.513844352,-6.693883883,0.072424722,0.457200000,0.457200000
97.835585937,7.837534725,3.503897528,-6.692075755,0.072424722,0.457200000,0.457200000
97.860551558,7.860451208,3.493992123,-6.690267626,0.072424722,0.457200000,0.457200000
97.885517179,7.883385563,3.484128171,-6.688459498,0.072424722,0.457200000,0.457200000
97.910482799,7.906337716,3.474305703,-6.686651370,0.072424722,0.457200000,0.457200000
97.935448420,7.929307592,3.464524752,-6.684843241,0.072424722,0.457200000,0.457200000
97.960414041,7.952295116,3.454785349,-6.683035113,0.072424722,0.457200000,0.457200000
97.985379662,7.975300212,3.445087526,-6.681226984,0.072424722,0.457200000,0.457200000
98.010345282,7.998322806,3.435431315,-6.679418856,0.072424722,0.457200000,0.457200000
98.035310903,8.021362821,3.425816748,-6.677610728,0.072424722,0.457200000,0.457200000
98.060276524,8.044420184,3.416243856,-6.675802599,0.072424722,0.457200000,0.457200000
98.085242144,8.067494817,3.406712670,-6.673994471,0.072424722,0.457200000,0.457200000
98.110207765,8.090586647,3.397223222,-6.672186342,0.072424722,0.457200000,0.457200000
98.135173386,8.113695596,3.387775542,-6.670378214,0.072424722,0.457200000,0.457200000
98.160139006,8.136821591,3.378369661,-6.668570086,0.072424722,0.457200000,0.457200000
98.185104627,8.159964555,3.369005611,-6.666761957,0.072424722,0.457200000,0.457200000
98.210070248,8.183124412,3.359683421,-6.664953829,0.072424722,0.457200000,0.457200000
98.235035869,8.206301088,3.350403123,-6.663145701,0.072424722,0.457200000,0.457200000
98.260001489,8.229494505,3.341164746,-6.661337572,0.072424722,0.457200000,0.457200000
98.284967110,8.252704589,3.331968321,-6.659529444,0.072424722,0.457200000,0.457200000
98.309932731,8.275931263,3.322813877,-6.657721315,0.072424722,0.457200000,0.457200000
98.334898351,8.299174451,3.313701446,-6.655913187,0.072424722,0.457200000,0.457200000
98.359863972,8.322434078,3.304631056,-6.654105059,0.072424722,0.457200000,0.457200000
98.384829593,8.345710067,3.295602737,-6.652296930,0.072424722,0.457200000,0.457200000
98.409795214,8.369002343,3.286616519,-6.650488802,0.072424722,0.457200000,0.457200000
98.434760834,8.392310829,3.277672431,-6.648680674,0.072424722,0.457200000,0.457200000
98.459726455,8.415635448,3.268770502,-6.646872545,0.072424722,0.457200000,0.457200000
98.484692076,8.438976126,3.259910762,-6.645064417,0.072424722,0.457200000,0.457200000
98.509657696,8.462332784,3.251093239,-6.643256288,0.072424722,0.457200000,0.457200000
98.534623317,8.485705348,3.242317962,-6.641448160,0.072424722,0.457200000,0.457200000
98.559588938,8.509093740,3.233584960,-6.639640032,0.072424722,0.457200000,0.457200000
98.584554559,8.532497885,3.224894262,-6.637831903,0.072424722,0.457200000,0.457200000
98.609520179,8.555917705,3.216245896,-6.636023775,0.072424722,0.457200000,0.457200000
98.634485800,8.579353124,3.207639889,-6.634215647,0.072424722,0.457200000,0.457200000
98.659451421,8.602804066,3.199076271,-6.632407518,0.072424722,0.457200000,0.457200000
98.684417041,8.626270453,3.190555070,-6.630599390,0.072424722,0.457200000,0.457200000
98.709382662,8.649752210,3.182076312,-6.628791261,0.072424722,0.457200000,0.457200000
98.734348283,8.673249259,3.173640027,-6.626983133,0.072424722,0.457200000,0.457200000
98.759313904,8.696761523,3.165246241,-6.625175005,0.072424722,0.457200000,0.457200000
98.784279524,8.720288926,3.156894981,-6.623366876,0.072424722,0.457200000,0.457200000
98.809245145,8.743831390,3.148586276,-6.621558748,0.072424722,0.457200000,0.457200000
98.834210766,8.767388840,3.140320152,-6.619750619,0.072424722,0.457200000,0.457200000
98.859176386,8.790961197,3.132096637,-6.617942491,0.072424722,0.457200000,0.457200000
98.884142007,8.814548384,3.123915757,-6.616134363,0.072424722,0.457200000,0.457200000
98.909107628,8.838150325,3.115777539,-6.614326234,0.072424722,0.457200000,0.457200000
98.934073248,8.861766943,3.107682009,-6.612518106,0.072424722,0.457200000,0.457200000
98.959038869,8.885398159,3.099629195,-6.610709978,0.072424722,0.457200000,0.457200000
98.984004490,8.909043898,3.091619122,-6.608901849,0.072424722,0.457200000,0.457200000
99.008970111,8.932704081,3.083651817,-6.607093721,0.072424722,0.457200000,0.457200000
99.033935731,8.956378631,3.075727305,-6.605285592,0.072424722,0.457200000,0.457200000
99.058901352,8.980067471,3.067845613,-6.603477464,0.072424722,0.457200000,0.457200000
99.083866973,9.003770524,3.060006766,-6.601669336,0.072424722,0.457200000,0.457200000
99.108832593,9.027487711,3.052210790,-6.599861207,0.072424722,0.457200000,0.457200000
99.133798214,9.051218956,3.044457711,-6.598053079,0.072424722,0.457200000,0.457200000
99.158763835,9.074964180,3.036747553,-6.596244951,0.072424722,0.457200000,0.457200000
99.183729456,9.098723307,3.029080342,-6.594436822,0.072424722,0.457200000,0.457200000
99.208695076,9.122496258,3.021456104,-6.592628694,0.072424722,0.457200000,0.457200000
99.233660697,9.146282956,3.013874862,-6.590820565,0.072424722,0.457200000,0.457200000
99.258626318,9.170083323,3.006336642,-6.589012437,0.072424722,0.457200000,0.457200000
99.283591938,9.193897281,2.998841469,-6.587204309,0.072424722,0.457200000,0.457200000
99.308557559,9.217724752,2.991389366,-6.585396180,0.072424722,0.457200000,0.457200000
99.333523180,9.241565659,2.983980359,-6.583588052,0.072424722,0.457200000,0.457200000
99.358488801,9.265419923,2.976614471,-6.581779924,0.072424722,0.457200000,0.457200000
99.383454421,9.289287466,2.969291727,-6.579971795,0.072424722,0.457200000,0.457200000
99.408420042,9.313168211,2.962012151,-6.578163667,0.072424722,0.457200000,0.457200000
99.433385663,9.337062080,2.954775765,-6.576355538,0.072424722,0.457200000,0.457200000
99.458351283,9.360968993,2.947582595,-6.574547410,0.072424722,0.457200000,0.457200000
99.483316904,9.384888874,2.940432663,-6.572739282,0.072424722,0.457200000,0.457200000
99.508282525,9.408821643,2.933325993,-6.570931153,0.072424722,0.457200000,0.457200000
99.533248145,9.432767224,2.926262609,-6.569123025,0.072424722,0.457200000,0.457200000
99.558213766,9.456725536,2.919242532,-6.567314896,0.072424722,0.457200000,0.457200000
99.583179387,9.480696503,2.912265787,-6.565506768,0.072424722,0.457200000,0.457200000
99.608145008,9.504680045,2.905332395,-6.563698640,0.072424722,0.457200000,0.457200000
99.633110628,9.528676085,2.898442380,-6.561890511,0.072424722,0.457200000,0.457200000
99.658076249,9.552684543,2.891595765,-6.560082383,0.072424722,0.457200000,0.457200000
99.683041870,9.576705342,2.884792571,-6.558274255,0.072424722,0.457200000,0.457200000
99.708007490,9.600738402,2.878032820,-6.556466126,0.072424722,0.457200000,0.457200000
99.732973111,9.624783646,2.871316536,-6.554657998,0.072424722,0.457200000,0.457200000
99.757938732,9.648840994,2.864643739,-6.552849869,0.072424722,0.457200000,0.457200000
99.782904353,9.672910368,2.858014452,-6.551041741,0.072424722,0.457200000,0.457200000
99.807869973,9.696991690,2.851428697,-6.549233613,0.072424722,0.457200000,0.457200000
99.832835594,9.721084879,2.844886494,-6.547425484,0.072424722,0.457200000,0.457200000
99.857801215,9.745189859,2.838387865,-6.545617356,0.072424722,0.457200000,0.457200000
99.882766835,9.769306550,2.831932832,-6.543809228,0.072424722,0.457200000,0.457200000
99.907732456,9.793434872,2.825521416,-6.542001099,0.072424722,0.457200000,0.457200000
99.932698077,9.817574748,2.819153637,-6.540192971,0.072424722,0.457200000,0.457200000
99.957663698,9.841726099,2.812829517,-6.538384842,0.072424722,0.457200000,0.457200000
99.982629318,9.865888844,2.806549075,-6.536576714,0.072424722,0.457200000,0.457200000
100.007594939,9.890062906,2.800312333,-6.534768586,0.072424722,0.457200000,0.457200000
100.032560560,9.914248205,2.794119312,-6.532960457,0.072424722,0.457200000,0.457200000
100.057526180,9.938444663,2.787970030,-6.531152329,0.072424722,0.457200000,0.457200000
100.082491801,9.962652199,2.781864509,-6.529344201,0.072424722,0.457200000,0.457200000
100.107457422,9.986870736,2.775802768,-6.527536072,0.072424722,0.457200000,0.457200000
100.132423043,10.011100193,2.769784827,-6.525727944,0.072424722,0.457200000,0.457200000
100.157388663,10.035340492,2.763810706,-6.523919815,0.072424722,0.457200000,0.457200000
100.182354284,10.059591554,2.757880424,-6.522111687,0.072424722,0.457200000,0.457200000
100.207319905,10.083853298,2.751994001,-6.520303559,0.072424722,0.457200000,0.457200000
100.232285525,10.108125646,2.746151456,-6.518495430,0.072424722,0.457200000,0.457200000
100.257251146,10.132408519,2.740352808,-6.516687302,0.072424722,0.457200000,0.457200000
100.282216767,10.156701836,2.734598076,-6.514879173,0.072424722,0.457200000,0.457200000
100.307182387,10.181005519,2.728887278,-6.513071045,0.072424722,0.457200000,0.457200000
100.332148008,10.205319488,2.723220435,-6.511262917,0.072424722,0.457200000,0.457200000
100.357113629,10.229643664,2.717597563,-6.509454788,0.072424722,0.457200000,0.457200000
100.382079250,10.253977967,2.712018681,-6.507646660,0.072424722,0.457200000,0.457200000
100.407044870,10.278322318,2.706483809,-6.505838532,0.072424722,0.457200000,0.457200000
100.432010491,10.302676636,2.700992963,-6.504030403,0.072424722,0.457200000,0.457200000
100.456976112,10.327040843,2.695546161,-6.502222275,0.072424722,0.457200000,0.457200000
100.481941732,10.351414858,2.690143423,-6.500414146,0.072424722,0.457200000,0.457200000
100.506907353,10.375798603,2.684784764,-6.498606018,0.072424722,0.457200000,0.457200000
100.531872974,10.400191997,2.679470203,-6.496797890,0.072424722,0.457200000,0.457200000
100.556838595,10.424594960,2.674199757,-6.494989761,0.072424722,0.457200000,0.457200000
100.581804215,10.449007413,2.668973444,-6.493181633,0.059328027,0.457200000,0.457200000
100.606730836,10.473390273,2.663795360,-6.491702786,0.059328027,0.457200000,0.457200000
100.631657457,10.497780764,2.658653341,-6.490223938,0.059328027,0.457200000,0.457200000
100.656584078,10.522178833,2.653547397,-6.488745091,0.059328027,0.457200000,0.457200000
100.681510698,10.546584426,2.648477540,-6.487266243,0.059328027,0.457200000,0.457200000
100.706437319,10.570997490,2.643443780,-6.485787396,0.059328027,0.457200000,0.457200000
100.731363940,10.595417971,2.638446129,-6.484308549,0.059328027,0.457200000,0.457200000
100.756290561,10.619845817,2.633484598,-6.482829701,0.059328027,0.457200000,0.457200000
100.781217181,10.644280973,2.628559197,-6.481350854,0.059328027,0.457200000,0.457200000
100.806143802,10.668723386,2.623669938,-6.479872007,0.059328027,0.457200000,0.457200000
100.831070423,10.693173003,2.618816830,-6.478393159,0.059328027,0.457200000,0.457200000
100.855997043,10.717629770,2.613999885,-6.476914312,0.059328027,0.457200000,0.457200000
100.880923664,10.742093634,2.609219113,-6.475435465,0.059328027,0.457200000,0.457200000
100.905850285,10.766564541,2.604474524,-6.473956617,0.059328027,0.457200000,0.457200000
100.930776906,10.791042438,2.599766130,-6.472477770,0.059328027,0.457200000,0.457200000
100.955703526,10.815527272,2.595093939,-6.470998922,0.059328027,0.457200000,0.457200000
100.980630147,10.840018988,2.590457964,-6.469520075,0.059328027,0.457200000,0.457200000
101.005556768,10.864517533,2.585858212,-6.468041228,0.059328027,0.457200000,0.457200000
101.030483389,10.889022853,2.581294695,-6.466562380,0.059328027,0.457200000,0.457200000
101.055410009,10.913534896,2.576767423,-6.465083533,0.059328027,0.457200000,0.457200000
101.080336630,10.938053607,2.572276406,-6.463604686,0.059328027,0.457200000,0.457200000
101.105263251,10.962578932,2.567821652,-6.462125838,0.059328027,0.457200000,0.457200000
101.130189872,10.987110819,2.563403173,-6.460646991,0.059328027,0.457200000,0.457200000
101.155116492,11.011649213,2.559020978,-6.459168144,0.059328027,0.457200000,0.457200000
101.180043113,11.036194061,2.554675076,-6.457689296,0.059328027,0.457200000,0.457200000
101.204969734,11.060745309,2.550365476,-6.456210449,0.059328027,0.457200000,0.457200000
101.229896355,11.085302903,2.546092189,-6.454731601,0.059328027,0.457200000,0.457200000
101.254822975,11.109866790,2.541855224,-6.453252754,0.059328027,0.457200000,0.457200000
101.279749596,11.134436916,2.537654589,-6.451773907,0.059328027,0.457200000,0.457200000
101.304676217,11.159013227,2.533490294,-6.450295059,0.059328027,0.457200000,0.457200000
101.329602838,11.183595670,2.529362349,-6.448816212,0.059328027,0.457200000,0.457200000
101.354529458,11.208184190,2.525270762,-6.447337365,0.059328027,0.457200000,0.457200000
101.379456079,11.232778735,2.521215541,-6.445858517,0.059328027,0.457200000,0.457200000
101.404382700,11.257379249,2.517196697,-6.444379670,0.059328027,0.457200000,0.457200000
101.429309321,11.281985680,2.513214238,-6.442900823,0.059328027,0.457200000,0.457200000
101.454235941,11.306597973,2.509268172,-6.441421975,0.059328027,0.457200000,0.457200000
101.479162562,11.331216075,2.505358508,-6.439943128,0.059328027,0.457200000,0.457200000
101.504089183,11.355839932,2.501485255,-6.438464280,0.059328027,0.457200000,0.457200000
101.529015804,11.380469490,2.497648421,-6.436985433,0.059328027,0.457200000,0.457200000
101.553942424,11.405104696,2.493848015,-6.435506586,0.059328027,0.457200000,0.457200000
101.578869045,11.429745494,2.490084045,-6.434027738,0.059328027,0.457200000,0.457200000
101.603795666,11.454391832,2.486356518,-6.432548891,0.059328027,0.457200000,0.457200000
101.628722287,11.479043655,2.482665444,-6.431070044,0.059328027,0.457200000,0.457200000
101.653648907,11.503700910,2.479010830,-6.429591196,0.059328027,0.457200000,0.457200000
101.678575528,11.528363543,2.475392684,-6.428112349,0.059328027,0.457200000,0.457200000
101.703502149,11.553031499,2.471811015,-6.426633502,0.059328027,0.457200000,0.457200000
101.728428770,11.577704725,2.468265830,-6.425154654,0.059328027,0.457200000,0.457200000
101.753355390,11.602383167,2.464757136,-6.423675807,0.059328027,0.457200000,0.457200000
101.778282011,11.627066771,2.461284942,-6.422196959,0.059328027,0.457200000,0.457200000
101.803208632,11.651755482,2.457849255,-6.420718112,0.059328027,0.457200000,0.457200000
101.828135253,11.676449247,2.454450083,-6.419239265,0.059328027,0.457200000,0.457200000
101.853061873,11.701148013,2.451087432,-6.417760417,0.059328027,0.457200000,0.457200000
101.877988494,11.725851724,2.447761311,-6.416281570,0.059328027,0.457200000,0.457200000
101.902915115,11.750560327,2.444471727,-6.414802723,0.059328027,0.457200000,0.457200000
101.927841736,11.775273767,2.441218686,-6.413323875,0.059328027,0.457200000,0.457200000
101.952768356,11.799991992,2.438002197,-6.411845028,0.059328027,0.457200000,0.457200000
101.977694977,11.824714946,2.434822265,-6.410366181,0.059328027,0.457200000,0.457200000
102.002621598,11.849442575,2.431678898,-6.408887333,0.059328027,0.457200000,0.457200000
102.027548219,11.874174826,2.428572104,-6.407408486,0.059328027,0.457200000,0.457200000
102.052474839,11.898911645,2.425501887,-6.405929638,0.059328027,0.457200000,0.457200000
102.077401460,11.923652977,2.422468256,-6.404450791,0.059328027,0.457200000,0.457200000
102.102328081,11.948398768,2.419471217,-6.402971944,0.059328027,0.457200000,0.457200000
102.127254702,11.973148964,2.416510777,-6.401493096,0.059328027,0.457200000,0.457200000
102.152181322,11.997903512,2.413586941,-6.400014249,0.059328027,0.457200000,0.457200000
102.177107943,12.022662356,2.410699717,-6.398535402,0.059328027,0.457200000,0.457200000
102.202034564,12.047425442,2.407849111,-6.397056554,0.059328027,0.457200000,0.457200000
102.226961185,12.072192718,2.405035128,-6.395577707,0.059328027,0.457200000,0.457200000
102.251887805,12.096964127,2.402257776,-6.394098860,0.059328027,0.457200000,0.457200000
102.276814426,12.121739617,2.399517060,-6.392620012,0.059328027,0.457200000,0.457200000
102.301741047,12.146519133,2.396812986,-6.391141165,0.059328027,0.457200000,0.457200000
102.326667668,12.171302621,2.394145560,-6.389662317,0.059328027,0.457200000,0.457200000
102.351594288,12.196090026,2.391514788,-6.388183470,0.059328027,0.457200000,0.457200000
102.376520909,12.220881295,2.388920675,-6.386704623,0.059328027,0.457200000,0.457200000
102.401447530,12.245676372,2.386363228,-6.385225775,0.059328027,0.457200000,0.457200000
102.426374151,12.270475205,2.383842452,-6.383746928,0.059328027,0.457200000,0.457200000
102.451300771,12.295277739,2.381358352,-6.382268081,0.059328027,0.457200000,0.457200000
102.476227392,12.320083919,2.378910934,-6.380789233,0.059328027,0.457200000,0.457200000
102.501154013,12.344893691,2.376500203,-6.379310386,0.059328027,0.457200000,0.457200000
102.526080634,12.369707001,2.374126165,-6.377831538,0.059328027,0.457200000,0.457200000
102.551007254,12.394523795,2.371788825,-6.376352691,0.059328027,0.457200000,0.457200000
102.575933875,12.419344019,2.369488187,-6.374873844,0.059328027,0.457200000,0.457200000
102.600860496,12.444167617,2.367224257,-6.373394996,0.059328027,0.457200000,0.457200000
102.625787117,12.468994537,2.364997040,-6.371916149,0.059328027,0.457200000,0.457200000
102.650713737,12.493824722,2.362806540,-6.370437302,0.059328027,0.457200000,0.457200000
102.675640358,12.518658121,2.360652763,-6.368958454,0.059328027,0.457200000,0.457200000
102.700566979,12.543494677,2.358535713,-6.367479607,0.059328027,0.457200000,0.457200000
102.725493600,12.568334337,2.356455395,-6.366000760,0.059328027,0.457200000,0.457200000
102.750420220,12.593177046,2.354411813,-6.364521912,0.059328027,0.457200000,0.457200000
102.775346841,12.618022750,2.352404972,-6.363043065,0.059328027,0.457200000,0.457200000
102.800273462,12.642871394,2.350434877,-6.361564217,0.059328027,0.457200000,0.457200000
102.825200083,12.667722926,2.348501530,-6.360085370,0.059328027,0.457200000,0.457200000
102.850126703,12.692577288,2.346604938,-6.358606523,0.059328027,0.457200000,0.457200000
102.875053324,12.717434429,2.344745103,-6.357127675,0.059328027,0.457200000,0.457200000
102.899979945,12.742294293,2.342922030,-6.355648828,0.059328027,0.457200000,0.457200000
102.924906566,12.767156825,2.341135723,-6.354169981,0.059328027,0.457200000,0.457200000
102.949833186,12.792021973,2.339386186,-6.352691133,0.059328027,0.457200000,0.457200000
102.974759807,12.816889680,2.337673423,-6.351212286,0.059328027,0.457200000,0.457200000
102.999686428,12.841759893,2.335997437,-6.349733439,0.059328027,0.457200000,0.457200000
103.024613049,12.866632557,2.334358232,-6.348254591,0.059328027,0.457200000,0.457200000
103.049539669,12.891507618,2.332755811,-6.346775744,0.059328027,0.457200000,0.457200000
103.074466290,12.916385022,2.331190179,-6.345296896,0.059328027,0.457200000,0.457200000
103.099392911,12.941264714,2.329661339,-6.343818049,0.059328027,0.457200000,0.457200000
103.124319532,12.966146640,2.328169293,-6.342339202,0.059328027,0.457200000,0.457200000
103.149246152,12.991030744,2.326714046,-6.340860354,0.059328027,0.457200000,0.457200000
103.174172773,13.015916974,2.325295600,-6.339381507,0.059328027,0.457200000,0.457200000
103.199099394,13.040805274,2.323913958,-6.337902660,0.059328027,0.457200000,0.457200000
103.224026015,13.065695591,2.322569124,-6.336423812,0.059328027,0.457200000,0.457200000
103.248952635,13.090587869,2.321261100,-6.334944965,0.059328027,0.457200000,0.457200000
103.273879256,13.115482054,2.319989890,-6.333466118,0.059328027,0.457200000,0.457200000
103.298805877,13.140378091,2.318755496,-6.331987270,0.059328027,0.457200000,0.457200000
103.323732498,13.165275927,2.317557920,-6.330508423,0.059328027,0.457200000,0.457200000
103.348659118,13.190175507,2.316397166,-6.329029575,0.059328027,0.457200000,0.457200000
103.373585739,13.215076776,2.315273236,-6.327550728,0.059328027,0.457200000,0.457200000
103.398512360,13.239979680,2.314186132,-6.326071881,0.059328027,0.457200000,0.457200000
103.423438981,13.264884164,2.313135857,-6.324593033,0.059328027,0.457200000,0.457200000
103.448365601,13.289790175,2.312122413,-6.323114186,0.059328027,0.457200000,0.457200000
103.473292222,13.314697657,2.311145803,-6.321635339,0.059328027,0.457200000,0.457200000
103.498218843,13.339606556,2.310206027,-6.320156491,0.059328027,0.457200000,0.457200000
103.523145464,13.364516817,2.309303090,-6.318677644,0.059328027,0.457200000,0.457200000
103.548072084,13.389428387,2.308436991,-6.317198797,0.059328027,0.457200000,0.457200000
103.572998705,13.414341210,2.307607734,-6.315719949,0.059328027,0.457200000,0.457200000
103.597925326,13.439255232,2.306815321,-6.314241102,0.059328027,0.457200000,0.457200000
103.622851947,13.464170399,2.306059752,-6.312762254,0.059328027,0.457200000,0.457200000
103.647778567,13.489086656,2.305341029,-6.311283407,0.059328027,0.457200000,0.457200000
103.672705188,13.514003948,2.304659155,-6.309804560,0.059328027,0.457200000,0.457200000
103.697631809,13.538922222,2.304014130,-6.308325712,0.059328027,0.457200000,0.457200000
103.722558430,13.563841422,2.303405957,-6.306846865,0.059328027,0.457200000,0.457200000
103.747485050,13.588761495,2.302834635,-6.305368018,0.059328027,0.457200000,0.457200000
103.772411671,13.613682385,2.302300168,-6.303889170,0.059328027,0.457200000,0.457200000
103.797338292,13.638604038,2.301802555,-6.302410323,0.059328027,0.457200000,0.457200000
103.822264913,13.663526400,2.301341798,-6.300931476,0.059328027,0.457200000,0.457200000
103.847191533,13.688449416,2.300917897,-6.299452628,0.059328027,0.457200000,0.457200000
103.872118154,13.713373032,2.300530855,-6.297973781,0.059328027,0.457200000,0.457200000
103.897044775,13.738297193,2.300180671,-6.296494933,0.059328027,0.457200000,0.457200000
103.921971395,13.763221844,2.299867347,-6.295016086,0.059328027,0.457200000,0.457200000
103.946898016,13.788146932,2.299590882,-6.293537239,0.059328027,0.457200000,0.457200000
103.971824637,13.813072401,2.299351279,-6.292058391,0.059328027,0.457200000,0.457200000
103.996751258,13.837998197,2.299148536,-6.290579544,0.059328027,0.457200000,0.457200000
104.021677878,13.862924266,2.298982655,-6.289100697,0.059328027,0.457200000,0.457200000
104.046604499,13.887850553,2.298853637,-6.287621849,0.059328027,0.457200000,0.457200000
104.071531120,13.912777003,2.298761480,-6.286143002,0.059328027,0.457200000,0.457200000
104.096457741,13.937703563,2.298706186,-6.284664155,0.059328027,0.457200000,0.457200000
104.121384361,13.962630177,2.298687755,-6.283185307,0.000000000,0.457200000,0.457200000
104.146350656,13.987596471,2.298687755,-6.283185307,0.000000000,0.457200000,0.457200000
104.171316951,14.012562766,2.298687755,-6.283185307,0.000000000,0.457200000,0.457200000
104.196283246,14.037529061,2.298687755,-6.283185307,0.000000000,0.457200000,0.457200000
104.221249541,14.062495356,2.298687755,-6.283185307,0.000000000,0.457200000,0.457200000
104.246215836,14.087461651,2.298687755,-6.283185307,0.000000000,0.457200000,0.457200000
104.271182131,14.112427946,2.298687755,-6.283185307,0.000000000,0.457200000,0.457200000
104.296148426,14.137394241,2.298687755,-6.283185307,0.000000000,0.457200000,0.457200000
104.321114720,14.162360536,2.298687755,-6.283185307,0.000000000,0.457200000,0.457200000
104.346081015,14.187326830,2.298687755,-6.283185307,0.000000000,0.457200000,0.457200000
104.371047310,14.212293125,2.298687755,-6.283185307,0.000000000,0.457200000,0.457200000
104.396013605,14.237259420,2.298687755,-6.283185307,0.000000000,0.457200000,0.457200000
104.420979900,14.262225715,2.298687755,-6.283185307,0.000000000,0.457200000,0.457200000
104.445946195,14.287192010,2.298687755,-6.283185307,0.000000000,0.457200000,0.457200000
104.470912490,14.312158305,2.298687755,-6.283185307,0.000000000,0.457200000,0.457200000
104.495878785,14.337124600,2.298687755,-6.283185307,0.000000000,0.457200000,0.457200000
104.520845079,14.362090895,2.298687755,-6.283185307,0.000000000,0.457200000,0.457200000
104.545811374,14.387057189,2.298687755,-6.283185307,0.000000000,0.457200000,0.457200000
104.570777669,14.412023484,2.298687755,-6.283185307,0.000000000,0.457200000,0.457200000
104.595743964,14.436989779,2.298687755,-6.283185307,0.000000000,0.457200000,0.457200000
104.620710259,14.461956074,2.298687755,-6.283185307,0.000000000,0.457200000,0.457200000
104.645676554,14.486922369,2.298687755,-6.283185307,0.000000000,0.457200000,0.457200000
104.670642849,14.511888664,2.298687755,-6.283185307,0.000000000,0.457200000,0.457200000
104.695609144,14.536854959,2.298687755,-6.283185307,0.000000000,0.457200000,0.457200000
104.720575438,14.561821254,2.298687755,-6.283185307,0.000000000,0.457200000,0.457200000
104.745541733,14.586787548,2.298687755,-6.283185307,0.000000000,0.457200000,0.457200000
104.770508028,14.611753843,2.298687755,-6.283185307,0.000000000,0.457200000,0.457200000
104.795474323,14.636720138,2.298687755,-6.283185307,0.000000000,0.457200000,0.457200000
104.820440618,14.661686433,2.298687755,-6.283185307,0.000000000,0.457200000,0.457200000
104.845406913,14.686652728,2.298687755,-6.283185307,0.000000000,0.457200000,0.457200000
104.870373208,14.711619023,2.298687755,-6.283185307,0.000000000,0.457200000,0.457200000
104.895339503,14.736585318,2.298687755,-6.283185307,0.000000000,0.457200000,0.457200000
104.920305797,14.761551613,2.298687755,-6.283185307,0.000000000,0.457200000,0.457200000
104.945272092,14.786517907,2.298687755,-6.283185307,0.000000000,0.457200000,0.457200000
104.970238387,14.811484202,2.298687755,-6.283185307,0.000000000,0.457200000,0.457200000
104.995204682,14.836450497,2.298687755,-6.283185307,0.000000000,0.457200000,0.457200000
105.020170977,14.861416792,2.298687755,-6.283185307,0.000000000,0.457200000,0.457200000
105.045137272,14.886383087,2.298687755,-6.283185307,0.000000000,0.457200000,0.457200000
105.070103567,14.911349382,2.298687755,-6.283185307,0.000000000,0.457200000,0.457200000
105.095069862,14.936315677,2.298687755,-6.283185307,0.000000000,0.457200000,0.457200000
105.120036156,14.961281972,2.298687755,-6.283185307,0.000000000,0.457200000,0.457200000
105.145002451,14.986248266,2.298687755,-6.283185307,0.000000000,0.457200000,0.457200000
105.169968746,15.011214561,2.298687755,-6.283185307,0.000000000,0.457200000,0.457200000
105.194935041,15.036180856,2.298687755,-6.283185307,0.000000000,0.457200000,0.457200000
105.219901336,15.061147151,2.298687755,-6.283185307,0.000000000,0.457200000,0.457200000
105.244867631,15.086113446,2.298687755,-6.283185307,0.000000000,0.457200000,0.457200000
105.269833926,15.111079741,2.298687755,-6.283185307,0.000000000,0.457200000,0.457200000
105.294800221,15.136046036,2.298687755,-6.283185307,0.000000000,0.457200000,0.457200000
105.319766515,15.161012331,2.298687755,-6.283185307,0.000000000,0.457200000,0.457200000
105.344732810,15.185978625,2.298687755,-6.283185307,0.000000000,0.457200000,0.457200000
105.369699105,15.210944920,2.298687755,-6.283185307,0.000000000,0.457200000,0.457200000
105.394665400,15.235911215,2.298687755,-6.283185307,0.000000000,0.457200000,0.457200000
105.419631695,15.260877510,2.298687755,-6.283185307,0.000000000,0.457200000,0.457200000
105.444597990,15.285843805,2.298687755,-6.283185307,0.000000000,0.457200000,0.457200000
105.469564285,15.310810100,2.298687755,-6.283185307,0.000000000,0.457200000,0.457200000
105.494530580,15.335776395,2.298687755,-6.283185307,0.000000000,0.457200000,0.457200000
105.519496874,15.360742690,2.298687755,-6.283185307,0.000000000,0.457200000,0.457200000
105.544463169,15.385708984,2.298687755,-6.283185307,0.000000000,0.457200000,0.457200000
105.569429464,15.410675279,2.298687755,-6.283185307,0.000000000,0.457200000,0.457200000
105.594395759,15.435641574,2.298687755,-6.283185307,0.000000000,0.457200000,0.457200000
105.619362054,15.460607869,2.298687755,-6.283185307,0.000000000,0.457200000,0.457200000
105.644328349,15.485574164,2.298687755,-6.283185307,0.000000000,0.457200000,0.457200000
105.669294644,15.510540459,2.298687755,-6.283185307,0.000000000,0.457200000,0.457200000
105.694260939,15.535506754,2.298687755,-6.283185307,0.000000000,0.457200000,0.457200000
105.719227233,15.560473049,2.298687755,-6.283185307,0.000000000,0.457200000,0.457200000
105.744193528,15.585439343,2.298687755,-6.283185307,0.000000000,0.457200000,0.457200000
105.769159823,15.610405638,2.298687755,-6.283185307,0.000000000,0.457200000,0.457200000
105.794126118,15.635371933,2.298687755,-6.283185307,0.000000000,0.457200000,0.457200000
105.819092413,15.660338228,2.298687755,-6.283185307,0.000000000,0.457200000,0.457200000
105.844058708,15.685304523,2.298687755,-6.283185307,0.000000000,0.457200000,0.457200000
105.869025003,15.710270818,2.298687755,-6.283185307,0.000000000,0.457200000,0.457200000
105.893991298,15.735237113,2.298687755,-6.283185307,0.000000000,0.457200000,0.457200000
105.918957592,15.760203408,2.298687755,-6.283185307,0.000000000,0.457200000,0.457200000
105.943923887,15.785169702,2.298687755,-6.283185307,0.000000000,0.457200000,0.457200000
105.968890182,15.810135997,2.298687755,-6.283185307,0.000000000,0.457200000,0.457200000
105.993856477,15.835102292,2.298687755,-6.283185307,0.000000000,0.457200000,0.457200000
106.018822772,15.860068587,2.298687755,-6.283185307,0.000000000,0.457200000,0.457200000
106.043789067,15.885034882,2.298687755,-6.283185307,0.000000000,0.457200000,0.457200000
106.068755362,15.910001177,2.298687755,-6.283185307,0.000000000,0.457200000,0.457200000
106.093721657,15.934967472,2.298687755,-6.283185307,0.000000000,0.457200000,0.457200000
106.118687951,15.959933767,2.298687755,-6.283185307,0.000000000,0.457200000,0.457200000
106.143654246,15.984900061,2.298687755,-6.283185307,0.000000000,0.457200000,0.457200000
106.168620541,16.009866356,2.298687755,-6.283185307,0.000000000,0.457200000,0.457200000
106.193586836,16.034832651,2.298687755,-6.283185307,0.000000000,0.457200000,0.457200000
106.218553131,16.059798946,2.298687755,-6.283185307,0.000000000,0.457200000,0.457200000
106.243519426,16.084765241,2.298687755,-6.283185307,0.000000000,0.457200000,0.457200000
106.268485721,16.109731536,2.298687755,-6.283185307,0.000000000,0.457200000,0.457200000
106.293452016,16.134697831,2.298687755,-6.283185307,0.000000000,0.457200000,0.457200000
106.318418310,16.159664126,2.298687755,-6.283185307,0.000000000,0.457200000,0.457200000
106.343384605,16.184630420,2.298687755,-6.283185307,0.000000000,0.457200000,0.457200000
106.368350900,16.209596715,2.298687755,-6.283185307,0.000000000,0.457200000,0.457200000
106.393317195,16.234563010,2.298687755,-6.283185307,0.000000000,0.457200000,0.457200000
106.418283490,16.259529305,2.298687755,-6.283185307,0.000000000,0.457200000,0.457200000
106.443249785,16.284495600,2.298687755,-6.283185307,0.000000000,0.457200000,0.457200000
106.468216080,16.309461895,2.298687755,-6.283185307,0.000000000,0.457200000,0.457200000
106.493182375,16.334428190,2.298687755,-6.283185307,0.000000000,0.457200000,0.457200000
106.518148669,16.359394485,2.298687755,-6.283185307,0.000000000,0.457200000,0.457200000
106.543114964,16.384360779,2.298687755,-6.283185307,0.000000000,0.457200000,0.457200000
106.568081259,16.409327074,2.298687755,-6.283185307,0.000000000,0.457200000,0.457200000
106.593047554,16.434293369,2.298687755,-6.283185307,0.000000000,0.457200000,0.457200000
106.618013849,16.459259664,2.298687755,-6.283185307,0.000000000,0.457200000,0.457200000
106.642980144,16.484225959,2.298687755,-6.283185307,0.000000000,0.457200000,0.457200000
106.667946439,16.509192254,2.298687755,-6.283185307,0.000000000,0.457200000,0.457200000
106.692912734,16.534158549,2.298687755,-6.283185307,0.000000000,0.457200000,0.457200000
106.717879028,16.559124844,2.298687755,-6.283185307,0.000000000,0.457200000,0.457200000
106.742845323,16.584091138,2.298687755,-6.283185307,0.000000000,0.457200000,0.457200000
106.767811618,16.609057433,2.298687755,-6.283185307,0.000000000,0.457200000,0.457200000
106.792777913,16.634023728,2.298687755,-6.283185307,0.000000000,0.457200000,0.457200000
106.817744208,16.658990023,2.298687755,-6.283185307,0.000000000,0.457200000,0.457200000
106.842710503,16.683956318,2.298687755,-6.283185307,0.000000000,0.457200000,0.457200000
106.867676798,16.708922613,2.298687755,-6.283185307,0.000000000,0.457200000,0.457200000
106.892643093,16.733888908,2.298687755,-6.283185307,0.000000000,0.457200000,0.457200000
106.917609387,16.758855203,2.298687755,-6.283185307,0.000000000,0.457200000,0.457200000
106.942575682,16.783821497,2.298687755,-6.283185307,0.000000000,0.457200000,0.457200000
106.967541977,16.808787792,2.298687755,-6.283185307,0.000000000,0.457200000,0.457200000
106.992508272,16.833754087,2.298687755,-6.283185307,0.000000000,0.457200000,0.457200000
107.017474567,16.858720382,2.298687755,-6.283185307,0.000000000,0.457200000,0.457200000
107.042440862,16.883686677,2.298687755,-6.283185307,0.000000000,0.457200000,0.457200000
107.067407157,16.908652972,2.298687755,-6.283185307,0.000000000,0.457200000,0.457200000
107.092373452,16.933619267,2.298687755,-6.283185307,0.000000000,0.457200000,0.457200000
107.117339746,16.958585562,2.298687755,-6.283185307,0.000000000,0.457200000,0.457200000
107.142306041,16.983551856,2.298687755,-6.283185307,0.000000000,0.457200000,0.457200000
107.167272336,17.008518151,2.298687755,-6.283185307,0.000000000,0.457200000,0.457200000
107.192238631,17.033484446,2.298687755,-6.283185307,0.000000000,0.457200000,0.457200000
107.217204926,17.058450741,2.298687755,-6.283185307,0.000000000,0.457200000,0.457200000
107.242171221,17.083417036,2.298687755,-6.283185307,0.000000000,0.457200000,0.457200000
107.267137516,17.108383331,2.298687755,-6.283185307,0.000000000,0.457200000,0.457200000
107.292103811,17.133349626,2.298687755,-6.283185307,0.000000000,0.457200000,0.457200000
107.317070105,17.158315921,2.298687755,-6.283185307,0.000000000,0.457200000,0.457200000
107.342036400,17.183282215,2.298687755,-6.283185307,0.000000000,0.457200000,0.457200000
107.367002695,17.208248510,2.298687755,-6.283185307,0.000000000,0.457200000,0.457200000
107.391968990,17.233214805,2.298687755,-6.283185307,0.000000000,0.457200000,0.457200000
107.416935285,17.258181100,2.298687755,-6.283185307,0.000000000,0.457200000,0.457200000
107.441901580,17.283147395,2.298687755,-6.283185307,0.000000000,0.457200000,0.457200000
107.466867875,17.308113690,2.298687755,-6.283185307,0.000000000,0.457200000,0.457200000
107.491834170,17.333079985,2.298687755,-6.283185307,0.000000000,0.457200000,0.457200000
107.516800464,17.358046280,2.298687755,-6.283185307,0.000000000,0.457200000,0.457200000
107.541766759,17.383012574,2.298687755,-6.283185307,0.000000000,0.457200000,0.457200000
107.566733054,17.407978869,2.298687755,-6.283185307,0.000000000,0.457200000,0.457200000
107.591699349,17.432945164,2.298687755,-6.283185307,0.000000000,0.457200000,0.457200000
107.616665644,17.457911459,2.298687755,-6.283185307,0.000000000,0.457200000,0.457200000
107.641631939,17.482877754,2.298687755,-6.283185307,0.000000000,0.457200000,0.457200000
107.666598234,17.507844049,2.298687755,-6.283185307,0.000000000,0.457200000,0.457200000
107.691564529,17.532810344,2.298687755,-6.283185307,0.000000000,0.457200000,0.457200000
107.716530823,17.557776639,2.298687755,-6.283185307,0.000000000,0.457200000,0.457200000
107.741497118,17.582742933,2.298687755,-6.283185307,0.000000000,0.457200000,0.457200000
107.766463413,17.607709228,2.298687755,-6.283185307,0.000000000,0.457200000,0.457200000
107.791429708,17.632675523,2.298687755,-6.283185307,0.000000000,0.457200000,0.457200000
107.816396003,17.657641818,2.298687755,-6.283185307,0.000000000,0.457200000,0.457200000
107.841362298,17.682608113,2.298687755,-6.283185307,0.000000000,0.457200000,0.457200000
107.866328593,17.707574408,2.298687755,-6.283185307,0.000000000,0.457200000,0.457200000
107.891294888,17.732540703,2.298687755,-6.283185307,0.000000000,0.457200000,0.457200000
107.916261182,17.757506998,2.298687755,-6.283185307,0.000000000,0.457200000,0.457200000
107.941227477,17.782473292,2.298687755,-6.283185307,0.000000000,0.457200000,0.457200000
107.966193772,17.807439587,2.298687755,-6.283185307,0.000000000,0.457200000,0.457200000
107.991160067,17.832405882,2.298687755,-6.283185307,0.000000000,0.457200000,0.457200000
108.016126362,17.857372177,2.298687755,-6.283185307,0.000000000,0.457200000,0.457200000
108.041092657,17.882338472,2.298687755,-6.283185307,0.000000000,0.457200000,0.457200000
108.066058952,17.907304767,2.298687755,-6.283185307,0.000000000,0.457200000,0.457200000
108.091025247,17.932271062,2.298687755,-6.283185307,0.000000000,0.457200000,0.457200000
108.115991541,17.957237357,2.298687755,-6.283185307,0.000000000,0.457200000,0.457200000
108.140957836,17.982203651,2.298687755,-6.283185307,0.000000000,0.457200000,0.457200000
108.165924131,18.007169946,2.298687755,-6.283185307,0.000000000,0.457200000,0.457200000
108.190890426,18.032136241,2.298687755,-6.283185307,0.000000000,0.457200000,0.457200000
108.215856721,18.057102536,2.298687755,-6.283185307,0.000000000,0.457200000,0.457200000
108.240823016,18.082068831,2.298687755,-6.283185307,0.000000000,0.457200000,0.457200000
108.265789311,18.107035126,2.298687755,-6.283185307,0.000000000,0.457200000,0.457200000
108.290755606,18.132001421,2.298687755,-6.283185307,0.000000000,0.457200000,0.457200000
108.315721900,18.156967716,2.298687755,-6.283185307,0.000000000,0.457200000,0.457200000
108.340688195,18.181934010,2.298687755,-6.283185307,0.000000000,0.457200000,0.457200000
108.365654490,18.206900305,2.298687755,-6.283185307,0.000000000,0.457200000,0.457200000
108.390620785,18.231866600,2.298687755,-6.283185307,0.000000000,0.457200000,0.457200000
108.415587080,18.256832895,2.298687755,-6.283185307,0.000000000,0.457200000,0.457200000
108.440553375,18.281799190,2.298687755,-6.283185307,0.000000000,0.457200000,0.457200000
108.465519670,18.306765485,2.298687755,-6.283185307,0.000000000,0.457200000,0.457200000
108.490485965,18.331731780,2.298687755,-6.283185307,0.000000000,0.457200000,0.457200000
108.515452259,18.356698075,2.298687755,-6.283185307,0.000000000,0.457200000,0.457200000
108.540418554,18.381664369,2.298687755,-6.283185307,0.000000000,0.457200000,0.457200000
108.565384849,18.406630664,2.298687755,-6.283185307,0.000000000,0.457200000,0.457200000
108.590351144,18.431596959,2.298687755,-6.283185307,0.000000000,0.457200000,0.457200000
108.615317439,18.456563254,2.298687755,-6.283185307,0.000000000,0.457200000,0.457200000
108.640283734,18.481529549,2.298687755,-6.283185307,0.000000000,0.457200000,0.457200000
108.665250029,18.506495844,2.298687755,-6.283185307,0.000000000,0.457200000,0.457200000
108.690216324,18.531462139,2.298687755,-6.283185307,0.000000000,0.457200000,0.457200000
108.715182618,18.556428434,2.298687755,-6.283185307,0.000000000,0.457200000,0.457200000
108.740148913,18.581394728,2.298687755,-6.283185307,0.000000000,0.457200000,0.457200000
108.765115208,18.606361023,2.298687755,-6.283185307,0.000000000,0.457200000,0.457200000
108.790081503,18.631327318,2.298687755,-6.283185307,0.000000000,0.457200000,0.457200000
108.815047798,18.656293613,2.298687755,-6.283185307,0.000000000,0.457200000,0.457200000
108.840014093,18.681259908,2.298687755,-6.283185307,0.000000000,0.457200000,0.457200000
108.864980388,18.706226203,2.298687755,-6.283185307,0.000000000,0.457200000,0.457200000
108.889946683,18.731192498,2.298687755,-6.283185307,0.000000000,0.457200000,0.457200000
108.914912977,18.756158793,2.298687755,-6.283185307,0.000000000,0.457200000,0.457200000
108.939879272,18.781125087,2.298687755,-6.283185307,0.000000000,0.457200000,0.457200000
108.964845567,18.806091382,2.298687755,-6.283185307,0.000000000,0.457200000,0.457200000
108.989811862,18.831057677,2.298687755,-6.283185307,0.000000000,0.457200000,0.457200000
109.014778157,18.856023972,2.298687755,-6.283185307,0.000000000,0.457200000,0.457200000
109.039744452,18.880990267,2.298687755,-6.283185307,0.000000000,0.457200000,0.457200000
109.064710747,18.905956562,2.298687755,-6.283185307,0.000000000,0.457200000,0.457200000
109.089677042,18.930922857,2.298687755,-6.283185307,0.000000000,0.457200000,0.457200000
109.114643336,18.955889152,2.298687755,-6.283185307,0.000000000,0.457200000,0.457200000
109.139609631,18.980855446,2.298687755,-6.283185307,0.000000000,0.457200000,0.457200000
109.164575926,19.005821741,2.298687755,-6.283185307,0.000000000,0.457200000,0.457200000
109.189542221,19.030788036,2.298687755,-6.283185307,0.000000000,0.457200000,0.457200000
109.214508516,19.055754331,2.298687755,-6.283185307,0.000000000,0.457200000,0.457200000
109.239474811,19.080720626,2.298687755,-6.283185307,0.000000000,0.457200000,0.457200000
109.264441106,19.105686921,2.298687755,-6.283185307,0.000000000,0.457200000,0.457200000
109.289407401,19.130653216,2.298687755,-6.283185307,0.000000000,0.457200000,0.457200000
109.314373695,19.155619511,2.298687755,-6.283185307,0.000000000,0.457200000,0.457200000
109.339339990,19.180585805,2.298687755,-6.283185307,0.000000000,0.457200000,0.457200000
109.364306285,19.205552100,2.298687755,-6.283185307,0.000000000,0.457200000,0.457200000
109.389272580,19.230518395,2.298687755,-6.283185307,0.000000000,0.457200000,0.457200000
109.414238875,19.255484690,2.298687755,-6.283185307,0.000000000,0.457200000,0.457200000
109.439205170,19.280450985,2.298687755,-6.283185307,0.000000000,0.457200000,0.457200000
109.464171465,19.305417280,2.298687755,-6.283185307,0.000000000,0.457200000,0.457200000
109.489137760,19.330383575,2.298687755,-6.283185307,0.000000000,0.457200000,0.457200000
109.514104054,19.355349870,2.298687755,-6.283185307,0.000000000,0.457200000,0.457200000
109.539070349,19.380316164,2.298687755,-6.283185307,0.000000000,0.457200000,0.457200000
109.564036644,19.405282459,2.298687755,-6.283185307,0.000000000,0.457200000,0.457200000
109.589002939,19.430248754,2.298687755,-6.283185307,0.000000000,0.457200000,0.457200000
109.613969234,19.455215049,2.298687755,-6.283185307,0.000000000,0.457200000,0.457200000
109.638935529,19.480181344,2.298687755,-6.283185307,0.000000000,0.457200000,0.457200000
109.663901824,19.505147639,2.298687755,-6.283185307,0.000000000,0.457200000,0.457200000
109.688868119,19.530113934,2.298687755,-6.283185307,0.000000000,0.457200000,0.457200000
109.713834413,19.555080229,2.298687755,-6.283185307,0.000000000,0.457200000,0.457200000
109.738800708,19.580046523,2.298687755,-6.283185307,0.000000000,0.457200000,0.457200000
109.763767003,19.605012818,2.298687755,-6.283185307,0.000000000,0.457200000,0.457200000
109.788733298,19.629979113,2.298687755,-6.283185307,0.000000000,0.457200000,0.457200000
109.813699593,19.654945408,2.298687755,-6.283185307,0.000000000,0.457200000,0.457200000
109.838665888,19.679911703,2.298687755,-6.283185307,0.000000000,0.457200000,0.457200000
109.863632183,19.704877998,2.298687755,-6.283185307,0.000000000,0.457200000,0.457200000
109.888598478,19.729844293,2.298687755,-6.283185307,0.000000000,0.457200000,0.457200000
109.913564772,19.754810588,2.298687755,-6.283185307,0.000000000,0.457200000,0.457200000
109.938531067,19.779776882,2.298687755,-6.283185307,0.000000000,0.457200000,0.457200000
109.963497362,19.804743177,2.298687755,-6.283185307,0.000000000,0.457200000,0.457200000
109.988463657,19.829709472,2.298687755,-6.283185307,0.000000000,0.457200000,0.457200000
110.013429952,19.854675767,2.298687755,-6.283185307,0.000000000,0.457200000,0.457200000
110.038396247,19.879642062,2.298687755,-6.283185307,0.000000000,0.457200000,0.457200000
110.063362542,19.904608357,2.298687755,-6.283185307,0.000000000,0.457200000,0.457200000
110.088328837,19.929574652,2.298687755,-6.283185307,0.000000000,0.457200000,0.457200000
110.113295131,19.954540947,2.298687755,-6.283185307,0.000000000,0.457200000,0.457200000
110.138261426,19.979507241,2.298687755,-6.283185307,0.000000000,0.457200000,0.457200000
110.163227721,20.004473536,2.298687755,-6.283185307,0.000000000,0.457200000,0.457200000
110.188194016,20.029439831,2.298687755,-6.283185307,0.000000000,0.457200000,0.457200000
110.213160311,20.054406126,2.298687755,-6.283185307,0.000000000,0.457200000,0.457200000
110.238126606,20.079372421,2.298687755,-6.283185307,0.000000000,0.457200000,0.457200000
110.263092901,20.104338716,2.298687755,-6.283185307,0.000000000,0.457200000,0.457200000
110.288059196,20.129305011,2.298687755,-6.283185307,0.000000000,0.457200000,0.457200000
110.313025490,20.154271306,2.298687755,-6.283185307,0.000000000,0.457200000,0.457200000
110.337991785,20.179237600,2.298687755,-6.283185307,0.000000000,0.457200000,0.457200000
110.362958080,20.204203895,2.298687755,-6.283185307,0.000000000,0.457200000,0.457200000
110.387924375,20.229170190,2.298687755,-6.283185307,0.000000000,0.457200000,0.457200000
110.412890670,20.254136485,2.298687755,-6.283185307,0.000000000,0.457200000,0.457200000
110.437856965,20.279102780,2.298687755,-6.283185307,0.000000000,0.457200000,0.457200000
110.462823260,20.304069075,2.298687755,-6.283185307,0.000000000,0.457200000,0.457200000
110.487789555,20.329035370,2.298687755,-6.283185307,0.000000000,0.457200000,0.457200000
110.512755849,20.354001665,2.298687755,-6.283185307,0.000000000,0.457200000,0.457200000
110.537722144,20.378967959,2.298687755,-6.283185307,0.000000000,0.457200000,0.457200000
110.562688439,20.403934254,2.298687755,-6.283185307,0.000000000,0.457200000,0.457200000
110.587654734,20.428900549,2.298687755,-6.283185307,0.000000000,0.457200000,0.457200000
110.612621029,20.453866844,2.298687755,-6.283185307,0.000000000,0.457200000,0.457200000
110.637587324,20.478833139,2.298687755,-6.283185307,0.000000000,0.457200000,0.457200000
110.662553619,20.503799434,2.298687755,-6.283185307,0.000000000,0.457200000,0.457200000
110.687519914,20.528765729,2.298687755,-6.283185307,0.000000000,0.457200000,0.457200000
110.712486208,20.553732024,2.298687755,-6.283185307,0.000000000,0.457200000,0.457200000
110.737452503,20.578698318,2.298687755,-6.283185307,0.000000000,0.457200000,0.457200000
110.762418798,20.603664613,2.298687755,-6.283185307,0.000000000,0.457200000,0.457200000
110.787385093,20.628630908,2.298687755,-6.283185307,0.000000000,0.457200000,0.457200000
