{
  "type": "FeatureCollection",
  "coordinate_frame": "speed_course_map",
  "coordinate_units": "meters",
  "geographic_crs": false,
  "features": [
    {
      "type": "Feature",
      "properties": {
        "id": "closed_circuit_centerline",
        "length_m": 110.78755444788182
      },
      "geometry": {
        "type": "LineString",
        "coordinates": [
          [
            20.62863090812533,
            2.2986877548722693
          ],
          [
            20.6536131276382,
            2.2986877548722693
          ],
          [
            20.67859534715107,
            2.2986877548722693
          ],
          [
            20.703577566663938,
            2.2986877548722693
          ],
          [
            20.72855978617681,
            2.2986877548722693
          ],
          [
            20.753542005689678,
            2.2986877548722693
          ],
          [
            20.77852422520255,
            2.2986877548722693
          ],
          [
            20.803506444715417,
            2.2986877548722693
          ],
          [
            20.82848866422829,
            2.2986877548722693
          ],
          [
            20.853470883741156,
            2.2986877548722693
          ],
          [
            20.878453103254028,
            2.2986877548722693
          ],
          [
            20.903435322766896,
            2.2986877548722693
          ],
          [
            20.928417542279767,
            2.2986877548722693
          ],
          [
            20.953399761792635,
            2.2986877548722693
          ],
          [
            20.978381981305507,
            2.2986877548722693
          ],
          [
            21.003364200818375,
            2.2986877548722693
          ],
          [
            21.028346420331246,
            2.2986877548722693
          ],
          [
            21.053328639844114,
            2.2986877548722693
          ],
          [
            21.078310859356986,
            2.2986877548722693
          ],
          [
            21.103293078869854,
            2.2986877548722693
          ],
          [
            21.128275298382725,
            2.2986877548722693
          ],
          [
            21.153257517895593,
            2.2986877548722693
          ],
          [
            21.178239737408465,
            2.2986877548722693
          ],
          [
            21.203221956921332,
            2.2986877548722693
          ],
          [
            21.228204176434204,
            2.2986877548722693
          ],
          [
            21.253186395947072,
            2.2986877548722693
          ],
          [
            21.278168615459943,
            2.2986877548722693
          ],
          [
            21.30315083497281,
            2.2986877548722693
          ],
          [
            21.328133054485683,
            2.2986877548722693
          ],
          [
            21.35311527399855,
            2.2986877548722693
          ],
          [
            21.378097493511422,
            2.2986877548722693
          ],
          [
            21.40307971302429,
            2.2986877548722693
          ],
          [
            21.42806193253716,
            2.2986877548722693
          ],
          [
            21.45304415205003,
            2.2986877548722693
          ],
          [
            21.4780263715629,
            2.2986877548722693
          ],
          [
            21.50300859107577,
            2.2986877548722693
          ],
          [
            21.52799081058864,
            2.2986877548722693
          ],
          [
            21.55297303010151,
            2.2986877548722693
          ],
          [
            21.57795524961438,
            2.2986877548722693
          ],
          [
            21.602937469127248,
            2.2986877548722693
          ],
          [
            21.62791968864012,
            2.2986877548722693
          ],
          [
            21.652901908152987,
            2.2986877548722693
          ],
          [
            21.67788412766586,
            2.2986877548722693
          ],
          [
            21.702866347178727,
            2.2986877548722693
          ],
          [
            21.7278485666916,
            2.2986877548722693
          ],
          [
            21.752830786204466,
            2.2986877548722693
          ],
          [
            21.777813005717334,
            2.2986877548722693
          ],
          [
            21.802795225230206,
            2.2986877548722693
          ],
          [
            21.827777444743077,
            2.2986877548722693
          ],
          [
            21.852759664255945,
            2.2986877548722693
          ],
          [
            21.877741883768813,
            2.2986877548722693
          ],
          [
            21.902724103281685,
            2.2986877548722693
          ],
          [
            21.927706322794553,
            2.2986877548722693
          ],
          [
            21.952688542307424,
            2.2986877548722693
          ],
          [
            21.977670761820292,
            2.2986877548722693
          ],
          [
            22.002652981333163,
            2.2986877548722693
          ],
          [
            22.02763520084603,
            2.2986877548722693
          ],
          [
            22.052617420358903,
            2.2986877548722693
          ],
          [
            22.07759963987177,
            2.2986877548722693
          ],
          [
            22.102581859384642,
            2.2986877548722693
          ],
          [
            22.12756407889751,
            2.2986877548722693
          ],
          [
            22.152546298410382,
            2.2986877548722693
          ],
          [
            22.17752851792325,
            2.2986877548722693
          ],
          [
            22.20251073743612,
            2.2986877548722693
          ],
          [
            22.22749295694899,
            2.2986877548722693
          ],
          [
            22.25247517646186,
            2.2986877548722693
          ],
          [
            22.27745739597473,
            2.2986877548722693
          ],
          [
            22.3024396154876,
            2.2986877548722693
          ],
          [
            22.327421835000468,
            2.2986877548722693
          ],
          [
            22.35240405451334,
            2.2986877548722693
          ],
          [
            22.377386274026208,
            2.2986877548722693
          ],
          [
            22.40236849353908,
            2.2986877548722693
          ],
          [
            22.427350713051947,
            2.2986877548722693
          ],
          [
            22.45233293256482,
            2.2986877548722693
          ],
          [
            22.477315152077686,
            2.2986877548722693
          ],
          [
            22.502297371590558,
            2.2986877548722693
          ],
          [
            22.527279591103426,
            2.2986877548722693
          ],
          [
            22.552261810616297,
            2.2986877548722693
          ],
          [
            22.577244030129165,
            2.2986877548722693
          ],
          [
            22.602226249642037,
            2.2986877548722693
          ],
          [
            22.627208469154905,
            2.2986877548722693
          ],
          [
            22.652190688667776,
            2.2986877548722693
          ],
          [
            22.677172908180644,
            2.2986877548722693
          ],
          [
            22.702155127693516,
            2.2986877548722693
          ],
          [
            22.727137347206384,
            2.2986877548722693
          ],
          [
            22.752119566719255,
            2.2986877548722693
          ],
          [
            22.777101786232123,
            2.2986877548722693
          ],
          [
            22.802084005744994,
            2.2986877548722693
          ],
          [
            22.827066225257862,
            2.2986877548722693
          ],
          [
            22.852048444770734,
            2.2986877548722693
          ],
          [
            22.877030664283602,
            2.2986877548722693
          ],
          [
            22.902012883796473,
            2.2986877548722693
          ],
          [
            22.92699510330934,
            2.2986877548722693
          ],
          [
            22.95197732282221,
            2.2986877548722693
          ],
          [
            22.97695954233508,
            2.2986877548722693
          ],
          [
            23.001941761847952,
            2.2986877548722693
          ],
          [
            23.02692398136082,
            2.2986877548722693
          ],
          [
            23.051906200873688,
            2.2986877548722693
          ],
          [
            23.07688842038656,
            2.2986877548722693
          ],
          [
            23.10187063989943,
            2.2986877548722693
          ],
          [
            23.1268528594123,
            2.2986877548722693
          ],
          [
            23.151835078925167,
            2.2986877548722693
          ],
          [
            23.17681729843804,
            2.2986877548722693
          ],
          [
            23.201799517950906,
            2.2986877548722693
          ],
          [
            23.226781737463778,
            2.2986877548722693
          ],
          [
            23.251763956976646,
            2.2986877548722693
          ],
          [
            23.276746176489517,
            2.2986877548722693
          ],
          [
            23.301728396002385,
            2.2986877548722693
          ],
          [
            23.326710615515257,
            2.2986877548722693
          ],
          [
            23.351692835028125,
            2.2986877548722693
          ],
          [
            23.376675054540996,
            2.2986877548722693
          ],
          [
            23.401657274053864,
            2.2986877548722693
          ],
          [
            23.426639493566736,
            2.2986877548722693
          ],
          [
            23.451621713079604,
            2.2986877548722693
          ],
          [
            23.476603932592475,
            2.2986877548722693
          ],
          [
            23.501586152105343,
            2.2986877548722693
          ],
          [
            23.526568371618215,
            2.2986877548722693
          ],
          [
            23.551550591131083,
            2.2986877548722693
          ],
          [
            23.576532810643954,
            2.2986877548722693
          ],
          [
            23.601515030156822,
            2.2986877548722693
          ],
          [
            23.626497249669693,
            2.2986877548722693
          ],
          [
            23.65147946918256,
            2.2986877548722693
          ],
          [
            23.676461688695433,
            2.2986877548722693
          ],
          [
            23.7014439082083,
            2.2986877548722693
          ],
          [
            23.726426127721172,
            2.2986877548722693
          ],
          [
            23.75140834723404,
            2.2986877548722693
          ],
          [
            23.77639056674691,
            2.2986877548722693
          ],
          [
            23.80137278625978,
            2.2986877548722693
          ],
          [
            23.82635500577265,
            2.2986877548722693
          ],
          [
            23.85133722528552,
            2.2986877548722693
          ],
          [
            23.87631944479839,
            2.2986877548722693
          ],
          [
            23.90130166431126,
            2.2986877548722693
          ],
          [
            23.92628388382413,
            2.2986877548722693
          ],
          [
            23.951266103336998,
            2.2986877548722693
          ],
          [
            23.97624832284987,
            2.2986877548722693
          ],
          [
            24.001230542362737,
            2.2986877548722693
          ],
          [
            24.02621276187561,
            2.2986877548722693
          ],
          [
            24.051194981388477,
            2.2986877548722693
          ],
          [
            24.07617720090135,
            2.2986877548722693
          ],
          [
            24.101159420414216,
            2.2986877548722693
          ],
          [
            24.126141639927084,
            2.2986877548722693
          ],
          [
            24.151123859439956,
            2.2986877548722693
          ],
          [
            24.176106078952824,
            2.2986877548722693
          ],
          [
            24.201088298465695,
            2.2986877548722693
          ],
          [
            24.226070517978563,
            2.2986877548722693
          ],
          [
            24.251052737491435,
            2.2986877548722693
          ],
          [
            24.276034957004303,
            2.2986877548722693
          ],
          [
            24.301017176517174,
            2.2986877548722693
          ],
          [
            24.325999396030042,
            2.2986877548722693
          ],
          [
            24.350981615542914,
            2.2986877548722693
          ],
          [
            24.37596383505578,
            2.2986877548722693
          ],
          [
            24.400946054568653,
            2.2986877548722693
          ],
          [
            24.42592827408152,
            2.2986877548722693
          ],
          [
            24.450910493594392,
            2.2986877548722693
          ],
          [
            24.47589271310726,
            2.2986877548722693
          ],
          [
            24.500874932620132,
            2.2986877548722693
          ],
          [
            24.525857152133,
            2.2986877548722693
          ],
          [
            24.55083937164587,
            2.2986877548722693
          ],
          [
            24.57582159115874,
            2.2986877548722693
          ],
          [
            24.60080381067161,
            2.2986877548722693
          ],
          [
            24.62578603018448,
            2.2986877548722693
          ],
          [
            24.65076824969735,
            2.2986877548722693
          ],
          [
            24.675750469210218,
            2.2986877548722693
          ],
          [
            24.70073268872309,
            2.2986877548722693
          ],
          [
            24.725714908235958,
            2.2986877548722693
          ],
          [
            24.75069712774883,
            2.2986877548722693
          ],
          [
            24.775679347261697,
            2.2986877548722693
          ],
          [
            24.80066156677457,
            2.2986877548722693
          ],
          [
            24.825643786287436,
            2.2986877548722693
          ],
          [
            24.850626005800308,
            2.2986877548722693
          ],
          [
            24.875608225313176,
            2.2986877548722693
          ],
          [
            24.900590444826044,
            2.2986877548722693
          ],
          [
            24.925572664338915,
            2.2986877548722693
          ],
          [
            24.950554883851787,
            2.2986877548722693
          ],
          [
            24.975537103364655,
            2.2986877548722693
          ],
          [
            25.000519322877523,
            2.2986877548722693
          ],
          [
            25.025501542390394,
            2.2986877548722693
          ],
          [
            25.050483761903266,
            2.2986877548722693
          ],
          [
            25.075465981416134,
            2.2986877548722693
          ],
          [
            25.100448200929,
            2.2986877548722693
          ],
          [
            25.125430420441873,
            2.2986877548722693
          ],
          [
            25.150412639954745,
            2.2986877548722693
          ],
          [
            25.175394859467612,
            2.2986877548722693
          ],
          [
            25.20037707898048,
            2.2986877548722693
          ],
          [
            25.225359298493352,
            2.2986877548722693
          ],
          [
            25.250341518006223,
            2.2986877548722693
          ],
          [
            25.27532373751909,
            2.2986877548722693
          ],
          [
            25.30030595703196,
            2.2986877548722693
          ],
          [
            25.32528817654483,
            2.2986877548722693
          ],
          [
            25.350270396057702,
            2.2986877548722693
          ],
          [
            25.37525261557057,
            2.2986877548722693
          ],
          [
            25.400234835083438,
            2.2986877548722693
          ],
          [
            25.42521705459631,
            2.2986877548722693
          ],
          [
            25.450199274109178,
            2.2986877548722693
          ],
          [
            25.47518149362205,
            2.2986877548722693
          ],
          [
            25.500163713134917,
            2.2986877548722693
          ],
          [
            25.52514593264779,
            2.2986877548722693
          ],
          [
            25.550128152160656,
            2.2986877548722693
          ],
          [
            25.575110371673528,
            2.2986877548722693
          ],
          [
            25.600092591186396,
            2.2986877548722693
          ],
          [
            25.625074810699267,
            2.2986877548722693
          ],
          [
            25.650057030212135,
            2.2986877548722693
          ],
          [
            25.675039249725007,
            2.2986877548722693
          ],
          [
            25.700021469237875,
            2.2986877548722693
          ],
          [
            25.725003688750746,
            2.2986877548722693
          ],
          [
            25.749985908263614,
            2.2986877548722693
          ],
          [
            25.774968127776486,
            2.2986877548722693
          ],
          [
            25.799950347289354,
            2.2986877548722693
          ],
          [
            25.824932566802225,
            2.2986877548722693
          ],
          [
            25.849914786315093,
            2.2986877548722693
          ],
          [
            25.874897005827965,
            2.2986877548722693
          ],
          [
            25.899879225340833,
            2.2986877548722693
          ],
          [
            25.924861444853704,
            2.2986877548722693
          ],
          [
            25.949843664366572,
            2.2986877548722693
          ],
          [
            25.974825883879443,
            2.2986877548722693
          ],
          [
            25.99980810339231,
            2.2986877548722693
          ],
          [
            26.024790322905183,
            2.2986877548722693
          ],
          [
            26.04977254241805,
            2.2986877548722693
          ],
          [
            26.074754761930922,
            2.2986877548722693
          ],
          [
            26.09973698144379,
            2.2986877548722693
          ],
          [
            26.124719200956662,
            2.2986877548722693
          ],
          [
            26.14970142046953,
            2.2986877548722693
          ],
          [
            26.1746836399824,
            2.2986877548722693
          ],
          [
            26.19966585949527,
            2.2986877548722693
          ],
          [
            26.22464807900814,
            2.2986877548722693
          ],
          [
            26.24963029852101,
            2.2986877548722693
          ],
          [
            26.274612518033877,
            2.2986877548722693
          ],
          [
            26.299594737546748,
            2.2986877548722693
          ],
          [
            26.32457695705962,
            2.2986877548722693
          ],
          [
            26.349559176572487,
            2.2986877548722693
          ],
          [
            26.374541396085355,
            2.2986877548722693
          ],
          [
            26.399523615598227,
            2.2986877548722693
          ],
          [
            26.4245058351111,
            2.2986877548722693
          ],
          [
            26.449488054623966,
            2.2986877548722693
          ],
          [
            26.474470274136834,
            2.2986877548722693
          ],
          [
            26.499452493649706,
            2.2986877548722693
          ],
          [
            26.524434713162577,
            2.2986877548722693
          ],
          [
            26.549416932675445,
            2.2986877548722693
          ],
          [
            26.574399152188313,
            2.2986877548722693
          ],
          [
            26.599381371701185,
            2.2986877548722693
          ],
          [
            26.624363591214056,
            2.2986877548722693
          ],
          [
            26.649345810726924,
            2.2986877548722693
          ],
          [
            26.674328030239792,
            2.2986877548722693
          ],
          [
            26.699310249752664,
            2.2986877548722693
          ],
          [
            26.724292469265535,
            2.2986877548722693
          ],
          [
            26.749274688778403,
            2.2986877548722693
          ],
          [
            26.77425690829127,
            2.2986877548722693
          ],
          [
            26.799239127804142,
            2.2986877548722693
          ],
          [
            26.82422134731701,
            2.2986877548722693
          ],
          [
            26.849203566829882,
            2.2986877548722693
          ],
          [
            26.87418578634275,
            2.2986877548722693
          ],
          [
            26.89916800585562,
            2.2986877548722693
          ],
          [
            26.92415022536849,
            2.2986877548722693
          ],
          [
            26.94913244488136,
            2.2986877548722693
          ],
          [
            26.97411466439423,
            2.2986877548722693
          ],
          [
            26.9990968839071,
            2.2986877548722693
          ],
          [
            27.024079103419968,
            2.2986877548722693
          ],
          [
            27.049061322932836,
            2.2986877548722693
          ],
          [
            27.074043542445708,
            2.2986877548722693
          ],
          [
            27.09902576195858,
            2.2986877548722693
          ],
          [
            27.124007981471447,
            2.2986877548722693
          ],
          [
            27.148990200984315,
            2.2986877548722693
          ],
          [
            27.173972420497186,
            2.2986877548722693
          ],
          [
            27.198954640010058,
            2.2986877548722693
          ],
          [
            27.223936859522926,
            2.2986877548722693
          ],
          [
            27.248919079035794,
            2.2986877548722693
          ],
          [
            27.273901298548665,
            2.2986877548722693
          ],
          [
            27.298883518061537,
            2.2986877548722693
          ],
          [
            27.323865737574405,
            2.2986877548722693
          ],
          [
            27.348847957087273,
            2.2986877548722693
          ],
          [
            27.373830176600144,
            2.298687754872269
          ],
          [
            27.398660300848118,
            2.298706043786847
          ],
          [
            27.423490371212473,
            2.2987609104908913
          ],
          [
            27.44832033380971,
            2.2988523548653355
          ],
          [
            27.473150134756576,
            2.2989803767117394
          ],
          [
            27.497979720170147,
            2.299144975752281
          ],
          [
            27.522809036167985,
            2.2993461516297664
          ],
          [
            27.54763802886822,
            2.299583903907628
          ],
          [
            27.5724666443897,
            2.2998582320699192
          ],
          [
            27.59729482885208,
            2.300169135521326
          ],
          [
            27.62212252837595,
            2.3005166135871598
          ],
          [
            27.64694968908297,
            2.3009006655133533
          ],
          [
            27.671776257095942,
            2.3013212904664897
          ],
          [
            27.696602178538978,
            2.3017784875337703
          ],
          [
            27.72142739953758,
            2.302272255723036
          ],
          [
            27.746251866218767,
            2.3028025939627668
          ],
          [
            27.771075524711208,
            2.3033695011020825
          ],
          [
            27.795898321145323,
            2.3039729759107352
          ],
          [
            27.82072020165339,
            2.304613017079138
          ],
          [
            27.845541112369688,
            2.3052896232183393
          ],
          [
            27.870360999430595,
            2.3060027928600455
          ],
          [
            27.89517980897471,
            2.3067525244566163
          ],
          [
            27.919997487142975,
            2.307538816381058
          ],
          [
            27.944813980078784,
            2.308361666927052
          ],
          [
            27.9696292339281,
            2.3092210743089367
          ],
          [
            27.99444319483958,
            2.3101170366617225
          ],
          [
            28.019255808964687,
            2.311049552041087
          ],
          [
            28.044067022457792,
            2.312018618423391
          ],
          [
            28.068876781476334,
            2.3130242337056686
          ],
          [
            28.093685032180886,
            2.3140663957056447
          ],
          [
            28.1184917207353,
            2.315145102161736
          ],
          [
            28.143296793306817,
            2.3162603507330495
          ],
          [
            28.168100196066185,
            2.317412138999398
          ],
          [
            28.192901875187783,
            2.3186004644612943
          ],
          [
            28.21770177684972,
            2.3198253245399627
          ],
          [
            28.242499847233965,
            2.321086716577348
          ],
          [
            28.267296032526467,
            2.3223846378361195
          ],
          [
            28.29209027891726,
            2.3237190854996648
          ],
          [
            28.316882532600584,
            2.3250900566721135
          ],
          [
            28.34167273977501,
            2.3264975483783346
          ],
          [
            28.366460846643545,
            2.3279415575639426
          ],
          [
            28.391246799413757,
            2.329422081095313
          ],
          [
            28.416030544297882,
            2.3309391157595662
          ],
          [
            28.44081202751296,
            2.3324926582646057
          ],
          [
            28.465591195280922,
            2.334082705239105
          ],
          [
            28.49036799382874,
            2.3357092532325154
          ],
          [
            28.51514236938852,
            2.337372298715078
          ],
          [
            28.539914268197624,
            2.3390718380778424
          ],
          [
            28.564683636498792,
            2.3408078676326447
          ],
          [
            28.589450420540253,
            2.342580383612148
          ],
          [
            28.614214566575846,
            2.3443893821698367
          ],
          [
            28.63897602086514,
            2.346234859380015
          ],
          [
            28.663734729673536,
            2.34811681123783
          ],
          [
            28.6884906392724,
            2.350035233659277
          ],
          [
            28.71324369593916,
            2.351990122481208
          ],
          [
            28.737993845957448,
            2.353981473461335
          ],
          [
            28.76274103561721,
            2.3560092822782472
          ],
          [
            28.787485211214797,
            2.3580735445314183
          ],
          [
            28.81222631905311,
            2.3601742557412067
          ],
          [
            28.83696430544171,
            2.362311411348884
          ],
          [
            28.861699116696933,
            2.364485006716631
          ],
          [
            28.886430699141997,
            2.366695037127542
          ],
          [
            28.911158999107126,
            2.3689414977856558
          ],
          [
            28.935883962929683,
            2.3712243838159495
          ],
          [
            28.960605536954255,
            2.3735436902643556
          ],
          [
            28.985323667532793,
            2.3758994120977626
          ],
          [
            29.010038301024718,
            2.3782915442040498
          ],
          [
            29.034749383797035,
            2.38072008139207
          ],
          [
            29.059456862224465,
            2.383185018391675
          ],
          [
            29.08416068268955,
            2.385686349853735
          ],
          [
            29.108860791582753,
            2.3882240703501303
          ],
          [
            29.133557135302617,
            2.390798174373778
          ],
          [
            29.15824966025583,
            2.3934086563386394
          ],
          [
            29.182938312857388,
            2.396055510579732
          ],
          [
            29.20762303953068,
            2.3987387313531485
          ],
          [
            29.232303786707618,
            2.401458312836052
          ],
          [
            29.256980500828746,
            2.404214249126703
          ],
          [
            29.281653128343365,
            2.4070065342444735
          ],
          [
            29.30632161570964,
            2.4098351621298555
          ],
          [
            29.330985909394723,
            2.412700126644463
          ],
          [
            29.355645955874866,
            2.4156014215710684
          ],
          [
            29.380301701635542,
            2.4185390406135987
          ],
          [
            29.40495309317155,
            2.421512977397157
          ],
          [
            29.429600076987136,
            2.424523225468029
          ],
          [
            29.454242599596125,
            2.427569778293705
          ],
          [
            29.478880607522004,
            2.4306526292628874
          ],
          [
            29.503514047298076,
            2.433771771685514
          ],
          [
            29.528142865467547,
            2.436927198792766
          ],
          [
            29.552767008583658,
            2.4401189037370727
          ],
          [
            29.57738642320978,
            2.443346879592152
          ],
          [
            29.602001055919565,
            2.4466111193530047
          ],
          [
            29.626610853297034,
            2.4499116159359353
          ],
          [
            29.651215761936704,
            2.453248362178563
          ],
          [
            29.67581572844369,
            2.4566213508398533
          ],
          [
            29.700410699433846,
            2.4600305746001077
          ],
          [
            29.725000621533855,
            2.463476026061013
          ],
          [
            29.749585441381367,
            2.4669576977456167
          ],
          [
            29.774165105625098,
            2.470475582098384
          ],
          [
            29.798739560924957,
            2.4740296714851837
          ],
          [
            29.823308753952148,
            2.4776199581933263
          ],
          [
            29.847872631389304,
            2.481246434431558
          ],
          [
            29.872431139930587,
            2.484909092330099
          ],
          [
            29.896984226281813,
            2.488607923940652
          ],
          [
            29.921531837160565,
            2.4923429212364177
          ],
          [
            29.94607391929631,
            2.4961140761121143
          ],
          [
            29.970610419430503,
            2.499921380383995
          ],
          [
            29.995141284316727,
            2.5037648257898617
          ],
          [
            30.019666460720785,
            2.5076444039890937
          ],
          [
            30.04418589542082,
            2.5115601065626585
          ],
          [
            30.06869953520745,
            2.5155119250131186
          ],
          [
            30.093207326883856,
            2.519499850764678
          ],
          [
            30.117709217265915,
            2.5235238751631783
          ],
          [
            30.142205153182303,
            2.5275839894761134
          ],
          [
            30.16669508147463,
            2.5316801848926787
          ],
          [
            30.191178948997536,
            2.5358124525237535
          ],
          [
            30.215656702618816,
            2.5399807834019406
          ],
          [
            30.240128289219527,
            2.5441851684815937
          ],
          [
            30.264593655694114,
            2.5484255986388114
          ],
          [
            30.289052748950517,
            2.5527020646714753
          ],
          [
            30.313505515910297,
            2.557014557299272
          ],
          [
            30.33795190350873,
            2.5613630671637004
          ],
          [
            30.362391858694956,
            2.565747584828099
          ],
          [
            30.386825328432053,
            2.5701681007776713
          ],
          [
            30.411252259697182,
            2.574624605419494
          ],
          [
            30.435672599481695,
            2.5791170890825548
          ],
          [
            30.46008629479125,
            2.583645542017752
          ],
          [
            30.484493292645915,
            2.588209954397932
          ],
          [
            30.5088935400803,
            2.592810316317916
          ],
          [
            30.533286984143665,
            2.597446617794496
          ],
          [
            30.557673571900022,
            2.60211884876648
          ],
          [
            30.582053250428274,
            2.6068269990947037
          ],
          [
            30.606425966822307,
            2.6115710585620526
          ],
          [
            30.630791668191137,
            2.6163510168734945
          ],
          [
            30.65515030165898,
            2.6211668636560823
          ],
          [
            30.6795018143654,
            2.6260185884589973
          ],
          [
            30.70384615346541,
            2.6309061807535556
          ],
          [
            30.728183266129587,
            2.635829629933239
          ],
          [
            30.75259582816054,
            2.640810001358668
          ],
          [
            30.776999363413307,
            2.645834416908496
          ],
          [
            30.801393792425387,
            2.650902860222283
          ],
          [
            30.825779035763922,
            2.656015314796221
          ],
          [
            30.850155014025983,
            2.661171763983198
          ],
          [
            30.874521647838794,
            2.6663721909928473
          ],
          [
            30.898878857860016,
            2.671616578891598
          ],
          [
            30.923226564777984,
            2.6769049106027367
          ],
          [
            30.94756468931199,
            2.682237168906461
          ],
          [
            30.971893152212516,
            2.6876133364399344
          ],
          [
            30.996211874261515,
            2.693033395697343
          ],
          [
            31.020520776272654,
            2.6984973290299585
          ],
          [
            31.044819779091572,
            2.7040051186461813
          ],
          [
            31.069108803596144,
            2.7095567466116126
          ],
          [
            31.09338777069674,
            2.715152194849111
          ],
          [
            31.117656601336478,
            2.7207914451388415
          ],
          [
            31.141915216491473,
            2.7264744791183446
          ],
          [
            31.166163537171112,
            2.7322012782825933
          ],
          [
            31.190401484418306,
            2.7379718239840525
          ],
          [
            31.214628979309737,
            2.7437860974327393
          ],
          [
            31.23884594295612,
            2.7496440796962833
          ],
          [
            31.263052296502472,
            2.755545751699998
          ],
          [
            31.287247961128347,
            2.7614910942269226
          ],
          [
            31.311432858048114,
            2.7674800879179067
          ],
          [
            31.335606908511195,
            2.7735127132716624
          ],
          [
            31.359770033802334,
            2.779588950644822
          ],
          [
            31.383922155241855,
            2.7857087802520155
          ],
          [
            31.4080631941859,
            2.7918721821659283
          ],
          [
            31.432193072026706,
            2.7980791363173605
          ],
          [
            31.45631171019286,
            2.804329622495306
          ],
          [
            31.480419030149527,
            2.8106236203470036
          ],
          [
            31.504514953398743,
            2.8169611093780116
          ],
          [
            31.528599401479653,
            2.8233420689522752
          ],
          [
            31.552672295968758,
            2.829766478292189
          ],
          [
            31.576733558480186,
            2.8362343164786665
          ],
          [
            31.600783110665944,
            2.8427455624512117
          ],
          [
            31.624820874216155,
            2.849300195007981
          ],
          [
            31.64884677085935,
            2.85589819280586
          ],
          [
            31.672860722362692,
            2.8625395343605256
          ],
          [
            31.696862650532225,
            2.8692241980465187
          ],
          [
            31.720852477213164,
            2.8759521620973203
          ],
          [
            31.744830124290118,
            2.882723404605409
          ],
          [
            31.76879551368736,
            2.889537903522349
          ],
          [
            31.79274856736907,
            2.896395636658852
          ],
          [
            31.8166892073396,
            2.9032965816848435
          ],
          [
            31.840617355643726,
            2.9102407161295485
          ],
          [
            31.86453293436689,
            2.9172280173815626
          ],
          [
            31.888435865635476,
            2.9242584626889183
          ],
          [
            31.912326071617038,
            2.9313320291591616
          ],
          [
            31.936203474520568,
            2.938448693759428
          ],
          [
            31.960067996596756,
            2.9456084333165222
          ],
          [
            31.98391956013823,
            2.9528112245169815
          ],
          [
            32.00775808747981,
            2.9600570439071667
          ],
          [
            32.031583500998764,
            2.9673458678933233
          ],
          [
            32.05539572311506,
            2.97467767274167
          ],
          [
            32.079194676291635,
            2.982052434578474
          ],
          [
            32.10298028303462,
            2.989470129390119
          ],
          [
            32.12675246589359,
            2.9969307330231985
          ],
          [
            32.150511147461856,
            3.0044342211845816
          ],
          [
            32.174256250376686,
            3.0119805694415014
          ],
          [
            32.19798769731955,
            3.0195697532216244
          ],
          [
            32.22170541101639,
            3.0272017478131463
          ],
          [
            32.24540931423787,
            3.034876528364853
          ],
          [
            32.26909932979963,
            3.0425940698862153
          ],
          [
            32.29277538056252,
            3.0503543472474686
          ],
          [
            32.316437389432856,
            3.058157335179688
          ],
          [
            32.3400852793627,
            3.066003008274876
          ],
          [
            32.36371897335005,
            3.073891340986046
          ],
          [
            32.38733839443918,
            3.0818223076273057
          ],
          [
            32.410943465720806,
            3.089795882373931
          ],
          [
            32.43453411033236,
            3.0978120392624664
          ],
          [
            32.45811025145828,
            3.1058707521907944
          ],
          [
            32.481671812330205,
            3.113971994918229
          ],
          [
            32.50521871622726,
            3.1221157410656044
          ],
          [
            32.52875088647632,
            3.1303019641153487
          ],
          [
            32.55226824645217,
            3.1385306374115753
          ],
          [
            32.5757707195779,
            3.1468017341601833
          ],
          [
            32.599258229325024,
            3.1551152274289205
          ],
          [
            32.62273069921378,
            3.1634710901474907
          ],
          [
            32.64618805281341,
            3.1718692951076353
          ],
          [
            32.66963021374234,
            3.1803098149632163
          ],
          [
            32.69305710566849,
            3.188792622230311
          ],
          [
            32.716468652309494,
            3.197317689287308
          ],
          [
            32.739864777432956,
            3.205884988374983
          ],
          [
            32.76324540485669,
            3.2144944915965983
          ],
          [
            32.78661045844897,
            3.2231461709179925
          ],
          [
            32.809959862128785,
            3.23183999816767
          ],
          [
            32.8332935398661,
            3.2405759450368947
          ],
          [
            32.856611415682046,
            3.249353983079775
          ],
          [
            32.87991341364925,
            3.258174083713376
          ],
          [
            32.903199457892015,
            3.2670362182177843
          ],
          [
            32.926469472586604,
            3.275940357736225
          ],
          [
            32.949723381961476,
            3.2848864732751455
          ],
          [
            32.97296111029752,
            3.29387453570431
          ],
          [
            32.99618258192832,
            3.3029045157568966
          ],
          [
            33.019387721240406,
            3.3119763840295917
          ],
          [
            33.04257645267347,
            3.3210901109826843
          ],
          [
            33.06574870072065,
            3.3302456669401668
          ],
          [
            33.08890438992873,
            3.339443022089826
          ],
          [
            33.11204344489845,
            3.348682146483341
          ],
          [
            33.135165790284674,
            3.3579630100363875
          ],
          [
            33.15827135079671,
            3.3672855825287282
          ],
          [
            33.1813600511985,
            3.376649833604313
          ],
          [
            33.2044318163089,
            3.3860557327713785
          ],
          [
            33.2274865710019,
            3.3955032494025446
          ],
          [
            33.250524240206865,
            3.404992352734924
          ],
          [
            33.27354474890883,
            3.4145230118702106
          ],
          [
            33.29654802214869,
            3.4240951957747843
          ],
          [
            33.31953398502345,
            3.4337088732798122
          ],
          [
            33.342502562686484,
            3.4433640130813536
          ],
          [
            33.3654536803478,
            3.4530605837404575
          ],
          [
            33.388387263274225,
            3.462798553683264
          ],
          [
            33.411303236789706,
            3.4725778912011105
          ],
          [
            33.43420152627553,
            3.482398564450639
          ],
          [
            33.45708205717054,
            3.4922605414538843
          ],
          [
            33.47994475497144,
            3.5021637900983986
          ],
          [
            33.502789545232986,
            3.5121082781373385
          ],
          [
            33.525616353568225,
            3.5220939731895804
          ],
          [
            33.54842510564879,
            3.532120842739822
          ],
          [
            33.57121572720509,
            3.5421888541386917
          ],
          [
            33.59398814402658,
            3.552297974602853
          ],
          [
            33.616742281961976,
            3.5624481712151006
          ],
          [
            33.63947806691953,
            3.5726394109244897
          ],
          [
            33.66219542486725,
            3.5828716605464273
          ],
          [
            33.68489428183314,
            3.593144886762781
          ],
          [
            33.70757456390545,
            3.603459056121997
          ],
          [
            33.73023619723293,
            3.6138141350391955
          ],
          [
            33.75287910802502,
            3.6242100897962946
          ],
          [
            33.77550322255216,
            3.634646886542109
          ],
          [
            33.79810846714596,
            3.645124491292462
          ],
          [
            33.8206947681995,
            3.6556428699303076
          ],
          [
            33.84326205216754,
            3.666201988205822
          ],
          [
            33.86581024556675,
            3.6768018117365315
          ],
          [
            33.888339274975976,
            3.6874423060074157
          ],
          [
            33.91084906703645,
            3.6981234363710254
          ],
          [
            33.93330197083116,
            3.708834248377631
          ],
          [
            33.955730050276784,
            3.7195969448351143
          ],
          [
            33.978133185478285,
            3.7304114682087253
          ],
          [
            34.000511256673974,
            3.741277760686657
          ],
          [
            34.02286414423614,
            3.752195764180362
          ],
          [
            34.04519172867169,
            3.763165420324862
          ],
          [
            34.06749389062281,
            3.774186670479045
          ],
          [
            34.08977051086759,
            3.785259455726001
          ],
          [
            34.11202147032064,
            3.7963837168733185
          ],
          [
            34.134246650033774,
            3.8075593944534134
          ],
          [
            34.15644593119659,
            3.818786428723838
          ],
          [
            34.17861919513716,
            3.830064759667609
          ],
          [
            34.20076632332261,
            3.841394326993518
          ],
          [
            34.22288719735981,
            3.8527750701364614
          ],
          [
            34.24498169899596,
            3.864206928257767
          ],
          [
            34.26704971011923,
            3.8756898402455064
          ],
          [
            34.289091112759436,
            3.887223744714836
          ],
          [
            34.31110578908861,
            3.898808580008314
          ],
          [
            34.33309362142165,
            3.910444284196238
          ],
          [
            34.355054492217,
            3.922130795076974
          ],
          [
            34.37698828407717,
            3.933868050177283
          ],
          [
            34.39889487974948,
            3.9456559867526657
          ],
          [
            34.420774162126605,
            3.9574945417876872
          ],
          [
            34.44262601424724,
            3.9693836519963224
          ],
          [
            34.464450319296716,
            3.9813232538222856
          ],
          [
            34.48624696060763,
            3.993313283439381
          ],
          [
            34.50801582166044,
            4.005353676751833
          ],
          [
            34.529756786084135,
            4.017444369394639
          ],
          [
            34.551469737656824,
            4.029585296733904
          ],
          [
            34.573154560306364,
            4.041776393867192
          ],
          [
            34.59481113811098,
            4.054017595623874
          ],
          [
            34.61643935529989,
            4.0663088365654705
          ],
          [
            34.638039096253934,
            4.078650050986008
          ],
          [
            34.659610245506144,
            4.091041172912361
          ],
          [
            34.68115268774244,
            4.103482136104619
          ],
          [
            34.702666307802176,
            4.115972874056425
          ],
          [
            34.72415099067878,
            4.128513319995342
          ],
          [
            34.74560662152039,
            4.141103406883207
          ],
          [
            34.76703308563042,
            4.153743067416485
          ],
          [
            34.78843026846824,
            4.166432234026637
          ],
          [
            34.80979805564972,
            4.17917083888047
          ],
          [
            34.83113633294789,
            4.191958813880513
          ],
          [
            34.85244498629352,
            4.204796090665372
          ],
          [
            34.87372390177574,
            4.217682600610095
          ],
          [
            34.89497296564268,
            4.230618274826547
          ],
          [
            34.91619206430201,
            4.243603044163766
          ],
          [
            34.937381084321615,
            4.256636839208346
          ],
          [
            34.958539912430155,
            4.2697195902847955
          ],
          [
            34.97966843551771,
            4.28285122745592
          ],
          [
            35.000766540636334,
            4.296031680523193
          ],
          [
            35.021834115000715,
            4.309260879027123
          ],
          [
            35.04287104598874,
            4.322538752247649
          ],
          [
            35.06387722114211,
            4.335865229204494
          ],
          [
            35.08485252816693,
            4.349240238657567
          ],
          [
            35.105796854934326,
            4.362663709107331
          ],
          [
            35.12671008948104,
            4.376135568795185
          ],
          [
            35.147592120010025,
            4.389655745703855
          ],
          [
            35.16844283489104,
            4.403224167557774
          ],
          [
            35.18926212266124,
            4.416840761823471
          ],
          [
            35.210049872025806,
            4.43050545570995
          ],
          [
            35.230805971858494,
            4.444218176169095
          ],
          [
            35.25153031120226,
            4.4579788498960475
          ],
          [
            35.272222779269846,
            4.4717874033296034
          ],
          [
            35.29288326544435,
            4.485643762652602
          ],
          [
            35.313511659279875,
            4.499547853792331
          ],
          [
            35.33410785050204,
            4.513499602420907
          ],
          [
            35.35467172900865,
            4.527498933955689
          ],
          [
            35.375203184870216,
            4.541545773559664
          ],
          [
            35.39570210833059,
            4.555640046141855
          ],
          [
            35.41616838980752,
            4.569781676357721
          ],
          [
            35.43660191989326,
            4.583970588609555
          ],
          [
            35.457002589355156,
            4.5982067070468915
          ],
          [
            35.47737028913619,
            4.612489955566918
          ],
          [
            35.49770491035561,
            4.626820257814874
          ],
          [
            35.518006344309505,
            4.641197537184453
          ],
          [
            35.53827448247135,
            4.655621716818235
          ],
          [
            35.558509216492624,
            4.670092719608071
          ],
          [
            35.57871043820338,
            4.684610468195508
          ],
          [
            35.59887803961281,
            4.699174884972209
          ],
          [
            35.61901191290985,
            4.713785892080352
          ],
          [
            35.63911195046371,
            4.728443411413059
          ],
          [
            35.65917804482449,
            4.743147364614805
          ],
          [
            35.679210088723764,
            4.757897673081848
          ],
          [
            35.699207975075105,
            4.772694257962634
          ],
          [
            35.719171596974675,
            4.787537040158229
          ],
          [
            35.73910084770185,
            4.802425940322744
          ],
          [
            35.758995620719695,
            4.817360878863749
          ],
          [
            35.77885580967561,
            4.832341775942707
          ],
          [
            35.79868130840188,
            4.847368551475396
          ],
          [
            35.818472010916224,
            4.862441125132342
          ],
          [
            35.83822781142237,
            4.877559416339242
          ],
          [
            35.85794860431063,
            4.8927233442774
          ],
          [
            35.877634284158454,
            4.9079328278841565
          ],
          [
            35.897284745731,
            4.923187785853321
          ],
          [
            35.9168998839817,
            4.938488136635613
          ],
          [
            35.936479594052805,
            4.9538337984390886
          ],
          [
            35.956023771275966,
            4.969224689229584
          ],
          [
            35.97553231117277,
            4.984660726731153
          ],
          [
            35.99500510945534,
            5.000141828426502
          ],
          [
            36.01444206202683,
            5.015667911557442
          ],
          [
            36.033843064982044,
            5.031238893125314
          ],
          [
            36.05320801460795,
            5.046854689891456
          ],
          [
            36.072536807384246,
            5.0625152183776265
          ],
          [
            36.091829339983924,
            5.0782203948664595
          ],
          [
            36.11108550927382,
            5.0939701354019125
          ],
          [
            36.13030521231514,
            5.109764355789716
          ],
          [
            36.14948834636405,
            5.125602971597823
          ],
          [
            36.16863480887219,
            5.141485898156855
          ],
          [
            36.187744497487245,
            5.157413050560562
          ],
          [
            36.20681731005348,
            5.1733843436662745
          ],
          [
            36.225853144612294,
            5.189399692095353
          ],
          [
            36.244851899402754,
            5.205459010233655
          ],
          [
            36.263813472862154,
            5.22156221223198
          ],
          [
            36.28273776362655,
            5.237709212006543
          ],
          [
            36.301624670531304,
            5.2538999232394215
          ],
          [
            36.32047409261162,
            5.27013425937902
          ],
          [
            36.33928592910307,
            5.2864121336405425
          ],
          [
            36.35806007944218,
            5.302733459006442
          ],
          [
            36.376796443266926,
            5.319098148226894
          ],
          [
            36.39549492041728,
            5.335506113820266
          ],
          [
            36.41415541093572,
            5.351957268073573
          ],
          [
            36.432777815067844,
            5.36845152304296
          ],
          [
            36.45136203326281,
            5.384988790554164
          ],
          [
            36.46990796617392,
            5.401568982202987
          ],
          [
            36.48841551465915,
            5.418192009355769
          ],
          [
            36.506884579781655,
            5.434857783149863
          ],
          [
            36.52538597925792,
            5.451646145499138
          ],
          [
            36.54383289188799,
            5.468494359272986
          ],
          [
            36.56222512405539,
            5.485402247634671
          ],
          [
            36.58056248271756,
            5.502369633121117
          ],
          [
            36.59884477540789,
            5.519396337644777
          ],
          [
            36.61707181023772,
            5.536482182495499
          ],
          [
            36.635243395898385,
            5.553626988342398
          ],
          [
            36.653359341663204,
            5.5708305752357425
          ],
          [
            36.67141945738949,
            5.588092762608847
          ],
          [
            36.68942355352052,
            5.605413369279957
          ],
          [
            36.707371441087574,
            5.622792213454161
          ],
          [
            36.72526293171187,
            5.640229112725289
          ],
          [
            36.74309783760657,
            5.657723884077837
          ],
          [
            36.76087597157874,
            5.675276343888883
          ],
          [
            36.77859714703132,
            5.6928863079300065
          ],
          [
            36.79626117796507,
            5.710553591369239
          ],
          [
            36.81386787898055,
            5.72827800877299
          ],
          [
            36.83141706528002,
            5.7460593741079995
          ],
          [
            36.84890855266944,
            5.763897500743289
          ],
          [
            36.86634215756035,
            5.781792201452118
          ],
          [
            36.88371769697181,
            5.799743288413958
          ],
          [
            36.901034988532345,
            5.817750573216451
          ],
          [
            36.918293850481845,
            5.835813866857396
          ],
          [
            36.935494101673456,
            5.85393297974673
          ],
          [
            36.95263556157549,
            5.8721077217085185
          ],
          [
            36.96971805027335,
            5.890337901982952
          ],
          [
            36.98674138847137,
            5.908623329228345
          ],
          [
            37.003705397494734,
            5.92696381152315
          ],
          [
            37.02060989929133,
            5.945359156367965
          ],
          [
            37.03745471643363,
            5.9638091706875604
          ],
          [
            37.054239672120545,
            5.982313660832903
          ],
          [
            37.07096459017929,
            6.000872432583184
          ],
          [
            37.087629295067224,
            6.019485291147866
          ],
          [
            37.104233611873696,
            6.038152041168723
          ],
          [
            37.120777366321875,
            6.056872486721887
          ],
          [
            37.1372603847706,
            6.075646431319915
          ],
          [
            37.15368249421618,
            6.094473677913837
          ],
          [
            37.1700435222942,
            6.113354028895237
          ],
          [
            37.186343297281375,
            6.1322872860983235
          ],
          [
            37.202581648097315,
            6.151273250802002
          ],
          [
            37.21875840430632,
            6.17031172373197
          ],
          [
            37.2348733961192,
            6.189402505062809
          ],
          [
            37.250926454395,
            6.208545394420069
          ],
          [
            37.266917410642854,
            6.2277401908823915
          ],
          [
            37.28284609702369,
            6.246986692983599
          ],
          [
            37.29871234635201,
            6.266284698714821
          ],
          [
            37.31451599209766,
            6.285634005526613
          ],
          [
            37.33025686838755,
            6.305034410331078
          ],
          [
            37.34593481000743,
            6.324485709504004
          ],
          [
            37.361549652403575,
            6.343987698886994
          ],
          [
            37.37710123168457,
            6.363540173789617
          ],
          [
            37.39258938462299,
            6.383142928991551
          ],
          [
            37.40801394865712,
            6.402795758744735
          ],
          [
            37.42337476189268,
            6.422498456775538
          ],
          [
            37.4386716631045,
            6.442250816286913
          ],
          [
            37.45390449173823,
            6.462052629960573
          ],
          [
            37.469073087912,
            6.481903689959169
          ],
          [
            37.48417729241814,
            6.501803787928465
          ],
          [
            37.4992169467248,
            6.521752714999533
          ],
          [
            37.51419189297768,
            6.541750261790936
          ],
          [
            37.5291019740016,
            6.561796218410933
          ],
          [
            37.54394703330223,
            6.581890374459681
          ],
          [
            37.5587269150677,
            6.602032519031438
          ],
          [
            37.573441464170216,
            6.622222440716785
          ],
          [
            37.58809052616772,
            6.642459927604838
          ],
          [
            37.6026739473055,
            6.662744767285473
          ],
          [
            37.61719157451778,
            6.68307674685156
          ],
          [
            37.631643255429395,
            6.7034556529011935
          ],
          [
            37.646028838357296,
            6.723881271539933
          ],
          [
            37.66034817231222,
            6.74435338838305
          ],
          [
            37.67460110700023,
            6.764871788557775
          ],
          [
            37.68878749282431,
            6.7854362567055535
          ],
          [
            37.702907180885944,
            6.806046576984312
          ],
          [
            37.716960022986655,
            6.826702533070715
          ],
          [
            37.730945871629565,
            6.8474039081624385
          ],
          [
            37.74486458002098,
            6.868150484980449
          ],
          [
            37.75871600207187,
            6.88894204577128
          ],
          [
            37.77249999239946,
            6.90977837230932
          ],
          [
            37.786216406328705,
            6.930659245899099
          ],
          [
            37.79986509989385,
            6.951584447377591
          ],
          [
            37.81344592983993,
            6.972553757116507
          ],
          [
            37.82695875362424,
            6.993566955024603
          ],
          [
            37.8404034294179,
            7.014623820549992
          ],
          [
            37.85377981610726,
            7.035724132682456
          ],
          [
            37.86708777329545,
            7.056867669955768
          ],
          [
            37.88032716130384,
            7.078054210450015
          ],
          [
            37.89349784117345,
            7.099283531793925
          ],
          [
            37.90659967466649,
            7.120555411167207
          ],
          [
            37.91963252426775,
            7.141869625302887
          ],
          [
            37.93259625318609,
            7.163225950489646
          ],
          [
            37.94549072535583,
            7.184624162574178
          ],
          [
            37.95831580543821,
            7.2060640369635305
          ],
          [
            37.971071358822805,
            7.227545348627477
          ],
          [
            37.983757251628916,
            7.249067872100866
          ],
          [
            37.996205878802705,
            7.270600277304542
          ],
          [
            38.008360517846924,
            7.292299990253615
          ],
          [
            38.02021892059473,
            7.314162997289204
          ],
          [
            38.03177889367225,
            7.33618525454895
          ],
          [
            38.04303829890425,
            7.358362688714987
          ],
          [
            38.05399505370965,
            7.380691197767355
          ],
          [
            38.064647131486694,
            7.403166651742727
          ],
          [
            38.07499256198783,
            7.425784893498301
          ],
          [
            38.08502943168409,
            7.4485417394807225
          ],
          [
            38.09475588411907,
            7.471432980499887
          ],
          [
            38.10417012025228,
            7.494454382507487
          ],
          [
            38.113270398791904,
            7.517601687380163
          ],
          [
            38.12205503651688,
            7.540870613707094
          ],
          [
            38.13052240858826,
            7.564256857581909
          ],
          [
            38.13867094884968,
            7.587756093398748
          ],
          [
            38.1464991501171,
            7.611363974652348
          ],
          [
            38.15400556445757,
            7.635076134741984
          ],
          [
            38.16118880345703,
            7.658888187779135
          ],
          [
            38.16804753847711,
            7.682795729398708
          ],
          [
            38.17458050090091,
            7.706794337573696
          ],
          [
            38.18078648236762,
            7.7308795734330795
          ],
          [
            38.186664334996046,
            7.755046982082869
          ],
          [
            38.19221297159689,
            7.77929209343009
          ],
          [
            38.197431365873875,
            7.803610423009592
          ],
          [
            38.202318552613576,
            7.827997472813508
          ],
          [
            38.20687362786391,
            7.852448732123228
          ],
          [
            38.211095749101375,
            7.876959678343713
          ],
          [
            38.214984135386864,
            7.901525777840014
          ],
          [
            38.218538067510124,
            7.926142486775829
          ],
          [
            38.22175688812276,
            7.9508052519539465
          ],
          [
            38.22464000185987,
            7.975509511658425
          ],
          [
            38.22718687545009,
            8.00025069649834
          ],
          [
            38.2293970378143,
            8.025024230252956
          ],
          [
            38.231270080152726,
            8.04982553071817
          ],
          [
            38.23280565602056,
            8.074650010554041
          ],
          [
            38.234003481392016,
            8.099493078133284
          ],
          [
            38.234863334712905,
            8.124350138390561
          ],
          [
            38.23538505694159,
            8.149216593672396
          ],
          [
            38.2355685515784,
            8.174087844587572
          ],
          [
            38.2354137846835,
            8.198959290857854
          ],
          [
            38.234920784883144,
            8.22382633216888
          ],
          [
            38.23408964336438,
            8.248684369021035
          ],
          [
            38.23292051385821,
            8.273528803580211
          ],
          [
            38.23141361261115,
            8.298355040528225
          ],
          [
            38.22956921834519,
            8.323158487912794
          ],
          [
            38.227387672206305,
            8.347934557996874
          ],
          [
            38.2248693777013,
            8.37267866810723
          ],
          [
            38.222014800623214,
            8.397386241482062
          ],
          [
            38.218824468965146,
            8.422052708117533
          ],
          [
            38.21529897282259,
            8.446673505613068
          ],
          [
            38.211438964284305,
            8.471244080015223
          ],
          [
            38.207245157311704,
            8.495759886659997
          ],
          [
            38.202718327606775,
            8.520216391013438
          ],
          [
            38.19785931246863,
            8.54460906951037
          ],
          [
            38.19266901063861,
            8.568933410391073
          ],
          [
            38.18714838213408,
            8.593184914535813
          ],
          [
            38.18129844807083,
            8.617359096297001
          ],
          [
            38.17512029047422,
            8.641451484328883
          ],
          [
            38.16861505207905,
            8.665457622414577
          ],
          [
            38.1617839361182,
            8.689373070290307
          ],
          [
            38.154628206100035,
            8.71319340446669
          ],
          [
            38.14714918557477,
            8.736914219046927
          ],
          [
            38.139348257889594,
            8.76053112654173
          ],
          [
            38.13122686593285,
            8.784039758680846
          ],
          [
            38.122786511867126,
            8.807435767221035
          ],
          [
            38.11402875685142,
            8.830714824750327
          ],
          [
            38.10495522075236,
            8.853872625488448
          ],
          [
            38.09556758184464,
            8.876904886083222
          ],
          [
            38.08586757650054,
            8.899807346402845
          ],
          [
            38.075856998868815,
            8.922575770323848
          ],
          [
            38.06553770054278,
            8.945205946514626
          ],
          [
            38.05491159021789,
            8.967693689214387
          ],
          [
            38.043980633338684,
            8.990034839007365
          ],
          [
            38.032746851735226,
            9.012225263592153
          ],
          [
            38.02121232324916,
            9.034260858546034
          ],
          [
            38.00937918134939,
            9.056137548084154
          ],
          [
            37.997249614737456,
            9.077851285813388
          ],
          [
            37.9848258669427,
            9.09939805548078
          ],
          [
            37.972110235907294,
            9.120773871716398
          ],
          [
            37.95910507356123,
            9.141974780770491
          ],
          [
            37.94581278538727,
            9.162996861244784
          ],
          [
            37.932235829976015,
            9.183836224817794
          ],
          [
            37.918376718571174,
            9.204489016964029
          ],
          [
            37.90423801460508,
            9.224951417666938
          ],
          [
            37.889822333224515,
            9.245219642125473
          ],
          [
            37.87513234080705,
            9.265289941454137
          ],
          [
            37.860170754467816,
            9.285158603376397
          ],
          [
            37.84494034155697,
            9.304821952911315
          ],
          [
            37.829443919147806,
            9.324276353053293
          ],
          [
            37.81368435351573,
            9.34351820544478
          ],
          [
            37.797664559608094,
            9.362543951041843
          ],
          [
            37.78138750050501,
            9.38135007077245
          ],
          [
            37.76485618687132,
            9.399933086187392
          ],
          [
            37.74807367639972,
            9.418289560103645
          ],
          [
            37.7310430732452,
            9.43641609724014
          ],
          [
            37.7137675274509,
            9.454309344845765
          ],
          [
            37.69625023436542,
            9.471965993319493
          ],
          [
            37.67849443405186,
            9.48938277682255
          ],
          [
            37.660503410688484,
            9.506556473882469
          ],
          [
            37.64228049196128,
            9.523483907988945
          ],
          [
            37.623829048448464,
            9.540161948181382
          ],
          [
            37.605152492997014,
            9.556587509627995
          ],
          [
            37.58625428009148,
            9.572757554196404
          ],
          [
            37.567137905214956,
            9.58866909101557
          ],
          [
            37.5478069042026,
            9.604319177029
          ],
          [
            37.52826485258761,
            9.619704917539105
          ],
          [
            37.50851536493987,
            9.634823466742615
          ],
          [
            37.4885620941974,
            9.649672028256951
          ],
          [
            37.468408730990696,
            9.66424785563745
          ],
          [
            37.44805900296009,
            9.67854825288536
          ],
          [
            37.4275166740663,
            9.6925705749465
          ],
          [
            37.40678554389416,
            9.7063122282005
          ],
          [
            37.38586944694992,
            9.719770670940534
          ],
          [
            37.36477225195197,
            9.732943413843426
          ],
          [
            37.34349786111524,
            9.745828020430103
          ],
          [
            37.32205020942947,
            9.758422107516243
          ],
          [
            37.30043326393136,
            9.77072334565308
          ],
          [
            37.27865102297083,
            9.782729459558276
          ],
          [
            37.256707515471426,
            9.794438228536748
          ],
          [
            37.23460680018519,
            9.80584748689144
          ],
          [
            37.21235296494188,
            9.816955124323872
          ],
          [
            37.19001617283669,
            9.828104878037632
          ],
          [
            37.16783366378025,
            9.839558505471254
          ],
          [
            37.1458095714828,
            9.851313872241423
          ],
          [
            37.123948000133666,
            9.8633687877357
          ],
          [
            37.102253023636365,
            9.87572100552074
          ],
          [
            37.080728684849475,
            9.888368223760926
          ],
          [
            37.059378994833246,
            9.901308085647308
          ],
          [
            37.03820793210213,
            9.914538179836795
          ],
          [
            37.017219441883384,
            9.928056040901513
          ],
          [
            36.99641743538187,
            9.941859149788232
          ],
          [
            36.97580578905123,
            9.9559449342878
          ],
          [
            36.955388343871476,
            9.970310769514455
          ],
          [
            36.93516890463326,
            9.984953978395005
          ],
          [
            36.91515123922879,
            9.999871832167663
          ],
          [
            36.895339077949764,
            10.015061550890582
          ],
          [
            36.87573611279216,
            10.030520303959879
          ],
          [
            36.85634599676828,
            10.046245210637128
          ],
          [
            36.837172343225994,
            10.062233340586177
          ],
          [
            36.81821872517536,
            10.078481714419228
          ],
          [
            36.79948867462288,
            10.094987304252031
          ],
          [
            36.780985681913194,
            10.111747034268143
          ],
          [
            36.76271319507876,
            10.1287577812921
          ],
          [
            36.744674619197255,
            10.14601637537142
          ],
          [
            36.72687331575705,
            10.163519600367326
          ],
          [
            36.709312602030806,
            10.181264194554078
          ],
          [
            36.69199575045729,
            10.199246851226784
          ],
          [
            36.67492598803156,
            10.217464219317613
          ],
          [
            36.65810649570362,
            10.235912904020266
          ],
          [
            36.641540407785634,
            10.254589467422594
          ],
          [
            36.62523081136787,
            10.273490429147259
          ],
          [
            36.6091807457434,
            10.292612267000294
          ],
          [
            36.593393201841735,
            10.311951417627473
          ],
          [
            36.57787112167148,
            10.331504277178333
          ],
          [
            36.56261739777206,
            10.351267201977759
          ],
          [
            36.54763487267471,
            10.371236509204978
          ],
          [
            36.5329263383728,
            10.391408477579857
          ],
          [
            36.518494535801494,
            10.411779348056358
          ],
          [
            36.504342154327006,
            10.43234532452304
          ],
          [
            36.490471831245436,
            10.453102574510464
          ],
          [
            36.476886151291296,
            10.47404722990537
          ],
          [
            36.46358764615588,
            10.495175387671509
          ],
          [
            36.450578794015435,
            10.516483110576962
          ],
          [
            36.43786201906938,
            10.537966427927849
          ],
          [
            36.425439691088556,
            10.55962133630827
          ],
          [
            36.41331412497362,
            10.58144380032634
          ],
          [
            36.40148758032365,
            10.603429753366179
          ],
          [
            36.3899622610151,
            10.625575098345731
          ],
          [
            36.378740314791045,
            10.647875708480257
          ],
          [
            36.367823832861035,
            10.670327428051355
          ],
          [
            36.357214849511315,
            10.692926073181384
          ],
          [
            36.3469153417258,
            10.715667432613126
          ],
          [
            36.33692722881762,
            10.738547268494555
          ],
          [
            36.3272523720715,
            10.76156131716856
          ],
          [
            36.31789257439684,
            10.78470528996748
          ],
          [
            36.30884957999183,
            10.807974874012292
          ],
          [
            36.300125074018354,
            10.83136573301632
          ],
          [
            36.29172068228797,
            10.8548735080933
          ],
          [
            36.283637970958985,
            10.878493818569664
          ],
          [
            36.27587844624453,
            10.90222226280087
          ],
          [
            36.26844355413195,
            10.92605441899165
          ],
          [
            36.26133468011327,
            10.94998584602002
          ],
          [
            36.25455314892708,
            10.97401208426487
          ],
          [
            36.24810022431163,
            10.998128656437027
          ],
          [
            36.24197710876932,
            11.022331068413587
          ],
          [
            36.236184943342664,
            11.046614810075402
          ],
          [
            36.23072480740161,
            11.07097535614754
          ],
          [
            36.22559771844241,
            11.095408167042565
          ],
          [
            36.22080463189802,
            11.119908689706493
          ],
          [
            36.21634644096007,
            11.144472358467254
          ],
          [
            36.212223976412375,
            11.1690945958855
          ],
          [
            36.20843800647614,
            11.193770813607623
          ],
          [
            36.20498923666682,
            11.218496413220775
          ],
          [
            36.201878309662625,
            11.2432667871098
          ],
          [
            36.19910580518475,
            11.268077319315857
          ],
          [
            36.196672239889374,
            11.292923386396598
          ],
          [
            36.194578067271365,
            11.317800358287759
          ],
          [
            36.192823677579746,
            11.342703599165956
          ],
          [
            36.191409397745026,
            11.367628468312589
          ],
          [
            36.19033549131822,
            11.392570320978619
          ],
          [
            36.1896021584218,
            11.417524509250143
          ],
          [
            36.189209535712315,
            11.442486382914506
          ],
          [
            36.18915769635501,
            11.467451290326883
          ],
          [
            36.18944665001016,
            11.492414579277115
          ],
          [
            36.19007634283124,
            11.517371597856638
          ],
          [
            36.19104665747501,
            11.542317695325373
          ],
          [
            36.192357413123354,
            11.567248222978392
          ],
          [
            36.19400836551696,
            11.5921585350122
          ],
          [
            36.195999207000874,
            11.61704398939048
          ],
          [
            36.198329566581826,
            11.641899948709144
          ],
          [
            36.200999009997325,
            11.666721781060504
          ],
          [
            36.204007039796636,
            11.691504860896433
          ],
          [
            36.20735309543343,
            11.716244569890335
          ],
          [
            36.211036553370306,
            11.740936297797774
          ],
          [
            36.21505672719491,
            11.765575443315576
          ],
          [
            36.21941286774792,
            11.79015741493931
          ],
          [
            36.22410416326258,
            11.814677631818892
          ],
          [
            36.229129739516054,
            11.839131524612231
          ],
          [
            36.23448865999226,
            11.863514536336734
          ],
          [
            36.24017992605645,
            11.887822123218493
          ],
          [
            36.24620247714126,
            11.912049755539016
          ],
          [
            36.25255519094438,
            11.936192918479342
          ],
          [
            36.259236883637676,
            11.960247112961387
          ],
          [
            36.2662463100878,
            11.984207856486323
          ],
          [
            36.27358216408824,
            12.008070683969919
          ],
          [
            36.28124307860269,
            12.031831148574591
          ],
          [
            36.28922762601984,
            12.055484822538078
          ],
          [
            36.29753431841937,
            12.079027297998552
          ],
          [
            36.30616160784928,
            12.102454187816027
          ],
          [
            36.3151078866143,
            12.1257611263899
          ],
          [
            36.32437148757549,
            12.148943770472476
          ],
          [
            36.33395068446094,
            12.171997799978342
          ],
          [
            36.34384369218744,
            12.19491891878941
          ],
          [
            36.354048667193126,
            12.217702855555492
          ],
          [
            36.36456370778105,
            12.240345364490278
          ],
          [
            36.37538685447354,
            12.262842226162531
          ],
          [
            36.38651609037735,
            12.285189248282379
          ],
          [
            36.39794934155952,
            12.307382266482549
          ],
          [
            36.409684477433835,
            12.329417145094395
          ],
          [
            36.4217193111579,
            12.351289777918584
          ],
          [
            36.4340516000406,
            12.37299608899028
          ],
          [
            36.44667904596006,
            12.394532033338706
          ],
          [
            36.45959929579192,
            12.415893597740922
          ],
          [
            36.472809941847785,
            12.437076801469683
          ],
          [
            36.486308522323945,
            12.458077697035261
          ],
          [
            36.500092521760095,
            12.478892370921049
          ],
          [
            36.51415937150814,
            12.499516944312841
          ],
          [
            36.52850645021081,
            12.519947573821668
          ],
          [
            36.54313108429019,
            12.54018045219999
          ],
          [
            36.5580305484459,
            12.560211809051193
          ],
          [
            36.573202066163006,
            12.580037911532196
          ],
          [
            36.58864281022937,
            12.599655065049067
          ],
          [
            36.60434990326256,
            12.61905961394551
          ],
          [
            36.62032041824599,
            12.638247942184094
          ],
          [
            36.636551379074405,
            12.657216474020114
          ],
          [
            36.65303976110847,
            12.675961674667914
          ],
          [
            36.66978249173842,
            12.694480050959601
          ],
          [
            36.686776450956614,
            12.712768151996006
          ],
          [
            36.704018471939,
            12.73082256978974
          ],
          [
            36.72150534163518,
            12.748639939900292
          ],
          [
            36.73923380136723,
            12.766216942060979
          ],
          [
            36.7572005474369,
            12.783550300797684
          ],
          [
            36.775402231741324,
            12.800636786039236
          ],
          [
            36.793835462396856,
            12.817473213719342
          ],
          [
            36.81249680437122,
            12.834056446369928
          ],
          [
            36.83138278012359,
            12.850383393705808
          ],
          [
            36.85048987025263,
            12.866451013200567
          ],
          [
            36.869814514152345,
            12.882256310653528
          ],
          [
            36.88935311067562,
            12.897796340747721
          ],
          [
            36.909102018805235,
            12.913068207598744
          ],
          [
            36.929057558332445,
            12.928069065294416
          ],
          [
            36.949216010542706,
            12.942796118425104
          ],
          [
            36.969573618908726,
            12.957246622604655
          ],
          [
            36.990126589790464,
            12.97141788498181
          ],
          [
            37.010871093142065,
            12.98530726474201
          ],
          [
            37.031803263225605,
            12.998912173599527
          ],
          [
            37.05291919933147,
            13.012230076279776
          ],
          [
            37.07421496650525,
            13.025258490991767
          ],
          [
            37.09568659628102,
            13.037994989890597
          ],
          [
            37.117330087420854,
            13.050437199529867
          ],
          [
            37.13914140666047,
            13.062582801303973
          ],
          [
            37.16111648946082,
            13.07442953188019
          ],
          [
            37.18325124076551,
            13.085975183620432
          ],
          [
            37.20554153576394,
            13.097217604992652
          ],
          [
            37.22798322065993,
            13.108154700971777
          ],
          [
            37.250572113445806,
            13.11878443343012
          ],
          [
            37.27330400468169,
            13.129104821517176
          ],
          [
            37.29617465827996,
            13.139113942028766
          ],
          [
            37.31917981229462,
            13.148809929765415
          ],
          [
            37.342315179715534,
            13.158190977879936
          ],
          [
            37.36557644926729,
            13.167255338214142
          ],
          [
            37.38895928621261,
            13.176001321624604
          ],
          [
            37.41245933316015,
            13.18442729829743
          ],
          [
            37.43607221087647,
            13.192531698051981
          ],
          [
            37.45979351910213,
            13.20031301063347
          ],
          [
            37.48361883737166,
            13.207769785994403
          ],
          [
            37.50754372583731,
            13.214900634564788
          ],
          [
            37.53156372609644,
            13.221704227511093
          ],
          [
            37.555674362022316,
            13.228179296983862
          ],
          [
            37.57987114059827,
            13.234324636353984
          ],
          [
            37.604149552754926,
            13.24013910043755
          ],
          [
            37.62850507421051,
            13.245621605709259
          ],
          [
            37.652933166313915,
            13.250771130504322
          ],
          [
            37.677429276890514,
            13.255586715208866
          ],
          [
            37.701988841090426,
            13.260067462438743
          ],
          [
            37.726607282239186,
            13.264212537206767
          ],
          [
            37.75128001269062,
            13.268021167078313
          ],
          [
            37.776002434681736,
            13.271492642315254
          ],
          [
            37.80076994118953,
            13.274626316008224
          ],
          [
            37.82557791678949,
            13.277421604197174
          ],
          [
            37.8504217385157,
            13.279877985980189
          ],
          [
            37.875296776722315,
            13.281995003610554
          ],
          [
            37.90019839594628,
            13.283772262582062
          ],
          [
            37.92512195577121,
            13.285209431702528
          ],
          [
            37.95006281169206,
            13.286306243155506
          ],
          [
            37.975016315980646,
            13.287062492550197
          ],
          [
            37.99997781855179,
            13.287478038959534
          ],
          [
            38.02494266782982,
            13.287552804946452
          ],
          [
            38.04990621161541,
            13.28728677657831
          ],
          [
            38.0748637979525,
            13.286680003429488
          ],
          [
            38.099810775995216,
            13.285732598572157
          ],
          [
            38.12474249687454,
            13.284444738555198
          ],
          [
            38.14965431456461,
            13.282816663371309
          ],
          [
            38.17454158674853,
            13.280848676412276
          ],
          [
            38.199399675683466,
            13.278541144412447
          ],
          [
            38.224223949064886,
            13.275894497380378
          ],
          [
            38.249009780889764,
            13.272909228518706
          ],
          [
            38.27375255231867,
            13.269585894132245
          ],
          [
            38.298447652536495,
            13.265925113524311
          ],
          [
            38.32309047961162,
            13.261927568881326
          ],
          [
            38.34767644135358,
            13.257594005145677
          ],
          [
            38.372200956168705,
            13.25292522987691
          ],
          [
            38.396659453914,
            13.247922113101232
          ],
          [
            38.42104737674873,
            13.242585587149389
          ],
          [
            38.44536017998381,
            13.236916646482921
          ],
          [
            38.469593332928675,
            13.230916347508844
          ],
          [
            38.4937423197356,
            13.224585808382793
          ],
          [
            38.51780264024122,
            13.217926208800648
          ],
          [
            38.54176981080512,
            13.210938789778703
          ],
          [
            38.5656393651454,
            13.2036248534224
          ],
          [
            38.58940685517092,
            13.19598576268368
          ],
          [
            38.613067851810236,
            13.188022941107
          ],
          [
            38.63661794583693,
            13.179737872564056
          ],
          [
            38.66005274869131,
            13.171132100977259
          ],
          [
            38.68336789329816,
            13.162207230032028
          ],
          [
            38.70655903488061,
            13.152964922877947
          ],
          [
            38.72962185176973,
            13.143406901818828
          ],
          [
            38.7525520462099,
            13.133534947991768
          ],
          [
            38.77534534515969,
            13.123350901035232
          ],
          [
            38.797997501088155,
            13.112856658746233
          ],
          [
            38.82050429276634,
            13.102054176726684
          ],
          [
            38.842861526053895,
            13.09094546801896
          ],
          [
            38.865065034680725,
            13.079532602730785
          ],
          [
            38.88711068102327,
            13.067817707649448
          ],
          [
            38.90899435687565,
            13.055802965845496
          ],
          [
            38.93071198421515,
            13.043490616265899
          ],
          [
            38.95225951596221,
            13.03088295331684
          ],
          [
            38.973632936734575,
            13.01798232643614
          ],
          [
            38.99482826359557,
            13.004791139655444
          ],
          [
            39.01584154679632,
            12.991311851152233
          ],
          [
            39.036668870511775,
            12.97754697279174
          ],
          [
            39.057306353570446,
            12.963499069658864
          ],
          [
            39.077750150177636,
            12.949170759580166
          ],
          [
            39.097996450632124,
            12.934564712636035
          ],
          [
            39.11804148203609,
            12.919683650663128
          ],
          [
            39.137881508998206,
            12.90453034674714
          ],
          [
            39.1575128343297,
            12.889107624706057
          ],
          [
            39.17693179973337,
            12.873418358563923
          ],
          [
            39.19613478648527,
            12.857465472015274
          ],
          [
            39.21511821610907,
            12.841251937880306
          ],
          [
            39.23387855104292,
            12.824780777550888
          ],
          [
            39.25241229529865,
            12.808055060427526
          ],
          [
            39.27071599511327,
            12.791077903347384
          ],
          [
            39.28878623959257,
            12.773852470003456
          ],
          [
            39.30668416211445,
            12.756414154368104
          ],
          [
            39.32443851872728,
            12.738829692361488
          ],
          [
            39.342048116105026,
            12.721100265890481
          ],
          [
            39.359511770651416,
            12.70322706660546
          ],
          [
            39.37682830857941,
            12.685211295820238
          ],
          [
            39.39399656599017,
            12.667054164431296
          ],
          [
            39.41101538895124,
            12.648756892836404
          ],
          [
            39.42788363357413,
            12.630320710852606
          ],
          [
            39.4446001660912,
            12.611746857633538
          ],
          [
            39.461163862931826,
            12.593036581586155
          ],
          [
            39.47757361079798,
            12.574191140286821
          ],
          [
            39.49382830673902,
            12.555211800396778
          ],
          [
            39.509926858225825,
            12.536099837577012
          ],
          [
            39.52586818322424,
            12.516856536402514
          ],
          [
            39.54165121026779,
            12.497483190275936
          ],
          [
            39.5572748785297,
            12.477981101340664
          ],
          [
            39.5727381378942,
            12.458351580393286
          ],
          [
            39.58803994902711,
            12.438595946795498
          ],
          [
            39.6031792834457,
            12.418715528385423
          ],
          [
            39.61815512358779,
            12.398711661388363
          ],
          [
            39.63296646288018,
            12.378585690326988
          ],
          [
            39.64761230580626,
            12.358338967930962
          ],
          [
            39.662091667973,
            12.337972855046027
          ],
          [
            39.67640357617702,
            12.317488720542537
          ],
          [
            39.690547068470075,
            12.296887941223444
          ],
          [
            39.70452119422365,
            12.276171901731768
          ],
          [
            39.71832501419292,
            12.255341994457527
          ],
          [
            39.731957600579825,
            12.234399619444146
          ],
          [
            39.745418037095455,
            12.213346184294364
          ],
          [
            39.758705419021645,
            12.192183104075617
          ],
          [
            39.77181885327175,
            12.170911801224934
          ],
          [
            39.78475745845072,
            12.149533705453322
          ],
          [
            39.7975203649143,
            12.128050253649679
          ],
          [
            39.81010671482749,
            12.106462889784211
          ],
          [
            39.82251566222223,
            12.08477306481138
          ],
          [
            39.83474637305422,
            12.062982236572378
          ],
          [
            39.84679802525902,
            12.04109186969715
          ],
          [
            39.85866980880726,
            12.019103435505937
          ],
          [
            39.870360925759115,
            11.9970184119104
          ],
          [
            39.88187059031793,
            11.974838283314268
          ],
          [
            39.89319802888305,
            11.952564540513583
          ],
          [
            39.90434248010177,
            11.93019868059649
          ],
          [
            39.915303194920554,
            11.907742206842613
          ],
          [
            39.92607943663538,
            11.885196628622014
          ],
          [
            39.936670480941224,
            11.86256346129375
          ],
          [
            39.94707561598076,
            11.839844226104013
          ],
          [
            39.957294142392215,
            11.817040450083892
          ],
          [
            39.96732537335637,
            11.794153665946725
          ],
          [
            39.97716863464271,
            11.771185411985087
          ],
          [
            39.98682326465476,
            11.748137231967396
          ],
          [
            39.99628861447454,
            11.725010675034152
          ],
          [
            40.0055640479062,
            11.701807295593813
          ],
          [
            40.014648941518736,
            11.678528653218317
          ],
          [
            40.02354268468796,
            11.655176312538261
          ],
          [
            40.03224467963748,
            11.631751843137739
          ],
          [
            40.04075434147891,
            11.608256819448838
          ],
          [
            40.049071098251176,
            11.584692820645824
          ],
          [
            40.057194390958955,
            11.561061430538993
          ],
          [
            40.06512367361026,
            11.537364237468228
          ],
          [
            40.07285841325312,
            11.513602834196229
          ],
          [
            40.08039809001143,
            11.489778817801469
          ],
          [
            40.08774219711983,
            11.465893789570844
          ],
          [
            40.09489024095785,
            11.441949354892047
          ],
          [
            40.10184174108305,
            11.417947123145668
          ],
          [
            40.10859623026327,
            11.393888707597013
          ],
          [
            40.11515325450811,
            11.369775725287683
          ],
          [
            40.121512373099385,
            11.34560979692688
          ],
          [
            40.1276731586208,
            11.321392546782475
          ],
          [
            40.13363519698662,
            11.297125602571843
          ],
          [
            40.13939808746952,
            11.272810595352443
          ],
          [
            40.144961442727585,
            11.248449159412209
          ],
          [
            40.15032488883023,
            11.22404293215969
          ],
          [
            40.1554880652834,
            11.199593554014005
          ],
          [
            40.1604761641879,
            11.175234520517831
          ],
          [
            40.16536486561719,
            11.150855344119028
          ],
          [
            40.17015408823894,
            11.126456430409027
          ],
          [
            40.1748437523758,
            11.102038185307626
          ],
          [
            40.179433780006796,
            11.077601015056235
          ],
          [
            40.18392409476856,
            11.053145326211121
          ],
          [
            40.18831462195662,
            11.028671525636637
          ],
          [
            40.19260528852668,
            11.004180020498461
          ],
          [
            40.19679602309577,
            10.979671218256815
          ],
          [
            40.2008867559435,
            10.95514552665969
          ],
          [
            40.204877419013165,
            10.930603353736066
          ],
          [
            40.20876794591292,
            10.906045107789112
          ],
          [
            40.21255827191684,
            10.881471197389407
          ],
          [
            40.21624833396605,
            10.856882031368135
          ],
          [
            40.219838070669724,
            10.832278018810282
          ],
          [
            40.22332742230615,
            10.807659569047834
          ],
          [
            40.22671633082367,
            10.783027091652968
          ],
          [
            40.23000473984172,
            10.758380996431235
          ],
          [
            40.23319259465168,
            10.73372169341474
          ],
          [
            40.236279842217876,
            10.709049592855328
          ],
          [
            40.23926643117838,
            10.68436510521775
          ],
          [
            40.24215231184591,
            10.659668641172843
          ],
          [
            40.24493743620867,
            10.634960611590687
          ],
          [
            40.24762175793111,
            10.61024142753378
          ],
          [
            40.25020523235469,
            10.585511500250194
          ],
          [
            40.25268781649868,
            10.560771241166734
          ],
          [
            40.25506946906082,
            10.536021061882092
          ],
          [
            40.257350150418056,
            10.51126137416
          ],
          [
            40.259529822627144,
            10.486492589922383
          ],
          [
            40.26160844942531,
            10.461715121242499
          ],
          [
            40.26358599623087,
            10.436929380338087
          ],
          [
            40.26546243014377,
            10.412135779564517
          ],
          [
            40.267237719946166,
            10.387334731407911
          ],
          [
            40.268911836102916,
            10.362526648478301
          ],
          [
            40.27048475076209,
            10.337711943502748
          ],
          [
            40.271956437755414,
            10.31289102931849
          ],
          [
            40.273326872598744,
            10.288064318866057
          ],
          [
            40.274596032492425,
            10.263232225182419
          ],
          [
            40.2757638963217,
            10.2383951613941
          ],
          [
            40.27683044465705,
            10.213553540710315
          ],
          [
            40.27779565975453,
            10.188707776416086
          ],
          [
            40.27865952555606,
            10.163858281865378
          ],
          [
            40.27942202768967,
            10.13900547047421
          ],
          [
            40.28008315346976,
            10.114149755713786
          ],
          [
            40.28064289189733,
            10.089291551103608
          ],
          [
            40.28110123366011,
            10.064431270204608
          ],
          [
            40.28145817113277,
            10.039569326612256
          ],
          [
            40.28171369837701,
            10.014706133949682
          ],
          [
            40.28186781114168,
            9.989842105860806
          ],
          [
            40.281920506862825,
            9.964977656003434
          ],
          [
            40.281871784663764,
            9.9401131980424
          ],
          [
            40.281721645355084,
            9.915249145642667
          ],
          [
            40.28147009143461,
            9.89038591246245
          ],
          [
            40.281117127087406,
            9.865523912146339
          ],
          [
            40.28066275818566,
            9.84066355831841
          ],
          [
            40.28010699228862,
            9.815805264575346
          ],
          [
            40.27944983864245,
            9.79094944447956
          ],
          [
            40.278691308180086,
            9.76609651155231
          ],
          [
            40.277831413521035,
            9.74124687926682
          ],
          [
            40.2768701689712,
            9.716400961041403
          ],
          [
            40.27580759052262,
            9.69155917023258
          ],
          [
            40.27464369585317,
            9.666721920128207
          ],
          [
            40.27337850432636,
            9.641889623940596
          ],
          [
            40.272012036990915,
            9.617062694799644
          ],
          [
            40.27054431658048,
            9.592241545745955
          ],
          [
            40.26897536751321,
            9.567426589723969
          ],
          [
            40.267305215891405,
            9.5426182395751
          ],
          [
            40.265533889501036,
            9.517816908030856
          ],
          [
            40.263661417811306,
            9.493023007705979
          ],
          [
            40.26168783197414,
            9.468236951091583
          ],
          [
            40.259613164823705,
            9.443459150548282
          ],
          [
            40.2574374508758,
            9.418690018299339
          ],
          [
            40.25516072632735,
            9.393929966423803
          ],
          [
            40.25278302905575,
            9.369179406849657
          ],
          [
            40.25030439861828,
            9.34443875134696
          ],
          [
            40.24772487625141,
            9.319708411520997
          ],
          [
            40.24504450487014,
            9.294988798805441
          ],
          [
            40.24226332906725,
            9.27028032445549
          ],
          [
            40.23938139511261,
            9.245583399541044
          ],
          [
            40.236398750952375,
            9.22089843493985
          ],
          [
            40.233315446208195,
            9.196225841330682
          ],
          [
            40.23013153217638,
            9.171566029186492
          ],
          [
            40.226847061827065,
            9.146919408767593
          ],
          [
            40.223462089803334,
            9.122286390114832
          ],
          [
            40.219976672420266,
            9.097667383042765
          ],
          [
            40.21639086766405,
            9.073062797132836
          ],
          [
            40.212704735191004,
            9.048473041726574
          ],
          [
            40.20891833632656,
            9.023898525918769
          ],
          [
            40.20503173406427,
            8.999339658550676
          ],
          [
            40.20104499306476,
            8.974796848203214
          ],
          [
            40.19695817965463,
            8.950270503190158
          ],
          [
            40.192771361825365,
            8.925761031551353
          ],
          [
            40.18848460923221,
            8.901268841045933
          ],
          [
            40.18409799319301,
            8.87679433914552
          ],
          [
            40.179611586686995,
            8.85233793302746
          ],
          [
            40.17502546435361,
            8.827900029568038
          ],
          [
            40.170339702491255,
            8.80348103533572
          ],
          [
            40.16555437905599,
            8.77908135658438
          ],
          [
            40.16066957366028,
            8.754701399246542
          ],
          [
            40.15568536757165,
            8.730341568926633
          ],
          [
            40.15060184371132,
            8.706002270894228
          ],
          [
            40.14541908665286,
            8.681683910077313
          ],
          [
            40.14013718262074,
            8.657386891055543
          ],
          [
            40.13475621948894,
            8.633111618053515
          ],
          [
            40.12927628677946,
            8.608858494934044
          ],
          [
            40.12369747566082,
            8.584627925191437
          ],
          [
            40.11801987894658,
            8.560420311944792
          ],
          [
            40.11224359109378,
            8.536236057931276
          ],
          [
            40.10636870820134,
            8.512075565499439
          ],
          [
            40.1003953280085,
            8.487939236602513
          ],
          [
            40.0943235498932,
            8.463827472791726
          ],
          [
            40.08815347487035,
            8.439740675209624
          ],
          [
            40.081885205590275,
            8.415679244583387
          ],
          [
            40.07551884633689,
            8.391643581218181
          ],
          [
            40.069054503026024,
            8.36763408499048
          ],
          [
            40.06249228320366,
            8.343651155341421
          ],
          [
            40.05583229604412,
            8.31969519127016
          ],
          [
            40.04907465234827,
            8.295766591327235
          ],
          [
            40.042219464541645,
            8.271865753607926
          ],
          [
            40.03526684667264,
            8.247993075745644
          ],
          [
            40.02821691441055,
            8.224148954905306
          ],
          [
            40.021069785043665,
            8.200333787776735
          ],
          [
            40.013825577477334,
            8.176547970568057
          ],
          [
            40.006484412231984,
            8.152791898999105
          ],
          [
            39.9990464114411,
            8.129065968294842
          ],
          [
            39.99151169884918,
            8.105370573178787
          ],
          [
            39.983880399809735,
            8.081706107866442
          ],
          [
            39.97615264128313,
            8.058072966058733
          ],
          [
            39.96832855183453,
            8.034471540935469
          ],
          [
            39.960408261631734,
            8.01090222514879
          ],
          [
            39.952391902443004,
            7.987365410816642
          ],
          [
            39.9442796076349,
            7.963861489516249
          ],
          [
            39.93607151217001,
            7.940390852277606
          ],
          [
            39.92776775260478,
            7.916953889576957
          ],
          [
            39.91936846708717,
            7.89355099133032
          ],
          [
            39.910873795354405,
            7.870182546886987
          ],
          [
            39.90228387873061,
            7.8468489450230425
          ],
          [
            39.893598860124506,
            7.823550573934911
          ],
          [
            39.884818884026984,
            7.8002878212328834
          ],
          [
            39.87594409650873,
            7.777061073934679
          ],
          [
            39.86697464521781,
            7.753870718458998
          ],
          [
            39.85791067937715,
            7.730717140619102
          ],
          [
            39.84875234978213,
            7.7076007256163885
          ],
          [
            39.839499808798024,
            7.684521858033982
          ],
          [
            39.8301532103575,
            7.661480921830341
          ],
          [
            39.820712709958016,
            7.638478300332867
          ],
          [
            39.81117846465927,
            7.615514376231527
          ],
          [
            39.80155063308058,
            7.592589531572487
          ],
          [
            39.79182937539824,
            7.569704147751757
          ],
          [
            39.78201485334284,
            7.546858605508843
          ],
          [
            39.772107230196596,
            7.524053284920417
          ],
          [
            39.762106670790644,
            7.501288565393992
          ],
          [
            39.75201334150228,
            7.478564825661607
          ],
          [
            39.74182741025216,
            7.455882443773529
          ],
          [
            39.73154904650158,
            7.433241797091963
          ],
          [
            39.7211784212496,
            7.4106432622847755
          ],
          [
            39.71071570703021,
            7.3880872153192225
          ],
          [
            39.70017446528021,
            7.365562774186844
          ],
          [
            39.689572002641704,
            7.343067085445286
          ],
          [
            39.67890839753918,
            7.320600315491074
          ],
          [
            39.6681837288494,
            7.298162630506825
          ],
          [
            39.65739807590079,
            7.275754196460021
          ],
          [
            39.64655151847285,
            7.253375179101781
          ],
          [
            39.635644136795605,
            7.231025743965631
          ],
          [
            39.624676011548985,
            7.208706056366286
          ],
          [
            39.61364722386221,
            7.186416281398421
          ],
          [
            39.60255785531322,
            7.164156583935456
          ],
          [
            39.59140798792807,
            7.141927128628329
          ],
          [
            39.5801977041803,
            7.119728079904286
          ],
          [
            39.56892708699034,
            7.09755960196566
          ],
          [
            39.5575962197249,
            7.075421858788656
          ],
          [
            39.54620518619635,
            7.05331501412214
          ],
          [
            39.534754070662096,
            7.031239231486429
          ],
          [
            39.52324295782396,
            7.009194674172079
          ],
          [
            39.511671932827554,
            6.987181505238676
          ],
          [
            39.50004108126165,
            6.965199887513635
          ],
          [
            39.48835048915754,
            6.9432499835909915
          ],
          [
            39.47660024298842,
            6.921331955830198
          ],
          [
            39.46479042966871,
            6.899445966354924
          ],
          [
            39.45292113655348,
            6.877592177051863
          ],
          [
            39.44099245143771,
            6.855770749569525
          ],
          [
            39.42900446255574,
            6.833981845317047
          ],
          [
            39.41695725858053,
            6.812225625462998
          ],
          [
            39.40485092862308,
            6.790502250934184
          ],
          [
            39.392685562231684,
            6.768811882414464
          ],
          [
            39.380461249391374,
            6.747154680343554
          ],
          [
            39.368178080523165,
            6.725530804915845
          ],
          [
            39.355836146483426,
            6.7039404160792175
          ],
          [
            39.343435538563206,
            6.682383673533859
          ],
          [
            39.330976348487546,
            6.6608607367310775
          ],
          [
            39.31845866841481,
            6.639371764872131
          ],
          [
            39.30588259093601,
            6.617916916907039
          ],
          [
            39.29324820907411,
            6.596496351533419
          ],
          [
            39.28055561628332,
            6.575110227195302
          ],
          [
            39.26780490644847,
            6.553758702081968
          ],
          [
            39.25499617388423,
            6.53244193412677
          ],
          [
            39.242129513334476,
            6.51116008100597
          ],
          [
            39.229205019971545,
            6.489913300137573
          ],
          [
            39.21622278939559,
            6.4687017486801555
          ],
          [
            39.2031829176338,
            6.447525583531716
          ],
          [
            39.190085501139734,
            6.426384961328501
          ],
          [
            39.17693063679262,
            6.405280038443853
          ],
          [
            39.16371842189659,
            6.384210970987057
          ],
          [
            39.15044895417999,
            6.363177914802178
          ],
          [
            39.137122331794686,
            6.342181025466914
          ],
          [
            39.123738653315264,
            6.321220458291442
          ],
          [
            39.11029801773837,
            6.300296368317271
          ],
          [
            39.09680052448195,
            6.279408910316098
          ],
          [
            39.0832462733845,
            6.2585582387886545
          ],
          [
            39.06963536470437,
            6.237744507963573
          ],
          [
            39.05596789911896,
            6.216967871796239
          ],
          [
            39.04224397772405,
            6.196228483967661
          ],
          [
            39.02846370203298,
            6.175526497883323
          ],
          [
            39.01462717397595,
            6.154862066672056
          ],
          [
            39.00073449589926,
            6.134235343184907
          ],
          [
            38.98678577056451,
            6.113646479994003
          ],
          [
            38.972781101147895,
            6.093095629391429
          ],
          [
            38.95872059123941,
            6.072582943388094
          ],
          [
            38.944604344842105,
            6.052108573712611
          ],
          [
            38.93043246637127,
            6.031672671810175
          ],
          [
            38.91620506065373,
            6.011275388841441
          ],
          [
            38.90192223292702,
            5.990916875681411
          ],
          [
            38.88758408883863,
            5.970597282918305
          ],
          [
            38.873190734445195,
            5.950316760852466
          ],
          [
            38.85874227621176,
            5.93007545949523
          ],
          [
            38.844238821010926,
            5.909873528567829
          ],
          [
            38.829680476122135,
            5.889711117500277
          ],
          [
            38.81506734923081,
            5.8695883754302685
          ],
          [
            38.800399548427606,
            5.849505451202071
          ],
          [
            38.78567718220758,
            5.829462493365431
          ],
          [
            38.770900359469394,
            5.809459650174467
          ],
          [
            38.756069189514534,
            5.789497069586577
          ],
          [
            38.74118378204646,
            5.769574899261348
          ],
          [
            38.72624424716984,
            5.749693286559452
          ],
          [
            38.711250695389694,
            5.729852378541571
          ],
          [
            38.6962032376106,
            5.7100523219673
          ],
          [
            38.68110198513587,
            5.690293263294059
          ],
          [
            38.665947049666734,
            5.670575348676019
          ],
          [
            38.65073854330149,
            5.650898723963015
          ],
          [
            38.635476578534714,
            5.631263534699464
          ],
          [
            38.62016126825637,
            5.611669926123299
          ],
          [
            38.604792725751025,
            5.592118043164883
          ],
          [
            38.58937106469701,
            5.572608030445945
          ],
          [
            38.573896399165555,
            5.553140032278507
          ],
          [
            38.55836884361994,
            5.533714192663814
          ],
          [
            38.54278851291467,
            5.514330655291277
          ],
          [
            38.527155522294635,
            5.494989563537401
          ],
          [
            38.51146998739422,
            5.475691060464729
          ],
          [
            38.49573202423649,
            5.456435288820787
          ],
          [
            38.47994174923228,
            5.437222391037018
          ],
          [
            38.4640992791794,
            5.418052509227739
          ],
          [
            38.448204731261725,
            5.398925785189088
          ],
          [
            38.43225822304834,
            5.379842360397967
          ],
          [
            38.416259872492674,
            5.360802376011003
          ],
          [
            38.40020979793161,
            5.341805972863506
          ],
          [
            38.38410811808464,
            5.3228532914684195
          ],
          [
            38.36795495205297,
            5.303944472015284
          ],
          [
            38.35175041931863,
            5.285079654369208
          ],
          [
            38.33549463974361,
            5.26625897806982
          ],
          [
            38.31918773356895,
            5.247482582330245
          ],
          [
            38.302829821413894,
            5.228750606036074
          ],
          [
            38.286421024274944,
            5.210063187744332
          ],
          [
            38.26996146352498,
            5.191420465682462
          ],
          [
            38.253451260912385,
            5.172822577747291
          ],
          [
            38.23689053856014,
            5.154269661504022
          ],
          [
            38.22027941896489,
            5.135761854185206
          ],
          [
            38.20361802499608,
            5.117299292689732
          ],
          [
            38.186906479895015,
            5.0988821135818165
          ],
          [
            38.17014490727396,
            5.08051045308999
          ],
          [
            38.153333431115215,
            5.062184447106086
          ],
          [
            38.13647217577023,
            5.043904231184247
          ],
          [
            38.11956126595864,
            5.02566994053991
          ],
          [
            38.10260082676737,
            5.00748171004881
          ],
          [
            38.08559098364972,
            4.989339674245986
          ],
          [
            38.06853186242441,
            4.971243967324784
          ],
          [
            38.05142358927465,
            4.953194723135862
          ],
          [
            38.03426629074725,
            4.935192075186202
          ],
          [
            38.01706009375161,
            4.91723615663812
          ],
          [
            37.99980512555886,
            4.899327100308287
          ],
          [
            37.982501513800855,
            4.88146503866674
          ],
          [
            37.965149386469285,
            4.863650103835907
          ],
          [
            37.947748871914676,
            4.8458824275896255
          ],
          [
            37.93030009884547,
            4.828162141352168
          ],
          [
            37.912803196327076,
            4.8104893761972765
          ],
          [
            37.89525829378091,
            4.792864262847187
          ],
          [
            37.87766552098343,
            4.77528693167166
          ],
          [
            37.86002500806518,
            4.757757512687025
          ],
          [
            37.84233688550982,
            4.740276135555209
          ],
          [
            37.824601284153196,
            4.722842929582786
          ],
          [
            37.80681833518233,
            4.7054580237200145
          ],
          [
            37.78898817013446,
            4.688121546559887
          ],
          [
            37.77111092089608,
            4.670833626337176
          ],
          [
            37.75318671970196,
            4.653594390927489
          ],
          [
            37.73521569913415,
            4.63640396784632
          ],
          [
            37.71719799212105,
            4.6192624842481065
          ],
          [
            37.69913373193634,
            4.602170066925291
          ],
          [
            37.68102305219809,
            4.585126842307378
          ],
          [
            37.662844152899126,
            4.56810086294009
          ],
          [
            37.64463050929483,
            4.551112056631432
          ],
          [
            37.62638219739826,
            4.534160494282705
          ],
          [
            37.60809929336714,
            4.517246246639772
          ],
          [
            37.58978187350358,
            4.500369384292769
          ],
          [
            37.57143001425374,
            4.483529977675804
          ],
          [
            37.55304379220749,
            4.466728097066673
          ],
          [
            37.53462328409813,
            4.449963812586555
          ],
          [
            37.51616856680203,
            4.433237194199727
          ],
          [
            37.49767971733835,
            4.416548311713269
          ],
          [
            37.47915681286869,
            4.399897234776773
          ],
          [
            37.46059993069676,
            4.383284032882056
          ],
          [
            37.4420091482681,
            4.366708775362863
          ],
          [
            37.4233845431697,
            4.350171531394585
          ],
          [
            37.40472619312975,
            4.3336723699939625
          ],
          [
            37.38603417601721,
            4.3172113600188045
          ],
          [
            37.367308569841605,
            4.3007885701677
          ],
          [
            37.34854945275261,
            4.284404068979725
          ],
          [
            37.32975690303975,
            4.268057924834167
          ],
          [
            37.31093099913211,
            4.251750205950227
          ],
          [
            37.29207181959794,
            4.235480980386747
          ],
          [
            37.273179443144386,
            4.219250316041917
          ],
          [
            37.25425394861712,
            4.203058280653
          ],
          [
            37.23529541500005,
            4.186904941796037
          ],
          [
            37.21630392141496,
            4.170790366885576
          ],
          [
            37.19727954712118,
            4.154714623174392
          ],
          [
            37.17822237151528,
            4.138677777753193
          ],
          [
            37.15913247413072,
            4.122679897550356
          ],
          [
            37.14000993463752,
            4.106721049331632
          ],
          [
            37.120854832841914,
            4.090801299699882
          ],
          [
            37.10166724868606,
            4.074920715094791
          ],
          [
            37.08244726224766,
            4.059079361792589
          ],
          [
            37.06319495373965,
            4.043277305905782
          ],
          [
            37.043910403509855,
            4.027514613382868
          ],
          [
            37.02459369204065,
            4.011791350008069
          ],
          [
            37.00524489994867,
            3.9961075814010503
          ],
          [
            36.98586410798438,
            3.980463373016649
          ],
          [
            36.96645139703185,
            3.9648587901446053
          ],
          [
            36.9470068481083,
            3.9492938979092767
          ],
          [
            36.92753054236388,
            3.933768761269386
          ],
          [
            36.908022561081246,
            3.9182834450177317
          ],
          [
            36.888482985675246,
            3.902838013780931
          ],
          [
            36.8689118976926,
            3.8874325320191385
          ],
          [
            36.849309378811526,
            3.8720670640257886
          ],
          [
            36.829675510841426,
            3.856741673927319
          ],
          [
            36.81001037572254,
            3.841456425682905
          ],
          [
            36.790314055525585,
            3.826211383084198
          ],
          [
            36.77058663245143,
            3.811006609755049
          ],
          [
            36.75082818883076,
            3.79584216915125
          ],
          [
            36.7310388071237,
            3.7807181245602717
          ],
          [
            36.711218569919524,
            3.7656345391009918
          ],
          [
            36.691367559936246,
            3.7505914757234358
          ],
          [
            36.67148586002032,
            3.735588997208513
          ],
          [
            36.65157355314629,
            3.720627166167761
          ],
          [
            36.63163072241643,
            3.7057060450430708
          ],
          [
            36.61165745106041,
            3.6908256961064385
          ],
          [
            36.591653822434914,
            3.6759861814597024
          ],
          [
            36.571619920023345,
            3.661187563034277
          ],
          [
            36.55155582743545,
            3.6464299025909064
          ],
          [
            36.531461628406966,
            3.631713261719396
          ],
          [
            36.51133740679927,
            3.6170377018383597
          ],
          [
            36.49118324659905,
            3.602403284194967
          ],
          [
            36.47099923191793,
            3.5878100698646787
          ],
          [
            36.45078544699213,
            3.5732581197509994
          ],
          [
            36.43054197618212,
            3.5587474945852247
          ],
          [
            36.41026890397225,
            3.544278254926178
          ],
          [
            36.38996631497042,
            3.5298504611599686
          ],
          [
            36.369634293907716,
            3.5154641734997334
          ],
          [
            36.34927292563804,
            3.501119451985387
          ],
          [
            36.328882295137795,
            3.48681635648337
          ],
          [
            36.30846248750549,
            3.4725549466864027
          ],
          [
            36.2880135879614,
            3.458335282113234
          ],
          [
            36.26753568184724,
            3.4441574221083897
          ],
          [
            36.24702885462575,
            3.4300214258419306
          ],
          [
            36.22649319188038,
            3.4159273523092004
          ],
          [
            36.20592877931493,
            3.4018752603305877
          ],
          [
            36.18533570275318,
            3.3878652085512684
          ],
          [
            36.16471404813853,
            3.3738972554409674
          ],
          [
            36.144063901533656,
            3.359971459293721
          ],
          [
            36.12338534912014,
            3.3460878782276193
          ],
          [
            36.10267847719812,
            3.3322465701845783
          ],
          [
            36.08194337218591,
            3.3184475929300827
          ],
          [
            36.06118012061966,
            3.3046910040529625
          ],
          [
            36.04038880915299,
            3.2909768609651397
          ],
          [
            36.019569524556616,
            3.2773052209013898
          ],
          [
            35.99872235371801,
            3.2636761409191095
          ],
          [
            35.97784738364101,
            3.2500896778980746
          ],
          [
            35.956944701445494,
            3.2365458885401974
          ],
          [
            35.936014394366964,
            3.2230448293693055
          ],
          [
            35.91505654975624,
            3.209586556730885
          ],
          [
            35.89407125507905,
            3.196171126791862
          ],
          [
            35.87305859791568,
            3.182798595540362
          ],
          [
            35.85201866596063,
            3.1694690187854757
          ],
          [
            35.83095154702222,
            3.1561824521570276
          ],
          [
            35.80985732902222,
            3.142938951105341
          ],
          [
            35.78873609999552,
            3.1297385709010133
          ],
          [
            35.7675879480897,
            3.1165813666346764
          ],
          [
            35.74641296156475,
            3.1034673932167713
          ],
          [
            35.72521122879261,
            3.090396705377323
          ],
          [
            35.70398283825687,
            3.0773693576657024
          ],
          [
            35.682727878552356,
            3.0643854044504106
          ],
          [
            35.661446438384786,
            3.051444899918838
          ],
          [
            35.640138606570396,
            3.038547898077052
          ],
          [
            35.61880447203555,
            3.0256944527495637
          ],
          [
            35.59744412381641,
            3.012884617579102
          ],
          [
            35.57605765105851,
            3.0001184460263968
          ],
          [
            35.55464514301643,
            2.987395991369949
          ],
          [
            35.53320668905341,
            2.974717306705811
          ],
          [
            35.511742378640946,
            2.9620824449473666
          ],
          [
            35.490252301358474,
            2.949491458825104
          ],
          [
            35.468736546892956,
            2.936944400886409
          ],
          [
            35.44719520503851,
            2.92444132349533
          ],
          [
            35.42562836569605,
            2.9119822788323653
          ],
          [
            35.40403611887288,
            2.8995673188942526
          ],
          [
            35.382418554682374,
            2.8871964954937415
          ],
          [
            35.36077576334353,
            2.874869860259384
          ],
          [
            35.33910783518066,
            2.862587464635311
          ],
          [
            35.317414860622975,
            2.850349359881033
          ],
          [
            35.29569693020419,
            2.838155597071207
          ],
          [
            35.273954134562196,
            2.826006227095437
          ],
          [
            35.25218656443866,
            2.813901300658058
          ],
          [
            35.230394310678626,
            2.8018408682779246
          ],
          [
            35.20857746423017,
            2.7898249802881967
          ],
          [
            35.18673611614398,
            2.7778536868361314
          ],
          [
            35.16487035757302,
            2.765927037882877
          ],
          [
            35.14298027977214,
            2.754045083203261
          ],
          [
            35.12106597409764,
            2.742207872385583
          ],
          [
            35.099127532006975,
            2.730415454831409
          ],
          [
            35.077165045058315,
            2.718667879755362
          ],
          [
            35.05517860491018,
            2.706965196184921
          ],
          [
            35.033168303321055,
            2.695307452960215
          ],
          [
            35.01113423214901,
            2.683694698733813
          ],
          [
            34.989076483351326,
            2.6721269819705338
          ],
          [
            34.96699514898407,
            2.6606043509472297
          ],
          [
            34.94489032120178,
            2.6491268537525965
          ],
          [
            34.922762092257024,
            2.637694538286965
          ],
          [
            34.90061055450002,
            2.6263074522621075
          ],
          [
            34.878435800378284,
            2.61496564320103
          ],
          [
            34.85623792243621,
            2.603669158437782
          ],
          [
            34.83401701331471,
            2.592418045117256
          ],
          [
            34.81177316575079,
            2.581212350194992
          ],
          [
            34.78950647257723,
            2.5700521204369764
          ],
          [
            34.76721702672211,
            2.5589374024194544
          ],
          [
            34.74490492120848,
            2.547868242528729
          ],
          [
            34.72257024915398,
            2.5368446869609738
          ],
          [
            34.70021310377041,
            2.5258667817220353
          ],
          [
            34.67783357836335,
            2.5149345726272383
          ],
          [
            34.65543176633181,
            2.504048105301207
          ],
          [
            34.63303321092083,
            2.4932140594573013
          ],
          [
            34.610616997468924,
            2.482416596406889
          ],
          [
            34.58818318572546,
            2.4716557449301018
          ],
          [
            34.56573183548673,
            2.4609315337094895
          ],
          [
            34.54326300659576,
            2.450243991329941
          ],
          [
            34.52077675894216,
            2.4395931462786002
          ],
          [
            34.49827315246199,
            2.4289790269448037
          ],
          [
            34.475752247137564,
            2.4184016616199866
          ],
          [
            34.4532141029973,
            2.4078610784976284
          ],
          [
            34.430658780115586,
            2.3973573056731663
          ],
          [
            34.40808633861257,
            2.386890371143915
          ],
          [
            34.38549683865406,
            2.376460302808999
          ],
          [
            34.362890340451315,
            2.366067128469286
          ],
          [
            34.3402669042609,
            2.3557108758272953
          ],
          [
            34.317626590384535,
            2.345391572487138
          ],
          [
            34.294969459168925,
            2.33510924595444
          ],
          [
            34.2722955710056,
            2.3248639236362596
          ],
          [
            34.24960498633075,
            2.3146556328410277
          ],
          [
            34.226897765625075,
            2.304484400778472
          ],
          [
            34.20417396941362,
            2.2943502545595376
          ],
          [
            34.181433658265604,
            2.2842532211963196
          ],
          [
            34.158676892794276,
            2.2741933276019903
          ],
          [
            34.13590373365672,
            2.264170600590729
          ],
          [
            34.11311424155375,
            2.2541850668776515
          ],
          [
            34.09030847722969,
            2.2442367530787273
          ],
          [
            34.06748650147224,
            2.2343256857107274
          ],
          [
            34.044648375112324,
            2.2244518911911424
          ],
          [
            34.021794159023905,
            2.214615395838111
          ],
          [
            33.99892391412383,
            2.2048162258703563
          ],
          [
            33.976037701371666,
            2.195054407407106
          ],
          [
            33.953135581769565,
            2.1853299664680357
          ],
          [
            33.93021761636205,
            2.1756429289731933
          ],
          [
            33.9072838662359,
            2.1659933207429223
          ],
          [
            33.88433439251995,
            2.1563811674978055
          ],
          [
            33.86136925638497,
            2.1468064948585948
          ],
          [
            33.83838851904345,
            2.1372693283461306
          ],
          [
            33.81539224174947,
            2.1277696933812855
          ],
          [
            33.79238048579856,
            2.118307615284902
          ],
          [
            33.76935331252747,
            2.108883119277703
          ],
          [
            33.746310783314065,
            2.099496230480243
          ],
          [
            33.72325295957714,
            2.0901469739128444
          ],
          [
            33.700179902776235,
            2.080835374495509
          ],
          [
            33.67709167441153,
            2.0715614570478795
          ],
          [
            33.6539883360236,
            2.0623252462891433
          ],
          [
            33.63086994919335,
            2.053126766837998
          ],
          [
            33.60773657554174,
            2.043966043212558
          ],
          [
            33.58458827672972,
            2.034843099830308
          ],
          [
            33.56142511445799,
            2.025757961008031
          ],
          [
            33.538247150466894,
            2.0167106509617376
          ],
          [
            33.515054446536205,
            2.007701193806618
          ],
          [
            33.491847064485,
            1.9987296135569554
          ],
          [
            33.46862506617149,
            1.9897959341260858
          ],
          [
            33.445388513492816,
            1.9809001793263104
          ],
          [
            33.42213746838493,
            1.9720423728688559
          ],
          [
            33.39887199282242,
            1.9632225383637874
          ],
          [
            33.37559214881833,
            1.9544406993199672
          ],
          [
            33.35229799842399,
            1.9456968791449807
          ],
          [
            33.328989603728886,
            1.9369911011450718
          ],
          [
            33.305667026860455,
            1.9283233885250848
          ],
          [
            33.28233032998395,
            1.9196937643884073
          ],
          [
            33.258979575302234,
            1.9111022517369012
          ],
          [
            33.23561482505567,
            1.9025488734708453
          ],
          [
            33.21223614152192,
            1.8940336523888686
          ],
          [
            33.18884358701576,
            1.8855566111878996
          ],
          [
            33.16543722388897,
            1.8771177724630963
          ],
          [
            33.14201711453011,
            1.8687171587077884
          ],
          [
            33.11858332136441,
            1.8603547923134265
          ],
          [
            33.09513590685355,
            1.8520306955695052
          ],
          [
            33.071674933495515,
            1.843744890663519
          ],
          [
            33.04820046382444,
            1.8354973996808948
          ],
          [
            33.02471256041044,
            1.8272882446049383
          ],
          [
            33.001211285859426,
            1.8191174473167688
          ],
          [
            32.97769670281295,
            1.8109850295952672
          ],
          [
            32.95416887394805,
            1.8028910131170157
          ],
          [
            32.930627861977044,
            1.794835419456236
          ],
          [
            32.907073729647415,
            1.7868182700847406
          ],
          [
            32.88350653974161,
            1.7788395863718716
          ],
          [
            32.859926355076865,
            1.7708993895844323
          ],
          [
            32.836333238505084,
            1.7629977008866557
          ],
          [
            32.81272725291261,
            1.7551345413401158
          ],
          [
            32.789108461220096,
            1.7473099319037093
          ],
          [
            32.76547692638235,
            1.7395238934335637
          ],
          [
            32.741832711388106,
            1.7317764466830017
          ],
          [
            32.71817587925994,
            1.7240676123024858
          ],
          [
            32.694506493054035,
            1.7163974108395514
          ],
          [
            32.67082461586003,
            1.7087658627387672
          ],
          [
            32.64713031080087,
            1.7011729883416677
          ],
          [
            32.62342364103263,
            1.6936188078867076
          ],
          [
            32.599704669744334,
            1.6861033415092042
          ],
          [
            32.57597346015779,
            1.6786266092412845
          ],
          [
            32.55223007552745,
            1.6711886310118267
          ],
          [
            32.52847457914018,
            1.6637894266464208
          ],
          [
            32.50470703431517,
            1.6564290158672996
          ],
          [
            32.48092750440369,
            1.649107418293294
          ],
          [
            32.457136052788975,
            1.6418246534397856
          ],
          [
            32.43333274288605,
            1.6345807407186452
          ],
          [
            32.40951763814151,
            1.627375699438181
          ],
          [
            32.38569080203342,
            1.6202095488030999
          ],
          [
            32.3618522980711,
            1.613082307914441
          ],
          [
            32.33800218979498,
            1.6059939957695342
          ],
          [
            32.3141405407764,
            1.598944631261947
          ],
          [
            32.29026741461749,
            1.5919342331814317
          ],
          [
            32.266382874950956,
            1.5849628202138781
          ],
          [
            32.242486985439925,
            1.5780304109412633
          ],
          [
            32.21857980977778,
            1.5711370238416027
          ],
          [
            32.19466141168798,
            1.5642826772888991
          ],
          [
            32.170731854923915,
            1.5574673895530946
          ],
          [
            32.1467912032687,
            1.5506911788000188
          ],
          [
            32.122839520535024,
            1.543954063091352
          ],
          [
            32.09887687056499,
            1.5372560603845606
          ],
          [
            32.07490331722993,
            1.5305971885328553
          ],
          [
            32.050918924430235,
            1.523977465285153
          ],
          [
            32.02692375609518,
            1.5173969082860186
          ],
          [
            32.00291787618277,
            1.5108555350756223
          ],
          [
            31.978901348679578,
            1.5043533630896864
          ],
          [
            31.954874237600524,
            1.4978904096594494
          ],
          [
            31.930836606988766,
            1.4914666920116133
          ],
          [
            31.906788520915487,
            1.4850822272683004
          ],
          [
            31.88273004347974,
            1.4787370324470004
          ],
          [
            31.85866123880828,
            1.4724311244605417
          ],
          [
            31.834582171055395,
            1.4661645201170241
          ],
          [
            31.810492904402707,
            1.4599372361197887
          ],
          [
            31.786393503059042,
            1.4537492890673764
          ],
          [
            31.762284031260233,
            1.4476006954534668
          ],
          [
            31.73816455326896,
            1.4414914716668559
          ],
          [
            31.714035133374566,
            1.4354216339913926
          ],
          [
            31.689895835892898,
            1.4293911986059467
          ],
          [
            31.66574672516613,
            1.4234001815843627
          ],
          [
            31.6415878655626,
            1.4174485988954224
          ],
          [
            31.617419321476618,
            1.4115364664027883
          ],
          [
            31.593241157328315,
            1.4056637998649766
          ],
          [
            31.569053437563472,
            1.3998306149353041
          ],
          [
            31.54485622665332,
            1.3940369271618565
          ],
          [
            31.520649589094404,
            1.3882827519874397
          ],
          [
            31.496433589408397,
            1.3825681047495397
          ],
          [
            31.47220829214191,
            1.3768930006802815
          ],
          [
            31.447973761866354,
            1.3712574549063934
          ],
          [
            31.42373006317774,
            1.3656614824491609
          ],
          [
            31.399477260696518,
            1.360105098224384
          ],
          [
            31.37521541906741,
            1.3545883170423494
          ],
          [
            31.350944602959217,
            1.349111153607783
          ],
          [
            31.32666487706468,
            1.3436736225198036
          ],
          [
            31.30237630610028,
            1.3382757382719035
          ],
          [
            31.27807895480607,
            1.332917515251891
          ],
          [
            31.25377288794551,
            1.3275989677418565
          ],
          [
            31.229458170305293,
            1.3223201099181452
          ],
          [
            31.205134866695165,
            1.3170809558513046
          ],
          [
            31.18080304194777,
            1.3118815195060591
          ],
          [
            31.156442353726597,
            1.3067140404480106
          ],
          [
            31.13207465154701,
            1.3015797380697336
          ],
          [
            31.10769998059212,
            1.2964786218913673
          ],
          [
            31.083318386057943,
            1.291410701371504
          ],
          [
            31.058929913153353,
            1.2863759859071955
          ],
          [
            31.034534607099964,
            1.2813744848339077
          ],
          [
            31.01013251313207,
            1.2764062074255342
          ],
          [
            30.98572367649654,
            1.2714711628943611
          ],
          [
            30.96130814245276,
            1.2665693603910455
          ],
          [
            30.936885956272523,
            1.2617008090046191
          ],
          [
            30.91245716323996,
            1.2568655177624493
          ],
          [
            30.888021808651445,
            1.2520634956302352
          ],
          [
            30.86357993781554,
            1.247294751511987
          ],
          [
            30.839131596052866,
            1.2425592942500074
          ],
          [
            30.814676828696054,
            1.2378571326248853
          ],
          [
            30.79021568108965,
            1.2331882753554666
          ],
          [
            30.76574819859003,
            1.2285527310988407
          ],
          [
            30.7412744265653,
            1.2239505084503364
          ],
          [
            30.716794410395263,
            1.2193816159434903
          ],
          [
            30.692308195471266,
            1.2148460620500359
          ],
          [
            30.667815827196172,
            1.2103438551799002
          ],
          [
            30.643317350984233,
            1.2058750036811574
          ],
          [
            30.61881281226105,
            1.201439515840061
          ],
          [
            30.594302256463454,
            1.1970373998809727
          ],
          [
            30.569785729039424,
            1.1926686639663941
          ],
          [
            30.545263275448026,
            1.1883333161969283
          ],
          [
            30.520734941159304,
            1.1840313646112612
          ],
          [
            30.496200771654223,
            1.1797628171861732
          ],
          [
            30.47166081242454,
            1.1755276818364848
          ],
          [
            30.447115108972774,
            1.1713259664150826
          ],
          [
            30.42256370681208,
            1.167157678712865
          ],
          [
            30.39800665146619,
            1.1630228264587643
          ],
          [
            30.3734439884693,
            1.1589214173197107
          ],
          [
            30.34887576336603,
            1.1548534589006216
          ],
          [
            30.324302021711286,
            1.1508189587443916
          ],
          [
            30.299722809070232,
            1.1468179243318737
          ],
          [
            30.275138171018142,
            1.1428503630818767
          ],
          [
            30.250548153140386,
            1.1389162823511292
          ],
          [
            30.22595280103228,
            1.1350156894342902
          ],
          [
            30.201352160299052,
            1.1311485915639174
          ],
          [
            30.17674627655572,
            1.1273149959104671
          ],
          [
            30.152135195427032,
            1.1235149095822727
          ],
          [
            30.127518962547374,
            1.1197483396255343
          ],
          [
            30.102897623560683,
            1.116015293024308
          ],
          [
            30.07827122412036,
            1.1123157767004805
          ],
          [
            30.053639809889198,
            1.108649797513781
          ],
          [
            30.02900342653928,
            1.1050173622617372
          ],
          [
            30.0043621197519,
            1.1014184776796938
          ],
          [
            29.9797159352175,
            1.0978531504407734
          ],
          [
            29.955064918635536,
            1.0943213871558797
          ],
          [
            29.930409115714458,
            1.0908231943736872
          ],
          [
            29.905748572171564,
            1.0873585785806164
          ],
          [
            29.881083333732956,
            1.083927546200833
          ],
          [
            29.856413446133434,
            1.080530103596221
          ],
          [
            29.831738955116432,
            1.077166257066402
          ],
          [
            29.807059906433896,
            1.0738360128486804
          ],
          [
            29.78237634584625,
            1.0705393771180738
          ],
          [
            29.757688319122256,
            1.0672763559872642
          ],
          [
            29.732995872038988,
            1.0640469555066225
          ],
          [
            29.708299050381687,
            1.060851181664166
          ],
          [
            29.683597899943727,
            1.0576890403855685
          ],
          [
            29.6588924665265,
            1.0545605375341331
          ],
          [
            29.63418279593934,
            1.0514656789108017
          ],
          [
            29.609468933999427,
            1.0484044702541269
          ],
          [
            29.58475092653174,
            1.0453769172402616
          ],
          [
            29.560028819368917,
            1.0423830254829625
          ],
          [
            29.535302658351213,
            1.0394228005335613
          ],
          [
            29.510572489326393,
            1.0364962478809723
          ],
          [
            29.485838358149657,
            1.0336033729516743
          ],
          [
            29.461100310683555,
            1.0307441811096894
          ],
          [
            29.436358392797885,
            1.0279186776565972
          ],
          [
            29.41161265036964,
            1.0251268678315064
          ],
          [
            29.386863129282894,
            1.0223687568110442
          ],
          [
            29.36210987542873,
            1.0196443497093597
          ],
          [
            29.337352934705144,
            1.0169536515781061
          ],
          [
            29.312592353016985,
            1.0142966674064375
          ],
          [
            29.287828176275838,
            1.0116734021209801
          ],
          [
            29.26306045039997,
            1.0090838605858572
          ],
          [
            29.2382892213142,
            1.006528047602643
          ],
          [
            29.213514534949883,
            1.0040059679103877
          ],
          [
            29.18873643724475,
            1.0015176261855743
          ],
          [
            29.163954974142875,
            0.9990630270421512
          ],
          [
            29.139170191594566,
            0.9966421750314751
          ],
          [
            29.11438213555629,
            0.99425507464235
          ],
          [
            29.08959085199058,
            0.9919017303009809
          ],
          [
            29.064796386865954,
            0.9895821463709922
          ],
          [
            29.03999878615683,
            0.9872963271534054
          ],
          [
            29.01519809584345,
            0.985044276886633
          ],
          [
            28.99039436191176,
            0.9828259997464741
          ],
          [
            28.965587630353372,
            0.9806414998461044
          ],
          [
            28.940777947165454,
            0.9784907812360721
          ],
          [
            28.915965358350633,
            0.9763738479042807
          ],
          [
            28.89114990991694,
            0.9742907037759991
          ],
          [
            28.866331647877697,
            0.9722413527138265
          ],
          [
            28.84151061825145,
            0.9702257985177241
          ],
          [
            28.816686867061872,
            0.968244044924969
          ],
          [
            28.791860440337683,
            0.9662960956101685
          ],
          [
            28.767031384112567,
            0.9643819541852565
          ],
          [
            28.742199744425083,
            0.9625016241994686
          ],
          [
            28.717365567318573,
            0.9606551091393527
          ],
          [
            28.692528898841104,
            0.9588424124287656
          ],
          [
            28.667689785045333,
            0.9570635374288337
          ],
          [
            28.642848271988477,
            0.9553184874379923
          ],
          [
            28.618004405732187,
            0.9536072656919501
          ],
          [
            28.593158232342486,
            0.9519298753636889
          ],
          [
            28.568309797889665,
            0.9502863195634603
          ],
          [
            28.54345914844822,
            0.9486766013387786
          ],
          [
            28.51860633009674,
            0.9471007236744207
          ],
          [
            28.493751388917854,
            0.9455586894924117
          ],
          [
            28.468894370998107,
            0.944050501652022
          ],
          [
            28.444035322427908,
            0.9425761629497629
          ],
          [
            28.419174289301424,
            0.9411356761193908
          ],
          [
            28.39431131771651,
            0.9397290438318819
          ],
          [
            28.36944645377461,
            0.938356268695447
          ],
          [
            28.34457974358067,
            0.9370173532555093
          ],
          [
            28.31971123324308,
            0.9357122999947158
          ],
          [
            28.29484096887354,
            0.934441111332923
          ],
          [
            28.26996899658703,
            0.9332037896272034
          ],
          [
            28.245095362501672,
            0.9320003371718144
          ],
          [
            28.22022011273869,
            0.9308307561982296
          ],
          [
            28.19534329342229,
            0.9296950488751072
          ],
          [
            28.1704649506796,
            0.9285932173083005
          ],
          [
            28.145585130640555,
            0.9275252635408471
          ],
          [
            28.120703879437855,
            0.9264911895529728
          ],
          [
            28.09582124320682,
            0.9254909972620773
          ],
          [
            28.070937268085377,
            0.9245246885227374
          ],
          [
            28.046052000213898,
            0.9235922651267074
          ],
          [
            28.021165485735185,
            0.9226937288029013
          ],
          [
            27.996277770794325,
            0.9218290812174068
          ],
          [
            27.97138890153865,
            0.9209983239734676
          ],
          [
            27.946498924117623,
            0.9202014586114977
          ],
          [
            27.921607884682754,
            0.9194384866090566
          ],
          [
            27.896715829387542,
            0.9187094093808632
          ],
          [
            27.871822804387357,
            0.9180142282787926
          ],
          [
            27.84692885583937,
            0.9173529445918582
          ],
          [
            27.822034029902458,
            0.9167255595462329
          ],
          [
            27.797138372737138,
            0.9161320743052208
          ],
          [
            27.772241930505455,
            0.915572489969275
          ],
          [
            27.74734474937092,
            0.9150468075759939
          ],
          [
            27.722446875498406,
            0.9145550281001036
          ],
          [
            27.697548355054074,
            0.9140971524534756
          ],
          [
            27.672649234205288,
            0.9136731814851089
          ],
          [
            27.64774955912052,
            0.9132831159811445
          ],
          [
            27.622849375969263,
            0.9129269566648439
          ],
          [
            27.597948730921974,
            0.9126047041966068
          ],
          [
            27.57304767014994,
            0.912316359173964
          ],
          [
            27.54814623982524,
            0.9120619221315671
          ],
          [
            27.52324448612062,
            0.9118413935412022
          ],
          [
            27.498342455209446,
            0.911654773811776
          ],
          [
            27.47344019326558,
            0.9115020632893227
          ],
          [
            27.448537746463327,
            0.9113832622570008
          ],
          [
            27.423635160977316,
            0.9112983709350964
          ],
          [
            27.398732482982453,
            0.9112473894810122
          ],
          [
            27.3738297586538,
            0.9112303179892827
          ],
          [
            27.34885545880431,
            0.9112303217836736
          ],
          [
            27.32388115895482,
            0.9112303255780644
          ],
          [
            27.298906859105326,
            0.9112303293724553
          ],
          [
            27.273932559255837,
            0.9112303331668462
          ],
          [
            27.248958259406344,
            0.9112303369612371
          ],
          [
            27.223983959556854,
            0.9112303407556279
          ],
          [
            27.19900965970736,
            0.9112303445500188
          ],
          [
            27.17403535985787,
            0.9112303483444097
          ],
          [
            27.14906106000838,
            0.9112303521388007
          ],
          [
            27.124086760158885,
            0.9112303559331915
          ],
          [
            27.099112460309396,
            0.9112303597275824
          ],
          [
            27.074138160459903,
            0.9112303635219733
          ],
          [
            27.049163860610413,
            0.9112303673163642
          ],
          [
            27.02418956076092,
            0.911230371110755
          ],
          [
            26.99921526091143,
            0.9112303749051459
          ],
          [
            26.974240961061938,
            0.9112303786995368
          ],
          [
            26.949266661212445,
            0.9112303824939277
          ],
          [
            26.924292361362955,
            0.9112303862883185
          ],
          [
            26.899318061513462,
            0.9112303900827095
          ],
          [
            26.874343761663972,
            0.9112303938771004
          ],
          [
            26.84936946181448,
            0.9112303976714913
          ],
          [
            26.82439516196499,
            0.9112304014658821
          ],
          [
            26.799420862115497,
            0.911230405260273
          ],
          [
            26.774446562266007,
            0.9112304090546639
          ],
          [
            26.749472262416514,
            0.9112304128490548
          ],
          [
            26.72449796256702,
            0.9112304166434456
          ],
          [
            26.69952366271753,
            0.9112304204378365
          ],
          [
            26.67454936286804,
            0.9112304242322274
          ],
          [
            26.64957506301855,
            0.9112304280266182
          ],
          [
            26.624600763169056,
            0.9112304318210092
          ],
          [
            26.599626463319566,
            0.9112304356154001
          ],
          [
            26.574652163470073,
            0.911230439409791
          ],
          [
            26.54967786362058,
            0.9112304432041818
          ],
          [
            26.52470356377109,
            0.9112304469985727
          ],
          [
            26.499729263921598,
            0.9112304507929636
          ],
          [
            26.47475496407211,
            0.9112304545873545
          ],
          [
            26.449780664222615,
            0.9112304583817453
          ],
          [
            26.424806364373126,
            0.9112304621761362
          ],
          [
            26.399832064523633,
            0.9112304659705271
          ],
          [
            26.374857764674143,
            0.9112304697649181
          ],
          [
            26.34988346482465,
            0.9112304735593089
          ],
          [
            26.324909164975157,
            0.9112304773536998
          ],
          [
            26.299934865125667,
            0.9112304811480907
          ],
          [
            26.274960565276174,
            0.9112304849424816
          ],
          [
            26.249986265426685,
            0.9112304887368724
          ],
          [
            26.225011965577192,
            0.9112304925312633
          ],
          [
            26.200037665727702,
            0.9112304963256542
          ],
          [
            26.17506336587821,
            0.9112305001200451
          ],
          [
            26.15008906602872,
            0.9112305039144359
          ],
          [
            26.125114766179227,
            0.9112305077088269
          ],
          [
            26.100140466329734,
            0.9112305115032178
          ],
          [
            26.075166166480244,
            0.9112305152976087
          ],
          [
            26.05019186663075,
            0.9112305190919995
          ],
          [
            26.02521756678126,
            0.9112305228863904
          ],
          [
            26.00024326693177,
            0.9112305266807813
          ],
          [
            25.97526896708228,
            0.9112305304751722
          ],
          [
            25.950294667232786,
            0.911230534269563
          ],
          [
            25.925320367383293,
            0.9112305380639539
          ],
          [
            25.900346067533803,
            0.9112305418583448
          ],
          [
            25.87537176768431,
            0.9112305456527356
          ],
          [
            25.85039746783482,
            0.9112305494471266
          ],
          [
            25.825423167985328,
            0.9112305532415175
          ],
          [
            25.800448868135838,
            0.9112305570359084
          ],
          [
            25.775474568286345,
            0.9112305608302992
          ],
          [
            25.750500268436852,
            0.9112305646246901
          ],
          [
            25.725525968587363,
            0.911230568419081
          ],
          [
            25.70055166873787,
            0.9112305722134719
          ],
          [
            25.67557736888838,
            0.9112305760078627
          ],
          [
            25.650603069038887,
            0.9112305798022536
          ],
          [
            25.625628769189397,
            0.9112305835966445
          ],
          [
            25.600654469339904,
            0.9112305873910355
          ],
          [
            25.575680169490415,
            0.9112305911854263
          ],
          [
            25.55070586964092,
            0.9112305949798172
          ],
          [
            25.525731569791432,
            0.9112305987742081
          ],
          [
            25.50075726994194,
            0.911230602568599
          ],
          [
            25.475782970092446,
            0.9112306063629898
          ],
          [
            25.450808670242957,
            0.9112306101573807
          ],
          [
            25.425834370393464,
            0.9112306139517716
          ],
          [
            25.400860070543974,
            0.9112306177461625
          ],
          [
            25.37588577069448,
            0.9112306215405533
          ],
          [
            25.35091147084499,
            0.9112306253349443
          ],
          [
            25.3259371709955,
            0.9112306291293352
          ],
          [
            25.300962871146005,
            0.9112306329237261
          ],
          [
            25.275988571296516,
            0.9112306367181169
          ],
          [
            25.251014271447023,
            0.9112306405125078
          ],
          [
            25.226039971597533,
            0.9112306443068987
          ],
          [
            25.20106567174804,
            0.9112306481012895
          ],
          [
            25.17609137189855,
            0.9112306518956804
          ],
          [
            25.151117072049058,
            0.9112306556900713
          ],
          [
            25.126142772199564,
            0.9112306594844622
          ],
          [
            25.101168472350075,
            0.911230663278853
          ],
          [
            25.076194172500582,
            0.911230667073244
          ],
          [
            25.051219872651092,
            0.9112306708676349
          ],
          [
            25.0262455728016,
            0.9112306746620258
          ],
          [
            25.00127127295211,
            0.9112306784564166
          ],
          [
            24.976296973102617,
            0.9112306822508075
          ],
          [
            24.951322673253124,
            0.9112306860451984
          ],
          [
            24.926348373403634,
            0.9112306898395893
          ],
          [
            24.90137407355414,
            0.9112306936339801
          ],
          [
            24.87639977370465,
            0.911230697428371
          ],
          [
            24.85142547385516,
            0.911230701222762
          ],
          [
            24.82645117400567,
            0.9112307050171529
          ],
          [
            24.801476874156176,
            0.9112307088115437
          ],
          [
            24.776502574306686,
            0.9112307126059346
          ],
          [
            24.751528274457193,
            0.9112307164003255
          ],
          [
            24.726553974607704,
            0.9112307201947164
          ],
          [
            24.70157967475821,
            0.9112307239891072
          ],
          [
            24.676605374908718,
            0.9112307277834981
          ],
          [
            24.65163107505923,
            0.911230731577889
          ],
          [
            24.626656775209735,
            0.9112307353722799
          ],
          [
            24.601682475360246,
            0.9112307391666707
          ],
          [
            24.576708175510753,
            0.9112307429610617
          ],
          [
            24.551733875661263,
            0.9112307467554526
          ],
          [
            24.52675957581177,
            0.9112307505498434
          ],
          [
            24.501785275962277,
            0.9112307543442343
          ],
          [
            24.476810976112787,
            0.9112307581386252
          ],
          [
            24.451836676263294,
            0.9112307619330161
          ],
          [
            24.426862376413805,
            0.9112307657274069
          ],
          [
            24.401888076564312,
            0.9112307695217978
          ],
          [
            24.376913776714822,
            0.9112307733161887
          ],
          [
            24.35193947686533,
            0.9112307771105796
          ],
          [
            24.326965177015836,
            0.9112307809049704
          ],
          [
            24.301990877166347,
            0.9112307846993614
          ],
          [
            24.277016577316854,
            0.9112307884937523
          ],
          [
            24.252042277467364,
            0.9112307922881432
          ],
          [
            24.22706797761787,
            0.911230796082534
          ],
          [
            24.20209367776838,
            0.9112307998769249
          ],
          [
            24.17711937791889,
            0.9112308036713158
          ],
          [
            24.1521450780694,
            0.9112308074657067
          ],
          [
            24.127170778219906,
            0.9112308112600975
          ],
          [
            24.102196478370416,
            0.9112308150544884
          ],
          [
            24.077222178520923,
            0.9112308188488794
          ],
          [
            24.05224787867143,
            0.9112308226432703
          ],
          [
            24.02727357882194,
            0.9112308264376611
          ],
          [
            24.002299278972448,
            0.911230830232052
          ],
          [
            23.977324979122958,
            0.9112308340264429
          ],
          [
            23.952350679273465,
            0.9112308378208338
          ],
          [
            23.927376379423976,
            0.9112308416152246
          ],
          [
            23.902402079574482,
            0.9112308454096155
          ],
          [
            23.87742777972499,
            0.9112308492040064
          ],
          [
            23.8524534798755,
            0.9112308529983973
          ],
          [
            23.827479180026007,
            0.9112308567927881
          ],
          [
            23.802504880176517,
            0.9112308605871791
          ],
          [
            23.777530580327024,
            0.91123086438157
          ],
          [
            23.752556280477535,
            0.9112308681759608
          ],
          [
            23.72758198062804,
            0.9112308719703517
          ],
          [
            23.70260768077855,
            0.9112308757647426
          ],
          [
            23.67763338092906,
            0.9112308795591335
          ],
          [
            23.652659081079566,
            0.9112308833535243
          ],
          [
            23.627684781230077,
            0.9112308871479152
          ],
          [
            23.602710481380583,
            0.9112308909423061
          ],
          [
            23.577736181531094,
            0.911230894736697
          ],
          [
            23.5527618816816,
            0.9112308985310879
          ],
          [
            23.52778758183211,
            0.9112309023254788
          ],
          [
            23.50281328198262,
            0.9112309061198697
          ],
          [
            23.47783898213313,
            0.9112309099142606
          ],
          [
            23.452864682283636,
            0.9112309137086514
          ],
          [
            23.427890382434143,
            0.9112309175030423
          ],
          [
            23.402916082584653,
            0.9112309212974332
          ],
          [
            23.37794178273516,
            0.9112309250918241
          ],
          [
            23.352967482885667,
            0.9112309288862149
          ],
          [
            23.327993183036178,
            0.9112309326806058
          ],
          [
            23.303018883186688,
            0.9112309364749968
          ],
          [
            23.278044583337195,
            0.9112309402693877
          ],
          [
            23.253070283487702,
            0.9112309440637785
          ],
          [
            23.228095983638212,
            0.9112309478581694
          ],
          [
            23.20312168378872,
            0.9112309516525603
          ],
          [
            23.17814738393923,
            0.9112309554469512
          ],
          [
            23.153173084089737,
            0.911230959241342
          ],
          [
            23.128198784240247,
            0.9112309630357329
          ],
          [
            23.103224484390754,
            0.9112309668301238
          ],
          [
            23.07825018454126,
            0.9112309706245146
          ],
          [
            23.05327588469177,
            0.9112309744189055
          ],
          [
            23.02830158484228,
            0.9112309782132965
          ],
          [
            23.00332728499279,
            0.9112309820076874
          ],
          [
            22.978352985143296,
            0.9112309858020782
          ],
          [
            22.953378685293806,
            0.9112309895964691
          ],
          [
            22.928404385444313,
            0.91123099339086
          ],
          [
            22.90343008559482,
            0.9112309971852509
          ],
          [
            22.87845578574533,
            0.9112310009796417
          ],
          [
            22.85348148589584,
            0.9112310047740326
          ],
          [
            22.828507186046348,
            0.9112310085684235
          ],
          [
            22.803532886196855,
            0.9112310123628145
          ],
          [
            22.778558586347366,
            0.9112310161572053
          ],
          [
            22.753584286497873,
            0.9112310199515962
          ],
          [
            22.72860998664838,
            0.9112310237459871
          ],
          [
            22.70363568679889,
            0.911231027540378
          ],
          [
            22.678661386949397,
            0.9112310313347688
          ],
          [
            22.653687087099907,
            0.9112310351291597
          ],
          [
            22.628712787250414,
            0.9112310389235506
          ],
          [
            22.603738487400925,
            0.9112310427179415
          ],
          [
            22.57876418755143,
            0.9112310465123323
          ],
          [
            22.55378988770194,
            0.9112310503067232
          ],
          [
            22.52881558785245,
            0.9112310541011142
          ],
          [
            22.50384128800296,
            0.9112310578955051
          ],
          [
            22.478866988153467,
            0.9112310616898959
          ],
          [
            22.453892688303974,
            0.9112310654842868
          ],
          [
            22.428918388454484,
            0.9112310692786777
          ],
          [
            22.40394408860499,
            0.9112310730730685
          ],
          [
            22.3789697887555,
            0.9112310768674594
          ],
          [
            22.35399548890601,
            0.9112310806618503
          ],
          [
            22.32902118905652,
            0.9112310844562412
          ],
          [
            22.304046889207026,
            0.911231088250632
          ],
          [
            22.279072589357533,
            0.911231092045023
          ],
          [
            22.254098289508043,
            0.9112310958394139
          ],
          [
            22.229123989658554,
            0.9112310996338048
          ],
          [
            22.20414968980906,
            0.9112311034281956
          ],
          [
            22.179175389959568,
            0.9112311072225865
          ],
          [
            22.154201090110078,
            0.9112311110169774
          ],
          [
            22.129226790260585,
            0.9112311148113683
          ],
          [
            22.104252490411096,
            0.9112311186057591
          ],
          [
            22.079278190561602,
            0.91123112240015
          ],
          [
            22.054303890712113,
            0.9112311261945409
          ],
          [
            22.02932959086262,
            0.9112311299889319
          ],
          [
            22.004355291013127,
            0.9112311337833227
          ],
          [
            21.979380991163637,
            0.9112311375777136
          ],
          [
            21.954406691314144,
            0.9112311413721045
          ],
          [
            21.92943239146465,
            0.9112311451664954
          ],
          [
            21.90445809161516,
            0.9112311489608862
          ],
          [
            21.879483791765672,
            0.9112311527552771
          ],
          [
            21.85450949191618,
            0.911231156549668
          ],
          [
            21.829535192066686,
            0.9112311603440589
          ],
          [
            21.804560892217197,
            0.9112311641384497
          ],
          [
            21.779586592367703,
            0.9112311679328406
          ],
          [
            21.754612292518214,
            0.9112311717272316
          ],
          [
            21.72963799266872,
            0.9112311755216225
          ],
          [
            21.70466369281923,
            0.9112311793160133
          ],
          [
            21.67968939296974,
            0.9112311831104042
          ],
          [
            21.654715093120245,
            0.9112311869047951
          ],
          [
            21.629740793270756,
            0.9112311906991859
          ],
          [
            21.604766493421263,
            0.9112311944935768
          ],
          [
            21.579792193571773,
            0.9112311982879677
          ],
          [
            21.55481789372228,
            0.9112312020823586
          ],
          [
            21.52984359387279,
            0.9112312058767494
          ],
          [
            21.504869294023297,
            0.9112312096711404
          ],
          [
            21.479894994173804,
            0.9112312134655313
          ],
          [
            21.454920694324315,
            0.9112312172599222
          ],
          [
            21.429946394474825,
            0.911231221054313
          ],
          [
            21.404972094625332,
            0.9112312248487039
          ],
          [
            21.37999779477584,
            0.9112312286430948
          ],
          [
            21.35502349492635,
            0.9112312324374857
          ],
          [
            21.330049195076857,
            0.9112312362318765
          ],
          [
            21.305074895227364,
            0.9112312400262674
          ],
          [
            21.280100595377874,
            0.9112312438206583
          ],
          [
            21.25512629552838,
            0.9112312476150493
          ],
          [
            21.23015199567889,
            0.9112312514094401
          ],
          [
            21.2051776958294,
            0.911231255203831
          ],
          [
            21.18020339597991,
            0.9112312589982219
          ],
          [
            21.155229096130416,
            0.9112312627926128
          ],
          [
            21.130254796280923,
            0.9112312665870036
          ],
          [
            21.105280496431433,
            0.9112312703813945
          ],
          [
            21.080306196581944,
            0.9112312741757854
          ],
          [
            21.05533189673245,
            0.9112312779701763
          ],
          [
            21.030357596882958,
            0.9112312817645671
          ],
          [
            21.005383297033468,
            0.911231285558958
          ],
          [
            20.980408997183975,
            0.911231289353349
          ],
          [
            20.955434697334486,
            0.9112312931477398
          ],
          [
            20.930460397484993,
            0.9112312969421307
          ],
          [
            20.905486097635503,
            0.9112313007365216
          ],
          [
            20.88051179778601,
            0.9112313045309125
          ],
          [
            20.855537497936517,
            0.9112313083253033
          ],
          [
            20.830563198087027,
            0.9112313121196942
          ],
          [
            20.805588898237538,
            0.9112313159140851
          ],
          [
            20.780614598388045,
            0.911231319708476
          ],
          [
            20.75564029853855,
            0.9112313235028668
          ],
          [
            20.730665998689062,
            0.9112313272972578
          ],
          [
            20.70569169883957,
            0.9112313310916487
          ],
          [
            20.68071739899008,
            0.9112313348860396
          ],
          [
            20.655743099140587,
            0.9112313386804304
          ],
          [
            20.630768799291094,
            0.9112313424748213
          ],
          [
            20.605794499441604,
            0.9112313462692122
          ],
          [
            20.58082019959211,
            0.9112313500636031
          ],
          [
            20.55584589974262,
            0.9112313538579939
          ],
          [
            20.53087159989313,
            0.9112313576523848
          ],
          [
            20.50589730004364,
            0.9112313614467757
          ],
          [
            20.480923000194146,
            0.9112313652411667
          ],
          [
            20.455948700344656,
            0.9112313690355575
          ],
          [
            20.430974400495163,
            0.9112313728299484
          ],
          [
            20.40600010064567,
            0.9112313766243393
          ],
          [
            20.38102580079618,
            0.9112313804187302
          ],
          [
            20.35605150094669,
            0.911231384213121
          ],
          [
            20.331077201097198,
            0.9112313880075119
          ],
          [
            20.306102901247705,
            0.9112313918019028
          ],
          [
            20.281128601398215,
            0.9112313955962936
          ],
          [
            20.256154301548722,
            0.9112313993906845
          ],
          [
            20.23118000169923,
            0.9112314031850755
          ],
          [
            20.20620570184974,
            0.9112314069794664
          ],
          [
            20.181231402000247,
            0.9112314107738572
          ],
          [
            20.156257102150754,
            0.9112314145682481
          ],
          [
            20.131282802301264,
            0.911231418362639
          ],
          [
            20.106308502451775,
            0.9112314221570299
          ],
          [
            20.08133420260228,
            0.9112314259514207
          ],
          [
            20.05635990275279,
            0.9112314297458116
          ],
          [
            20.0313856029033,
            0.9112314335402025
          ],
          [
            20.006411303053806,
            0.9112314373345934
          ],
          [
            19.981437003204316,
            0.9112314411289842
          ],
          [
            19.956462703354823,
            0.9112314449233752
          ],
          [
            19.931488403505334,
            0.9112314487177661
          ],
          [
            19.90651410365584,
            0.911231452512157
          ],
          [
            19.88153980380635,
            0.9112314563065478
          ],
          [
            19.85656550395686,
            0.9112314601009387
          ],
          [
            19.83159120410737,
            0.9112314638953296
          ],
          [
            19.806616904257876,
            0.9112314676897205
          ],
          [
            19.781642604408383,
            0.9112314714841113
          ],
          [
            19.756668304558893,
            0.9112314752785022
          ],
          [
            19.7316940047094,
            0.9112314790728931
          ],
          [
            19.706719704859907,
            0.9112314828672841
          ],
          [
            19.681745405010417,
            0.9112314866616749
          ],
          [
            19.656771105160928,
            0.9112314904560658
          ],
          [
            19.631796805311435,
            0.9112314942504567
          ],
          [
            19.606822505461942,
            0.9112314980448475
          ],
          [
            19.581848205612452,
            0.9112315018392384
          ],
          [
            19.55687390576296,
            0.9112315056336293
          ],
          [
            19.531899605913466,
            0.9112315094280202
          ],
          [
            19.506925306063977,
            0.911231513222411
          ],
          [
            19.481951006214487,
            0.9112315170168019
          ],
          [
            19.456976706364994,
            0.9112315208111929
          ],
          [
            19.4320024065155,
            0.9112315246055838
          ],
          [
            19.40702810666601,
            0.9112315283999746
          ],
          [
            19.38205380681652,
            0.9112315321943655
          ],
          [
            19.35707950696703,
            0.9112315359887564
          ],
          [
            19.332105207117536,
            0.9112315397831473
          ],
          [
            19.307130907268046,
            0.9112315435775381
          ],
          [
            19.282156607418553,
            0.911231547371929
          ],
          [
            19.25718230756906,
            0.9112315511663199
          ],
          [
            19.23220800771957,
            0.9112315549607108
          ],
          [
            19.20723370787008,
            0.9112315587551016
          ],
          [
            19.182259408020588,
            0.9112315625494926
          ],
          [
            19.157285108171095,
            0.9112315663438835
          ],
          [
            19.132310808321606,
            0.9112315701382744
          ],
          [
            19.107336508472116,
            0.9112315739326652
          ],
          [
            19.08236220862262,
            0.9112315777270561
          ],
          [
            19.05738790877313,
            0.911231581521447
          ],
          [
            19.03241360892364,
            0.9112315853158379
          ],
          [
            19.007439309074147,
            0.9112315891102287
          ],
          [
            18.982465009224654,
            0.9112315929046196
          ],
          [
            18.957490709375165,
            0.9112315966990105
          ],
          [
            18.93251640952567,
            0.9112316004934015
          ],
          [
            18.907542109676182,
            0.9112316042877923
          ],
          [
            18.88256780982669,
            0.9112316080821832
          ],
          [
            18.8575935099772,
            0.9112316118765741
          ],
          [
            18.832619210127707,
            0.9112316156709649
          ],
          [
            18.807644910278214,
            0.9112316194653558
          ],
          [
            18.782670610428724,
            0.9112316232597467
          ],
          [
            18.75769631057923,
            0.9112316270541376
          ],
          [
            18.73272201072974,
            0.9112316308485284
          ],
          [
            18.70774771088025,
            0.9112316346429193
          ],
          [
            18.68277341103076,
            0.9112316384373103
          ],
          [
            18.657799111181266,
            0.9112316422317012
          ],
          [
            18.632824811331773,
            0.911231646026092
          ],
          [
            18.607850511482283,
            0.9112316498204829
          ],
          [
            18.582876211632794,
            0.9112316536148738
          ],
          [
            18.557901911783297,
            0.9112316574092647
          ],
          [
            18.532927611933808,
            0.9112316612036555
          ],
          [
            18.507953312084318,
            0.9112316649980464
          ],
          [
            18.482979012234825,
            0.9112316687924373
          ],
          [
            18.458004712385332,
            0.9112316725868282
          ],
          [
            18.433030412535842,
            0.911231676381219
          ],
          [
            18.408056112686353,
            0.91123168017561
          ],
          [
            18.38308181283686,
            0.9112316839700009
          ],
          [
            18.358107512987367,
            0.9112316877643918
          ],
          [
            18.333133213137877,
            0.9112316915587826
          ],
          [
            18.308158913288384,
            0.9112316953531735
          ],
          [
            18.283184613438895,
            0.9112316991475644
          ],
          [
            18.2582103135894,
            0.9112317029419553
          ],
          [
            18.233236013739912,
            0.9112317067363461
          ],
          [
            18.20826171389042,
            0.911231710530737
          ],
          [
            18.183287414040926,
            0.911231714325128
          ],
          [
            18.158313114191436,
            0.9112317181195188
          ],
          [
            18.133338814341943,
            0.9112317219139097
          ],
          [
            18.10836451449245,
            0.9112317257083006
          ],
          [
            18.08339021464296,
            0.9112317295026915
          ],
          [
            18.05841591479347,
            0.9112317332970823
          ],
          [
            18.03344161494398,
            0.9112317370914732
          ],
          [
            18.008467315094485,
            0.9112317408858641
          ],
          [
            17.983493015244996,
            0.911231744680255
          ],
          [
            17.958518715395506,
            0.9112317484746458
          ],
          [
            17.93354441554601,
            0.9112317522690367
          ],
          [
            17.90857011569652,
            0.9112317560634277
          ],
          [
            17.88359581584703,
            0.9112317598578186
          ],
          [
            17.858621515997537,
            0.9112317636522094
          ],
          [
            17.833647216148044,
            0.9112317674466003
          ],
          [
            17.808672916298555,
            0.9112317712409912
          ],
          [
            17.783698616449065,
            0.9112317750353821
          ],
          [
            17.758724316599572,
            0.9112317788297729
          ],
          [
            17.73375001675008,
            0.9112317826241638
          ],
          [
            17.70877571690059,
            0.9112317864185547
          ],
          [
            17.683801417051097,
            0.9112317902129456
          ],
          [
            17.658827117201607,
            0.9112317940073364
          ],
          [
            17.633852817352114,
            0.9112317978017274
          ],
          [
            17.608878517502625,
            0.9112318015961183
          ],
          [
            17.58390421765313,
            0.9112318053905092
          ],
          [
            17.55892991780364,
            0.9112318091849
          ],
          [
            17.53395561795415,
            0.9112318129792909
          ],
          [
            17.50898131810466,
            0.9112318167736818
          ],
          [
            17.484007018255163,
            0.9112318205680726
          ],
          [
            17.459032718405673,
            0.9112318243624635
          ],
          [
            17.434058418556184,
            0.9112318281568544
          ],
          [
            17.40908411870669,
            0.9112318319512454
          ],
          [
            17.384109818857198,
            0.9112318357456362
          ],
          [
            17.359135519007708,
            0.9112318395400271
          ],
          [
            17.33416121915822,
            0.911231843334418
          ],
          [
            17.309186919308722,
            0.9112318471288089
          ],
          [
            17.284212619459232,
            0.9112318509231997
          ],
          [
            17.259238319609743,
            0.9112318547175906
          ],
          [
            17.23426401976025,
            0.9112318585119815
          ],
          [
            17.209289719910757,
            0.9112318623063724
          ],
          [
            17.184315420061267,
            0.9112318661007632
          ],
          [
            17.159341120211778,
            0.9112318698951541
          ],
          [
            17.134366820362285,
            0.9112318736895451
          ],
          [
            17.10939252051279,
            0.911231877483936
          ],
          [
            17.084418220663302,
            0.9112318812783268
          ],
          [
            17.05944392081381,
            0.9112318850727177
          ],
          [
            17.034469620964316,
            0.9112318888671086
          ],
          [
            17.009495321114827,
            0.9112318926614995
          ],
          [
            16.984521021265337,
            0.9112318964558903
          ],
          [
            16.959546721415844,
            0.9112319002502812
          ],
          [
            16.93457242156635,
            0.9112319040446721
          ],
          [
            16.90959812171686,
            0.911231907839063
          ],
          [
            16.884623821867372,
            0.9112319116334539
          ],
          [
            16.859649522017875,
            0.9112319154278448
          ],
          [
            16.834675222168386,
            0.9112319192222357
          ],
          [
            16.809700922318896,
            0.9112319230166266
          ],
          [
            16.784726622469403,
            0.9112319268110174
          ],
          [
            16.75975232261991,
            0.9112319306054083
          ],
          [
            16.73477802277042,
            0.9112319343997992
          ],
          [
            16.70980372292093,
            0.91123193819419
          ],
          [
            16.684829423071434,
            0.9112319419885809
          ],
          [
            16.659855123221945,
            0.9112319457829718
          ],
          [
            16.634880823372455,
            0.9112319495773628
          ],
          [
            16.609906523522962,
            0.9112319533717536
          ],
          [
            16.58493222367347,
            0.9112319571661445
          ],
          [
            16.55995792382398,
            0.9112319609605354
          ],
          [
            16.534983623974487,
            0.9112319647549263
          ],
          [
            16.510009324124997,
            0.9112319685493171
          ],
          [
            16.485035024275504,
            0.911231972343708
          ],
          [
            16.460060724426015,
            0.9112319761380989
          ],
          [
            16.43508642457652,
            0.9112319799324898
          ],
          [
            16.41011212472703,
            0.9112319837268806
          ],
          [
            16.38513782487754,
            0.9112319875212715
          ],
          [
            16.36016352502805,
            0.9112319913156625
          ],
          [
            16.335189225178556,
            0.9112319951100534
          ],
          [
            16.310214925329063,
            0.9112319989044442
          ],
          [
            16.285240625479574,
            0.9112320026988351
          ],
          [
            16.260266325630084,
            0.911232006493226
          ],
          [
            16.235292025780588,
            0.9112320102876169
          ],
          [
            16.210317725931098,
            0.9112320140820077
          ],
          [
            16.18534342608161,
            0.9112320178763986
          ],
          [
            16.160369126232116,
            0.9112320216707895
          ],
          [
            16.135394826382623,
            0.9112320254651805
          ],
          [
            16.110420526533133,
            0.9112320292595713
          ],
          [
            16.08544622668364,
            0.9112320330539622
          ],
          [
            16.06047192683415,
            0.9112320368483531
          ],
          [
            16.035497626984657,
            0.9112320406427439
          ],
          [
            16.010523327135168,
            0.9112320444371348
          ],
          [
            15.985549027285675,
            0.9112320482315257
          ],
          [
            15.960574727436182,
            0.9112320520259166
          ],
          [
            15.935600427586692,
            0.9112320558203074
          ],
          [
            15.9106261277372,
            0.9112320596146983
          ],
          [
            15.88565182788771,
            0.9112320634090892
          ],
          [
            15.860677528038217,
            0.9112320672034802
          ],
          [
            15.835703228188725,
            0.911232070997871
          ],
          [
            15.810728928339234,
            0.9112320747922619
          ],
          [
            15.785754628489743,
            0.9112320785866528
          ],
          [
            15.760780328640251,
            0.9112320823810437
          ],
          [
            15.73580602879076,
            0.9112320861754345
          ],
          [
            15.710831728941267,
            0.9112320899698254
          ],
          [
            15.685857429091778,
            0.9112320937642163
          ],
          [
            15.660883129242285,
            0.9112320975586072
          ],
          [
            15.635908829392793,
            0.911232101352998
          ],
          [
            15.610934529543302,
            0.911232105147389
          ],
          [
            15.58596022969381,
            0.9112321089417799
          ],
          [
            15.56098592984432,
            0.9112321127361708
          ],
          [
            15.536011629994828,
            0.9112321165305616
          ],
          [
            15.511037330145337,
            0.9112321203249525
          ],
          [
            15.486063030295846,
            0.9112321241193434
          ],
          [
            15.461088730446352,
            0.9112321279137343
          ],
          [
            15.436114430596863,
            0.9112321317081251
          ],
          [
            15.41114013074737,
            0.911232135502516
          ],
          [
            15.386165830897879,
            0.9112321392969069
          ],
          [
            15.361191531048387,
            0.9112321430912977
          ],
          [
            15.336217231198896,
            0.9112321468856887
          ],
          [
            15.311242931349405,
            0.9112321506800796
          ],
          [
            15.286268631499912,
            0.9112321544744705
          ],
          [
            15.26129433165042,
            0.9112321582688613
          ],
          [
            15.236320031800929,
            0.9112321620632522
          ],
          [
            15.211345731951438,
            0.9112321658576431
          ],
          [
            15.186371432101947,
            0.911232169652034
          ],
          [
            15.161397132252455,
            0.9112321734464248
          ],
          [
            15.136422832402962,
            0.9112321772408157
          ],
          [
            15.111448532553473,
            0.9112321810352066
          ],
          [
            15.08647423270398,
            0.9112321848295976
          ],
          [
            15.06149993285449,
            0.9112321886239884
          ],
          [
            15.036525633004997,
            0.9112321924183793
          ],
          [
            15.011551333155506,
            0.9112321962127702
          ],
          [
            14.986577033306014,
            0.9112322000071611
          ],
          [
            14.961602733456523,
            0.9112322038015519
          ],
          [
            14.936628433607032,
            0.9112322075959428
          ],
          [
            14.91165413375754,
            0.9112322113903337
          ],
          [
            14.886679833908047,
            0.9112322151847246
          ],
          [
            14.861705534058558,
            0.9112322189791154
          ],
          [
            14.836731234209065,
            0.9112322227735064
          ],
          [
            14.811756934359575,
            0.9112322265678973
          ],
          [
            14.786782634510082,
            0.9112322303622882
          ],
          [
            14.761808334660591,
            0.911232234156679
          ],
          [
            14.7368340348111,
            0.9112322379510699
          ],
          [
            14.711859734961608,
            0.9112322417454608
          ],
          [
            14.686885435112117,
            0.9112322455398517
          ],
          [
            14.661911135262626,
            0.9112322493342425
          ],
          [
            14.636936835413133,
            0.9112322531286334
          ],
          [
            14.611962535563643,
            0.9112322569230243
          ],
          [
            14.58698823571415,
            0.9112322607174151
          ],
          [
            14.562013935864659,
            0.9112322645118061
          ],
          [
            14.537039636015168,
            0.911232268306197
          ],
          [
            14.512065336165675,
            0.9112322721005879
          ],
          [
            14.487091036316185,
            0.9112322758949787
          ],
          [
            14.462116736466692,
            0.9112322796893696
          ],
          [
            14.4371424366172,
            0.9112322834837605
          ],
          [
            14.41216813676771,
            0.9112322872781514
          ],
          [
            14.387193836918218,
            0.9112322910725422
          ],
          [
            14.362219537068727,
            0.9112322948669331
          ],
          [
            14.337245237219236,
            0.911232298661324
          ],
          [
            14.312270937369744,
            0.911232302455715
          ],
          [
            14.287296637520253,
            0.9112323062501058
          ],
          [
            14.26232233767076,
            0.9112323100444967
          ],
          [
            14.23734803782127,
            0.9112323138388876
          ],
          [
            14.212373737971777,
            0.9112323176332785
          ],
          [
            14.187399438122286,
            0.9112323214276693
          ],
          [
            14.162425138272795,
            0.9112323252220602
          ],
          [
            14.137450838423304,
            0.9112323290164511
          ],
          [
            14.112476538573812,
            0.911232332810842
          ],
          [
            14.087502238724321,
            0.9112323366052328
          ],
          [
            14.062527938874828,
            0.9112323403996238
          ],
          [
            14.037553639025338,
            0.9112323441940147
          ],
          [
            14.012579339175845,
            0.9112323479884056
          ],
          [
            13.987605039326356,
            0.9112323517827964
          ],
          [
            13.962630739476857,
            0.9112323555771873
          ],
          [
            13.937728536471589,
            0.9112496201840408
          ],
          [
            13.912826380061146,
            0.9113007933335027
          ],
          [
            13.887924316417665,
            0.91138587493068
          ],
          [
            13.863022391713173,
            0.9115048648178252
          ],
          [
            13.838120652119379,
            0.9116577627743112
          ],
          [
            13.813219143807713,
            0.9118445685166492
          ],
          [
            13.788317912949108,
            0.9120652816984673
          ],
          [
            13.763417005714048,
            0.9123199019105357
          ],
          [
            13.738516468272357,
            0.9126084286807519
          ],
          [
            13.713616346793232,
            0.9129308614741412
          ],
          [
            13.688716687445039,
            0.9132871996928742
          ],
          [
            13.66381753639535,
            0.9136774426762422
          ],
          [
            13.638918939810724,
            0.9141015897006852
          ],
          [
            13.614020943856769,
            0.9145596399797675
          ],
          [
            13.589123594697902,
            0.9150515926642022
          ],
          [
            13.564226938497415,
            0.9155774468418372
          ],
          [
            13.539331021417246,
            0.9161372015376585
          ],
          [
            13.514435889618024,
            0.9167308557138121
          ],
          [
            13.489541589258867,
            0.9173584082695676
          ],
          [
            13.464648166497406,
            0.9180198580413581
          ],
          [
            13.439755667489587,
            0.918715203802762
          ],
          [
            13.414864138389703,
            0.9194444442645029
          ],
          [
            13.389973625350187,
            0.9202075780744678
          ],
          [
            13.365084174521654,
            0.9210046038176962
          ],
          [
            13.340195832052679,
            0.9218355200163906
          ],
          [
            13.315308644089853,
            0.9227003251299095
          ],
          [
            13.290422656777558,
            0.9235990175547819
          ],
          [
            13.265537916258017,
            0.9245315956246998
          ],
          [
            13.240654468671075,
            0.925498057610536
          ],
          [
            13.215772360154244,
            0.9264984017203304
          ],
          [
            13.190891636842487,
            0.9275326260992962
          ],
          [
            13.16601234486827,
            0.9286007288298421
          ],
          [
            13.141134530361331,
            0.9297027079315434
          ],
          [
            13.116258239448742,
            0.930838561361174
          ],
          [
            13.091383518254679,
            0.9320082870127031
          ],
          [
            13.066510412900476,
            0.9332118827172877
          ],
          [
            13.041638969504403,
            0.9344493462432943
          ],
          [
            13.016769234181718,
            0.935720675296281
          ],
          [
            12.991901253044443,
            0.9370258675190293
          ],
          [
            12.967035072201412,
            0.9383649204915159
          ],
          [
            12.942170737758062,
            0.9397378317309517
          ],
          [
            12.917308295816461,
            0.9411445986917606
          ],
          [
            12.892447792475117,
            0.942585218765597
          ],
          [
            12.867589273828994,
            0.9440596892813389
          ],
          [
            12.842732785969321,
            0.9455680075051127
          ],
          [
            12.817878374983625,
            0.947110170640272
          ],
          [
            12.793026086955512,
            0.9486861758274365
          ],
          [
            12.768175967964725,
            0.9502960201444601
          ],
          [
            12.743328064086912,
            0.9519397006064594
          ],
          [
            12.718482421393684,
            0.9536172141658206
          ],
          [
            12.693639085952391,
            0.9553285577121855
          ],
          [
            12.668798103826177,
            0.9570737280724799
          ],
          [
            12.643959521073748,
            0.9588527220109135
          ],
          [
            12.619123383749434,
            0.9606655362289693
          ],
          [
            12.594289737902962,
            0.9625121673654355
          ],
          [
            12.569458629579504,
            0.9643926119963879
          ],
          [
            12.544630104819463,
            0.9663068666352181
          ],
          [
            12.519804209658519,
            0.9682549277326196
          ],
          [
            12.494980990127408,
            0.970236791676605
          ],
          [
            12.470160492251972,
            0.9722524547925211
          ],
          [
            12.44534276205294,
            0.9743019133430337
          ],
          [
            12.420527845545976,
            0.9763851635281569
          ],
          [
            12.395715788741462,
            0.9785022014852451
          ],
          [
            12.370906637644541,
            0.9806530232890047
          ],
          [
            12.346100438254904,
            0.9828376249515074
          ],
          [
            12.321297236566837,
            0.9850560024221835
          ],
          [
            12.296497078568997,
            0.9873081515878432
          ],
          [
            12.271700010244468,
            0.9895940682726803
          ],
          [
            12.246906077570536,
            0.9919137482382823
          ],
          [
            12.222115326518745,
            0.994267187183624
          ],
          [
            12.197327803054666,
            0.9966543807450954
          ],
          [
            12.172543553137954,
            0.9990753244964914
          ],
          [
            12.147762622722134,
            1.0015300139490435
          ],
          [
            12.122985057754635,
            1.0040184445513987
          ],
          [
            12.098210904176582,
            1.0065406116896547
          ],
          [
            12.073440207922843,
            1.0090965106873462
          ],
          [
            12.048673014921809,
            1.0116861368054764
          ],
          [
            12.023909371095439,
            1.0143094852424994
          ],
          [
            11.999149322359047,
            1.016966551134363
          ],
          [
            11.974392914621347,
            1.019657329554473
          ],
          [
            11.949640193784237,
            1.02238181551375
          ],
          [
            11.924891205742842,
            1.0251400039606011
          ],
          [
            11.900145996385305,
            1.0279318897809482
          ],
          [
            11.875404611592824,
            1.0307574677982387
          ],
          [
            11.850667097239443,
            1.0336167327734458
          ],
          [
            11.825933499192093,
            1.0365096794050785
          ],
          [
            11.801203863310377,
            1.0394363023292001
          ],
          [
            11.776478235446621,
            1.0423965961194348
          ],
          [
            11.751756661445654,
            1.0453905552869713
          ],
          [
            11.72703918714485,
            1.0484181742805774
          ],
          [
            11.702325858373918,
            1.0514794474866207
          ],
          [
            11.677616720954946,
            1.0545743692290515
          ],
          [
            11.652911820702187,
            1.0577029337694484
          ],
          [
            11.6282112034221,
            1.0608651353070009
          ],
          [
            11.603514914913141,
            1.0640609679785413
          ],
          [
            11.578823000965803,
            1.0672904258585234
          ],
          [
            11.554135507362401,
            1.0705535029590827
          ],
          [
            11.529452479877122,
            1.0738501932299975
          ],
          [
            11.504773964275806,
            1.0771804905587352
          ],
          [
            11.480100006315991,
            1.080544388770445
          ],
          [
            11.455430651746706,
            1.0839418816279824
          ],
          [
            11.430765946308497,
            1.0873729628318998
          ],
          [
            11.40610593573324,
            1.0908376260204875
          ],
          [
            11.38145066574416,
            1.0943358647697607
          ],
          [
            11.356800182055629,
            1.097867672593484
          ],
          [
            11.332154530373213,
            1.101433042943178
          ],
          [
            11.307513756393455,
            1.1050319692081345
          ],
          [
            11.282877905803911,
            1.10866444471543
          ],
          [
            11.258247024282952,
            1.1123304627299326
          ],
          [
            11.233621157499794,
            1.1160300164543173
          ],
          [
            11.209000351114298,
            1.119763099029086
          ],
          [
            11.184384650776996,
            1.1235297035325615
          ],
          [
            11.1597741021289,
            1.1273298229809257
          ],
          [
            11.135168750801524,
            1.1311634503282093
          ],
          [
            11.11056864241669,
            1.135030578466317
          ],
          [
            11.085973822586555,
            1.1389312002250378
          ],
          [
            11.06138433691341,
            1.1428653083720626
          ],
          [
            11.036800230989723,
            1.146832895612988
          ],
          [
            11.01222155039792,
            1.150833954591338
          ],
          [
            10.987648340710427,
            1.1548684778885772
          ],
          [
            10.963080647489472,
            1.1589364580241224
          ],
          [
            10.93851851628711,
            1.1630378874553493
          ],
          [
            10.913961992645023,
            1.1671727585776281
          ],
          [
            10.889411122094561,
            1.1713410637243058
          ],
          [
            10.864865950156524,
            1.175542795166752
          ],
          [
            10.840326522341215,
            1.1797779451143526
          ],
          [
            10.81579288414822,
            1.1840465057145337
          ],
          [
            10.791265081066454,
            1.188348469052766
          ],
          [
            10.76674315857395,
            1.1926838271526066
          ],
          [
            10.742227162137901,
            1.1970525719756608
          ],
          [
            10.717717137214446,
            1.201454695421667
          ],
          [
            10.69321312924872,
            1.2058901893284464
          ],
          [
            10.668715183674637,
            1.2103590454719573
          ],
          [
            10.64422334591493,
            1.2148612555663014
          ],
          [
            10.619737661380949,
            1.219396811263742
          ],
          [
            10.595258175472697,
            1.223965704154697
          ],
          [
            10.570784933578617,
            1.2285679257677913
          ],
          [
            10.546317981075642,
            1.2332034675698438
          ],
          [
            10.52185736332898,
            1.2378723209658986
          ],
          [
            10.497403125692152,
            1.2425744772992253
          ],
          [
            10.472955313506796,
            1.247309927851358
          ],
          [
            10.448513972102688,
            1.2520786638420844
          ],
          [
            10.42407914679755,
            1.2568806764294962
          ],
          [
            10.399650882897088,
            1.2617159567099634
          ],
          [
            10.375229225694767,
            1.2665844957181847
          ],
          [
            10.350814220471879,
            1.2714862844271941
          ],
          [
            10.326405912497313,
            1.2764213137483686
          ],
          [
            10.302004347027601,
            1.2813895745314596
          ],
          [
            10.277609569306716,
            1.2863910575645967
          ],
          [
            10.253221624566102,
            1.2914257535743126
          ],
          [
            10.22884055802448,
            1.2964936532255606
          ],
          [
            10.20446641488787,
            1.3015947471217277
          ],
          [
            10.18006860939899,
            1.3067389764321131
          ],
          [
            10.155679253058857,
            1.3119231162050777
          ],
          [
            10.131298411153853,
            1.3171471525635123
          ],
          [
            10.106926148947537,
            1.3224110715235238
          ],
          [
            10.082562531680509,
            1.3277148589944492
          ],
          [
            10.058207624570215,
            1.3330585007789093
          ],
          [
            10.033861492810829,
            1.3384419825728404
          ],
          [
            10.00952420157299,
            1.34386528996553
          ],
          [
            9.985195816003689,
            1.3493284084396642
          ],
          [
            9.960876401226063,
            1.3548313233713625
          ],
          [
            9.936566022339278,
            1.3603740200302035
          ],
          [
            9.91226474441827,
            1.3659564835792928
          ],
          [
            9.887972632513627,
            1.3715786990752736
          ],
          [
            9.863689751651386,
            1.3772406514683926
          ],
          [
            9.839416166832919,
            1.3829423256025102
          ],
          [
            9.81515194303467,
            1.388683706215172
          ],
          [
            9.790897145208039,
            1.3944647779376318
          ],
          [
            9.766651838279179,
            1.4002855252948976
          ],
          [
            9.742416087148882,
            1.4061459327057655
          ],
          [
            9.71818995669232,
            1.4120459844828748
          ],
          [
            9.693973511758921,
            1.4179856648327451
          ],
          [
            9.669766817172176,
            1.4239649578558158
          ],
          [
            9.645569937729515,
            1.4299838475464774
          ],
          [
            9.621382938202057,
            1.4360423177931416
          ],
          [
            9.597205883334484,
            1.4421403523782637
          ],
          [
            9.573038837844846,
            1.4482779349783979
          ],
          [
            9.548881866424441,
            1.4544550491642187
          ],
          [
            9.524735033737555,
            1.4606716784005958
          ],
          [
            9.500598404421355,
            1.466927806046618
          ],
          [
            9.476472043085677,
            1.4732234153556494
          ],
          [
            9.452356014312912,
            1.4795584894753535
          ],
          [
            9.428250382657751,
            1.4859330114477682
          ],
          [
            9.404155212647073,
            1.4923469642093252
          ],
          [
            9.380070568779734,
            1.498800330590921
          ],
          [
            9.355996515526453,
            1.5052930933179258
          ],
          [
            9.331933117329562,
            1.5118252350102708
          ],
          [
            9.307880438602883,
            1.518396738182469
          ],
          [
            9.283838543731534,
            1.5250075852436726
          ],
          [
            9.259807497071801,
            1.5316577584977082
          ],
          [
            9.235787362950893,
            1.5383472401431408
          ],
          [
            9.211778205666821,
            1.5450760122733112
          ],
          [
            9.187780089488204,
            1.551844056876389
          ],
          [
            9.16379307865414,
            1.5586513558354067
          ],
          [
            9.13981723737396,
            1.5654978909283308
          ],
          [
            9.115852629827113,
            1.5723836438280934
          ],
          [
            9.09189932016296,
            1.5793085961026527
          ],
          [
            9.067957372500665,
            1.5862727292150254
          ],
          [
            9.04402685092893,
            1.593276024523357
          ],
          [
            9.020107819505888,
            1.6003184632809582
          ],
          [
            8.996200342258906,
            1.607400026636368
          ],
          [
            8.972304483184455,
            1.614520695633379
          ],
          [
            8.948420306247868,
            1.6216804512111125
          ],
          [
            8.924547875383226,
            1.6288792742040616
          ],
          [
            8.900687254493146,
            1.6361171453421512
          ],
          [
            8.876838507448678,
            1.6433940452507603
          ],
          [
            8.853001698089042,
            1.650709954450809
          ],
          [
            8.82917689022152,
            1.6580648533587947
          ],
          [
            8.805364147621255,
            1.6654587222868464
          ],
          [
            8.781563534031129,
            1.6728915414427625
          ],
          [
            8.757775113161525,
            1.6803632909300976
          ],
          [
            8.73399894869019,
            1.687873950748184
          ],
          [
            8.710235104262058,
            1.6954235007922076
          ],
          [
            8.686483643489119,
            1.7030119208532337
          ],
          [
            8.662744629950181,
            1.7106391906182985
          ],
          [
            8.639018127190736,
            1.7183052896704307
          ],
          [
            8.615304198722784,
            1.726010197488728
          ],
          [
            8.591602908024697,
            1.7337538934483945
          ],
          [
            8.567914318540982,
            1.741536356820811
          ],
          [
            8.544238493682158,
            1.7493575667735826
          ],
          [
            8.520575496824566,
            1.757217502370601
          ],
          [
            8.496925391310242,
            1.7651161425720794
          ],
          [
            8.473288240446683,
            1.7730534662346447
          ],
          [
            8.449664107506713,
            1.7810294521113619
          ],
          [
            8.426053055728302,
            1.7890440788518163
          ],
          [
            8.402455148314436,
            1.7970973250021363
          ],
          [
            8.378870448432885,
            1.805189169005093
          ],
          [
            8.355299019216073,
            1.8133195892001286
          ],
          [
            8.33174092376089,
            1.8214885638234257
          ],
          [
            8.308196225128567,
            1.8296960710079553
          ],
          [
            8.284664986344442,
            1.837942088783553
          ],
          [
            8.261147270397831,
            1.8462265950769634
          ],
          [
            8.237643140241843,
            1.8545495677119082
          ],
          [
            8.214152658793255,
            1.8629109844091278
          ],
          [
            8.190675888932272,
            1.8713108227864677
          ],
          [
            8.167212893502406,
            1.87974906035892
          ],
          [
            8.143763735310287,
            1.88822567453869
          ],
          [
            8.120328477125545,
            1.8967406426352476
          ],
          [
            8.096907181680557,
            1.9052939418554065
          ],
          [
            8.07349991167034,
            1.9138855493033642
          ],
          [
            8.050106729752358,
            1.9225154419807886
          ],
          [
            8.026727698546395,
            1.9311835967868394
          ],
          [
            8.003362880634326,
            1.9398899905182763
          ],
          [
            7.980012338559984,
            1.9486345998694912
          ],
          [
            7.956676134828978,
            1.9574174014325862
          ],
          [
            7.933354331908577,
            1.9662383716974112
          ],
          [
            7.910046992227457,
            1.9750974870516629
          ],
          [
            7.886754178175598,
            1.9839947237809223
          ],
          [
            7.8634759521040785,
            1.9929300580687315
          ],
          [
            7.840212376324968,
            2.0019034659966373
          ],
          [
            7.816963513111083,
            2.0109149235442842
          ],
          [
            7.793729424695866,
            2.019964406589457
          ],
          [
            7.7705101732732,
            2.0290518909081605
          ],
          [
            7.747305820997288,
            2.038177352174662
          ],
          [
            7.724116429982414,
            2.047340765961577
          ],
          [
            7.700942062302824,
            2.0565421077399364
          ],
          [
            7.677782779992537,
            2.06578135287924
          ],
          [
            7.65463864504523,
            2.075058476647511
          ],
          [
            7.631509719413994,
            2.0843734542114003
          ],
          [
            7.6083960650112195,
            2.093726260636215
          ],
          [
            7.585297743708407,
            2.1031168708860175
          ],
          [
            7.562214817336048,
            2.1125452598236496
          ],
          [
            7.539147347683388,
            2.1220114022108447
          ],
          [
            7.516095396498313,
            2.131515272708274
          ],
          [
            7.493059025487151,
            2.1410568458756174
          ],
          [
            7.470038296314565,
            2.150636096171617
          ],
          [
            7.447033270603308,
            2.160252997954176
          ],
          [
            7.424044009934111,
            2.169907525480408
          ],
          [
            7.401070575845493,
            2.1795996529067043
          ],
          [
            7.378113029833642,
            2.1893293542888017
          ],
          [
            7.355171433352185,
            2.199096603581868
          ],
          [
            7.332245847812057,
            2.2089013746405595
          ],
          [
            7.309336334581333,
            2.2187436412190937
          ],
          [
            7.2864429549850955,
            2.228623376971308
          ],
          [
            7.263565770305204,
            2.238540555450749
          ],
          [
            7.240704841780179,
            2.24849515011074
          ],
          [
            7.217860230605016,
            2.2584871343044473
          ],
          [
            7.195031997931065,
            2.26851648128493
          ],
          [
            7.172220204865798,
            2.278583164205262
          ],
          [
            7.149424912472695,
            2.2886871561185558
          ],
          [
            7.126646181771052,
            2.2988284299780712
          ],
          [
            7.103884073735868,
            2.3090069586372444
          ],
          [
            7.0811386492976105,
            2.3192227148498077
          ],
          [
            7.058409969342102,
            2.329475671269835
          ],
          [
            7.035698094710324,
            2.339765800451829
          ],
          [
            7.013003086198317,
            2.3500930748507667
          ],
          [
            6.990325004556934,
            2.3604574668222096
          ],
          [
            6.967663910491726,
            2.3708589486223595
          ],
          [
            6.945019864662767,
            2.381297492408139
          ],
          [
            6.922392927684524,
            2.391773070237244
          ],
          [
            6.899783160125635,
            2.402285654068253
          ],
          [
            6.877190622508787,
            2.41283521576068
          ],
          [
            6.854615375310537,
            2.4234217270750626
          ],
          [
            6.8320574789611905,
            2.43404515967301
          ],
          [
            6.809516993844575,
            2.4447054851173213
          ],
          [
            6.78699398029792,
            2.455402674872028
          ],
          [
            6.764488498611676,
            2.4661367003024903
          ],
          [
            6.7420006090294,
            2.4769075326754475
          ],
          [
            6.719530371747521,
            2.487715143159134
          ],
          [
            6.697077846915228,
            2.4985595028233174
          ],
          [
            6.674643094634281,
            2.5094405826394155
          ],
          [
            6.652226174958911,
            2.5203583534805247
          ],
          [
            6.629827147895568,
            2.5313127861215445
          ],
          [
            6.607446073402823,
            2.542303851239229
          ],
          [
            6.58508301139118,
            2.5533315194122874
          ],
          [
            6.562738021722959,
            2.5643957611214194
          ],
          [
            6.5404111642120695,
            2.575496546749452
          ],
          [
            6.5180468014157045,
            2.5866674413171715
          ],
          [
            6.495705390968725,
            2.5978841693592347
          ],
          [
            6.4733870268020075,
            2.609146683716709
          ],
          [
            6.45109180274957,
            2.62045493703814
          ],
          [
            6.428819812548106,
            2.6318088817797882
          ],
          [
            6.406571149836653,
            2.6432084702058063
          ],
          [
            6.384345908156173,
            2.654653654388431
          ],
          [
            6.3621441809491275,
            2.666144386208229
          ],
          [
            6.339966061559146,
            2.677680617354241
          ],
          [
            6.3178116432306,
            2.6892622993242252
          ],
          [
            6.295681019108189,
            2.7008893834248546
          ],
          [
            6.273574282236608,
            2.7125618207718993
          ],
          [
            6.251491525560087,
            2.724279562290471
          ],
          [
            6.229432841922058,
            2.736042558715189
          ],
          [
            6.207398324064749,
            2.747850760590408
          ],
          [
            6.185388064628753,
            2.759704118270438
          ],
          [
            6.1634021561527135,
            2.7716025819197174
          ],
          [
            6.141440691072854,
            2.783546101513066
          ],
          [
            6.11950376172266,
            2.7955346268358543
          ],
          [
            6.09759146033246,
            2.8075681074842382
          ],
          [
            6.075703879029008,
            2.8196464928653757
          ],
          [
            6.053841109835155,
            2.831769732197621
          ],
          [
            6.032003244669438,
            2.843937774510744
          ],
          [
            6.010190375345654,
            2.856150568646161
          ],
          [
            5.988402593572551,
            2.868408063257119
          ],
          [
            5.966639990953362,
            2.8807102068089474
          ],
          [
            5.944902658985486,
            2.893056947579243
          ],
          [
            5.923190689060074,
            2.9054482336581007
          ],
          [
            5.901504172461622,
            2.917884012948342
          ],
          [
            5.8798432003676355,
            2.9303642331657134
          ],
          [
            5.858207863848227,
            2.9428888418391193
          ],
          [
            5.836598253865694,
            2.9554577863108467
          ],
          [
            5.815014461274214,
            2.9680710137367683
          ],
          [
            5.79345657681938,
            2.9807284710865893
          ],
          [
            5.771924691137885,
            2.9934301051440464
          ],
          [
            5.750418894757115,
            3.00617586250714
          ],
          [
            5.7289392780947415,
            3.0189656895883825
          ],
          [
            5.707485931458402,
            3.0317995326149703
          ],
          [
            5.686058945045253,
            3.0446773376290714
          ],
          [
            5.664658408941646,
            3.0575990504880046
          ],
          [
            5.643284413122728,
            3.0705646168644876
          ],
          [
            5.621937047452039,
            3.0835739822468735
          ],
          [
            5.600616401681178,
            3.0966270919393555
          ],
          [
            5.579322565449405,
            3.109723891062213
          ],
          [
            5.558055628283241,
            3.1228643245520544
          ],
          [
            5.536815679596147,
            3.1360483371620145
          ],
          [
            5.515602808688078,
            3.1492758734620274
          ],
          [
            5.494417104745174,
            3.16254687783902
          ],
          [
            5.473258656839355,
            3.175861294497169
          ],
          [
            5.452127553927921,
            3.1892190674581435
          ],
          [
            5.431023884853232,
            3.202620140561317
          ],
          [
            5.4099477383423045,
            3.2160644574640056
          ],
          [
            5.388899203006416,
            3.2295519616417376
          ],
          [
            5.367878367340792,
            3.2430825963884455
          ],
          [
            5.34688531972416,
            3.256656304816742
          ],
          [
            5.325920148418452,
            3.270273029858135
          ],
          [
            5.304982941568392,
            3.2839327142632673
          ],
          [
            5.284073787201108,
            3.297635300602188
          ],
          [
            5.263192773225819,
            3.311380731264551
          ],
          [
            5.242339987433399,
            3.325168948459895
          ],
          [
            5.221515517496067,
            3.3389998942178565
          ],
          [
            5.200719450966992,
            3.3528735103884273
          ],
          [
            5.179951875279899,
            3.366789738642211
          ],
          [
            5.159212877748755,
            3.3807485204706413
          ],
          [
            5.138502545567373,
            3.394749797186245
          ],
          [
            5.117820965809025,
            3.408793509922898
          ],
          [
            5.0971682254261275,
            3.422879599636037
          ],
          [
            5.076544411249814,
            3.4370080071029623
          ],
          [
            5.05594960998963,
            3.45117867292303
          ],
          [
            5.035383908233139,
            3.4653915375179327
          ],
          [
            5.0148473924455335,
            3.479646541131963
          ],
          [
            4.994340148969334,
            3.4939436238322177
          ],
          [
            4.973862264023958,
            3.5082827255089075
          ],
          [
            4.953413823705412,
            3.5226637858755634
          ],
          [
            4.932994913985908,
            3.5370867444693044
          ],
          [
            4.912605620713477,
            3.5515515406511167
          ],
          [
            4.892246029611656,
            3.566058113606065
          ],
          [
            4.871916226279108,
            3.5806064023435713
          ],
          [
            4.851616296189227,
            3.595196345697694
          ],
          [
            4.8313463246898465,
            3.609827882327327
          ],
          [
            4.81110639700281,
            3.624500950716527
          ],
          [
            4.790896598223673,
            3.6392154891747097
          ],
          [
            4.770717013321318,
            3.65397143583694
          ],
          [
            4.750567727137571,
            3.6687687286642117
          ],
          [
            4.730448824386907,
            3.683607305443653
          ],
          [
            4.710360389656026,
            3.698487103788848
          ],
          [
            4.690302507403554,
            3.713408061140054
          ],
          [
            4.670275261959665,
            3.7283701147644805
          ],
          [
            4.6502787375256975,
            3.743373201756574
          ],
          [
            4.630313018173857,
            3.758417259038243
          ],
          [
            4.610378187846833,
            3.7735022233591398
          ],
          [
            4.590474330357422,
            3.788628031296959
          ],
          [
            4.570601529388232,
            3.8037946192576353
          ],
          [
            4.550759868491267,
            3.819001923475687
          ],
          [
            4.530949431087629,
            3.834249880014422
          ],
          [
            4.511170300467155,
            3.8495384247662354
          ],
          [
            4.491422559788022,
            3.864867493452893
          ],
          [
            4.471706292076464,
            3.8802370216257653
          ],
          [
            4.45202158022639,
            3.895646944666117
          ],
          [
            4.432368506999013,
            3.9110971977854003
          ],
          [
            4.41274715502256,
            3.9265877160254767
          ],
          [
            4.393157606791856,
            3.9421184342589477
          ],
          [
            4.373599944668041,
            3.9576892871893836
          ],
          [
            4.354074250878192,
            3.973300209351608
          ],
          [
            4.334580607514954,
            3.9889511351120035
          ],
          [
            4.315119096536256,
            4.004641998668738
          ],
          [
            4.295689799764901,
            4.020372734052094
          ],
          [
            4.2762927988882735,
            4.036143275124697
          ],
          [
            4.256928175457977,
            4.051953555581818
          ],
          [
            4.237596010889463,
            4.067803508951668
          ],
          [
            4.21829638646174,
            4.083693068595643
          ],
          [
            4.19902938331701,
            4.099622167708617
          ],
          [
            4.179795082460293,
            4.115590739319249
          ],
          [
            4.160593564759155,
            4.1315987162902115
          ],
          [
            4.141424910943298,
            4.147646031318539
          ],
          [
            4.122289201604275,
            4.163732616935846
          ],
          [
            4.10318651719513,
            4.179858405508645
          ],
          [
            4.084116938030034,
            4.196023329238644
          ],
          [
            4.065080544284007,
            4.212227320162988
          ],
          [
            4.04607741599251,
            4.228470310154597
          ],
          [
            4.027107633051176,
            4.244752230922403
          ],
          [
            4.008171275215433,
            4.261073014011666
          ],
          [
            3.989268422100163,
            4.277432590804269
          ],
          [
            3.970399153179404,
            4.293830892518969
          ],
          [
            3.9515635477859856,
            4.3102678502117335
          ],
          [
            3.9327616851111973,
            4.326743394775994
          ],
          [
            3.9139936442044814,
            4.343257456942949
          ],
          [
            3.8952595039730618,
            4.359809967281864
          ],
          [
            3.876559343181647,
            4.376400856200348
          ],
          [
            3.8578932404520714,
            4.393030053944662
          ],
          [
            3.839261274262995,
            4.40969749059999
          ],
          [
            3.820663522949541,
            4.426403096090757
          ],
          [
            3.8021000647029872,
            4.443146800180914
          ],
          [
            3.7835709775704256,
            4.45992853247423
          ],
          [
            3.765076339454456,
            4.476748222414583
          ],
          [
            3.7466162281128277,
            4.493605799286275
          ],
          [
            3.7281907211581338,
            4.5105011922143134
          ],
          [
            3.709799896057479,
            4.527434330164716
          ],
          [
            3.6914438301321457,
            4.544405141944809
          ],
          [
            3.673122600557292,
            4.561413556203517
          ],
          [
            3.6548362843616022,
            4.578459501431679
          ],
          [
            3.636584958426967,
            4.595542905962343
          ],
          [
            3.6183686994881867,
            4.612663697971055
          ],
          [
            3.6001875841326054,
            4.629821805476176
          ],
          [
            3.5820416887998245,
            4.647017156339187
          ],
          [
            3.563931089781363,
            4.664249678264975
          ],
          [
            3.545855863220341,
            4.681519298802158
          ],
          [
            3.527816085111173,
            4.698825945343364
          ],
          [
            3.5098118312992224,
            4.716169545125565
          ],
          [
            3.4918431774805,
            4.733550025230362
          ],
          [
            3.4739306159549272,
            4.750959344365958
          ],
          [
            3.456065678658997,
            4.768417530657356
          ],
          [
            3.438248498906437,
            4.785924453826131
          ],
          [
            3.420479209654582,
            4.8034799832301776
          ],
          [
            3.4027579435033983,
            4.821083987864674
          ],
          [
            3.385084832694485,
            4.838736336363063
          ],
          [
            3.3674600091101006,
            4.856436896998019
          ],
          [
            3.3498836042721587,
            4.8741855376824565
          ],
          [
            3.3323557493412608,
            4.891982125970496
          ],
          [
            3.3148765751157176,
            4.909826529058455
          ],
          [
            3.2974462120305637,
            4.927718613785847
          ],
          [
            3.280064790156594,
            4.945658246636369
          ],
          [
            3.2627324391993815,
            4.9636452937389
          ],
          [
            3.245449288498329,
            4.981679620868493
          ],
          [
            3.2282154670256826,
            4.999761093447391
          ],
          [
            3.2110311033855785,
            5.01788957654602
          ],
          [
            3.1938963258130872,
            5.036064934883993
          ],
          [
            3.176811262173252,
            5.054287032831136
          ],
          [
            3.159776039960133,
            5.072555734408481
          ],
          [
            3.1427907862958557,
            5.0908709032892965
          ],
          [
            3.125855627929673,
            5.109232402800087
          ],
          [
            3.1089706912370048,
            5.127640095921634
          ],
          [
            3.0921361022184986,
            5.146093845290005
          ],
          [
            3.0753519864991032,
            5.164593513197575
          ],
          [
            3.058618469327108,
            5.183138961594068
          ],
          [
            3.0419356755732254,
            5.201730052087579
          ],
          [
            3.025303729729652,
            5.2203666459456075
          ],
          [
            3.0087227559091483,
            5.239048604096085
          ],
          [
            2.9921928778440963,
            5.25777578712843
          ],
          [
            2.9757142188855887,
            5.276548055294575
          ],
          [
            2.959286902002506,
            5.295365268510018
          ],
          [
            2.9429110497806024,
            5.3142272863548525
          ],
          [
            2.9265867844215814,
            5.333133968074835
          ],
          [
            2.9103142277421856,
            5.3520851725824246
          ],
          [
            2.8940935011733036,
            5.3710807584578335
          ],
          [
            2.8779247257590415,
            5.39012058395009
          ],
          [
            2.861808022155831,
            5.409204506978092
          ],
          [
            2.845743510631528,
            5.4283323851316725
          ],
          [
            2.8297313110645215,
            5.4475040756726445
          ],
          [
            2.813771542942824,
            5.466719435535891
          ],
          [
            2.7978643253631885,
            5.485978321330423
          ],
          [
            2.782009777030228,
            5.505280589340433
          ],
          [
            2.766208016255513,
            5.524626095526396
          ],
          [
            2.750459160956699,
            5.5440146955261245
          ],
          [
            2.7347633286566415,
            5.5634462446558555
          ],
          [
            2.719120636482531,
            5.582920597911316
          ],
          [
            2.703531201165002,
            5.602437609968827
          ],
          [
            2.687995139037267,
            5.621997135186374
          ],
          [
            2.6725125660342632,
            5.641599027604686
          ],
          [
            2.6570835976917637,
            5.661243140948347
          ],
          [
            2.6417083491455324,
            5.6809293286268705
          ],
          [
            2.626386935130456,
            5.700657443735802
          ],
          [
            2.6111194699796965,
            5.720427339057802
          ],
          [
            2.5959060676238286,
            5.740238867063761
          ],
          [
            2.580746841589991,
            5.760091879913897
          ],
          [
            2.5656419050010513,
            5.779986229458846
          ],
          [
            2.550591370574743,
            5.799921767240781
          ],
          [
            2.535595350622838,
            5.819898344494518
          ],
          [
            2.5206539570502997,
            5.839915812148623
          ],
          [
            2.505767301354463,
            5.85997402082652
          ],
          [
            2.49093549462418,
            5.880072820847616
          ],
          [
            2.47615864753901,
            5.900212062228412
          ],
          [
            2.46143687036838,
            5.9203915946836245
          ],
          [
            2.4467702729707783,
            5.940611267627297
          ],
          [
            2.4321589647929143,
            5.960870930173942
          ],
          [
            2.4176030548689136,
            5.981170431139657
          ],
          [
            2.4031026518195118,
            6.001509619043242
          ],
          [
            2.3886578638512246,
            6.021888342107353
          ],
          [
            2.3742687987555557,
            6.042306448259614
          ],
          [
            2.3599355639081825,
            6.062763785133771
          ],
          [
            2.3456582662681695,
            6.083260200070801
          ],
          [
            2.331437012377151,
            6.103795540120083
          ],
          [
            2.3172719083585465,
            6.124369652040523
          ],
          [
            2.3031630599167743,
            6.144982382301688
          ],
          [
            2.28911057233645,
            6.165633577084976
          ],
          [
            2.2751145504816073,
            6.186323082284743
          ],
          [
            2.261175098794915,
            6.20705074350947
          ],
          [
            2.2472923212969045,
            6.227816406082891
          ],
          [
            2.233466321585177,
            6.248619915045173
          ],
          [
            2.2196972028336424,
            6.269461115154064
          ],
          [
            2.2059850677917545,
            6.290339850886035
          ],
          [
            2.1923300187837302,
            6.311255966437467
          ],
          [
            2.1787321577077936,
            6.332209305725799
          ],
          [
            2.1651915860354123,
            6.353199712390697
          ],
          [
            2.1517084048105497,
            6.374227029795206
          ],
          [
            2.1382827146488976,
            6.395291101026945
          ],
          [
            2.124914615737133,
            6.416391768899264
          ],
          [
            2.1116042078321717,
            6.437528875952407
          ],
          [
            2.0983515902604184,
            6.458702264454706
          ],
          [
            2.085156861917029,
            6.479911776403749
          ],
          [
            2.0720201212651688,
            6.501157253527562
          ],
          [
            2.0589414663352903,
            6.522438537285774
          ],
          [
            2.0459209947243817,
            6.543755468870832
          ],
          [
            2.032958803595254,
            6.565107889209159
          ],
          [
            2.0200549896758133,
            6.5864956389623455
          ],
          [
            2.007209649258333,
            6.60791855852835
          ],
          [
            1.9944228781987405,
            6.629376488042681
          ],
          [
            1.9816947719158975,
            6.650869267379595
          ],
          [
            1.9690254253908979,
            6.67239673615328
          ],
          [
            1.9564149331663447,
            6.693958733719065
          ],
          [
            1.9438633893456547,
            6.715555099174622
          ],
          [
            1.9313708875923554,
            6.737185671361142
          ],
          [
            1.918937521129382,
            6.75885028886457
          ],
          [
            1.9065633827383826,
            6.780548790016789
          ],
          [
            1.8942485647590273,
            6.802281012896835
          ],
          [
            1.8819931590883225,
            6.824046795332092
          ],
          [
            1.8697972571799166,
            6.845845974899521
          ],
          [
            1.8576609500434245,
            6.8676783889268656
          ],
          [
            1.8455843282437492,
            6.88954387449385
          ],
          [
            1.8335674819003973,
            6.911442268433424
          ],
          [
            1.821610500686818,
            6.933373407332955
          ],
          [
            1.8097134738297207,
            6.955337127535466
          ],
          [
            1.7978764901084272,
            6.977333265140834
          ],
          [
            1.7860996378541927,
            6.99936165600704
          ],
          [
            1.7743830049495486,
            7.021422135751381
          ],
          [
            1.7627266788276597,
            7.043514539751685
          ],
          [
            1.7511307464716594,
            7.065638703147562
          ],
          [
            1.7395952944140003,
            7.087794460841622
          ],
          [
            1.728120408735812,
            7.10998164750071
          ],
          [
            1.7167061750662693,
            7.132200097557129
          ],
          [
            1.7053526785819333,
            7.154449645209892
          ],
          [
            1.6940600040061238,
            7.176730124425958
          ],
          [
            1.6828282356082962,
            7.199041368941448
          ],
          [
            1.6716574572034002,
            7.22138321226292
          ],
          [
            1.6605477521512597,
            7.243755487668584
          ],
          [
            1.6494992033559495,
            7.266158028209564
          ],
          [
            1.6385118932651803,
            7.288590666711126
          ],
          [
            1.6275859038696812,
            7.311053235773944
          ],
          [
            1.6167213167025771,
            7.333545567775341
          ],
          [
            1.605918212838807,
            7.356067494870532
          ],
          [
            1.595176672894489,
            7.378618848993889
          ],
          [
            1.584496777026338,
            7.401199461860193
          ],
          [
            1.573878604931057,
            7.423809164965887
          ],
          [
            1.563322235844753,
            7.446447789590325
          ],
          [
            1.5528277485423363,
            7.469115166797048
          ],
          [
            1.5423952213369372,
            7.491811127435039
          ],
          [
            1.5320247320793197,
            7.51453550213997
          ],
          [
            1.5217163581573008,
            7.537288121335489
          ],
          [
            1.511470176495175,
            7.560068815234472
          ],
          [
            1.5012862635531352,
            7.582877413840297
          ],
          [
            1.4911646953267148,
            7.605713746948096
          ],
          [
            1.4811055473462016,
            7.628577644146048
          ],
          [
            1.471108894676087,
            7.651468934816641
          ],
          [
            1.4611748119145016,
            7.674387448137943
          ],
          [
            1.4513211151206082,
            7.697334902701753
          ],
          [
            1.4415615101178538,
            7.720322532454607
          ],
          [
            1.4318961607028244,
            7.743349951592441
          ],
          [
            1.4223252290902026,
            7.766416773643403
          ],
          [
            1.4128488759100497,
            7.789522611474331
          ],
          [
            1.403467260205102,
            7.812667077297261
          ],
          [
            1.3941805394281062,
            7.835849782675931
          ],
          [
            1.3849888694391792,
            7.8590703385323
          ],
          [
            1.3758924045031886,
            7.882328355153078
          ],
          [
            1.366891297287161,
            7.905623442196266
          ],
          [
            1.3579856988577275,
            7.92895520869771
          ],
          [
            1.3491757586785829,
            7.952323263077654
          ],
          [
            1.3404616246079781,
            7.975727213147324
          ],
          [
            1.331843442896238,
            7.999166666115505
          ],
          [
            1.3233213581833105,
            8.022641228595129
          ],
          [
            1.3148955134963343,
            8.046150506609884
          ],
          [
            1.3065660502472403,
            8.06969410560082
          ],
          [
            1.298333108230378,
            8.093271630432984
          ],
          [
            1.290196825620174,
            8.116882685402024
          ],
          [
            1.2821573389688048,
            8.140526874240859
          ],
          [
            1.2742147832039104,
            8.164203800126321
          ],
          [
            1.2663692916263276,
            8.187913065685807
          ],
          [
            1.2586209959078545,
            8.211654273003953
          ],
          [
            1.25097002608904,
            8.235427023629315
          ],
          [
            1.2434165105769992,
            8.259230918581057
          ],
          [
            1.2359605761432633,
            8.283065558355636
          ],
          [
            1.2286023479216475,
            8.306930542933522
          ],
          [
            1.2213419494061517,
            8.330825471785902
          ],
          [
            1.2141795024488875,
            8.354749943881405
          ],
          [
            1.2071151272580378,
            8.378703557692832
          ],
          [
            1.2001489423958311,
            8.402685911203896
          ],
          [
            1.19328106477656,
            8.426696601915971
          ],
          [
            1.1865116096646124,
            8.450735226854837
          ],
          [
            1.1798406906725418,
            8.474801382577457
          ],
          [
            1.1732684197591583,
            8.498894665178737
          ],
          [
            1.166794907227648,
            8.523014670298316
          ],
          [
            1.1604202617237256,
            8.547160993127338
          ],
          [
            1.1541445902338072,
            8.571333228415263
          ],
          [
            1.1479679980832183,
            8.595530970476652
          ],
          [
            1.141890588934424,
            8.619753813197981
          ],
          [
            1.1359124647852887,
            8.644001350044466
          ],
          [
            1.1300337259673645,
            8.668273174066874
          ],
          [
            1.1242544711442104,
            8.692568877908359
          ],
          [
            1.1185747973097326,
            8.716888053811296
          ],
          [
            1.1129947997865566,
            8.74123029362413
          ],
          [
            1.1075145722244288,
            8.765595188808216
          ],
          [
            1.1021342065986506,
            8.789982330444682
          ],
          [
            1.0968537932085196,
            8.814391309241293
          ],
          [
            1.0916734206758294,
            8.83882171553932
          ],
          [
            1.086593175943377,
            8.86327313932041
          ],
          [
            1.081613144273498,
            8.887745170213474
          ],
          [
            1.0767334092466436,
            8.912237397501572
          ],
          [
            1.0719540527599758,
            8.936749410128805
          ],
          [
            1.0672751550259898,
            8.961280796707205
          ],
          [
            1.0626967945711714,
            8.985831145523665
          ],
          [
            1.0582190482346752,
            9.010400044546824
          ],
          [
            1.0538419911670402,
            9.034987081433988
          ],
          [
            1.0495656968289246,
            9.059591843538058
          ],
          [
            1.0453902369898733,
            9.08421391791445
          ],
          [
            1.041315681727113,
            9.108852891328027
          ],
          [
            1.0373420994243814,
            9.133508350260026
          ],
          [
            1.033469556770771,
            9.158179880915014
          ],
          [
            1.0296981187596161,
            9.182867069227825
          ],
          [
            1.0260278486873995,
            9.2075695008705
          ],
          [
            1.0224588081526909,
            9.23228676125926
          ],
          [
            1.0189910570551124,
            9.257018435561445
          ],
          [
            1.015624653594334,
            9.281764108702491
          ],
          [
            1.0123596542690976,
            9.306523365372882
          ],
          [
            1.0091961138762668,
            9.331295790035135
          ],
          [
            1.006134085509907,
            9.356080966930767
          ],
          [
            1.0031736205603972,
            9.380878480087267
          ],
          [
            1.0003147687135643,
            9.405687913325089
          ],
          [
            0.9975575779498529,
            9.43050885026463
          ],
          [
            0.994902094543515,
            9.455340874333217
          ],
          [
            0.9923483630618373,
            9.480183568772098
          ],
          [
            0.9898964263643943,
            9.505036516643443
          ],
          [
            0.9875463256023229,
            9.52989930083734
          ],
          [
            0.9852981002176389,
            9.554771504078785
          ],
          [
            0.9831517879425693,
            9.579652708934699
          ],
          [
            0.9811074247989238,
            9.604542497820926
          ],
          [
            0.9791650450974867,
            9.629440453009245
          ],
          [
            0.977324681437441,
            9.65434615663438
          ],
          [
            0.9755863647058263,
            9.679259190701002
          ],
          [
            0.973950124077013,
            9.704179137090767
          ],
          [
            0.9724159870122193,
            9.729105577569314
          ],
          [
            0.970983979259044,
            9.754038093793291
          ],
          [
            0.9696541248510417,
            9.77897626731738
          ],
          [
            0.9684264461073129,
            9.803919679601318
          ],
          [
            0.9673009636321339,
            9.828867912016905
          ],
          [
            0.9662776963146058,
            9.85382054585506
          ],
          [
            0.9653566613283449,
            9.878777162332824
          ],
          [
            0.9645378741311879,
            9.9037373426004
          ],
          [
            0.9638213484649345,
            9.928700667748178
          ],
          [
            0.9632070963551209,
            9.953666718813768
          ],
          [
            0.9626951281108092,
            9.978635076789033
          ],
          [
            0.9622854523244238,
            10.003605322627115
          ],
          [
            0.9619780758715999,
            10.02857703724947
          ],
          [
            0.9617730039110715,
            10.053549801552908
          ],
          [
            0.9616702398845884,
            10.078523196416622
          ],
          [
            0.9616697855168477,
            10.10349680270922
          ],
          [
            0.9617716408154777,
            10.12847020129576
          ],
          [
            0.9619758040710273,
            10.153442973044791
          ],
          [
            0.962282271857001,
            10.17841469883538
          ],
          [
            0.9626910390299148,
            10.203384959564145
          ],
          [
            0.9632020987293828,
            10.228353336152296
          ],
          [
            0.9638154423782277,
            10.253319409552661
          ],
          [
            0.9645310596826349,
            10.278282760756731
          ],
          [
            0.9653489386323137,
            10.303242970801676
          ],
          [
            0.9662690655007076,
            10.328199620777388
          ],
          [
            0.9672914248452198,
            10.353152291833508
          ],
          [
            0.9684159995074753,
            10.37810056518645
          ],
          [
            0.9696427706136053,
            10.403044022126442
          ],
          [
            0.9709717175745691,
            10.427982244024546
          ],
          [
            0.9724028180864934,
            10.452914812339682
          ],
          [
            0.9739360481310539,
            10.477841308625653
          ],
          [
            0.9755713819758709,
            10.502761314538175
          ],
          [
            0.9773087921749477,
            10.52767441184189
          ],
          [
            0.9791482495691248,
            10.552580182417383
          ],
          [
            0.9810897232865763,
            10.577478208268213
          ],
          [
            0.983133180743323,
            10.602368071527913
          ],
          [
            0.9852785876437791,
            10.627249354467013
          ],
          [
            0.9875259079813326,
            10.652121639500047
          ],
          [
            0.9898751040389433,
            10.676984509192563
          ],
          [
            0.9923261363897833,
            10.701837546268127
          ],
          [
            0.9948789638978885,
            10.726680333615322
          ],
          [
            0.997533543718859,
            10.751512454294762
          ],
          [
            1.000289831300572,
            10.776333491546072
          ],
          [
            1.0031477803839337,
            10.8011430287949
          ],
          [
            1.0061073430036522,
            10.825940649659898
          ],
          [
            1.0091684694890422,
            10.850725937959703
          ],
          [
            1.0123311084648625,
            10.875498477719947
          ],
          [
            1.0155952068521765,
            10.900257853180205
          ],
          [
            1.0189607098692388,
            10.925003648801002
          ],
          [
            1.0224275610324236,
            10.94973544927077
          ],
          [
            1.0259957021571608,
            10.974452839512827
          ],
          [
            1.0296650733589265,
            10.999155404692333
          ],
          [
            1.0334356130542348,
            11.023842730223265
          ],
          [
            1.0373072579616807,
            11.048514401775368
          ],
          [
            1.041279943102995,
            11.073170005281105
          ],
          [
            1.0453536018041438,
            11.097809126942614
          ],
          [
            1.0495281656964366,
            11.122431353238651
          ],
          [
            1.0538035647176835,
            11.147036270931528
          ],
          [
            1.0581797271133642,
            11.171623467074049
          ],
          [
            1.0626565794378369,
            11.196192529016436
          ],
          [
            1.0672340465555683,
            11.220743044413274
          ],
          [
            1.0719120516423946,
            11.245274601230397
          ],
          [
            1.0766905161868126,
            11.269786787751835
          ],
          [
            1.0815663051486548,
            11.29401026108496
          ],
          [
            1.086638305411412,
            11.31819341207187
          ],
          [
            1.0919061836480304,
            11.342334651418788
          ],
          [
            1.0973695936585437,
            11.366432392586336
          ],
          [
            1.10302817639282,
            11.390485051893789
          ],
          [
            1.1088815599741628,
            11.414491048623162
          ],
          [
            1.1149293597237486,
            11.438448805123095
          ],
          [
            1.1211711781859064,
            11.46235674691252
          ],
          [
            1.1276066051542397,
            11.48621330278415
          ],
          [
            1.1342352176985835,
            11.510016904907738
          ],
          [
            1.141056580192802,
            11.533765988933096
          ],
          [
            1.1480702443434132,
            11.557458994092922
          ],
          [
            1.1552757492190526,
            11.581094363305358
          ],
          [
            1.162672621280766,
            11.604670543276331
          ],
          [
            1.1702603744131284,
            11.628185984601625
          ],
          [
            1.1780385099561919,
            11.651639141868715
          ],
          [
            1.1860065167382556,
            11.675028473758319
          ],
          [
            1.1941638711094624,
            11.698352443145701
          ],
          [
            1.2025100369762116,
            11.721609517201692
          ],
          [
            1.211044465836387,
            11.74479816749341
          ],
          [
            1.219766596815409,
            11.767916870084731
          ],
          [
            1.2286758567030915,
            11.790964105636412
          ],
          [
            1.2377716599913158,
            11.813938359505974
          ],
          [
            1.247053408912504,
            11.83683812184721
          ],
          [
            1.2565204934789107,
            11.859661887709432
          ],
          [
            1.266172291522707,
            11.88240815713637
          ],
          [
            1.2760081687368663,
            11.905075435264743
          ],
          [
            1.286027478716857,
            11.927662232422506
          ],
          [
            1.2962295630031182,
            11.950167064226745
          ],
          [
            1.3066137511243343,
            11.972588451681231
          ],
          [
            1.3171793606415,
            11.994924921273624
          ],
          [
            1.3279256971927644,
            12.017175005072298
          ],
          [
            1.3388520545390716,
            12.039337240822825
          ],
          [
            1.3499577146105652,
            12.061410172044061
          ],
          [
            1.3612419475537862,
            12.08339234812388
          ],
          [
            1.3727040117796356,
            12.105282324414492
          ],
          [
            1.3843431540121092,
            12.127078662327392
          ],
          [
            1.3961586093378062,
            12.1487799294279
          ],
          [
            1.408149601256194,
            12.170384699529297
          ],
          [
            1.4203153417306429,
            12.191891552786558
          ],
          [
            1.4326550312402144,
            12.213299075789664
          ],
          [
            1.4451678588322014,
            12.234605861656476
          ],
          [
            1.4578530021754301,
            12.255810510125215
          ],
          [
            1.4707096276142937,
            12.27691162764647
          ],
          [
            1.483736890223549,
            12.297907827474786
          ],
          [
            1.4969339338638377,
            12.3187977297598
          ],
          [
            1.5102998912379526,
            12.33957996163692
          ],
          [
            1.523833883947837,
            12.360253157317556
          ],
          [
            1.5375350225523094,
            12.38081595817887
          ],
          [
            1.5514024066255212,
            12.40126701285307
          ],
          [
            1.5654351248161258,
            12.421604977316214
          ],
          [
            1.5796322549071777,
            12.441828514976544
          ],
          [
            1.5939928638767369,
            12.461936296762325
          ],
          [
            1.6085160079591834,
            12.48192700120918
          ],
          [
            1.623200732707247,
            12.501799314546954
          ],
          [
            1.6380460730547273,
            12.521551930786037
          ],
          [
            1.65305105337992,
            12.541183551803204
          ],
          [
            1.6682146875697321,
            12.560692887426915
          ],
          [
            1.6835359790844877,
            12.580078655522117
          ],
          [
            1.6990139210234245,
            12.599339582074492
          ],
          [
            1.714647496190857,
            12.618474401274193
          ],
          [
            1.730435677163038,
            12.637481855599031
          ],
          [
            1.7463774263556666,
            12.656360695897108
          ],
          [
            1.7626509867407902,
            12.675213178935078
          ],
          [
            1.7791797665222353,
            12.693842304605427
          ],
          [
            1.7959607004100744,
            12.712244618105561
          ],
          [
            1.8129906763519754,
            12.730416706695578
          ],
          [
            1.8302665361103423,
            12.748355200331178
          ],
          [
            1.8477850758480112,
            12.766056772288632
          ],
          [
            1.8655430467224088,
            12.783518139781735
          ],
          [
            1.8835371554880584,
            12.800736064570605
          ],
          [
            1.901764065107312,
            12.817707353562216
          ],
          [
            1.9202203953692163,
            12.83442885940256
          ],
          [
            1.9389027235163723,
            12.850897481060343
          ],
          [
            1.957807584879696,
            12.867110164402058
          ],
          [
            1.9769314735209442,
            12.883063902758392
          ],
          [
            1.996270842882898,
            12.89875573748181
          ],
          [
            2.015822106447078,
            12.914182758495253
          ],
          [
            2.0355816383988685,
            12.929342104831798
          ],
          [
            2.055545774299934,
            12.944230965165248
          ],
          [
            2.075710811767792,
            12.958846578331487
          ],
          [
            2.0960730111624266,
            12.97318623384054
          ],
          [
            2.1166285962798144,
            12.987247272379248
          ],
          [
            2.1373737550522236,
            13.001027086304433
          ],
          [
            2.1583046402551718,
            13.014523120126494
          ],
          [
            2.179417370220896,
            13.027732870983327
          ],
          [
            2.2007080295582195,
            13.040653889104481
          ],
          [
            2.222172669878664,
            13.053283778265483
          ],
          [
            2.2438073105286866,
            13.065620196232201
          ],
          [
            2.2656079393278983,
            13.077660855195239
          ],
          [
            2.2875705133131277,
            13.0894035221942
          ],
          [
            2.3096909594882007,
            13.100846019531797
          ],
          [
            2.3319651755792776,
            13.11198622517771
          ],
          [
            2.3543890307956308,
            13.122822073162117
          ],
          [
            2.376958366595707,
            13.133351553958843
          ],
          [
            2.3996689974583325,
            13.143572714858013
          ],
          [
            2.42251671165893,
            13.1534836603282
          ],
          [
            2.4454972720505856,
            13.163082552367944
          ],
          [
            2.4686064168498367,
            13.17236761084662
          ],
          [
            2.491839860427027,
            13.181337113834564
          ],
          [
            2.515193294101083,
            13.189989397922403
          ],
          [
            2.5386623869385665,
            13.198322858529544
          ],
          [
            2.5622427865568542,
            13.20633595020174
          ],
          [
            2.585930119931293,
            13.214027186897708
          ],
          [
            2.6097199942061864,
            13.2213951422647
          ],
          [
            2.6336079975094533,
            13.22843844990304
          ],
          [
            2.657589699770823,
            13.235155803619513
          ],
          [
            2.6816606535433936,
            13.241545957669608
          ],
          [
            2.705816394828422,
            13.247607726988543
          ],
          [
            2.7300524439031784,
            13.253339987411028
          ],
          [
            2.7543643061517185,
            13.258741675879758
          ],
          [
            2.7787474728984183,
            13.263811790642546
          ],
          [
            2.8031974222441134,
            13.268549391438109
          ],
          [
            2.827709619904698,
            13.272953599670432
          ],
          [
            2.8522795200520075,
            13.277023598571713
          ],
          [
            2.876902566156857,
            13.280758633353834
          ],
          [
            2.9015741918340545,
            13.284158011348326
          ],
          [
            2.926289821689244,
            13.287221102134843
          ],
          [
            2.9510448721674223,
            13.289947337658061
          ],
          [
            2.9758347524029634,
            13.29233621233303
          ],
          [
            3.0006548650710068,
            13.294387283138933
          ],
          [
            3.0255006072400352,
            13.296100169701255
          ],
          [
            3.050367371225496,
            13.297474554362307
          ],
          [
            3.07525054544431,
            13.298510182240147
          ],
          [
            3.100145515270088,
            13.299206861275852
          ],
          [
            3.1250476638889286,
            13.299564462269124
          ],
          [
            3.1499523731556094,
            13.299582918902262
          ],
          [
            3.174855024450032,
            13.29926222775245
          ],
          [
            3.1997509995337543,
            13.2986024482924
          ],
          [
            3.2246356814064447,
            13.29760370287932
          ],
          [
            3.2495044551621217,
            13.296266176732221
          ],
          [
            3.274352708844986,
            13.29459011789757
          ],
          [
            3.2991758343047226,
            13.292575837203287
          ],
          [
            3.323969228051088,
            13.29022370820111
          ],
          [
            3.348728292107633,
            13.2875341670973
          ],
          [
            3.3734484348644096,
            13.28450771267177
          ],
          [
            3.3981250719294867,
            13.281144906185567
          ],
          [
            3.42275362697914,
            13.277446371276792
          ],
          [
            3.4473295326065325,
            13.273412793844948
          ],
          [
            3.471848231168753,
            13.269044921923733
          ],
          [
            3.496305175632037,
            13.264343565542319
          ],
          [
            3.5206958304150184,
            13.259309596575132
          ],
          [
            3.5450156722298667,
            13.25394394858016
          ],
          [
            3.569260190921133,
            13.24824761662582
          ],
          [
            3.5934248903021686,
            13.242221657106425
          ],
          [
            3.617505288988949,
            13.235867187546274
          ],
          [
            3.6414969212311563,
            13.229185386392404
          ],
          [
            3.6653953377403576,
            13.222177492796042
          ],
          [
            3.6891961065151344,
            13.214844806382809
          ],
          [
            3.7128948136630044,
            13.207188687011698
          ],
          [
            3.7364870642189842,
            13.199210554522885
          ],
          [
            3.759968482960645,
            13.190911888474417
          ],
          [
            3.783334715219503,
            13.182294227867832
          ],
          [
            3.8065814276886023,
            13.17335917086274
          ],
          [
            3.8297043092261296,
            13.164108374480447
          ],
          [
            3.852699071654929,
            13.154543554296655
          ],
          [
            3.875561450557745,
            13.144666484123308
          ],
          [
            3.898287206068072,
            13.13447899567963
          ],
          [
            3.9208721236564394,
            13.12398297825244
          ],
          [
            3.9433120149120056,
            13.113180378345772
          ],
          [
            3.9656027183193063,
            13.102073199319893
          ],
          [
            3.987740100030014,
            13.09066350101978
          ],
          [
            4.009720054629566,
            13.078953399393114
          ],
          [
            4.031538505898524,
            13.066945066097885
          ],
          [
            4.053191407568509,
            13.054640728099635
          ],
          [
            4.0746747440725954,
            13.042042667258482
          ],
          [
            4.095984531290002,
            13.029153219905936
          ],
          [
            4.117116817284952,
            13.015974776411623
          ],
          [
            4.138067683039571,
            13.002509780739988
          ],
          [
            4.158833243180671,
            12.988760729997063
          ],
          [
            4.179409646700298,
            12.974730173967359
          ],
          [
            4.199793077669916,
            12.960420714641025
          ],
          [
            4.219979755948069,
            12.945835005731288
          ],
          [
            4.239965937881416,
            12.930975752182325
          ],
          [
            4.259747916999002,
            12.915845709667627
          ],
          [
            4.279322024699625,
            12.900447684078948
          ],
          [
            4.298684630932188,
            12.884784531005959
          ],
          [
            4.317832144868893,
            12.86885915520666
          ],
          [
            4.336761015571173,
            12.852674510068704
          ],
          [
            4.35546773264821,
            12.83623359706167
          ],
          [
            4.373948826907954,
            12.819539465180448
          ],
          [
            4.3922008710004805,
            12.802595210379788
          ],
          [
            4.410220480053606,
            12.785403975000161
          ],
          [
            4.428004312300611,
            12.767968947184997
          ],
          [
            4.445549069699983,
            12.75029336028944
          ],
          [
            4.4628514985470416,
            12.732380492280724
          ],
          [
            4.479908390077339,
            12.714233665130259
          ],
          [
            4.49671658106174,
            12.695856244197573
          ],
          [
            4.513272954393036,
            12.677251637606195
          ],
          [
            4.529574439664032,
            12.65842329561162
          ],
          [
            4.545618013736943,
            12.63937470996144
          ],
          [
            4.5614007013040565,
            12.620109413247814
          ],
          [
            4.5769195754394945,
            12.60063097825232
          ],
          [
            4.5921717581420225,
            12.580943017283397
          ],
          [
            4.607154420868783,
            12.56104918150642
          ],
          [
            4.621864785059845,
            12.540953160266595
          ],
          [
            4.636300122653504,
            12.520658680404763
          ],
          [
            4.650457756592193,
            12.500169505566246
          ],
          [
            4.6643350613189565,
            12.47948943550288
          ],
          [
            4.677929463264361,
            12.458622305368337
          ],
          [
            4.691238441323769,
            12.437571985006892
          ],
          [
            4.704259527324879,
            12.416342378235761
          ],
          [
            4.716990306485458,
            12.394937422121119
          ],
          [
            4.729428417861161,
            12.373361086247973
          ],
          [
            4.741571554783374,
            12.351617371983995
          ],
          [
            4.753417465286992,
            12.329710311737456
          ],
          [
            4.7649639525280465,
            12.307643968209417
          ],
          [
            4.776208875191115,
            12.285422433640294
          ],
          [
            4.7871501478864324,
            12.263049829050933
          ],
          [
            4.7977857415366305,
            12.240530303478375
          ],
          [
            4.808113683753029,
            12.217868033206402
          ],
          [
            4.818132059201426,
            12.195067220991042
          ],
          [
            4.827839009957293,
            12.172132095281153
          ],
          [
            4.837232735850334,
            12.149066909434262
          ],
          [
            4.84631149479833,
            12.125875940927765
          ],
          [
            4.855073603130208,
            12.10256349056566
          ],
          [
            4.863517435898285,
            12.07913388168096
          ],
          [
            4.871641427179614,
            12.055591459333927
          ],
          [
            4.879444070366388,
            12.031940589506263
          ],
          [
            4.886923918445342,
            12.008185658291442
          ],
          [
            4.894079584266108,
            11.98433107108129
          ],
          [
            4.9009097407984585,
            11.960381251749013
          ],
          [
            4.907413121378411,
            11.936340641828764
          ],
          [
            4.913588519943132,
            11.912213699691975
          ],
          [
            4.9194347912546,
            11.888004899720519
          ],
          [
            4.924950851111998,
            11.863718731476954
          ],
          [
            4.930135676552773,
            11.839359698871903
          ],
          [
            4.934988306042353,
            11.814932319328815
          ],
          [
            4.939507839652462,
            11.79044112294619
          ],
          [
            4.943693439228014,
            11.76589065165747
          ],
          [
            4.947544328542545,
            11.741285458388722
          ],
          [
            4.951059793442177,
            11.716630106214302
          ],
          [
            4.954239181978048,
            11.691929167510617
          ],
          [
            4.957081904527222,
            11.667187223108174
          ],
          [
            4.959587433902035,
            11.642408861442052
          ],
          [
            4.961755305447863,
            11.617598677700975
          ],
          [
            4.963585117129292,
            11.592761272975125
          ],
          [
            4.965076529604678,
            11.567901253402859
          ],
          [
            4.966229266289076,
            11.543023229316496
          ],
          [
            4.967043113405534,
            11.518131814387324
          ],
          [
            4.967517920024742,
            11.493231624769981
          ],
          [
            4.967653598093012,
            11.468327278246393
          ],
          [
            4.967450122448622,
            11.443423393369384
          ],
          [
            4.966907530826471,
            11.418524588606168
          ],
          [
            4.966025923851085,
            11.393635481481843
          ],
          [
            4.964805465017954,
            11.368760687723062
          ],
          [
            4.963246380663218,
            11.343904820402045
          ],
          [
            4.9613489599216845,
            11.319072489081067
          ],
          [
            4.959113554673211,
            11.294268298957618
          ],
          [
            4.956540579477451,
            11.269496850010347
          ],
          [
            4.953630511496968,
            11.244762736146008
          ],
          [
            4.95038389040875,
            11.220070544347491
          ],
          [
            4.9468013183041215,
            11.195424853823175
          ],
          [
            4.942883459577088,
            11.170830235157698
          ],
          [
            4.93863104080112,
            11.146291249464337
          ],
          [
            4.93404485059441,
            11.121812447539138
          ],
          [
            4.9291257394736245,
            11.097398369016972
          ],
          [
            4.92387461969617,
            11.073053541529639
          ],
          [
            4.918292465091014,
            11.048782479866222
          ],
          [
            4.912380310878089,
            11.024589685135812
          ],
          [
            4.90613925347631,
            11.00047964393276
          ],
          [
            4.899570450300236,
            10.976456827504638
          ],
          [
            4.892675119545434,
            10.952525690923041
          ],
          [
            4.885454539962553,
            10.928690672257378
          ],
          [
            4.877910050620188,
            10.904956191751833
          ],
          [
            4.870043050656539,
            10.881326651005615
          ],
          [
            4.861854999019942,
            10.857806432156684
          ],
          [
            4.853347414198302,
            10.83439989706907
          ],
          [
            4.844521873937494,
            10.811111386523951
          ],
          [
            4.835380014948758,
            10.787945219414667
          ],
          [
            4.825923532605175,
            10.764905691945756
          ],
          [
            4.816154180627253,
            10.741997076836224
          ],
          [
            4.8060737707577,
            10.71922362252716
          ],
          [
            4.795684172425431,
            10.696589552393856
          ],
          [
            4.784987312398878,
            10.674099063962576
          ],
          [
            4.773985174428675,
            10.651756328132116
          ],
          [
            4.762679798879755,
            10.629565488400301
          ],
          [
            4.751073282352975,
            10.607530660095575
          ],
          [
            4.739167777296286,
            10.585655929613798
          ],
          [
            4.7269654916055694,
            10.563945353660422
          ],
          [
            4.714468688215167,
            10.542402958498165
          ],
          [
            4.701679684678226,
            10.521032739200336
          ],
          [
            4.688600852736896,
            10.499838658909942
          ],
          [
            4.675234617882498,
            10.478824648104714
          ],
          [
            4.661583458905697,
            10.457994603868196
          ],
          [
            4.647649907436819,
            10.437352389167023
          ],
          [
            4.633436547476351,
            10.416901832134526
          ],
          [
            4.618946014915733,
            10.396646725360805
          ],
          [
            4.604180997048527,
            10.376590825189377
          ],
          [
            4.589144232072059,
            10.356737851020561
          ],
          [
            4.573838508579607,
            10.337091484621713
          ],
          [
            4.558266665043265,
            10.317655369444424
          ],
          [
            4.542431589287526,
            10.29843310994885
          ],
          [
            4.526336217953745,
            10.279428270935247
          ],
          [
            4.509983535955529,
            10.260644376882885
          ],
          [
            4.493376575925176,
            10.242084911296411
          ],
          [
            4.476518417651274,
            10.223753316059847
          ],
          [
            4.459412187507544,
            10.205652990798267
          ],
          [
            4.442061057873055,
            10.187787292247346
          ],
          [
            4.424468246543894,
            10.170159533630843
          ],
          [
            4.4066370161364254,
            10.152772984046152
          ],
          [
            4.388570673482229,
            10.13563086785805
          ],
          [
            4.370272569014849,
            10.118736364100732
          ],
          [
            4.351746096148442,
            10.10209260588825
          ],
          [
            4.332994690648473,
            10.08570267983348
          ],
          [
            4.314021829994534,
            10.069569625475689
          ],
          [
            4.294831032735452,
            10.053696434716866
          ],
          [
            4.275425857836761,
            10.038086051266854
          ],
          [
            4.255809904020688,
            10.022741370097442
          ],
          [
            4.235986809098763,
            10.007665236905488
          ],
          [
            4.215960249297183,
            9.992860447585173
          ],
          [
            4.195733938575046,
            9.978329747709502
          ],
          [
            4.175311627935597,
            9.964075832021138
          ],
          [
            4.154697104730588,
            9.950101343932648
          ],
          [
            4.133894191957921,
            9.93640887503628
          ],
          [
            4.112906747552653,
            9.923000964623355
          ],
          [
            4.0917386636715465,
            9.909880099213344
          ],
          [
            4.070393865971254,
            9.897048712092742
          ],
          [
            4.048876312880305,
            9.884509182863805
          ],
          [
            4.027189994865003,
            9.87226383700326
          ],
          [
            4.0053389336893925,
            9.860314945431028
          ],
          [
            3.983327181669411,
            9.848664724089094
          ],
          [
            3.961408358152349,
            9.837064496772586
          ],
          [
            3.939648849591052,
            9.825168115585958
          ],
          [
            3.9180526572000893,
            9.812977768077406
          ],
          [
            3.896623752162883,
            9.800495695850683
          ],
          [
            3.8753660749014696,
            9.787724194152908
          ],
          [
            3.8542835343519237,
            9.774665611452495
          ],
          [
            3.833380007245569,
            9.761322349007326
          ],
          [
            3.812659337396112,
            9.747696860423186
          ],
          [
            3.7921253349928237,
            9.733791651202592
          ],
          [
            3.771781775899915,
            9.719609278284068
          ],
          [
            3.7516324009622135,
            9.705152349571971
          ],
          [
            3.731680915317284,
            9.690423523456937
          ],
          [
            3.711930987714117,
            9.675425508327049
          ],
          [
            3.6923862498385045,
            9.660161062069802
          ],
          [
            3.6730502956452336,
            9.64463299156499
          ],
          [
            3.6539266806972175,
            9.628844152168544
          ],
          [
            3.6350189215116853,
            9.6127974471875
          ],
          [
            3.6163304949135533,
            9.596495827346116
          ],
          [
            3.5978648373960964,
            9.579942290243288
          ],
          [
            3.5796253444890285,
            9.563139879801337
          ],
          [
            3.561615370134125,
            9.546091685706289
          ],
          [
            3.543838226068486,
            9.528800842839724
          ],
          [
            3.526297181215565,
            9.511270530702328
          ],
          [
            3.508995461084065,
            9.493503972829235
          ],
          [
            3.491936247174821,
            9.475504436197271
          ],
          [
            3.4751226763957774,
            9.457275230624212
          ],
          [
            3.4585578404851587,
            9.438819708160164
          ],
          [
            3.442244785442952,
            9.42014126247117
          ],
          [
            3.4261865109707976,
            9.40124332821518
          ],
          [
            3.4103859699203936,
            9.38212938041047
          ],
          [
            3.394846067750512,
            9.36280293379664
          ],
          [
            3.379569661992739,
            9.343267542188315
          ],
          [
            3.3645595617260167,
            9.323526797821657
          ],
          [
            3.349818527060102,
            9.303584330693816
          ],
          [
            3.3353492686280277,
            9.283443807895424
          ],
          [
            3.321154447087662,
            9.263108932936282
          ],
          [
            3.307236672632456,
            9.242583445064351
          ],
          [
            3.2935985045114764,
            9.221871118578159
          ],
          [
            3.280242450558795,
            9.200975762132773
          ],
          [
            3.2671709667323454,
            9.179901218039445
          ],
          [
            3.254386456662311,
            9.158651361559084
          ],
          [
            3.2418912712091354,
            9.137230100189653
          ],
          [
            3.229687708031241,
            9.115641372947643
          ],
          [
            3.2177780111625234,
            9.09388914964376
          ],
          [
            3.206164370599716,
            9.071977430152934
          ],
          [
            3.1948489218996805,
            9.049910243678813
          ],
          [
            3.183833745786716,
            9.02769164801286
          ],
          [
            3.1731208677699483,
            9.005325728788188
          ],
          [
            3.1627122577708713,
            8.982816598728279
          ],
          [
            3.1526098297611114,
            8.960168396890731
          ],
          [
            3.1428154414104776,
            8.93738528790614
          ],
          [
            3.133330893745372,
            8.914471461212306
          ],
          [
            3.1241579308176046,
            8.891431130283856
          ],
          [
            3.1152982393836934,
            8.868268531857456
          ],
          [
            3.1067534485947013,
            8.844987925152754
          ],
          [
            3.098525129696654,
            8.821593591089165
          ],
          [
            3.0906147957416232,
            8.798089831498695
          ],
          [
            3.083023901309494,
            8.774480968334895
          ],
          [
            3.075753842240495,
            8.750771342878132
          ],
          [
            3.068805955378524,
            8.726965314937294
          ],
          [
            3.06218151832533,
            8.703067262048092
          ],
          [
            3.0558817492055756,
            8.679081578668116
          ],
          [
            3.0499078064428495,
            8.655012675368747
          ],
          [
            3.0442607885466497,
            8.630864978024139
          ],
          [
            3.0389417339103857,
            8.606642926997376
          ],
          [
            3.033951620620435,
            8.582350976323948
          ],
          [
            3.02929136627629,
            8.557993592892746
          ],
          [
            3.024961827821825,
            8.533575255624658
          ],
          [
            3.0209638013877207,
            8.509100454648983
          ],
          [
            3.0172980221450665,
            8.484573690477758
          ],
          [
            3.0139651641701755,
            8.4599994731782
          ],
          [
            3.010965840320634,
            8.435382321543369
          ],
          [
            3.008300602122606,
            8.410726762261241
          ],
          [
            3.0059699396694177,
            8.386037329082328
          ],
          [
            3.003974281531435,
            8.361318561985989
          ],
          [
            3.002313994677259,
            8.336575006345608
          ],
          [
            3.000989384406246,
            8.311811212092776
          ],
          [
            3.0000006942923676,
            8.287031732880623
          ],
          [
            2.999348106139421,
            8.262241125246494
          ],
          [
            2.9990317399475996,
            8.237443947774059
          ],
          [
            2.999051653891425,
            8.212644760255078
          ],
          [
            2.9994078443090526,
            8.187848122850923
          ],
          [
            3.000100245702941,
            8.163058595254043
          ],
          [
            3.0011287307518995,
            8.138280735849511
          ],
          [
            3.002493110334499,
            8.11351910087681
          ],
          [
            3.0041931335638483,
            8.088778243592017
          ],
          [
            3.0062284878337264,
            8.064062713430541
          ],
          [
            3.00859879887607,
            8.039377055170547
          ],
          [
            3.0113036308297896,
            8.014725808097246
          ],
          [
            3.014342486320922,
            7.990113505168208
          ],
          [
            3.017714806554087,
            7.965544672179811
          ],
          [
            3.0214199714152397,
            7.941023826935032
          ],
          [
            3.025457299585702,
            7.9165554784126915
          ],
          [
            3.0298260486674424,
            7.89214412593833
          ],
          [
            3.034525415319595,
            7.867794258356855
          ],
          [
            3.039554535406176,
            7.843510353207116
          ],
          [
            3.044912484154987,
            7.819296875898563
          ],
          [
            3.0505982763276647,
            7.795158278890123
          ],
          [
            3.0566108664008507,
            7.771099000871477
          ],
          [
            3.0629491487584444,
            7.747123465946846
          ],
          [
            3.0696119578949075,
            7.723236082821485
          ],
          [
            3.0765980686295835,
            7.699441243990982
          ],
          [
            3.083906196331987,
            7.675743324933562
          ],
          [
            3.091534997158024,
            7.652146683305494
          ],
          [
            3.099483068297107,
            7.6286556581398095
          ],
          [
            3.107748948230103,
            7.60527456904841
          ],
          [
            3.116331116998089,
            7.582007715427765
          ],
          [
            3.1252279964818444,
            7.558859375668328
          ],
          [
            3.1344379506920377,
            7.535833806367812
          ],
          [
            3.1439592860700643,
            7.5129352415484645
          ],
          [
            3.15379025179946,
            7.490167891878505
          ],
          [
            3.163929040127848,
            7.467535943897854
          ],
          [
            3.1743737866993555,
            7.445043559248295
          ],
          [
            3.1851225708974367,
            7.422694873908217
          ],
          [
            3.196173416198044,
            7.400493997432078
          ],
          [
            3.207524290533076,
            7.3784450121947245
          ],
          [
            3.219173106664045,
            7.356551972640711
          ],
          [
            3.231117722565881,
            7.3348189045387535
          ],
          [
            3.243355941820819,
            7.313249804241457
          ],
          [
            3.25588551402228,
            7.291848637950455
          ],
          [
            3.2685522439192303,
            7.270623305873473
          ],
          [
            3.2812869426070597,
            7.249438683682108
          ],
          [
            3.2940894792486297,
            7.228294989028577
          ],
          [
            3.306959722309835,
            7.207192439144595
          ],
          [
            3.319897539560949,
            7.18613125083915
          ],
          [
            3.3329027980779786,
            7.1651116404962885
          ],
          [
            3.3459753642440386,
            7.144133824072875
          ],
          [
            3.3591151037507228,
            7.123198017096378
          ],
          [
            3.3723218815994747,
            7.10230443466267
          ],
          [
            3.3855955621029885,
            7.081453291433793
          ],
          [
            3.3989360088865936,
            7.060644801635769
          ],
          [
            3.412343084889655,
            7.039879179056405
          ],
          [
            3.42581665236699,
            7.019156637043076
          ],
          [
            3.4393565728902757,
            6.998477388500546
          ],
          [
            3.4529627073494726,
            6.9778416458887875
          ],
          [
            3.4666349159542538,
            6.957249621220781
          ],
          [
            3.4803730582354486,
            6.936701526060345
          ],
          [
            3.494176993046472,
            6.916197571519977
          ],
          [
            3.5080465785647847,
            6.895737968258655
          ],
          [
            3.52198167229335,
            6.875322926479697
          ],
          [
            3.535982131062095,
            6.85495265592859
          ],
          [
            3.5500478110293763,
            6.834627365890843
          ],
          [
            3.564178567683471,
            6.814347265189831
          ],
          [
            3.578374255844052,
            6.794112562184643
          ],
          [
            3.5926347296636783,
            6.773923464767961
          ],
          [
            3.6069598426293004,
            6.753780180363906
          ],
          [
            3.6213494475637615,
            6.733682915925909
          ],
          [
            3.6358033966273062,
            6.7136318779346
          ],
          [
            3.6503215413191095,
            6.693627272395665
          ],
          [
            3.664903732478793,
            6.673669304837743
          ],
          [
            3.6795498202879564,
            6.653758180310316
          ],
          [
            3.69425965427173,
            6.633894103381591
          ],
          [
            3.709033083300307,
            6.614077278136405
          ],
          [
            3.723869955590497,
            6.594307908174136
          ],
          [
            3.738770118707296,
            6.574586196606595
          ],
          [
            3.753733419565444,
            6.554912346055948
          ],
          [
            3.7687597044309964,
            6.5352865586526425
          ],
          [
            3.7838488189229107,
            6.515709036033312
          ],
          [
            3.7990006080146275,
            6.496179979338716
          ],
          [
            3.8142149160356613,
            6.476699589211678
          ],
          [
            3.8294915866732078,
            6.457268065795013
          ],
          [
            3.8448304629737446,
            6.437885608729474
          ],
          [
            3.8602313873446388,
            6.4185524171517105
          ],
          [
            3.8756942015557767,
            6.399268689692209
          ],
          [
            3.8912187467411847,
            6.380034624473258
          ],
          [
            3.906804863400657,
            6.360850419106921
          ],
          [
            3.922452391401401,
            6.341716270692988
          ],
          [
            3.938161169979683,
            6.322632375816963
          ],
          [
            3.953931037742467,
            6.303598930548048
          ],
          [
            3.969761832669093,
            6.284616130437117
          ],
          [
            3.985653392112928,
            6.265684170514708
          ],
          [
            4.001605552803038,
            6.246803245289037
          ],
          [
            4.017618150845869,
            6.2279735487439725
          ],
          [
            4.033691021726935,
            6.209195274337062
          ],
          [
            4.049824000312491,
            6.190468614997541
          ],
          [
            4.0660169208512515,
            6.171793763124343
          ],
          [
            4.082269616976081,
            6.153170910584133
          ],
          [
            4.098581921705707,
            6.134600248709323
          ],
          [
            4.114953667446427,
            6.11608196829613
          ],
          [
            4.131384685993847,
            6.097616259602586
          ],
          [
            4.1478748085345964,
            6.079203312346601
          ],
          [
            4.164423865648064,
            6.060843315704017
          ],
          [
            4.181031687308143,
            6.0425364583066505
          ],
          [
            4.197698102884979,
            6.024282928240364
          ],
          [
            4.21442294114671,
            6.006082913043135
          ],
          [
            4.231206030261249,
            5.987936599703121
          ],
          [
            4.2480471977980265,
            5.969844174656743
          ],
          [
            4.264946270729772,
            5.951805823786776
          ],
          [
            4.281903075434294,
            5.933821732420427
          ],
          [
            4.298917437696264,
            5.915892085327439
          ],
          [
            4.315989182708993,
            5.898017066718194
          ],
          [
            4.333118135076246,
            5.880196860241814
          ],
          [
            4.350304118814038,
            5.862431648984274
          ],
          [
            4.367546957352431,
            5.844721615466537
          ],
          [
            4.384846473537363,
            5.827066941642652
          ],
          [
            4.402202489632465,
            5.809467808897906
          ],
          [
            4.419614827320874,
            5.791924398046954
          ],
          [
            4.437083307707085,
            5.774436889331959
          ],
          [
            4.454607751318778,
            5.757005462420738
          ],
          [
            4.472187978108655,
            5.739630296404927
          ],
          [
            4.4898238074563075,
            5.722311569798132
          ],
          [
            4.507515058170061,
            5.705049460534088
          ],
          [
            4.525261548488831,
            5.6878441459648545
          ],
          [
            4.543063096084005,
            5.670695802858968
          ],
          [
            4.561066588710233,
            5.653448514184918
          ],
          [
            4.579109998435818,
            5.636242989524985
          ],
          [
            4.597193228377974,
            5.619079321262989
          ],
          [
            4.615316181440113,
            5.601957601558
          ],
          [
            4.633478760312356,
            5.584877922343845
          ],
          [
            4.65168086747205,
            5.56784037532863
          ],
          [
            4.669922405184303,
            5.55084505199422
          ],
          [
            4.688203275502503,
            5.533892043595773
          ],
          [
            4.706523380268848,
            5.516981441161234
          ],
          [
            4.724882621114857,
            5.50011333549086
          ],
          [
            4.743280899461923,
            5.483287817156718
          ],
          [
            4.7617181165218305,
            5.466504976502203
          ],
          [
            4.780194173297271,
            5.449764903641569
          ],
          [
            4.798708970582403,
            5.433067688459416
          ],
          [
            4.817262408963372,
            5.416413420610228
          ],
          [
            4.835854388818828,
            5.3998021895178905
          ],
          [
            4.854484810320488,
            5.383234084375205
          ],
          [
            4.873153573433659,
            5.3667091941434055
          ],
          [
            4.8918605779177735,
            5.350227607551689
          ],
          [
            4.9106057233269205,
            5.333789413096744
          ],
          [
            4.929388909010408,
            5.317394699042259
          ],
          [
            4.948210034113286,
            5.301043553418461
          ],
          [
            4.9670689975768845,
            5.284736064021642
          ],
          [
            4.98596569813937,
            5.268472318413682
          ],
          [
            5.00490003433628,
            5.252252403921581
          ],
          [
            5.023871904501071,
            5.236076407636993
          ],
          [
            5.042881206765671,
            5.219944416415752
          ],
          [
            5.061927839060996,
            5.203856516877423
          ],
          [
            5.081011699117544,
            5.18781279540481
          ],
          [
            5.100132684465913,
            5.171813338143512
          ],
          [
            5.119290692437361,
            5.155858231001451
          ],
          [
            5.138485620164354,
            5.139947559648419
          ],
          [
            5.157717364581128,
            5.124081409515606
          ],
          [
            5.176985822424213,
            5.10825986579516
          ],
          [
            5.196290890233032,
            5.092483013439711
          ],
          [
            5.2156324643504215,
            5.076750937161924
          ],
          [
            5.2350104409232046,
            5.061063721434035
          ],
          [
            5.2544247159027435,
            5.045421450487412
          ],
          [
            5.2738751850454975,
            5.029824208312096
          ],
          [
            5.293361743913591,
            5.014272078656338
          ],
          [
            5.312884287875345,
            4.998765145026184
          ],
          [
            5.332442712105887,
            4.98330349068498
          ],
          [
            5.352036911587674,
            4.967887198652958
          ],
          [
            5.3716667811110765,
            4.9525163517067785
          ],
          [
            5.391332215274936,
            4.93719103237909
          ],
          [
            5.4110331084871355,
            4.921911322958076
          ],
          [
            5.430769354965145,
            4.906677305487037
          ],
          [
            5.45054084873663,
            4.89148906176392
          ],
          [
            5.470347483639989,
            4.876346673340896
          ],
          [
            5.490189153324933,
            4.861250221523923
          ],
          [
            5.510065751253059,
            4.846199787372299
          ],
          [
            5.529977170698414,
            4.8311954516982425
          ],
          [
            5.549923304748086,
            4.816237295066436
          ],
          [
            5.569904046302741,
            4.801325397793628
          ],
          [
            5.589919288077245,
            4.786459839948165
          ],
          [
            5.609968922601208,
            4.771640701349577
          ],
          [
            5.630052842219576,
            4.756868061568156
          ],
          [
            5.650170939093198,
            4.742141999924517
          ],
          [
            5.670323105199421,
            4.727462595489175
          ],
          [
            5.690509232332637,
            4.712829927082138
          ],
          [
            5.71072921210491,
            4.698244073272452
          ],
          [
            5.730982935946525,
            4.6837051123777975
          ],
          [
            5.751270295106582,
            4.66921312246407
          ],
          [
            5.771591180653578,
            4.654768181344961
          ],
          [
            5.7919454834759945,
            4.640370366581532
          ],
          [
            5.812333094282887,
            4.6260197554817974
          ],
          [
            5.832753903604443,
            4.611716425100331
          ],
          [
            5.8532078017926175,
            4.5974604522378275
          ],
          [
            5.873694679021689,
            4.583251913440694
          ],
          [
            5.8942144252888555,
            4.56909088500065
          ],
          [
            5.914766930414831,
            4.554977442954307
          ],
          [
            5.935352084044436,
            4.540911663082767
          ],
          [
            5.955969775647171,
            4.526893620911222
          ],
          [
            5.9766198945178415,
            4.512923391708526
          ],
          [
            5.997302329777134,
            4.499001050486811
          ],
          [
            6.018016970372215,
            4.485126672001082
          ],
          [
            6.038763705077323,
            4.4713003307488
          ],
          [
            6.059542422494373,
            4.457522100969504
          ],
          [
            6.080353011053559,
            4.443792056644396
          ],
          [
            6.101195359013918,
            4.430110271495959
          ],
          [
            6.122069354463986,
            4.416476818987544
          ],
          [
            6.142974885322358,
            4.402891772322981
          ],
          [
            6.163911839338303,
            4.389355204446193
          ],
          [
            6.184880104092366,
            4.3758671880408
          ],
          [
            6.205879566996973,
            4.362427795529728
          ],
          [
            6.2269101152970405,
            4.34903709907481
          ],
          [
            6.247971636070547,
            4.335695170576434
          ],
          [
            6.269064016229196,
            4.322402081673108
          ],
          [
            6.290187142518981,
            4.309157903741109
          ],
          [
            6.311340901520811,
            4.295962707894089
          ],
          [
            6.332525179651111,
            4.2828165649826975
          ],
          [
            6.353739863162445,
            4.269719545594183
          ],
          [
            6.374984838144094,
            4.256671720052058
          ],
          [
            6.396259990522716,
            4.243673158415664
          ],
          [
            6.417565206062923,
            4.2307239304798365
          ],
          [
            6.4389003703679055,
            4.217824105774515
          ],
          [
            6.460265368880051,
            4.2049737535643725
          ],
          [
            6.481660086881556,
            4.192172942848437
          ],
          [
            6.5030844094950195,
            4.179421742359741
          ],
          [
            6.524538221684105,
            4.166720220564926
          ],
          [
            6.5460214082541235,
            4.154068445663892
          ],
          [
            6.567533853852665,
            4.141466485589426
          ],
          [
            6.589075442970215,
            4.128914408006839
          ],
          [
            6.610646059940775,
            4.1164122803135985
          ],
          [
            6.632245588942489,
            4.103960169638967
          ],
          [
            6.653873913998238,
            4.091558142843658
          ],
          [
            6.675530918976308,
            4.079206266519451
          ],
          [
            6.6972164875909845,
            4.0669046069888495
          ],
          [
            6.718930503403179,
            4.054653230304721
          ],
          [
            6.7406728498210615,
            4.042452202249942
          ],
          [
            6.76244341010068,
            4.03030158833705
          ],
          [
            6.784242067346598,
            4.018201453807876
          ],
          [
            6.806068704512494,
            4.006151863633226
          ],
          [
            6.827923204401832,
            3.9941528825124966
          ],
          [
            6.849805449668458,
            3.9822045748733412
          ],
          [
            6.871715322817247,
            3.9703070048713354
          ],
          [
            6.893652706204724,
            3.958460236389614
          ],
          [
            6.915617482039712,
            3.946664333038539
          ],
          [
            6.937609532383922,
            3.9349193581553656
          ],
          [
            6.959628739152646,
            3.9232253748038772
          ],
          [
            6.98167498411535,
            3.911582445774071
          ],
          [
            7.003748148896323,
            3.899990633581808
          ],
          [
            7.025848114975307,
            3.8884500004684828
          ],
          [
            7.047974763688141,
            3.8769606084006867
          ],
          [
            7.070127976227399,
            3.8655225190698737
          ],
          [
            7.092307633642995,
            3.8541357938920413
          ],
          [
            7.114513616842878,
            3.842800494007381
          ],
          [
            7.136745806593632,
            3.8315166802799627
          ],
          [
            7.159004083521131,
            3.8202844132974025
          ],
          [
            7.181288328111169,
            3.8091037533705467
          ],
          [
            7.203598420710123,
            3.7979747605331298
          ],
          [
            7.225934241525551,
            3.7868974945414813
          ],
          [
            7.248295670626895,
            3.775872014874171
          ],
          [
            7.270682587946084,
            3.764898380731715
          ],
          [
            7.293094873278189,
            3.7539766510362416
          ],
          [
            7.315560071081031,
            3.743086421237731
          ],
          [
            7.338044923083646,
            3.7322368291806516
          ],
          [
            7.3605493557757145,
            3.7214279103358585
          ],
          [
            7.383073295582857,
            3.7106597000412567
          ],
          [
            7.405616668866963,
            3.69993223350164
          ],
          [
            7.428179401926356,
            3.689245545788612
          ],
          [
            7.450761420996063,
            3.6785996718404608
          ],
          [
            7.473362652248095,
            3.6679946464620237
          ],
          [
            7.495983021791607,
            3.6574305043246067
          ],
          [
            7.518622455673226,
            3.6469072799658395
          ],
          [
            7.541280879877224,
            3.6364250077895957
          ],
          [
            7.563958220325781,
            3.6259837220658557
          ],
          [
            7.5866544028792715,
            3.615583456930592
          ],
          [
            7.609369353336422,
            3.605224246385683
          ],
          [
            7.632102997434648,
            3.594906124298774
          ],
          [
            7.654855260850212,
            3.584629124403186
          ],
          [
            7.677626069198507,
            3.5743932802978
          ],
          [
            7.700415348034329,
            3.564198625446931
          ],
          [
            7.723223022852042,
            3.5540451931802544
          ],
          [
            7.746049019085915,
            3.5439330166926535
          ],
          [
            7.7688932621102715,
            3.533862129044154
          ],
          [
            7.791755677239824,
            3.5238325631597736
          ],
          [
            7.814636189729844,
            3.5138443518294498
          ],
          [
            7.837534724776435,
            3.503897527707922
          ],
          [
            7.860451207516812,
            3.4939921233146034
          ],
          [
            7.883385563029469,
            3.4841281710335146
          ],
          [
            7.906337716334513,
            3.4743057031131332
          ],
          [
            7.9293075923938305,
            3.4645247516663265
          ],
          [
            7.952295116111366,
            3.454785348670235
          ],
          [
            7.975300212333402,
            3.445087525966141
          ],
          [
            7.998322805848726,
            3.4354313152594145
          ],
          [
            8.021362821388966,
            3.4258167481193578
          ],
          [
            8.044420183628759,
            3.416243855979145
          ],
          [
            8.067494817186025,
            3.406712670135695
          ],
          [
            8.090586646622262,
            3.39722322174957
          ],
          [
            8.113695596442692,
            3.3877755418448885
          ],
          [
            8.136821591096622,
            3.3783696613092005
          ],
          [
            8.159964554977588,
            3.369005610893412
          ],
          [
            8.183124412423659,
            3.3596834212116757
          ],
          [
            8.2063010877177,
            3.350403122741273
          ],
          [
            8.22949450508755,
            3.341164745822544
          ],
          [
            8.252704588706358,
            3.33196832065876
          ],
          [
            8.275931262692751,
            3.3228138773160456
          ],
          [
            8.299174451111119,
            3.3137014457232823
          ],
          [
            8.322434077971891,
            3.3046310556719796
          ],
          [
            8.345710067231714,
            3.295602736816223
          ],
          [
            8.36900234279378,
            3.286616518672533
          ],
          [
            8.392310828508002,
            3.277672430619802
          ],
          [
            8.415635448171301,
            3.2687705018991853
          ],
          [
            8.438976125527885,
            3.2599107616139946
          ],
          [
            8.462332784269414,
            3.2510932387296254
          ],
          [
            8.485705348035347,
            3.242317962073445
          ],
          [
            8.509093740413114,
            3.2335849603347064
          ],
          [
            8.53249788493839,
            3.2248942620644545
          ],
          [
            8.555917705095387,
            3.216245895675419
          ],
          [
            8.579353124317027,
            3.2076398894419462
          ],
          [
            8.602804065985275,
            3.1990762714998837
          ],
          [
            8.626270453431303,
            3.190555069846509
          ],
          [
            8.64975220993583,
            3.18207631234041
          ],
          [
            8.673249258729296,
            3.173640026701424
          ],
          [
            8.696761522992151,
            3.1652462405105393
          ],
          [
            8.720288925855122,
            3.156894981209776
          ],
          [
            8.743831390399409,
            3.1485862761021455
          ],
          [
            8.76738883965701,
            3.140320152351517
          ],
          [
            8.790961196610901,
            3.132096636982558
          ],
          [
            8.81454838419532,
            3.1239157568806384
          ],
          [
            8.838150325296052,
            3.115777538791722
          ],
          [
            8.861766942750602,
            3.1076820093223176
          ],
          [
            8.88539815934854,
            3.099629194939352
          ],
          [
            8.909043897831673,
            3.0916191219701172
          ],
          [
            8.932704080894327,
            3.083651816602165
          ],
          [
            8.956378631183647,
            3.0757273048832214
          ],
          [
            8.980067471299748,
            3.0678456127211113
          ],
          [
            9.003770523796089,
            3.0600067658836654
          ],
          [
            9.027487711179614,
            3.052210789998636
          ],
          [
            9.051218955911063,
            3.0444577105536297
          ],
          [
            9.074964180405253,
            3.036747552895992
          ],
          [
            9.09872330703125,
            3.02908034223276
          ],
          [
            9.122496258112715,
            3.0214561036305465
          ],
          [
            9.146282955928076,
            3.0138748620154896
          ],
          [
            9.17008332271082,
            3.0063366421731494
          ],
          [
            9.193897280649779,
            2.998841468748429
          ],
          [
            9.217724751889307,
            2.9913893662455138
          ],
          [
            9.241565658529625,
            2.983980359027756
          ],
          [
            9.265419922626993,
            2.976614471317628
          ],
          [
            9.289287466194,
            2.9692917271966355
          ],
          [
            9.313168211199859,
            2.962012150605215
          ],
          [
            9.33706207957057,
            2.954775765342694
          ],
          [
            9.360968993189283,
            2.9475825950671766
          ],
          [
            9.384888873896458,
            2.940432663295498
          ],
          [
            9.408821643490164,
            2.933325993403125
          ],
          [
            9.432767223726366,
            2.926262608624084
          ],
          [
            9.456725536319098,
            2.919242532050898
          ],
          [
            9.480696502940823,
            2.912265786634487
          ],
          [
            9.504680045222575,
            2.905332395184125
          ],
          [
            9.528676084754327,
            2.898442380367328
          ],
          [
            9.552684543085164,
            2.891595764709816
          ],
          [
            9.57670534172356,
            2.884792570595419
          ],
          [
            9.600738402137686,
            2.878032820266
          ],
          [
            9.624783645755578,
            2.8713165358214017
          ],
          [
            9.648840993965488,
            2.8646437392193462
          ],
          [
            9.672910368116055,
            2.8580144522754
          ],
          [
            9.696991689516604,
            2.8514286966628717
          ],
          [
            9.721084879437438,
            2.844886493912746
          ],
          [
            9.74518985911001,
            2.8383878654136314
          ],
          [
            9.769306549727272,
            2.831932832411665
          ],
          [
            9.793434872443854,
            2.825521416010469
          ],
          [
            9.817574748376364,
            2.819153637171059
          ],
          [
            9.841726098603665,
            2.8128295167117905
          ],
          [
            9.865888844167067,
            2.8065490753082845
          ],
          [
            9.890062906070668,
            2.800312333493352
          ],
          [
            9.914248205281531,
            2.794119311656953
          ],
          [
            9.938444662729989,
            2.7879700300461003
          ],
          [
            9.962652199309922,
            2.781864508764805
          ],
          [
            9.986870735878947,
            2.7758027677740227
          ],
          [
            10.011100193258763,
            2.7697848268915575
          ],
          [
            10.035340492235331,
            2.763810705792034
          ],
          [
            10.059591553559166,
            2.7578804240068138
          ],
          [
            10.083853297945634,
            2.751994000923924
          ],
          [
            10.10812564607513,
            2.746151455788011
          ],
          [
            10.132408518593422,
            2.7403528077002655
          ],
          [
            10.156701836111841,
            2.7345980756183668
          ],
          [
            10.181005519207567,
            2.728887278356419
          ],
          [
            10.205319488423928,
            2.723220434584885
          ],
          [
            10.229643664270577,
            2.7175975628305373
          ],
          [
            10.253977967223845,
            2.712018681476378
          ],
          [
            10.278322317726904,
            2.706483808761602
          ],
          [
            10.302676636190128,
            2.700992962781516
          ],
          [
            10.327040842991265,
            2.695546161487494
          ],
          [
            10.351414858475737,
            2.690143422686914
          ],
          [
            10.37579860295693,
            2.684784764043094
          ],
          [
            10.400191996716382,
            2.6794702030752493
          ],
          [
            10.424594960004123,
            2.674199757158414
          ],
          [
            10.449007413038869,
            2.668973443523406
          ],
          [
            10.473390273284785,
            2.6637953600807123
          ],
          [
            10.497780764460451,
            2.6586533408156896
          ],
          [
            10.5221788332241,
            2.6535473969738845
          ],
          [
            10.546584426217432,
            2.648477539721938
          ],
          [
            10.570997490065698,
            2.643443780147564
          ],
          [
            10.595417971377763,
            2.6384461292595525
          ],
          [
            10.619845816746313,
            2.63348459798771
          ],
          [
            10.644280972747934,
            2.6285591971828417
          ],
          [
            10.668723385943172,
            2.623669937616757
          ],
          [
            10.693173002876769,
            2.6188168299822046
          ],
          [
            10.717629770077643,
            2.613999884892884
          ],
          [
            10.742093634059131,
            2.609219112883398
          ],
          [
            10.766564541319038,
            2.6044745244092447
          ],
          [
            10.79104243833973,
            2.599766129846792
          ],
          [
            10.815527271588326,
            2.595093939493239
          ],
          [
            10.840018987516775,
            2.5904579635666174
          ],
          [
            10.864517532561933,
            2.585858212205764
          ],
          [
            10.889022853145764,
            2.5812946954702767
          ],
          [
            10.913534895675411,
            2.5767674233405167
          ],
          [
            10.938053606543274,
            2.5722764057175844
          ],
          [
            10.962578932127213,
            2.5678216524232838
          ],
          [
            10.987110818790626,
            2.5634031732001077
          ],
          [
            11.01164921288251,
            2.559020977711235
          ],
          [
            11.03619406073768,
            2.554675075540466
          ],
          [
            11.060745308676836,
            2.550365476192244
          ],
          [
            11.085302903006635,
            2.5460921890916204
          ],
          [
            11.109866790019916,
            2.541855223584225
          ],
          [
            11.134436915995694,
            2.537654588936256
          ],
          [
            11.159013227199388,
            2.533490294334456
          ],
          [
            11.183595669882886,
            2.529362348886089
          ],
          [
            11.208184190284621,
            2.525270761618934
          ],
          [
            11.232778734629784,
            2.5212155414812436
          ],
          [
            11.25737924913039,
            2.517196697341735
          ],
          [
            11.281985679985347,
            2.513214237989583
          ],
          [
            11.306597973380676,
            2.5092681721343872
          ],
          [
            11.331216075489575,
            2.505358508406136
          ],
          [
            11.355839932472488,
            2.5014852553552345
          ],
          [
            11.380469490477328,
            2.4976484214524426
          ],
          [
            11.40510469563953,
            2.493848015088872
          ],
          [
            11.429745494082141,
            2.490084044575969
          ],
          [
            11.45439183191603,
            2.4863565181454987
          ],
          [
            11.479043655239897,
            2.482665443949518
          ],
          [
            11.503700910140486,
            2.4790108300603713
          ],
          [
            11.528363542692663,
            2.4753926844706555
          ],
          [
            11.55303149895949,
            2.471811015093216
          ],
          [
            11.57770472499243,
            2.468265829761126
          ],
          [
            11.602383166831416,
            2.4647571362276643
          ],
          [
            11.627066770504943,
            2.4612849421663086
          ],
          [
            11.651755482030245,
            2.4578492551707107
          ],
          [
            11.676449247413396,
            2.4544500827546756
          ],
          [
            11.701148012649373,
            2.451087432352164
          ],
          [
            11.725851723722254,
            2.447761311317251
          ],
          [
            11.75056032660531,
            2.444471726924121
          ],
          [
            11.775273767261066,
            2.4412186863670726
          ],
          [
            11.799991991641509,
            2.4380021967604613
          ],
          [
            11.824714945688166,
            2.4348222651387132
          ],
          [
            11.849442575332176,
            2.431678898456312
          ],
          [
            11.87417482649451,
            2.4285721035877614
          ],
          [
            11.898911645085978,
            2.425501887327588
          ],
          [
            11.923652977007437,
            2.4224682563903244
          ],
          [
            11.948398768149879,
            2.4194712174104858
          ],
          [
            11.9731489643945,
            2.4165107769425624
          ],
          [
            11.997903511612904,
            2.413586941461009
          ],
          [
            12.02266235566718,
            2.4106997173602203
          ],
          [
            12.047425442409974,
            2.4078491109545226
          ],
          [
            12.0721927176847,
            2.405035128478165
          ],
          [
            12.096964127325613,
            2.4022577760852926
          ],
          [
            12.121739617157878,
            2.3995170598499485
          ],
          [
            12.146519132997783,
            2.396812985766047
          ],
          [
            12.171302620652812,
            2.394145559747365
          ],
          [
            12.196090025921716,
            2.3915147876275427
          ],
          [
            12.22088129459474,
            2.388920675160044
          ],
          [
            12.24567637245362,
            2.3863632280181655
          ],
          [
            12.270475205271802,
            2.3838424517950187
          ],
          [
            12.295277738814525,
            2.381358352003513
          ],
          [
            12.32008391883889,
            2.3789109340763446
          ],
          [
            12.344893691094061,
            2.3765002033659925
          ],
          [
            12.369707001321355,
            2.3741261651446983
          ],
          [
            12.394523795254301,
            2.3717888246044616
          ],
          [
            12.419344018618855,
            2.369488186857012
          ],
          [
            12.444167617133475,
            2.3672242569338238
          ],
          [
            12.468994536509188,
            2.3649970397860898
          ],
          [
            12.493824722449808,
            2.3628065402847085
          ],
          [
            12.518658120652004,
            2.3606527632202763
          ],
          [
            12.543494676805373,
            2.3585357133030804
          ],
          [
            12.568334336592653,
            2.3564553951630884
          ],
          [
            12.59317704568979,
            2.3544118133499268
          ],
          [
            12.618022749766023,
            2.3524049723328986
          ],
          [
            12.642871394484095,
            2.350434876500934
          ],
          [
            12.66772292550026,
            2.3485015301626113
          ],
          [
            12.692577288464507,
            2.346604937546143
          ],
          [
            12.717434429020628,
            2.3447451027993544
          ],
          [
            12.742294292806296,
            2.34292202998968
          ],
          [
            12.767156825453275,
            2.3411357231041663
          ],
          [
            12.792021972587492,
            2.3393861860494454
          ],
          [
            12.81688967982911,
            2.3376734226517293
          ],
          [
            12.841759892792737,
            2.3359974366568252
          ],
          [
            12.866632557087506,
            2.3343582317300857
          ],
          [
            12.891507618317139,
            2.3327558114564404
          ],
          [
            12.916385022080162,
            2.331190179340357
          ],
          [
            12.941264713969979,
            2.3296613388058667
          ],
          [
            12.966146639574943,
            2.3281692931965203
          ],
          [
            12.991030744478568,
            2.3267140457754074
          ],
          [
            13.015916974259605,
            2.325295599725134
          ],
          [
            13.04080527449211,
            2.323913958147834
          ],
          [
            13.065695590745666,
            2.3225691240651365
          ],
          [
            13.090587868585397,
            2.321261100418184
          ],
          [
            13.115482053572176,
            2.3199898900676033
          ],
          [
            13.140378091262704,
            2.3187554957935212
          ],
          [
            13.165275927209589,
            2.317557920295549
          ],
          [
            13.190175506961548,
            2.316397166192761
          ],
          [
            13.215076776063489,
            2.3152732360237245
          ],
          [
            13.239979680056573,
            2.314186132246455
          ],
          [
            13.264884164478438,
            2.3131358572384393
          ],
          [
            13.28979017486326,
            2.3121224132966205
          ],
          [
            13.314697656741837,
            2.311145802637384
          ],
          [
            13.33960655564179,
            2.3102060273965677
          ],
          [
            13.364516817087644,
            2.3093030896294557
          ],
          [
            13.3894283866009,
            2.3084369913107565
          ],
          [
            13.414341209700236,
            2.3076077343346206
          ],
          [
            13.439255231901598,
            2.3068153205146196
          ],
          [
            13.46417039871826,
            2.3060597515837635
          ],
          [
            13.489086655661051,
            2.305341029194466
          ],
          [
            13.514003948238361,
            2.304659154918564
          ],
          [
            13.538922221956353,
            2.304014130247314
          ],
          [
            13.563841422319053,
            2.303405956591373
          ],
          [
            13.588761494828406,
            2.302834635280817
          ],
          [
            13.613682384984502,
            2.302300167565111
          ],
          [
            13.63860403828564,
            2.301802554613136
          ],
          [
            13.663526400228406,
            2.3013417975131674
          ],
          [
            13.688449416307877,
            2.300917897272871
          ],
          [
            13.713373032017707,
            2.300530854819314
          ],
          [
            13.738297192850187,
            2.300180670998955
          ],
          [
            13.763221844296462,
            2.2998673465776385
          ],
          [
            13.788146931846608,
            2.299590882240608
          ],
          [
            13.813072400989698,
            2.299351278592482
          ],
          [
            13.837998197214034,
            2.2991485361572757
          ],
          [
            13.862924266007138,
            2.2989826553783814
          ],
          [
            13.887850552855983,
            2.298853636618581
          ],
          [
            13.912777003247069,
            2.2987614801600316
          ],
          [
            13.937703562666488,
            2.298706186204285
          ],
          [
            13.962630176600143,
            2.2986877548722693
          ],
          [
            13.98759647147477,
            2.2986877548722693
          ],
          [
            14.012562766349395,
            2.2986877548722693
          ],
          [
            14.037529061224022,
            2.2986877548722693
          ],
          [
            14.062495356098648,
            2.2986877548722693
          ],
          [
            14.087461650973275,
            2.2986877548722693
          ],
          [
            14.1124279458479,
            2.2986877548722693
          ],
          [
            14.137394240722527,
            2.2986877548722693
          ],
          [
            14.162360535597152,
            2.2986877548722693
          ],
          [
            14.187326830471779,
            2.2986877548722693
          ],
          [
            14.212293125346404,
            2.2986877548722693
          ],
          [
            14.237259420221031,
            2.2986877548722693
          ],
          [
            14.262225715095656,
            2.2986877548722693
          ],
          [
            14.287192009970283,
            2.2986877548722693
          ],
          [
            14.31215830484491,
            2.2986877548722693
          ],
          [
            14.337124599719536,
            2.2986877548722693
          ],
          [
            14.362090894594163,
            2.2986877548722693
          ],
          [
            14.387057189468788,
            2.2986877548722693
          ],
          [
            14.412023484343415,
            2.2986877548722693
          ],
          [
            14.43698977921804,
            2.2986877548722693
          ],
          [
            14.461956074092667,
            2.2986877548722693
          ],
          [
            14.486922368967292,
            2.2986877548722693
          ],
          [
            14.511888663841919,
            2.2986877548722693
          ],
          [
            14.536854958716546,
            2.2986877548722693
          ],
          [
            14.561821253591171,
            2.2986877548722693
          ],
          [
            14.586787548465798,
            2.2986877548722693
          ],
          [
            14.611753843340423,
            2.2986877548722693
          ],
          [
            14.63672013821505,
            2.2986877548722693
          ],
          [
            14.661686433089676,
            2.2986877548722693
          ],
          [
            14.686652727964303,
            2.2986877548722693
          ],
          [
            14.711619022838928,
            2.2986877548722693
          ],
          [
            14.736585317713555,
            2.2986877548722693
          ],
          [
            14.76155161258818,
            2.2986877548722693
          ],
          [
            14.786517907462807,
            2.2986877548722693
          ],
          [
            14.811484202337432,
            2.2986877548722693
          ],
          [
            14.83645049721206,
            2.2986877548722693
          ],
          [
            14.861416792086686,
            2.2986877548722693
          ],
          [
            14.886383086961311,
            2.2986877548722693
          ],
          [
            14.911349381835938,
            2.2986877548722693
          ],
          [
            14.936315676710564,
            2.2986877548722693
          ],
          [
            14.96128197158519,
            2.2986877548722693
          ],
          [
            14.986248266459816,
            2.2986877548722693
          ],
          [
            15.011214561334443,
            2.2986877548722693
          ],
          [
            15.036180856209068,
            2.2986877548722693
          ],
          [
            15.061147151083695,
            2.2986877548722693
          ],
          [
            15.08611344595832,
            2.2986877548722693
          ],
          [
            15.111079740832947,
            2.2986877548722693
          ],
          [
            15.136046035707574,
            2.2986877548722693
          ],
          [
            15.1610123305822,
            2.2986877548722693
          ],
          [
            15.185978625456826,
            2.2986877548722693
          ],
          [
            15.210944920331452,
            2.2986877548722693
          ],
          [
            15.235911215206078,
            2.2986877548722693
          ],
          [
            15.260877510080704,
            2.2986877548722693
          ],
          [
            15.28584380495533,
            2.2986877548722693
          ],
          [
            15.310810099829956,
            2.2986877548722693
          ],
          [
            15.335776394704583,
            2.2986877548722693
          ],
          [
            15.360742689579208,
            2.2986877548722693
          ],
          [
            15.385708984453835,
            2.2986877548722693
          ],
          [
            15.410675279328462,
            2.2986877548722693
          ],
          [
            15.435641574203087,
            2.2986877548722693
          ],
          [
            15.460607869077712,
            2.2986877548722693
          ],
          [
            15.48557416395234,
            2.2986877548722693
          ],
          [
            15.510540458826966,
            2.2986877548722693
          ],
          [
            15.535506753701592,
            2.2986877548722693
          ],
          [
            15.560473048576219,
            2.2986877548722693
          ],
          [
            15.585439343450844,
            2.2986877548722693
          ],
          [
            15.61040563832547,
            2.2986877548722693
          ],
          [
            15.635371933200096,
            2.2986877548722693
          ],
          [
            15.660338228074723,
            2.2986877548722693
          ],
          [
            15.685304522949348,
            2.2986877548722693
          ],
          [
            15.710270817823975,
            2.2986877548722693
          ],
          [
            15.735237112698602,
            2.2986877548722693
          ],
          [
            15.760203407573227,
            2.2986877548722693
          ],
          [
            15.785169702447854,
            2.2986877548722693
          ],
          [
            15.81013599732248,
            2.2986877548722693
          ],
          [
            15.835102292197107,
            2.2986877548722693
          ],
          [
            15.860068587071732,
            2.2986877548722693
          ],
          [
            15.885034881946359,
            2.2986877548722693
          ],
          [
            15.910001176820984,
            2.2986877548722693
          ],
          [
            15.934967471695611,
            2.2986877548722693
          ],
          [
            15.959933766570238,
            2.2986877548722693
          ],
          [
            15.984900061444863,
            2.2986877548722693
          ],
          [
            16.00986635631949,
            2.2986877548722693
          ],
          [
            16.034832651194115,
            2.2986877548722693
          ],
          [
            16.059798946068742,
            2.2986877548722693
          ],
          [
            16.08476524094337,
            2.2986877548722693
          ],
          [
            16.109731535817993,
            2.2986877548722693
          ],
          [
            16.13469783069262,
            2.2986877548722693
          ],
          [
            16.159664125567247,
            2.2986877548722693
          ],
          [
            16.184630420441874,
            2.2986877548722693
          ],
          [
            16.209596715316497,
            2.2986877548722693
          ],
          [
            16.234563010191124,
            2.2986877548722693
          ],
          [
            16.25952930506575,
            2.2986877548722693
          ],
          [
            16.284495599940378,
            2.2986877548722693
          ],
          [
            16.309461894815005,
            2.2986877548722693
          ],
          [
            16.33442818968963,
            2.2986877548722693
          ],
          [
            16.359394484564255,
            2.2986877548722693
          ],
          [
            16.384360779438882,
            2.2986877548722693
          ],
          [
            16.40932707431351,
            2.2986877548722693
          ],
          [
            16.434293369188133,
            2.2986877548722693
          ],
          [
            16.45925966406276,
            2.2986877548722693
          ],
          [
            16.484225958937387,
            2.2986877548722693
          ],
          [
            16.509192253812014,
            2.2986877548722693
          ],
          [
            16.53415854868664,
            2.2986877548722693
          ],
          [
            16.559124843561264,
            2.2986877548722693
          ],
          [
            16.58409113843589,
            2.2986877548722693
          ],
          [
            16.609057433310518,
            2.2986877548722693
          ],
          [
            16.63402372818514,
            2.2986877548722693
          ],
          [
            16.65899002305977,
            2.2986877548722693
          ],
          [
            16.683956317934395,
            2.2986877548722693
          ],
          [
            16.708922612809022,
            2.2986877548722693
          ],
          [
            16.73388890768365,
            2.2986877548722693
          ],
          [
            16.758855202558273,
            2.2986877548722693
          ],
          [
            16.7838214974329,
            2.2986877548722693
          ],
          [
            16.808787792307527,
            2.2986877548722693
          ],
          [
            16.833754087182154,
            2.2986877548722693
          ],
          [
            16.85872038205678,
            2.2986877548722693
          ],
          [
            16.883686676931404,
            2.2986877548722693
          ],
          [
            16.90865297180603,
            2.2986877548722693
          ],
          [
            16.933619266680658,
            2.2986877548722693
          ],
          [
            16.95858556155528,
            2.2986877548722693
          ],
          [
            16.98355185642991,
            2.2986877548722693
          ],
          [
            17.008518151304536,
            2.2986877548722693
          ],
          [
            17.033484446179163,
            2.2986877548722693
          ],
          [
            17.05845074105379,
            2.2986877548722693
          ],
          [
            17.083417035928413,
            2.2986877548722693
          ],
          [
            17.10838333080304,
            2.2986877548722693
          ],
          [
            17.133349625677667,
            2.2986877548722693
          ],
          [
            17.158315920552294,
            2.2986877548722693
          ],
          [
            17.18328221542692,
            2.2986877548722693
          ],
          [
            17.208248510301544,
            2.2986877548722693
          ],
          [
            17.23321480517617,
            2.2986877548722693
          ],
          [
            17.2581811000508,
            2.2986877548722693
          ],
          [
            17.283147394925425,
            2.2986877548722693
          ],
          [
            17.30811368980005,
            2.2986877548722693
          ],
          [
            17.333079984674676,
            2.2986877548722693
          ],
          [
            17.358046279549303,
            2.2986877548722693
          ],
          [
            17.38301257442393,
            2.2986877548722693
          ],
          [
            17.407978869298553,
            2.2986877548722693
          ],
          [
            17.43294516417318,
            2.2986877548722693
          ],
          [
            17.457911459047807,
            2.2986877548722693
          ],
          [
            17.482877753922434,
            2.2986877548722693
          ],
          [
            17.50784404879706,
            2.2986877548722693
          ],
          [
            17.532810343671684,
            2.2986877548722693
          ],
          [
            17.55777663854631,
            2.2986877548722693
          ],
          [
            17.58274293342094,
            2.2986877548722693
          ],
          [
            17.607709228295565,
            2.2986877548722693
          ],
          [
            17.632675523170192,
            2.2986877548722693
          ],
          [
            17.657641818044816,
            2.2986877548722693
          ],
          [
            17.682608112919443,
            2.2986877548722693
          ],
          [
            17.70757440779407,
            2.2986877548722693
          ],
          [
            17.732540702668697,
            2.2986877548722693
          ],
          [
            17.75750699754332,
            2.2986877548722693
          ],
          [
            17.782473292417947,
            2.2986877548722693
          ],
          [
            17.807439587292574,
            2.2986877548722693
          ],
          [
            17.8324058821672,
            2.2986877548722693
          ],
          [
            17.857372177041825,
            2.2986877548722693
          ],
          [
            17.88233847191645,
            2.2986877548722693
          ],
          [
            17.90730476679108,
            2.2986877548722693
          ],
          [
            17.932271061665706,
            2.2986877548722693
          ],
          [
            17.957237356540332,
            2.2986877548722693
          ],
          [
            17.982203651414956,
            2.2986877548722693
          ],
          [
            18.007169946289583,
            2.2986877548722693
          ],
          [
            18.03213624116421,
            2.2986877548722693
          ],
          [
            18.057102536038837,
            2.2986877548722693
          ],
          [
            18.08206883091346,
            2.2986877548722693
          ],
          [
            18.107035125788087,
            2.2986877548722693
          ],
          [
            18.132001420662714,
            2.2986877548722693
          ],
          [
            18.15696771553734,
            2.2986877548722693
          ],
          [
            18.181934010411965,
            2.2986877548722693
          ],
          [
            18.20690030528659,
            2.2986877548722693
          ],
          [
            18.23186660016122,
            2.2986877548722693
          ],
          [
            18.256832895035846,
            2.2986877548722693
          ],
          [
            18.281799189910473,
            2.2986877548722693
          ],
          [
            18.306765484785096,
            2.2986877548722693
          ],
          [
            18.331731779659723,
            2.2986877548722693
          ],
          [
            18.35669807453435,
            2.2986877548722693
          ],
          [
            18.381664369408973,
            2.2986877548722693
          ],
          [
            18.4066306642836,
            2.2986877548722693
          ],
          [
            18.431596959158227,
            2.2986877548722693
          ],
          [
            18.456563254032854,
            2.2986877548722693
          ],
          [
            18.48152954890748,
            2.2986877548722693
          ],
          [
            18.506495843782105,
            2.2986877548722693
          ],
          [
            18.53146213865673,
            2.2986877548722693
          ],
          [
            18.55642843353136,
            2.2986877548722693
          ],
          [
            18.581394728405986,
            2.2986877548722693
          ],
          [
            18.606361023280613,
            2.2986877548722693
          ],
          [
            18.631327318155236,
            2.2986877548722693
          ],
          [
            18.656293613029863,
            2.2986877548722693
          ],
          [
            18.68125990790449,
            2.2986877548722693
          ],
          [
            18.706226202779114,
            2.2986877548722693
          ],
          [
            18.73119249765374,
            2.2986877548722693
          ],
          [
            18.756158792528367,
            2.2986877548722693
          ],
          [
            18.781125087402994,
            2.2986877548722693
          ],
          [
            18.80609138227762,
            2.2986877548722693
          ],
          [
            18.831057677152245,
            2.2986877548722693
          ],
          [
            18.856023972026872,
            2.2986877548722693
          ],
          [
            18.8809902669015,
            2.2986877548722693
          ],
          [
            18.905956561776126,
            2.2986877548722693
          ],
          [
            18.930922856650753,
            2.2986877548722693
          ],
          [
            18.955889151525376,
            2.2986877548722693
          ],
          [
            18.980855446400003,
            2.2986877548722693
          ],
          [
            19.00582174127463,
            2.2986877548722693
          ],
          [
            19.030788036149254,
            2.2986877548722693
          ],
          [
            19.05575433102388,
            2.2986877548722693
          ],
          [
            19.080720625898508,
            2.2986877548722693
          ],
          [
            19.105686920773135,
            2.2986877548722693
          ],
          [
            19.13065321564776,
            2.2986877548722693
          ],
          [
            19.155619510522385,
            2.2986877548722693
          ],
          [
            19.180585805397012,
            2.2986877548722693
          ],
          [
            19.20555210027164,
            2.2986877548722693
          ],
          [
            19.230518395146266,
            2.2986877548722693
          ],
          [
            19.255484690020893,
            2.2986877548722693
          ],
          [
            19.280450984895516,
            2.2986877548722693
          ],
          [
            19.305417279770143,
            2.2986877548722693
          ],
          [
            19.33038357464477,
            2.2986877548722693
          ],
          [
            19.355349869519394,
            2.2986877548722693
          ],
          [
            19.380316164394024,
            2.2986877548722693
          ],
          [
            19.405282459268648,
            2.2986877548722693
          ],
          [
            19.430248754143275,
            2.2986877548722693
          ],
          [
            19.4552150490179,
            2.2986877548722693
          ],
          [
            19.480181343892525,
            2.2986877548722693
          ],
          [
            19.505147638767152,
            2.2986877548722693
          ],
          [
            19.53011393364178,
            2.2986877548722693
          ],
          [
            19.555080228516406,
            2.2986877548722693
          ],
          [
            19.580046523391033,
            2.2986877548722693
          ],
          [
            19.605012818265656,
            2.2986877548722693
          ],
          [
            19.629979113140283,
            2.2986877548722693
          ],
          [
            19.65494540801491,
            2.2986877548722693
          ],
          [
            19.679911702889537,
            2.2986877548722693
          ],
          [
            19.704877997764164,
            2.2986877548722693
          ],
          [
            19.729844292638788,
            2.2986877548722693
          ],
          [
            19.754810587513415,
            2.2986877548722693
          ],
          [
            19.77977688238804,
            2.2986877548722693
          ],
          [
            19.804743177262665,
            2.2986877548722693
          ],
          [
            19.829709472137296,
            2.2986877548722693
          ],
          [
            19.85467576701192,
            2.2986877548722693
          ],
          [
            19.879642061886546,
            2.2986877548722693
          ],
          [
            19.904608356761173,
            2.2986877548722693
          ],
          [
            19.929574651635797,
            2.2986877548722693
          ],
          [
            19.954540946510424,
            2.2986877548722693
          ],
          [
            19.97950724138505,
            2.2986877548722693
          ],
          [
            20.004473536259678,
            2.2986877548722693
          ],
          [
            20.029439831134304,
            2.2986877548722693
          ],
          [
            20.054406126008928,
            2.2986877548722693
          ],
          [
            20.079372420883555,
            2.2986877548722693
          ],
          [
            20.104338715758182,
            2.2986877548722693
          ],
          [
            20.12930501063281,
            2.2986877548722693
          ],
          [
            20.154271305507436,
            2.2986877548722693
          ],
          [
            20.17923760038206,
            2.2986877548722693
          ],
          [
            20.204203895256686,
            2.2986877548722693
          ],
          [
            20.229170190131313,
            2.2986877548722693
          ],
          [
            20.254136485005937,
            2.2986877548722693
          ],
          [
            20.279102779880564,
            2.2986877548722693
          ],
          [
            20.30406907475519,
            2.2986877548722693
          ],
          [
            20.329035369629818,
            2.2986877548722693
          ],
          [
            20.354001664504445,
            2.2986877548722693
          ],
          [
            20.378967959379068,
            2.2986877548722693
          ],
          [
            20.403934254253695,
            2.2986877548722693
          ],
          [
            20.428900549128322,
            2.2986877548722693
          ],
          [
            20.45386684400295,
            2.2986877548722693
          ],
          [
            20.478833138877576,
            2.2986877548722693
          ],
          [
            20.5037994337522,
            2.2986877548722693
          ],
          [
            20.528765728626826,
            2.2986877548722693
          ],
          [
            20.553732023501453,
            2.2986877548722693
          ],
          [
            20.578698318376077,
            2.2986877548722693
          ],
          [
            20.603664613250704,
            2.2986877548722693
          ],
          [
            20.62863090812533,
            2.2986877548722693
          ]
        ]
      }
    }
  ]
}
